Downloaded from https://mol.org on Jun 20, 2022. Inclusive species list based on approximate intersections with Political boundary polygon for the British Columbia region. 


"Scientific Name","Common Name","Family","Taxonomic Group"
"Falco rusticolus","Gyr Falcon","Falconidae","Birds"
"Acridotheres cristatellus","Chinese Jungle Myna","Sturnidae","Birds"
"Spizella breweri","Brewer's Sparrow","Emberizidae","Birds"
"Podilymbus podiceps","Pied-Billed Grebe","Podicipedidae","Birds"
"Surnia ulula","Northern Hawk Owl","Strigidae","Birds"
"Dendroica virens","Black-Throated Green Warbler","Parulidae","Birds"
"Sayornis saya","Say's Phoebe","Tyrannidae","Birds"
"Sitta pygmaea","Pygmy Nuthatch","Sittidae","Birds"
"Vermivora celata","Orange-Crowned Warbler","Parulidae","Birds"
"Rhynchophanes mccownii","Mccown's Longspur","Calcariidae","Birds"
"Sitta canadensis","Red-Breasted Nuthatch","Sittidae","Birds"
"Phalaenoptilus nuttallii","Common Poorwill","Caprimulgidae","Birds"
"Nycticorax nycticorax","Black-Crowned Night-Heron","Ardeidae","Birds"
"Empidonax wrightii","Grey Flycatcher","Tyrannidae","Birds"
"Anas clypeata","Northern Shoveler","Anatidae","Birds"
"Calidris pusilla","Semipalmated Sandpiper","Scolopacidae","Birds"
"Picoides arcticus","Black-Backed Woodpecker","Picidae","Birds"
"Aegolius acadicus","Northern Saw-Whet Owl","Strigidae","Birds"
"Pooecetes gramineus","Vesper Sparrow","Emberizidae","Birds"
"Larus schistisagus","Slaty-Backed Gull","Laridae","Birds"
"Sturnella neglecta","Western Meadowlark","Icteridae","Birds"
"Pterodroma cookii","Cook's Petrel","Procellariidae","Birds"
"Strix nebulosa","Great Grey Owl","Strigidae","Birds"
"Myadestes townsendi","Townsend's Solitaire","Turdidae","Birds"
"Limosa fedoa","Marbled Godwit","Scolopacidae","Birds"
"Bubulcus ibis","Cattle Egret","Ardeidae","Birds"
"Carpodacus mexicanus","House Finch","Fringillidae","Birds"
"Sterna forsteri","Forster's Tern","Laridae","Birds"
"Empidonax difficilis","Pacific-Slope Flycatcher","Tyrannidae","Birds"
"Calidris alpina","Dunlin","Scolopacidae","Birds"
"Dendroica townsendi","Townsend's Warbler","Parulidae","Birds"
"Calidris minutilla","Least Sandpiper","Scolopacidae","Birds"
"Dendroica palmarum","Palm Warbler","Parulidae","Birds"
"Pheucticus melanocephalus","Black-Headed Grosbeak","Cardinalidae","Birds"
"Icterus bullockii","Bullock's Oriole","Icteridae","Birds"
"Bucephala clangula","Common Goldeneye","Anatidae","Birds"
"Phoebastria nigripes","Black Footed Albatross","Diomedeidae","Birds"
"Melanitta perspicillata","Surf Scoter","Anatidae","Birds"
"Tyto alba","Barn Owl","Tytonidae","Birds"
"Spizella pallida","Clay-Coloured Sparrow","Emberizidae","Birds"
"Oporornis agilis","Connecticut Warbler","Parulidae","Birds"
"Chen caerulescens","Snow Goose","Anatidae","Birds"
"Calcarius mccownii","Mccown's Longspur","Emberizidae","Birds"
"Troglodytes aedon","House Wren","Troglodytidae","Birds"
"Carduelis hornemanni","Arctic Redpoll","Fringillidae","Birds"
"Chordeiles minor","Common Nighthawk","Caprimulgidae","Birds"
"Oxyura jamaicensis","Ruddy Duck","Anatidae","Birds"
"Pheucticus ludovicianus","Rose-Breasted Grosbeak","Cardinalidae","Birds"
"Athene cunicularia","Burrowing Owl","Strigidae","Birds"
"Aythya americana","Redhead","Anatidae","Birds"
"Phasianus colchicus","Common Pheasant","Phasianidae","Birds"
"Melanerpes lewis","Lewis' Woodpecker","Picidae","Birds"
"Thryomanes bewickii","Bewick's Wren","Troglodytidae","Birds"
"Puffinus bulleri","Grey-Backed Shearwater","Procellariidae","Birds"
"Agelaius phoeniceus","Red-Winged Blackbird","Icteridae","Birds"
"Tyrannus verticalis","Western Kingbird","Tyrannidae","Birds"
"Anthus cervinus","Red-Throated Pipit","Motacillidae","Birds"
"Meleagris gallopavo","Common Turkey","Phasianidae","Birds"
"Anas strepera","Gadwall","Anatidae","Birds"
"Parus hudsonicus","Boreal Chickadee","Paridae","Birds"
"Synthliboramphus antiquus","Ancient Murrelet","Alcidae","Birds"
"Corvus brachyrhynchos","American Crow","Corvidae","Birds"
"Dendragapus obscurus","Dusky Grouse","Phasianidae","Birds"
"Selasphorus rufus","Rufous Hummingbird","Trochilidae","Birds"
"Piranga ludoviciana","Western Tanager","Cardinalidae","Birds"
"Larus ridibundus","Common Black-Headed Gull","Laridae","Birds"
"Fulmarus glacialis","Fulmar","Procellariidae","Birds"
"Anthus spragueii","Sprague's Pipit","Motacillidae","Birds"
"Carduelis tristis","American Goldfinch","Fringillidae","Birds"
"Larus canus","Common Gull","Laridae","Birds"
"Lagopus lagopus","Willow Ptarmigan","Phasianidae","Birds"
"Carpodacus cassinii","Cassin's Finch","Fringillidae","Birds"
"Anas cyanoptera","Cinnamon Teal","Anatidae","Birds"
"Melospiza melodia","Song Sparrow","Emberizidae","Birds"
"Grus canadensis","Sandhill Crane","Gruidae","Birds"
"Empidonax traillii","Willow Flycatcher","Tyrannidae","Birds"
"Calidris ruficollis","Red-Necked Stint","Scolopacidae","Birds"
"Sterna caspia","Caspian Tern","Laridae","Birds"
"Empidonax hammondii","Hammond's Flycatcher","Tyrannidae","Birds"
"Larus occidentalis","Western Gull","Laridae","Birds"
"Calidris ptilocnemis","Rock Sandpiper","Scolopacidae","Birds"
"Dendragapus canadensis","Spruce Grouse","Phasianidae","Birds"
"Vireo cassinii","Cassin's Vireo","Vireonidae","Birds"
"Passerina amoena","Lazuli Bunting","Emberizidae","Birds"
"Leucosticte tephrocotis","Gray-Crowned Rosy-Finch","Fringillidae","Birds"
"Larus californicus","California Gull","Laridae","Birds"
"Mimus polyglottos","Northern Mockingbird","Mimidae","Birds"
"Sterna hirundo","Common Tern","Laridae","Birds"
"Limnodromus scolopaceus","Long-Billed Dowitcher","Scolopacidae","Birds"
"Zonotrichia querula","Harris' Sparrow","Emberizidae","Birds"
"Psaltriparus minimus","Bushtit","Aegithalidae","Birds"
"Uria lomvia","Br√ºnnich's Guillemot","Alcidae","Birds"
"Branta canadensis","Canada Goose","Anatidae","Birds"
"Tringa glareola","Wood Sandpiper","Scolopacidae","Birds"
"Picoides villosus","Hairy Woodpecker","Picidae","Birds"
"Bonasa umbellus","Ruffed Grouse","Phasianidae","Birds"
"Aechmophorus occidentalis","Western Grebe","Podicipedidae","Birds"
"Philomachus pugnax","Ruff","Scolopacidae","Birds"
"Riparia riparia","Sand Martin","Hirundinidae","Birds"
"Tyrannus melancholicus","Tropical Kingbird","Tyrannidae","Birds"
"Phalacrocorax pelagicus","Pelagic Cormorant","Phalacrocoracidae","Birds"
"Aquila chrysaetos","Golden Eagle","Accipitridae","Birds"
"Anas acuta","Northern Pintail","Anatidae","Birds"
"Haliaeetus leucocephalus","Bald Eagle","Accipitridae","Birds"
"Dendroica castanea","Bay-Breasted Warbler","Parulidae","Birds"
"Podiceps grisegena","Red-Necked Grebe","Podicipedidae","Birds"
"Accipiter gentilis","Goshawk","Accipitridae","Birds"
"Oporornis philadelphia","Mourning Warbler","Parulidae","Birds"
"Bubo virginianus","Great Horned Owl","Strigidae","Birds"
"Tringa melanoleuca","Greater Yellowlegs","Scolopacidae","Birds"
"Melospiza lincolnii","Lincoln's Sparrow","Emberizidae","Birds"
"Dendrocygna bicolor","Fulvous Whistling-Duck","Anatidae","Birds"
"Calidris ferruginea","Curlew Sandpiper","Scolopacidae","Birds"
"Empidonax occidentalis","Cordilleran Flycatcher","Tyrannidae","Birds"
"Cyanocitta stelleri","Steller's Jay","Corvidae","Birds"
"Steganopus tricolor","Wilson's Phalarope","Scolopacidae","Birds"
"Egretta thula","Snowy Egret","Ardeidae","Birds"
"Larus thayeri","Thayer's Gull","Laridae","Birds"
"Sayornis phoebe","Eastern Phoebe","Tyrannidae","Birds"
"Buteo regalis","Ferruginous Hawk","Accipitridae","Birds"
"Sphyrapicus thyroideus","Williamson's Sapsucker","Picidae","Birds"
"Certhia americana","American Creeper","Certhiidae","Birds"
"Numenius americanus","Long-Billed Curlew","Scolopacidae","Birds"
"Plegadis chihi","White-Faced Ibis","Threskiornithidae","Birds"
"Limosa haemastica","Hudsonian Godwit","Scolopacidae","Birds"
"Cygnus columbianus","Tundra Swan","Anatidae","Birds"
"Corvus corax","Common Raven","Corvidae","Birds"
"Aegolius funereus","Boreal Owl","Strigidae","Birds"
"Bombycilla garrulus","Bohemian Waxwing","Bombycillidae","Birds"
"Stellula calliope","Calliope Hummingbird","Trochilidae","Birds"
"Podiceps auritus","Horned Grebe","Podicipedidae","Birds"
"Wilsonia pusilla","Wilson's Warbler","Parulidae","Birds"
"Cistothorus palustris","Marsh Wren","Troglodytidae","Birds"
"Puffinus tenuirostris","Short-Tailed Shearwater","Procellariidae","Birds"
"Calidris mauri","Western Sandpiper","Scolopacidae","Birds"
"Haematopus bachmani","Black Oystercatcher","Haematopodidae","Birds"
"Sterna paradisaea","Artic Tern","Laridae","Birds"
"Progne subis","Purple Martin","Hirundinidae","Birds"
"Megascops kennicottii","Western Screech Owl","Strigidae","Birds"
"Oenanthe oenanthe","Northern Wheatear","Muscicapidae","Birds"
"Tringa erythropus","Spotted Redshank","Scolopacidae","Birds"
"Gavia stellata","Red-Throated Diver","Gaviidae","Birds"
"Picoides tridactylus","Eurasian Three-Toed Woodpecker","Picidae","Birds"
"Archilochus colubris","Ruby-Throated Hummingbird","Trochilidae","Birds"
"Aix sponsa","Wood Duck","Anatidae","Birds"
"Phalacrocorax auritus","Double-Crested Cormorant","Phalacrocoracidae","Birds"
"Quiscalus quiscula","Common Grackle","Icteridae","Birds"
"Melospiza georgiana","Swamp Sparrow","Emberizidae","Birds"
"Dolichonyx oryzivorus","Bobolink","Icteridae","Birds"
"Larus heermanni","Heermann's Gull","Laridae","Birds"
"Pinicola enucleator","Pine Grosbeak","Fringillidae","Birds"
"Turdus migratorius","American Robin","Turdidae","Birds"
"Vireo gilvus","Warbling Vireo","Vireonidae","Birds"
"Pluvialis dominica","American Golden-Plover","Charadriidae","Birds"
"Calidris canutus","Red Knot","Scolopacidae","Birds"
"Dumetella carolinensis","Gray Catbird","Mimidae","Birds"
"Lagopus leucura","White-Tailed Ptarmigan","Phasianidae","Birds"
"Catharus ustulatus","Swainson's Thrush","Turdidae","Birds"
"Empidonax alnorum","Alder Flycatcher","Tyrannidae","Birds"
"Melanitta nigra","Common Scoter","Anatidae","Birds"
"Pluvialis fulva","Pacific Golden Plover","Charadriidae","Birds"
"Charadrius vociferus","Kildeer","Charadriidae","Birds"
"Numenius phaeopus","Whimbrel","Scolopacidae","Birds"
"Anas penelope","Eurasian Wigeon","Anatidae","Birds"
"Stercorarius parasiticus","Arctic Skua","Stercorariidae","Birds"
"Tachycineta thalassina","Violet-Green Swallow","Hirundinidae","Birds"
"Regulus satrapa","Golden-Crowned Kinglet","Reguliidae","Birds"
"Bartramia longicauda","Upland Sandpiper","Scolopacidae","Birds"
"Pipilo erythrophthalmus","Eastern Towhee","Emberizidae","Birds"
"Loxia leucoptera","White-Winged Crossbill","Fringillidae","Birds"
"Stercorarius longicaudus","Long-Tailed Skua","Stercorariidae","Birds"
"Icteria virens","Yellow-Breasted Chat","Parulidae","Birds"
"Zonotrichia albicollis","White-Throated Sparrow","Emberizidae","Birds"
"Anthus rubescens","Buff-Bellied Pipit","Motacillidae","Birds"
"Aphelocoma californica","Western Scrub Jay","Corvidae","Birds"
"Asio flammeus","Short-Eared Owl","Strigidae","Birds"
"Ammodramus savannarum","Grasshopper Sparrow","Emberizidae","Birds"
"Bucephala albeola","Bufflehead","Anatidae","Birds"
"Mergus serrator","Red-Breasted Merganser","Anatidae","Birds"
"Aechmophorus clarkii","Clark's Grebe","Podicipedidae","Birds"
"Troglodytes troglodytes","Winter Wren","Troglodytidae","Birds"
"Falco peregrinus","Peregrine Falcon","Falconidae","Birds"
"Dendroica magnolia","Magnolia Warbler","Parulidae","Birds"
"Rissa tridactyla","Kittiwake","Laridae","Birds"
"Accipiter striatus","Plain-Breasted Hawk","Accipitridae","Birds"
"Zonotrichia atricapilla","Golden-Crowned Sparrow","Emberizidae","Birds"
"Calypte anna","Anna's Hummingbird","Trochilidae","Birds"
"Empidonax oberholseri","Oberholser's Flycatcher","Tyrannidae","Birds"
"Dendroica aestiva","American Yellow Warbler","Parulidae","Birds"
"Carduelis pinus","Pine Siskin","Fringillidae","Birds"
"Branta hutchinsii","Cackling Goose","Anatidae","Birds"
"Fratercula corniculata","Horned Puffin","Alcidae","Birds"
"Stelgidopteryx serripennis","Northern Rough-Winged Swallow","Hirundinidae","Birds"
"Vireo philadelphicus","Philadelphia Vireo","Vireonidae","Birds"
"Loxia curvirostra","Red Crossbill","Fringillidae","Birds"
"Passerella iliaca","Fox Sparrow","Emberizidae","Birds"
"Perisoreus canadensis","Grey Jay","Corvidae","Birds"
"Arenaria melanocephala","Black Turnstone","Scolopacidae","Birds"
"Zonotrichia leucophrys","White-Crowned Sparrow","Emberizidae","Birds"
"Somateria mollissima","Eider","Anatidae","Birds"
"Uria aalge","Guillemot","Alcidae","Birds"
"Aphriza virgata","Surfbird","Scolopacidae","Birds"
"Brachyramphus marmoratus","Marbled Murrelet","Alcidae","Birds"
"Regulus calendula","Ruby-Crowned Kinglet","Reguliidae","Birds"
"Tachycineta bicolor","Tree Swallow","Hirundinidae","Birds"
"Larus argentatus","Herring Gull","Laridae","Birds"
"Sphyrapicus varius","Yellow-Bellied Sapsucker","Picidae","Birds"
"Circus cyaneus","Hen Harrier","Accipitridae","Birds"
"Archilochus alexandri","Black-Chinned Hummingbird","Trochilidae","Birds"
"Glaucidium gnoma","Northern Pygmy-Owl","Strigidae","Birds"
"Xanthocephalus xanthocephalus","Yellow-Headed Blackbird","Icteridae","Birds"
"Dendragapus fuliginosus","Sooty Grouse","Phasianidae","Birds"
"Toxostoma rufum","Brown Thrasher","Mimidae","Birds"
"Euphagus carolinus","Rusty Blackbird","Icteridae","Birds"
"Catharus minimus","Grey-Cheeked Thrush","Turdidae","Birds"
"Calidris himantopus","Stilt Sandpiper","Scolopacidae","Birds"
"Cepphus columba","Pigeon Guillemot","Alcidae","Birds"
"Bombycilla cedrorum","Cedar Waxwing","Bombycillidae","Birds"
"Puffinus griseus","Sooty Shearwater","Procellariidae","Birds"
"Sialia currucoides","Mountain Bluebird","Turdidae","Birds"
"Aythya valisineria","Canvasback","Anatidae","Birds"
"Salpinctes obsoletus","Rock Wren","Troglodytidae","Birds"
"Tringa flavipes","Lesser Yellow-Legs","Scolopacidae","Birds"
"Accipiter cooperii","Cooper's Hawk","Accipitridae","Birds"
"Sphyrapicus nuchalis","Red-Naped Sapsucker","Picidae","Birds"
"Phalacrocorax penicillatus","Brandt's Cormorant","Phalacrocoracidae","Birds"
"Phoebastria immutabilis","Laysan Albatross","Diomedeidae","Birds"
"Pelecanus erythrorhynchos","American White Pelican","Pelecanidae","Birds"
"Larus philadelphia","Bonaparte's Gull","Laridae","Birds"
"Gavia pacifica","Pacific Loon","Gaviidae","Birds"
"Sitta carolinensis","White-Breasted Nuthatch","Sittidae","Birds"
"Oceanodroma furcata","Fork-Tailed Storm-Petrel","Hydrobatidae","Birds"
"Chaetura vauxi","Vaux's Swift","Apodidae","Birds"
"Tringa solitaria","Solitary Sandpiper","Scolopacidae","Birds"
"Sturnus vulgaris","Common Starling","Sturnidae","Birds"
"Dendroica petechia","Yellow Warbler","Parulidae","Birds"
"Icterus galbula","Baltimore Oriole","Icteridae","Birds"
"Spizella arborea","American Tree Sparrow","Emberizidae","Birds"
"Columba livia","Rock Dove","Columbidae","Birds"
"Bubo scandiaca","Snowy Owl","Strigidae","Birds"
"Puffinus creatopus","Pink-Footed Shearwater","Procellariidae","Birds"
"Melanitta fusca","White-Winged Scoter","Anatidae","Birds"
"Buteo swainsoni","Swainson's Hawk","Accipitridae","Birds"
"Puffinus carneipes","Flesh-Footed Shearwater","Procellariidae","Birds"
"Vermivora ruficapilla","Nashville Warbler","Parulidae","Birds"
"Coccothraustes vespertinus","Evening Grosbeak","Fringillidae","Birds"
"Picoides pubescens","Downy Woodpecker","Picidae","Birds"
"Contopus cooperi","Olive-Sided Flycatcher","Tyrannidae","Birds"
"Junco hyemalis","Dark-Eyed Junco","Emberizidae","Birds"
"Calidris melanotos","Pectoral Sandpiper","Scolopacidae","Birds"
"Carduelis flammea","Common Redpoll","Fringillidae","Birds"
"Larus pipixcan","Franklin's Gull","Laridae","Birds"
"Calcarius pictus","Smith's Longspur","Emberizidae","Birds"
"Cypseloides niger","Black Swift","Apodidae","Birds"
"Parkesia noveboracensis","Northern Waterthrush","Parulidae","Birds"
"Pipilo maculatus","Spotted Towhee","Emberizidae","Birds"
"Oreoscoptes montanus","Sage Thrasher","Mimidae","Birds"
"Gavia adamsii","White-Billed Diver","Gaviidae","Birds"
"Buteo jamaicensis","Red-Tailed Hawk","Accipitridae","Birds"
"Oceanodroma leucorhoa","Leach's Storm-Petrel","Hydrobatidae","Birds"
"Anser albifrons","Greater White-Fronted Goose","Anatidae","Birds"
"Calidris alba","Sanderling","Scolopacidae","Birds"
"Falco sparverius","American Kestrel","Falconidae","Birds"
"Cathartes aura","Turkey Vulture","Cathartidae","Birds"
"Vireo solitarius","Solitary Vireo","Vireonidae","Birds"
"Dendroica tigrina","Cape May Warbler","Parulidae","Birds"
"Cygnus buccinator","Trumpeter Swan","Anatidae","Birds"
"Picoides dorsalis","American Three-Toed Woodpecker","Picidae","Birds"
"Fulica americana","American Coot","Rallidae","Birds"
"Parus atricapillus","Black-Capped Chickadee","Paridae","Birds"
"Butorides virescens","Green Heron","Ardeidae","Birds"
"Branta bernicla","Brant","Anatidae","Birds"
"Clangula hyemalis","Long-Tailed Duck","Anatidae","Birds"
"Sialia mexicana","Western Bluebird","Turdidae","Birds"
"Colaptes auratus","Northern Flicker","Picidae","Birds"
"Rissa brevirostris","Red-Legged Kittiwake","Laridae","Birds"
"Catharus fuscescens","Veery","Turdidae","Birds"
"Sphyrapicus ruber","Red-Breasted Sapsucker","Picidae","Birds"
"Strix occidentalis","Spotted Owl","Strigidae","Birds"
"Mergus merganser","Goosander","Anatidae","Birds"
"Plectrophenax nivalis","Snow Bunting","Emberizidae","Birds"
"Fringilla montifringilla","Brambling","Fringillidae","Birds"
"Gavia immer","Common Loon","Gaviidae","Birds"
"Rallus limicola","Virginia Rail","Rallidae","Birds"
"Parus rufescens","Chestnut-Backed Chickadee","Paridae","Birds"
"Brachyramphus brevirostris","Kittlitz's Murrelet","Alcidae","Birds"
"Lophodytes cucullatus","Hooded Merganser","Anatidae","Birds"
"Ptychoramphus aleuticus","Cassin's Auklet","Alcidae","Birds"
"Cinclus mexicanus","North American Dipper","Cinclidae","Birds"
"Asio otus","Long-Eared Owl","Strigidae","Birds"
"Molothrus ater","Brown-Headed Cowbird","Icteridae","Birds"
"Otus flammeolus","Flammulated Owl","Strigidae","Birds"
"Empidonax minimus","Least Flycatcher","Tyrannidae","Birds"
"Larus hyperboreus","Glaucous Gull","Laridae","Birds"
"Mniotilta varia","Black-And-White Warbler","Parulidae","Birds"
"Larus delawarensis","Ring-Billed Gull","Laridae","Birds"
"Eremophila alpestris","Horned Lark","Alaudidae","Birds"
"Charadrius semipalmatus","Semipalmated Plover","Charadriidae","Birds"
"Megaceryle alcyon","Belted Kingfisher","Alcedinidae","Birds"
"Pluvialis squatarola","Grey Plover","Charadriidae","Birds"
"Lanius excubitor","Great Grey Shrike","Laniidae","Birds"
"Wilsonia canadensis","Canada Warbler","Parulidae","Birds"
"Dendroica striata","Blackpoll Warbler","Parulidae","Birds"
"Falco mexicanus","Prairie Falcon","Falconidae","Birds"
"Limnodromus griseus","Short-Billed Dowitcher","Scolopacidae","Birds"
"Hirundo rustica","Barn Swallow","Hirundinidae","Birds"
"Zenaida macroura","Mourning Dove","Columbidae","Birds"
"Histrionicus histrionicus","Harlequin Duck","Anatidae","Birds"
"Catherpes mexicanus","Canyon Wren","Troglodytidae","Birds"
"Aythya marila","Greater Scaup","Anatidae","Birds"
"Catoptrophorus semipalmatus","Willet","Scolopacidae","Birds"
"Gallinago gallinago","Common Snipe","Scolopacidae","Birds"
"Fratercula cirrhata","Tufted Puffin","Alcidae","Birds"
"Petrochelidon pyrrhonota","Cliff Swallow","Hirundinidae","Birds"
"Gymnogyps californianus","California Condor","Cathartidae","Birds"
"Dryocopus pileatus","Pileated Woodpecker","Picidae","Birds"
"Sterna aleutica","Aleutian Tern","Laridae","Birds"
"Porzana carolina","Sora","Rallidae","Birds"
"Picoides albolarvatus","White-Headed Woodpecker","Picidae","Birds"
"Actitis macularius","Spotted Sandpiper","Scolopacidae","Birds"
"Phalaropus fulicarius","Grey Phalarope","Scolopacidae","Birds"
"Dendroica nigrescens","Black-Throated Grey Warbler","Parulidae","Birds"
"Ardea herodias","Great Blue Heron","Ardeidae","Birds"
"Ammodramus leconteii","Le Conte's Sparrow","Emberizidae","Birds"
"Larus glaucescens","Glaucous-Winged Gull","Laridae","Birds"
"Vireo huttoni","Hutton's Vireo","Vireonidae","Birds"
"Tympanuchus phasianellus","Sharp-Tailed Grouse","Phasianidae","Birds"
"Bucephala islandica","Barrow's Goldeneye","Anatidae","Birds"
"Chondestes grammacus","Lark Sparrow","Emberizidae","Birds"
"Calamospiza melanocorys","Lark Bunting","Emberizidae","Birds"
"Aeronautes saxatalis","White-Throated Swift","Apodidae","Birds"
"Pandion haliaetus","Osprey","Accipitridae","Birds"
"Pica hudsonia","Black-Billed Magpie","Corvidae","Birds"
"Passer domesticus","House Sparrow","Passeridae","Birds"
"Falco columbarius","Merlin","Falconidae","Birds"
"Strix varia","Barred Owl","Strigidae","Birds"
"Aythya fuligula","Tufted Duck","Anatidae","Birds"
"Seiurus noveboracensis","Northern Waterthrush","Parulidae","Birds"
"Buteo lagopus","Rough-Legged Buzzard","Accipitridae","Birds"
"Alectoris chukar","Chukar","Phasianidae","Birds"
"Calcarius lapponicus","Lapland Longspur","Emberizidae","Birds"
"Passerculus sandwichensis","Savannah Sparrow","Emberizidae","Birds"
"Anas crecca","Common Teal","Anatidae","Birds"
"Corvus caurinus","Northwestern Crow","Corvidae","Birds"
"Patagioenas fasciata","Band-Tailed Pigeon","Columbidae","Birds"
"Anas americana","American Wigeon","Anatidae","Birds"
"Geothlypis trichas","Common Yellowthroat","Parulidae","Birds"
"Oporornis tolmiei","Macgillivray's Warbler","Parulidae","Birds"
"Carpodacus purpureus","Purple Finch","Fringillidae","Birds"
"Contopus sordidulus","Western Wood-Pewee","Tyrannidae","Birds"
"Heteroscelus incanus","Wandering Tattler","Scolopacidae","Birds"
"Callipepla californica","California Quail","Odontophoridae","Birds"
"Lagopus muta","Rock Ptarmigan","Phasianidae","Birds"
"Spizella passerina","Chipping Sparrow","Emberizidae","Birds"
"Botaurus lentiginosus","American Bittern","Ardeidae","Birds"
"Nucifraga columbiana","Clark's Nutcracker","Corvidae","Birds"
"Vireo olivaceus","Red-Eyed Vireo","Vireonidae","Birds"
"Vermivora peregrina","Tennessee Warbler","Parulidae","Birds"
"Dendroica coronata","Yellow-Rumped Warbler","Parulidae","Birds"
"Perdix perdix","Grey Partridge","Phasianidae","Birds"
"Catharus guttatus","Hermit Thrush","Turdidae","Birds"
"Seiurus aurocapilla","Ovenbird","Parulidae","Birds"
"Anas discors","Blue-Winged Teal","Anatidae","Birds"
"Podiceps nigricollis","Black-Necked Grebe","Podicipedidae","Birds"
"Phalaropus lobatus","Red-Necked Phalarope","Scolopacidae","Birds"
"Aythya affinis","Lesser Scaup","Anatidae","Birds"
"Glaucidium californicum","California Pygmy-Owl","Strigidae","Birds"
"Euphagus cyanocephalus","Brewer's Blackbird","Icteridae","Birds"
"Calcarius ornatus","Chestnut-Collared Longspur","Emberizidae","Birds"
"Parus gambeli","Mountain Chickadee","Paridae","Birds"
"Setophaga ruticilla","American Redstart","Parulidae","Birds"
"Zoothera naevia","Varied Thrush","Turdidae","Birds"
"Sterna elegans","Elegant Tern","Laridae","Birds"
"Anas platyrhynchos","Mallard","Anatidae","Birds"
"Empidonax flaviventris","Yellow-Bellied Flycatcher","Tyrannidae","Birds"
"Cyanocitta cristata","Blue Jay","Corvidae","Birds"
"Alauda arvensis","Skylark","Alaudidae","Birds"
"Aythya collaris","Ring-Necked Duck","Anatidae","Birds"
"Phoebastria albatrus","Short-Tailed Albatross","Diomedeidae","Birds"
"Cerorhinca monocerata","Rhinoceros Auklet","Alcidae","Birds"
"Chlidonias niger","Black Tern","Laridae","Birds"
"Lanius ludovicianus","Loggerhead Shrike","Laniidae","Birds"
"Synthliboramphus hypoleucus","Xantus' Murrelet","Alcidae","Birds"
"Tyrannus tyrannus","Eastern Kingbird","Tyrannidae","Birds"
"Microtus xanthognathus","Taiga Vole","Cricetidae","Mammals"
"Mustela erminea","Stoat","Mustelidae","Mammals"
"Lontra canadensis","Northern River Otter","Mustelidae","Mammals"
"Canis latrans","Coyote","Canidae","Mammals"
"Zapus hudsonius","Meadow Jumping Mouse","Dipodidae","Mammals"
"Sorex merriami","Merriam's Shrew","Soricidae","Mammals"
"Peromyscus keeni","Northwestern Deermouse","Cricetidae","Mammals"
"Rangifer tarandus","Reindeer","Cervidae","Mammals"
"Balaenoptera physalus","Fin Whale","Balaenopteridae","Mammals"
"Zapus trinotatus","Pacific Jumping Mouse","Dipodidae","Mammals"
"Stenella coeruleoalba","Striped Dolphin","Delphinidae","Mammals"
"Odocoileus hemionus","Mule Deer","Cervidae","Mammals"
"Odocoileus virginianus","White-Tailed Deer","Cervidae","Mammals"
"Zalophus californianus","Californian Sea Lion","Otariidae","Mammals"
"Phocoenoides dalli","Dall's Porpoise","Phocoenidae","Mammals"
"Ursus arctos","Grizzly Bear","Ursidae","Mammals"
"Corynorhinus townsendii","Townsend's Big-Eared Bat","Vespertilionidae","Mammals"
"Enhydra lutris","Sea Otter","Mustelidae","Mammals"
"Sorex monticolus","Montane Shrew","Soricidae","Mammals"
"Mustela frenata","Long Tailed Weasel","Mustelidae","Mammals"
"Aplodontia rufa","Mountain Beaver","Aplodontiidae","Mammals"
"Megaptera novaeangliae","Humpback Whale","Balaenopteridae","Mammals"
"Sorex palustris","American Water Shrew","Soricidae","Mammals"
"Myotis lucifugus","Little Brown Bat","Vespertilionidae","Mammals"
"Puma concolor","Cougar","Felidae","Mammals"
"Marmota monax","Woodchuck","Sciuridae","Mammals"
"Perognathus parvus","Great Basin Pocket Mouse","Heteromyidae","Mammals"
"Orcinus orca","Killer Whale","Delphinidae","Mammals"
"Ovis dalli","Dall Sheep","Bovidae","Mammals"
"Phoca vitulina","Harbour Seal","Phocidae","Mammals"
"Balaenoptera borealis","Sei Whale","Balaenopteridae","Mammals"
"Antrozous pallidus","Pallid Bat","Vespertilionidae","Mammals"
"Delphinus delphis","Atlantic Dolphin","Delphinidae","Mammals"
"Myotis evotis","Long Eared Myotis","Vespertilionidae","Mammals"
"Ovis canadensis","Bighorn Sheep","Bovidae","Mammals"
"Ondatra zibethicus","Musk Rat","Cricetidae","Mammals"
"Marmota vancouverensis","Vancouver Island Marmot","Sciuridae","Mammals"
"Neurotrichus gibbsii","American Shrew Mole","Talpidae","Mammals"
"Ziphius cavirostris","Cuvier's Beaked Whale","Ziphiidae","Mammals"
"Lemmiscus curtatus","Sagebrush Vole","Cricetidae","Mammals"
"Myotis keenii","Keen's Myotis","Vespertilionidae","Mammals"
"Mirounga angustirostris","Northern Elephant Seal","Phocidae","Mammals"
"Phenacomys ungava","Eastern Heather Vole","Cricetidae","Mammals"
"Oreamnos americanus","Mountain Goat","Bovidae","Mammals"
"Marmota flaviventris","Yellow Bellied Marmot","Sciuridae","Mammals"
"Lasionycteris noctivagans","Silver-Haired Bat","Vespertilionidae","Mammals"
"Sorex arcticus","Arctic Shrew","Soricidae","Mammals"
"Globicephala macrorhynchus","Short Finned Pilot Whale","Delphinidae","Mammals"
"Spilogale gracilis","Western Spotted Skunk","Mephitidae","Mammals"
"Lasiurus cinereus","Hoary Bat","Vespertilionidae","Mammals"
"Synaptomys borealis","Northern Bog Lemming","Cricetidae","Mammals"
"Tamiasciurus douglasii","Douglas's Squirrel","Sciuridae","Mammals"
"Myotis ciliolabrum","Western Small Footed Myotis","Vespertilionidae","Mammals"
"Lagenorhynchus obliquidens","Pacific White Sided Dolphin","Delphinidae","Mammals"
"Erethizon dorsatum","North American Porcupine","Erethizontidae","Mammals"
"Myotis californicus","California Myotis","Vespertilionidae","Mammals"
"Lissodelphis borealis","Northern Right Whale Dolphin","Delphinidae","Mammals"
"Eschrichtius robustus","Gray Whale","Eschrichtiidae","Mammals"
"Eptesicus fuscus","Big Brown Bat","Vespertilionidae","Mammals"
"Castor canadensis","American Beaver","Castoridae","Mammals"
"Vulpes vulpes","Red Fox","Canidae","Mammals"
"Microtus richardsoni","Water Vole","Cricetidae","Mammals"
"Sorex bendirii","Pacific Water Shrew","Soricidae","Mammals"
"Microtus montanus","Montane Vole","Cricetidae","Mammals"
"Sorex cinereus","Masked Shrew","Soricidae","Mammals"
"Balaenoptera acutorostrata","Common Minke Whale","Balaenopteridae","Mammals"
"Microtus oregoni","Creeping Vole","Cricetidae","Mammals"
"Callorhinus ursinus","Northern Fur Seal","Otariidae","Mammals"
"Euderma maculatum","Spotted Bat","Vespertilionidae","Mammals"
"Ursus americanus","American Black Bear","Ursidae","Mammals"
"Lasiurus blossevillii","Red Bat","Vespertilionidae","Mammals"
"Lepus townsendii","White Tailed Jackrabbit","Leporidae","Mammals"
"Marmota caligata","Hoary Marmot","Sciuridae","Mammals"
"Balaenoptera musculus","Blue Whale","Balaenopteridae","Mammals"
"Tamiasciurus hudsonicus","Red Squirrel","Sciuridae","Mammals"
"Myotis volans","Long Legged Myotis","Vespertilionidae","Mammals"
"Microtus oeconomus","Root Vole","Cricetidae","Mammals"
"Procyon lotor","Raccoon","Procyonidae","Mammals"
"Sorex preblei","Preble's Shrew","Soricidae","Mammals"
"Mesoplodon carlhubbsi","Hubbs' Beaked Whale","Ziphiidae","Mammals"
"Bison bison","American Bison","Bovidae","Mammals"
"Delphinapterus leucas","Beluga Whale","Monodontidae","Mammals"
"Microtus townsendii","Townsend's Vole","Cricetidae","Mammals"
"Martes pennanti","Fisher","Mustelidae","Mammals"
"Glaucomys sabrinus","Northern Flying Squirrel","Sciuridae","Mammals"
"Gulo gulo","Wolverine","Mustelidae","Mammals"
"Alces alces","Eurasian Elk","Cervidae","Mammals"
"Peromyscus maniculatus","Deer Mouse","Cricetidae","Mammals"
"Sorex hoyi","Pygmy Shrew","Soricidae","Mammals"
"Physeter macrocephalus","Sperm Whale","Physeteridae","Mammals"
"Phenacomys intermedius","Western Heather Vole","Cricetidae","Mammals"
"Reithrodontomys megalotis","Western Harvest Mouse","Cricetidae","Mammals"
"Grampus griseus","Risso's Dolphin","Delphinidae","Mammals"
"Thomomys talpoides","Northern Pocket Gopher","Geomyidae","Mammals"
"Mesoplodon stejnegeri","Stejneger's Beaked Whale","Ziphiidae","Mammals"
"Sorex alaskanus","Glacier Bay Water Shrew","Soricidae","Mammals"
"Vulpes velox","Swift Fox","Canidae","Mammals"
"Mustela nivalis","Weasel","Mustelidae","Mammals"
"Lepus americanus","Snowshoe Hare","Leporidae","Mammals"
"Sorex rohweri","Olympic Shrew","Soricidae","Mammals"
"Microtus pennsylvanicus","Meadow Vole","Cricetidae","Mammals"
"Sylvilagus floridanus","Eastern Cottontail","Leporidae","Mammals"
"Phocoena phocoena","Harbour Porpoise","Phocoenidae","Mammals"
"Ochotona collaris","Collared Pika","Ochotonidae","Mammals"
"Myodes rutilus","Northern Red-Backed Vole","Cricetidae","Mammals"
"Neotoma cinerea","Bushy Tailed Woodrat","Cricetidae","Mammals"
"Microtus longicaudus","Long-Tailed Vole","Cricetidae","Mammals"
"Sylvilagus nuttallii","Mountain Cottontail","Leporidae","Mammals"
"Sorex tundrensis","Tundra Shrew","Soricidae","Mammals"
"Cervus canadensis","null","Cervidae","Mammals"
"Taxidea taxus","American Badger","Mustelidae","Mammals"
"Eumetopias jubatus","Steller Sea Lion","Otariidae","Mammals"
"Microtus miurus","Singing Vole","Cricetidae","Mammals"
"Scapanus orarius","Coast Mole","Talpidae","Mammals"
"Pseudorca crassidens","False Killer Whale","Delphinidae","Mammals"
"Lynx rufus","Bobcat","Felidae","Mammals"
"Myodes gapperi","Southern Red Backed Vole","Cricetidae","Mammals"
"Zapus princeps","Western Jumping Mouse","Dipodidae","Mammals"
"Lynx canadensis","Canada Lynx","Felidae","Mammals"
"Mus musculus","House Mouse","Muridae","Mammals"
"Myotis septentrionalis","Northern Myotis","Vespertilionidae","Mammals"
"Martes americana","American Marten","Mustelidae","Mammals"
"Lemmus trimucronatus","Brown Lemming","Cricetidae","Mammals"
"Myotis melanorhinus","Dark-Nosed Small-Footed Myotis","Vespertilionidae","Mammals"
"Neovison vison","American Mink","Mustelidae","Mammals"
"Myotis thysanodes","Fringed Myotis","Vespertilionidae","Mammals"
"Ochotona princeps","American Pika","Ochotonidae","Mammals"
"Sorex vagrans","Vagrant Shrew","Soricidae","Mammals"
"Scapanus townsendii","Townsend's Mole","Talpidae","Mammals"
"Didelphis virginiana","Virginia Opossum","Didelphidae","Mammals"
"Canis lupus","Wolf","Canidae","Mammals"
"Myotis yumanensis","Yuma Myotis","Vespertilionidae","Mammals"
"Sorex trowbridgii","Trowbridge's Shrew","Soricidae","Mammals"
"Berardius bairdii","Baird's Beaked Whale","Ziphiidae","Mammals"
"Mephitis mephitis","Striped Skunk","Mephitidae","Mammals"
"Pituophis catenifer","Gopher Snake","Colubridae","Reptiles"
"Elgaria coerulea","Northern Alligator Lizard","Anguidae","Reptiles"
"Coluber constrictor","Eastern Racer","Colubridae","Reptiles"
"Thamnophis radix","Plains Garter Snake","Colubridae","Reptiles"
"Contia tenuis","Sharptail Snake","Colubridae","Reptiles"
"Thamnophis elegans","Western Terrestrial Garter Snake","Colubridae","Reptiles"
"Plestiodon skiltonianus","Western Skink","Scincidae","Reptiles"
"Charina bottae","Northern Rubber Boa","Boidae","Reptiles"
"Eumeces skiltonianus","Western Skink","Scincidae","Reptiles"
"Crotalus oreganus","Western Rattlesnake","Viperidae","Reptiles"
"Phrynosoma douglasii","Pigmy Short-Horned Lizard","Phrynosomatidae","Reptiles"
"Thamnophis sirtalis","Common Garter Snake","Colubridae","Reptiles"
"Thamnophis ordinoides","Northwestern Garter Snake","Colubridae","Reptiles"
"Lepidochelys olivacea","Pacific Ridley","Cheloniidae","Reptiles"
"Dermochelys coriacea","Leatherback Sea Turtle","Dermochelyidae","Reptiles"
"Caretta caretta","Loggerhead","Cheloniidae","Reptiles"
"Hypsiglena torquata","Klauberi","Colubridae","Reptiles"
"Eretmochelys imbricata","Hawksbill","Cheloniidae","Reptiles"
"Chrysemys picta","Painted Turtle","Emydidae","Turtles (non-marine)"
"Lithobates sylvaticus","Wood Frog","Ranidae","Amphibians"
"Taricha granulosa","Roughskin Newt","Salamandridae","Amphibians"
"Aneides ferreus","Rusty Anaides","Plethodontidae","Amphibians"
"Ambystoma macrodactylum","Long-Toed Salamander","Ambystomatidae","Amphibians"
"Anaxyrus boreas","Boreal Toad","Bufonidae","Amphibians"
"Rana luteiventris","Columbia Spotted Frog","Ranidae","Amphibians"
"Rana pretiosa","Oregon Spotted Frog","Ranidae","Amphibians"
"Lithobates pipiens","Peeping Frog","Ranidae","Amphibians"
"Ambystoma tigrinum","Tiger Salamander","Ambystomatidae","Amphibians"
"Rana aurora","Northern Red-Legged Frog","Ranidae","Amphibians"
"Lithobates catesbeianus","Common Bullfrog","Ranidae","Amphibians"
"Ascaphus truei","American Discoglossoid Toad","Ascaphidae","Amphibians"
"Pseudacris regilla","Pacific Treefrog","Hylidae","Amphibians"
"Lithobates clamitans","Bronze Frog","Ranidae","Amphibians"
"Aneides vagrans","Wandering Salamander","Plethodontidae","Amphibians"
"Plethodon idahoensis","Coeur D'Alene Salamander","Plethodontidae","Amphibians"
"Dicamptodon tenebrosus","Oregon Salamander","Ambystomatidae","Amphibians"
"Spea intermontana","Great Basin Spadefoot","Scaphiopodidae","Amphibians"
"Rana cascadae","Cascade Frog","Ranidae","Amphibians"
"Ambystoma mavortium","Axolotl","Ambystomatidae","Amphibians"
"Ambystoma gracile","Northwestern Salamander","Ambystomatidae","Amphibians"
"Pseudacris maculata","Boreal Chorus Frog","Hylidae","Amphibians"
"Ensatina eschscholtzii","Red Salamander","Plethodontidae","Amphibians"
"Plethodon vehiculum","Western Redback Salamander","Plethodontidae","Amphibians"
"Ascaphus montanus","Rocky Mountain Tailed Frog","Ascaphidae","Amphibians"
"Bathyraja lindbergi","Commander Skate","Arhynchobatidae","Fishes"
"Bathyraja aleutica","Aleutian Skate","Arhynchobatidae","Fishes"
"Bathyraja parmifera","Alaska Skate","Arhynchobatidae","Fishes"
"Alopias vulpinus","Thresher Shark","Alopiidae","Fishes"
"Hexanchus griseus","Bluntnose Sixgill Shark","Hexanchidae","Fishes"
"Bathyraja interrupta","Bering Skate","Arhynchobatidae","Fishes"
"Salvelinus confluentus","Bull Trout","Salmonidae","Fishes"
"Rhinichthys cataractae","Longnose Dace","Cyprinidae","Fishes"
"Etheostoma exile","Iowa Darter","Percidae","Fishes"
"Rhinichthys osculus","Speckled Dace","Cyprinidae","Fishes"
"Bathyraja trachura","Roughtail Skate","Arhynchobatidae","Fishes"
"Oncorhynchus kisutch","Coho Salmon","Salmonidae","Fishes"
"Pomoxis nigromaculatus","Black Crappie","Centrarchidae","Fishes"
"Lamna ditropis","Salmon Shark","Lamnidae","Fishes"
"Notropis atherinoides","Emerald Shiner","Cyprinidae","Fishes"
"Prionace glauca","Blue Shark","Carcharhinidae","Fishes"
"Catostomus catostomus","Longnose Sucker","Catostomidae","Fishes"
"Entosphenus tridentatus","Pacific Lamprey","Petromyzontidae","Fishes"
"Bathyraja kincaidii","Sandpaper Skate","Arhynchobatidae","Fishes"
"Hydrolagus colliei","Spotted Ratfish","Chimaeridae","Fishes"
"Lampetra ayresii","River Lamprey","Petromyzontidae","Fishes"
"Cottus hubbsi","Columbia Sculpin","Cottidae","Fishes"
"Oncorhynchus nerka","Sockeye Salmon","Salmonidae","Fishes"
"Oncorhynchus clarkii","Cutthroat Trout","Salmonidae","Fishes"
"Amblyraja hyperborea","Arctic Skate","Rajidae","Fishes"
"Raja inornata","California Skate","Rajidae","Fishes"
"Perca flavescens","Yellow Perch","Percidae","Fishes"
"Cottus rhotheus","Torrent Sculpin","Cottidae","Fishes"
"Cottus ricei","Spoonhead Sculpin","Cottidae","Fishes"
"Oncorhynchus mykiss","Rainbow Trout","Salmonidae","Fishes"
"Acipenser medirostris","Green Sturgeon","Acipenseridae","Fishes"
"Sarda chiliensis","Pacific Bonito","Scombridae","Fishes"
"Thunnus alalunga","Bastard Albacore","Scombridae","Fishes"
"Isurus oxyrinchus","Shortfin Mako","Lamnidae","Fishes"
"Raja rhina","Longnose Skate","Rajidae","Fishes"
"Chrosomus eos","Northern Redbelly Dace","Cyprinidae","Fishes"
"Myoxocephalus thompsonii","Deepwater Sculpin","Cottidae","Fishes"
"Osmerus mordax","Rainbow Smelt","Osmeridae","Fishes"
"Catostomus commersonii","White Sucker","Catostomidae","Fishes"
"Raja stellulata","Prickly Skate","Rajidae","Fishes"
"Chrosomus neogaeus","Finescale Dace","Cyprinidae","Fishes"
"Moxostoma anisurum","Silver Redhorse","Catostomidae","Fishes"
"Rhinichthys falactus","Leopard Dace","Cyprinidae","Fishes"
"Cottus aleuticus","Coastrange Sculpin","Cottidae","Fishes"
"Esox lucius","Pike","Esocidae","Fishes"
"Coregonus clupeaformis","Lake Whitefish","Salmonidae","Fishes"
"Carcharodon carcharias","Great White Shark","Lamnidae","Fishes"
"Acipenser transmontanus","White Sturgeon","Acipenseridae","Fishes"
"Entosphenus macrostomus","Lake Lamprey","Petromyzontidae","Fishes"
"Tetronarce californica","null","Torpedinidae","Fishes"
"Thymallus arcticus","Arctic Grayling","Salmonidae","Fishes"
"Galeorhinus galeus","Tope","Triakidae","Fishes"
"Salvelinus namaycush","Lake Trout","Salmonidae","Fishes"
"Cottus cognatus","Slimy Sculpin","Cottidae","Fishes"
"Acrocheilus alutaceus","Chiselmouth","Cyprinidae","Fishes"
"Cetorhinus maximus","Basking Shark","Cetorhinidae","Fishes"
"Acipenser fulvescens","Lake Sturgeon","Acipenseridae","Fishes"
"Micropterus dolomieu","Smallmouth Bass","Centrarchidae","Fishes"
"Catostomus platyrhynchus","Mountain Sucker","Catostomidae","Fishes"
"Hybognathus hankinsoni","Brassy Minnow","Cyprinidae","Fishes"
"Pungitius pungitius","Nine-Spined Stickleback","Gasterosteidae","Fishes"
"Coregonus sardinella","Least Cisco","Salmonidae","Fishes"
"Coregonus nasus","Large Bottom Whitefish","Salmonidae","Fishes"
"Squalus suckleyi","Spiny Dogfish","Squalidae","Fishes"
"Cottus asper","Prickly Sculpin","Cottidae","Fishes"
"Coregonus artedi","Cisco","Salmonidae","Fishes"
"Catostomus macrocheilus","Largescale Sucker","Catostomidae","Fishes"
"Catostomus columbianus","Bridgelip Sucker","Catostomidae","Fishes"
"Coregonus autumnalis","Pollan","Salmonidae","Fishes"
"Notropis hudsonius","Spottail Shiner","Cyprinidae","Fishes"
"Ptychocheilus oregonensis","Northern Pikeminnow","Cyprinidae","Fishes"
"Lampetra richardsoni","Western Brook Lamprey","Petromyzontidae","Fishes"
"Squatina californica","Pacific Angel Shark","Squatinidae","Fishes"
"Bathyraja maculata","Whiteblotched Skate","Arhynchobatidae","Fishes"
"Somniosus pacificus","Pacific Sleeper Shark","Somniosidae","Fishes"
"Rhinichthys umatilla","Umatilla Dace","Cyprinidae","Fishes"
"Bathyraja abyssicola","Deepsea Skate","Arhynchobatidae","Fishes"
"Scomber japonicus","Pacific Chub Mackerel","Scombridae","Fishes"
"Salvelinus malma","Dolly Varden","Salmonidae","Fishes"
"Cottus confusus","Shorthead Sculpin","Cottidae","Fishes"
"Coregonus pidschian","Bottom Whitefish","Salmonidae","Fishes"
"Oncorhynchus keta","Chum Salmon","Salmonidae","Fishes"
"Notorynchus cepedianus","Broadnose Sevengill Shark","Hexanchidae","Fishes"
"Katsuwonus pelamis","Oceanic Skipjack","Scombridae","Fishes"
"Cottus bairdii","Mottled Sculpin","Cottidae","Fishes"
"Oncorhynchus tshawytscha","Chinook Salmon","Salmonidae","Fishes"
"Amblyraja badia","Broad Skate","Rajidae","Fishes"
"Hiodon alosoides","Goldeye","Hiodontidae","Fishes"
"Pimephales promelas","Fathead Minnow","Cyprinidae","Fishes"
"Oncorhynchus gorbuscha","Pink Salmon","Salmonidae","Fishes"
"Gasterosteus aculeatus","Three-Spined Stickleback","Gasterosteidae","Fishes"
"Apristurus brunneus","Brown Catshark","Pentanchidae","Fishes"
"Papilio machaon","Swallowtail","Papilionidae","Butterflies"
"Limenitis lorquini","Lorquin's Admiral","Nymphalidae","Butterflies"
"Erynnis persius","Persius Dusky-Wing","Hesperiidae","Butterflies"
"Speyeria atlantis","Atlantis Fritillary","Nymphalidae","Butterflies"
"Colias nastes","Labrador Sulphur","Pieridae","Butterflies"
"Callophrys polios","Hoary Elfin","Lycaenidae","Butterflies"
"Euphydryas gillettii","Gillett's Checkerspot","Nymphalidae","Butterflies"
"Callophrys affinis","Western Green Hairstreak","Lycaenidae","Butterflies"
"Phyciodes morpheus","null","Nymphalidae","Butterflies"
"Plebejus shasta","Shasta Blue","Lycaenidae","Butterflies"
"Hesperia dacotae","Dakota Skipper","Hesperiidae","Butterflies"
"Satyrium behrii","Behr's Hairstreak","Lycaenidae","Butterflies"
"Pyrgus centaurae","null","Hesperiidae","Butterflies"
"Erynnis pacuvius","Pacuvius Duskywing","Hesperiidae","Butterflies"
"Vanessa virginiensis","American Lady","Nymphalidae","Butterflies"
"Plebejus optilete","Cranberry Blue","Lycaenidae","Butterflies"
"Papilio zelicaon","Anise Swallowtail","Papilionidae","Butterflies"
"Polygonia progne","Gray Comma","Nymphalidae","Butterflies"
"Limenitis archippus","Viceroy","Nymphalidae","Butterflies"
"Ochlodes sylvanoides","Woodland Skipper","Hesperiidae","Butterflies"
"Plebejus melissa","Melissa Blue","Lycaenidae","Butterflies"
"Heliopetes ericetorum","Northern White-Skipper","Hesperiidae","Butterflies"
"Oeneis nevadensis","Great Arctic","Nymphalidae","Butterflies"
"Callophrys gryneus","Juniper Hairstreak","Lycaenidae","Butterflies"
"Parnassius phoebus","Small Apollo","Papilionidae","Butterflies"
"Speyeria aphrodite","Aphrodite Fritillary","Nymphalidae","Butterflies"
"Plebejus icarioides","Boisduval's Blue","Lycaenidae","Butterflies"
"Plebejus glandon","Glandon Blue","Lycaenidae","Butterflies"
"Carterocephalus palaemon","Arctic Skipper","Hesperiidae","Butterflies"
"Amblyscirtes vialis","Common Roadside-Skipper","Hesperiidae","Butterflies"
"Piruna cingo","Many-Spotted Skipperling","Hesperiidae","Butterflies"
"Lycaena heteronea","Blue Copper","Lycaenidae","Butterflies"
"Lycaena dorcas","Dorcas Copper","Lycaenidae","Butterflies"
"Oeneis polixenes","Polixenes Arctic","Nymphalidae","Butterflies"
"Oeneis alberta","Alberta Arctic","Nymphalidae","Butterflies"
"Boloria frigga","Frigga Fritillary","Nymphalidae","Butterflies"
"Cercyonis sthenele","Great Basin Wood-Nymph","Nymphalidae","Butterflies"
"Everes amyntula","Western Tailed-Blue","Lycaenidae","Butterflies"
"Satyrium sylvinus","Sylvan Hairstreak","Lycaenidae","Butterflies"
"Pyrgus ruralis","Two-Banded Checkered-Skipper","Hesperiidae","Butterflies"
"Euphydryas chalcedona","Variable Checkerspot","Nymphalidae","Butterflies"
"Limenitis weidemeyerii","Weidemeyer's Admiral","Nymphalidae","Butterflies"
"Euphyes vestris","Dun Skipper","Hesperiidae","Butterflies"
"Lycaena nivalis","Lilac-Bordered Copper","Lycaenidae","Butterflies"
"Pieris chloridice","null","Pieridae","Butterflies"
"Erebia vidleri","Vidler's Alpine","Nymphalidae","Butterflies"
"Neominois ridingsii","Ridings' Satyr","Nymphalidae","Butterflies"
"Colias interior","Pink-Edged Sulphur","Pieridae","Butterflies"
"Oeneis macounii","Macoun's Arctic","Nymphalidae","Butterflies"
"Phyciodes pallida","Pale Crescent","Nymphalidae","Butterflies"
"Colias alexandra","Queen Alexandra's Sulphur","Pieridae","Butterflies"
"Erebia rossii","Ross' Alpine","Nymphalidae","Butterflies"
"Papilio eurymedon","Pale Swallowtail","Papilionidae","Butterflies"
"Callophrys johnsoni","Johnson's Hairstreak","Lycaenidae","Butterflies"
"Pieris rapae","Cabbage White","Pieridae","Butterflies"
"Speyeria cybele","Great Spangled Fritillary","Nymphalidae","Butterflies"
"Polygonia faunus","Faun","Nymphalidae","Butterflies"
"Aguna asander","Gold-Spotted Aguna","Hesperiidae","Butterflies"
"Oeneis uhleri","Uhler's Arctic","Nymphalidae","Butterflies"
"Euchloe creusa","Northern Marble","Pieridae","Butterflies"
"Erynnis icelus","Dreamy Dusky-Wing","Hesperiidae","Butterflies"
"Erebia discoidalis","Red-Disked Alpine","Nymphalidae","Butterflies"
"Boloria napaea","Mountain Fritillary","Nymphalidae","Butterflies"
"Pholisora catullus","Common Sootywing","Hesperiidae","Butterflies"
"Euphydryas editha","Edith's Checkerspot","Nymphalidae","Butterflies"
"Plebejus saepiolus","Greenish Blue","Lycaenidae","Butterflies"
"Pieris sisymbrii","null","Pieridae","Butterflies"
"Nymphalis milberti","Milbert's Tortoiseshell","Nymphalidae","Butterflies"
"Speyeria callippe","Callippe Fritillary","Nymphalidae","Butterflies"
"Danaus plexippus","Monarch","Nymphalidae","Butterflies"
"Hesperia nevada","Nevada Skipper","Hesperiidae","Butterflies"
"Speyeria mormonia","Mormon Fritillary","Nymphalidae","Butterflies"
"Boloria astarte","Astarte Fritillary","Nymphalidae","Butterflies"
"Oeneis jutta","Jutta Arctic","Nymphalidae","Butterflies"
"Euchloe hyantis","Pearly Marble","Pieridae","Butterflies"
"Lycaena helloides","Purplish Copper","Lycaenidae","Butterflies"
"Thymelicus lineola","Essex Skipper","Hesperiidae","Butterflies"
"Nymphalis californica","California Tortoiseshell","Nymphalidae","Butterflies"
"Neophasia menapia","Pine White","Pieridae","Butterflies"
"Colias pelidne","Pelidne Sulphur","Pieridae","Butterflies"
"Colias palaeno","Palaeno Sulphur","Pieridae","Butterflies"
"Strymon melinus","Gray Hairstreak","Lycaenidae","Butterflies"
"Callophrys mossii","Moss' Elfin","Lycaenidae","Butterflies"
"Pieris virginiensis","West Virginia White","Pieridae","Butterflies"
"Phyciodes batesii","Tawny Crescent","Nymphalidae","Butterflies"
"Nymphalis antiopa","Mourning Cloak","Nymphalidae","Butterflies"
"Erynnis propertius","Propertius Duskywing","Hesperiidae","Butterflies"
"Vanessa atalanta","Red Admiral","Nymphalidae","Butterflies"
"Oeneis chryxus","Ivallda Arctic","Nymphalidae","Butterflies"
"Speyeria edwardsii","Edwards' Fritillary","Nymphalidae","Butterflies"
"Erebia epipsodea","Common Alpine","Nymphalidae","Butterflies"
"Lycaena mariposa","Mariposa Copper","Lycaenidae","Butterflies"
"Polites themistocles","Tawny-Edged Skipper","Hesperiidae","Butterflies"
"Colias occidentalis","Western Sulphur","Pieridae","Butterflies"
"Lycaena hyllus","Bronze Copper","Lycaenidae","Butterflies"
"Speyeria claudia","null","Nymphalidae","Butterflies"
"Parnassius eversmanni","Eversmann's Parnassian","Papilionidae","Butterflies"
"Phyciodes mylitta","Mylitta Crescent","Nymphalidae","Butterflies"
"Pyrgus afranius","null","Hesperiidae","Butterflies"
"Oeneis bore","Arctic Grayling","Nymphalidae","Butterflies"
"Boloria improba","Dingy Fritillary","Nymphalidae","Butterflies"
"Hesperia juba","Juba Skipper","Hesperiidae","Butterflies"
"Satyrium saepium","Hedgerow Hairstreak","Lycaenidae","Butterflies"
"Plebejus idas","Idas Blue","Lycaenidae","Butterflies"
"Boloria bellona","Meadow Fritillary","Nymphalidae","Butterflies"
"Plebejus acmon","Acmon Blue","Lycaenidae","Butterflies"
"Colias philodice","Clouded Sulphur","Pieridae","Butterflies"
"Cercyonis pegala","Common Wood-Nymph","Nymphalidae","Butterflies"
"Vanessa carye","null","Nymphalidae","Butterflies"
"Polites mystic","Long Dash","Hesperiidae","Butterflies"
"Euphilotes battoides","Square-Spotted Blue","Lycaenidae","Butterflies"
"Callophrys spinetorum","Thicket Hairstreak","Lycaenidae","Butterflies"
"Vanessa cardui","Painted Lady","Nymphalidae","Butterflies"
"Parnassius clodius","Clodius Parnassian","Papilionidae","Butterflies"
"Boloria epithore","Western Meadow Fritillary","Nymphalidae","Butterflies"
"Celastrina argiolus","Spring/Summer Azure","Lycaenidae","Butterflies"
"Speyeria zerene","Zerene Fritillary","Nymphalidae","Butterflies"
"Anthocharis sara","Sara Orangetip","Pieridae","Butterflies"
"Speyeria hydaspe","Hydaspe Fritillary","Nymphalidae","Butterflies"
"Colias scudderi","Scudder's Sulphur","Pieridae","Butterflies"
"Thorybes pylades","Northern Cloudywing","Hesperiidae","Butterflies"
"Erebia magdalena","Magdalena Alpine","Nymphalidae","Butterflies"
"Polites draco","Draco Skipper","Hesperiidae","Butterflies"
"Lycaena phlaes","null","Lycaenidae","Butterflies"
"Harkenclenus titus","Coral Hairstreak","Lycaenidae","Butterflies"
"Chlosyne gabbii","Gabb's Checkerspot","Nymphalidae","Butterflies"
"Boloria eunomia","Bog Fritillary","Nymphalidae","Butterflies"
"Phyciodes campestris","Field Crescent","Nymphalidae","Butterflies"
"Boloria titania","Titania's Fritillary","Nymphalidae","Butterflies"
"Callophrys eryphon","Western Pine Elfin","Lycaenidae","Butterflies"
"Coenonympha tullia","Common Ringlet","Nymphalidae","Butterflies"
"Oeneis melissa","Melissa Arctic","Nymphalidae","Butterflies"
"Pieris napi","Gray-Veined White","Pieridae","Butterflies"
"Colias eurytheme","Orange Sulphur","Pieridae","Butterflies"
"Papilio multicaudata","Two-Tailed Swallowtail","Papilionidae","Butterflies"
"Epargyreus clarus","Silver-Spotted Skipper","Hesperiidae","Butterflies"
"Callophrys augustus","null","Lycaenidae","Butterflies"
"Nymphalis vaualbum","Compton Tortoiseshell","Nymphalidae","Butterflies"
"Glaucopsyche piasus","Arrowhead Blue","Lycaenidae","Butterflies"
"Chlosyne palla","Northern Checkerspot","Nymphalidae","Butterflies"
"Satyrium fuliginosum","Sooty Gossamer-Wing","Lycaenidae","Butterflies"
"Satyrium acadica","Acadian Hairstreak","Lycaenidae","Butterflies"
"Polygonia satyrus","Satyr Anglewing","Nymphalidae","Butterflies"
"Pieris callidice","null","Pieridae","Butterflies"
"Pieris protodice","null","Pieridae","Butterflies"
"Erebia theano","Theano Alpine","Nymphalidae","Butterflies"
"Polites sonora","Sonoran Skipper","Hesperiidae","Butterflies"
"Pyrgus communis","Common Checkered-Skipper","Hesperiidae","Butterflies"
"Erebia disa","Disa Alpine","Nymphalidae","Butterflies"
"Polites sabuleti","Sandhill Skipper","Hesperiidae","Butterflies"
"Boloria freija","Freija Fritillary","Nymphalidae","Butterflies"
"Satyrium californica","California Hairstreak","Lycaenidae","Butterflies"
"Polygonia gracilis","Hoary Comma","Nymphalidae","Butterflies"
"Hesperia comma","Common Branded Skipper","Hesperiidae","Butterflies"
"Boloria selene","Silver-Bordered Fritillary","Nymphalidae","Butterflies"
"Oarisma garita","Garita Skipperling","Hesperiidae","Butterflies"
"Satyrium liparops","Striped Hairstreak","Lycaenidae","Butterflies"
"Cercyonis oetus","Small Wood-Nymph","Nymphalidae","Butterflies"
"Lycaena cupreus","Lustrous Copper","Lycaenidae","Butterflies"
"Limenitis arthemis","Red-Spotted Admiral","Nymphalidae","Butterflies"
"Glaucopsyche lygdamus","Silvery Blue","Lycaenidae","Butterflies"
"Bombus suckleyi","Suckley Cuckoo Bumble Bee","Apidae","Bumblebees"
"Bombus bifarius","Two Form Bumble Bee","Apidae","Bumblebees"
"Bombus neoboreus","Active Bumble Bee","Apidae","Bumblebees"
"Bombus borealis","Northern Amber Bumble Bee","Apidae","Bumblebees"
"Bombus vandykei","Van Dyke Bumble Bee","Apidae","Bumblebees"
"Bombus frigidus","Frigid Bumble Bee","Apidae","Bumblebees"
"Bombus appositus","A Bumble Bee","Apidae","Bumblebees"
"Bombus morrisoni","Morrison Bumble Bee","Apidae","Bumblebees"
"Bombus vosnesenskii","Vosnesensky Bumble Bee","Apidae","Bumblebees"
"Bombus balteatus","Golden-Belted Bumblebee","Apidae","Bumblebees"
"Bombus mixtus","Sanderson's Bumble Bee","Apidae","Bumblebees"
"Bombus sitkensis","Sitka Bumble Bee","Apidae","Bumblebees"
"Bombus polaris","Polar Bumble Bee","Apidae","Bumblebees"
"Bombus occidentalis","Western Bumble Bee","Apidae","Bumblebees"
"Bombus pensylvanicus","American Bumble Bee","Apidae","Bumblebees"
"Bombus fervidus","Yellow Bumble Bee","Apidae","Bumblebees"
"Bombus ternarius","Tri-Colored Bumble Bee","Apidae","Bumblebees"
"Bombus terricola","Yellowbanded Bumble Bee","Apidae","Bumblebees"
"Bombus hyperboreus","High Arctic Bumble Bee","Apidae","Bumblebees"
"Bombus griseocollis","Brown-Belted Bumble Bee","Apidae","Bumblebees"
"Bombus rufocinctus","Sanderson's Bumble Bee","Apidae","Bumblebees"
"Bombus sylvicola","Forest Bumble Bee","Apidae","Bumblebees"
"Bombus nevadensis","Black And Gold Bumble Bee","Apidae","Bumblebees"
"Bombus caliginosus","Obscure Bumble Bee","Apidae","Bumblebees"
"Bombus huntii","Hunt Bumble Bee","Apidae","Bumblebees"
"Bombus vagans","Half-Black Bumble Bee","Apidae","Bumblebees"
"Bombus flavifrons","Yellow Head Bumble Bee","Apidae","Bumblebees"
"Bombus bohemicus","Barbut's Cuckoo-Bee","Apidae","Bumblebees"
"Bombus insularis","Orange-Rumped Bumblebee","Apidae","Bumblebees"
"Bombus melanopygus","Black Tail Bumble Bee","Apidae","Bumblebees"
"Bombus jonellus","White Tail Bumble Bee","Apidae","Bumblebees"
"Bombus cryptarum","Cryptic Bumble Bee","Apidae","Bumblebees"
"Bombus centralis","Central Bumble Bee","Apidae","Bumblebees"
"Bombus perplexus","Red-Belted Bumble Bee","Apidae","Bumblebees"
"Bombus flavidus","Fernald Cuckoo Bumble Bee","Apidae","Bumblebees"
"Tanypteryx hageni","Black Petaltail","Petaluridae","Dragonflies"
"Nehalennia irene","Sedge Sprite","Coenagrionidae","Dragonflies"
"Anax junius","Green Darner","Aeshnidae","Dragonflies"
"Leucorrhinia borealis","Boreal Whiteface","Libellulidae","Dragonflies"
"Ladona julia","Chalk-Fronted Corporal","Libellulidae","Dragonflies"
"Lestes unguiculatus","Lyre-Tipped Spreadwing","Lestidae","Dragonflies"
"Somatochlora franklini","Delicate Emerald","Corduliidae","Dragonflies"
"Sympetrum madidum","Red-Veined Meadowhawk","Libellulidae","Dragonflies"
"Sympetrum internum","Cherry-Faced Meadowhawk","Libellulidae","Dragonflies"
"Leucorrhinia patricia","Canada Whiteface","Libellulidae","Dragonflies"
"Somatochlora septentrionalis","Muskeg Emerald","Corduliidae","Dragonflies"
"Octogomphus specularis","Grappletail","Gomphidae","Dragonflies"
"Aeshna interrupta","Variable Darner","Aeshnidae","Dragonflies"
"Amphiagrion abbreviatum","Western Red Damsel","Coenagrionidae","Dragonflies"
"Sympetrum pallipes","Striped Meadowhawk","Libellulidae","Dragonflies"
"Aeshna subarctica","Subarctic Darner","Aeshnidae","Dragonflies"
"Sympetrum danae","Black Darter","Libellulidae","Dragonflies"
"Ophiogomphus occidentis","Sinuous Snaketail","Gomphidae","Dragonflies"
"Enallagma ebrium","Marsh Bluet","Coenagrionidae","Dragonflies"
"Sympetrum obtrusum","White-Faced Meadowhawk","Libellulidae","Dragonflies"
"Somatochlora forcipata","Forcipate Emerald","Corduliidae","Dragonflies"
"Coenagrion resolutum","Taiga Bluet","Coenagrionidae","Dragonflies"
"Lestes congener","Spotted Spreadwing","Lestidae","Dragonflies"
"Enallagma annexum","Northern Bluet","Coenagrionidae","Dragonflies"
"Aeshna juncea","Common Hawker","Aeshnidae","Dragonflies"
"Somatochlora kennedyi","Kennedy's Emerald","Corduliidae","Dragonflies"
"Coenagrion interrogatum","Subarctic Bluet","Coenagrionidae","Dragonflies"
"Lestes dryas","Scarce Emerald Damselfly","Lestidae","Dragonflies"
"Ischnura damula","Plains Forktail","Coenagrionidae","Dragonflies"
"Libellula quadrimaculata","Four-Spotted Chaser","Libellulidae","Dragonflies"
"Epitheca spinigera","Spiny Baskettail","Corduliidae","Dragonflies"
"Somatochlora whitehousei","Whitehouse's Emerald","Corduliidae","Dragonflies"
"Tramea lacerata","Black Saddlebags","Libellulidae","Dragonflies"
"Aeshna eremita","Lake Darner","Aeshnidae","Dragonflies"
"Erythemis collocata","Western Pondhawk","Libellulidae","Dragonflies"
"Leucorrhinia hudsonica","Hudsonian Whiteface","Libellulidae","Dragonflies"
"Enallagma hageni","Hagen's Bluet","Coenagrionidae","Dragonflies"
"Enallagma boreale","Boreal Bluet","Coenagrionidae","Dragonflies"
"Ischnura erratica","Swift Forktail","Coenagrionidae","Dragonflies"
"Sympetrum semicinctum","Band-Winged Meadowhawk","Libellulidae","Dragonflies"
"Coenagrion angulatum","Prairie Bluet","Coenagrionidae","Dragonflies"
"Sympetrum costiferum","Saffron-Winged Meadowhawk","Libellulidae","Dragonflies"
"Leucorrhinia glacialis","Crimson-Ringed Whiteface","Libellulidae","Dragonflies"
"Aeshna septentrionalis","Azure Darner","Aeshnidae","Dragonflies"
"Aeshna sitchensis","Zigzag Darner","Aeshnidae","Dragonflies"
"Sympetrum illotum","Cardinal Meadowhawk","Libellulidae","Dragonflies"
"Somatochlora albicincta","Ringed Emerald","Corduliidae","Dragonflies"
"Libellula pulchella","Twelve-Spotted Skimmer","Libellulidae","Dragonflies"
"Enallagma clausum","Alkali Bluet","Coenagrionidae","Dragonflies"
"Lestes disjunctus","Northern Spreadwing","Lestidae","Dragonflies"
"Calopteryx aequabilis","River Jewelwing","Calopterygidae","Dragonflies"
"Libellula forensis","Eight-Spotted Skimmer","Libellulidae","Dragonflies"
"Stylurus olivaceus","Olive Clubtail","Gomphidae","Dragonflies"
"Rhionaeschna multicolor","Blue-Eyed Darner","Aeshnidae","Dragonflies"
"Cordulia shurtleffi","American Emerald","Corduliidae","Dragonflies"
"Enallagma anna","River Bluet","Coenagrionidae","Dragonflies"
"Enallagma carunculatum","Tule Bluet","Coenagrionidae","Dragonflies"
"Ophiogomphus colubrinus","Boreal Snaketail","Gomphidae","Dragonflies"
"Pantala hymenaea","Spot-Winged Glider","Libellulidae","Dragonflies"
"Gomphus graslinellus","Pronghorn Clubtail","Gomphidae","Dragonflies"
"Ischnura perparva","Western Forktail","Coenagrionidae","Dragonflies"
"Aeshna palmata","Paddle-Tailed Darner","Aeshnidae","Dragonflies"
"Epitheca canis","Beaverpond Baskettail","Corduliidae","Dragonflies"
"Somatochlora brevicincta","Quebec Emerald","Corduliidae","Dragonflies"
"Aeshna tuberculifera","Black-Tipped Darner","Aeshnidae","Dragonflies"
"Somatochlora hudsonica","Hudsonian Emerald","Corduliidae","Dragonflies"
"Ophiogomphus severus","Pale Snaketail","Gomphidae","Dragonflies"
"Somatochlora minor","Ocellated Emerald","Corduliidae","Dragonflies"
"Aeshna constricta","Lance-Tipped Darner","Aeshnidae","Dragonflies"
"Archilestes californicus","California Spreadwing","Lestidae","Dragonflies"
"Plathemis lydia","Common Whitetail","Libellulidae","Dragonflies"
"Argia emma","Emma's Dancer","Coenagrionidae","Dragonflies"
"Somatochlora walshii","Brush-Tipped Emerald","Corduliidae","Dragonflies"
"Sympetrum corruptum","Variegated Meadowhawk","Libellulidae","Dragonflies"
"Cordulegaster dorsalis","Pacific Spiketail","Cordulegastridae","Dragonflies"
"Aeshna canadensis","Canada Darner","Aeshnidae","Dragonflies"
"Sympetrum vicinum","Autumn Meadowhawk","Libellulidae","Dragonflies"
"Argia vivida","Vivid Dancer","Coenagrionidae","Dragonflies"
"Macromia magnifica","Western River Cruiser","Corduliidae","Dragonflies"
"Leucorrhinia intacta","Dot-Tailed Whiteface","Libellulidae","Dragonflies"
"Rhionaeschna californica","California Darner","Aeshnidae","Dragonflies"
"Pachydiplax longipennis","Blue Dasher","Libellulidae","Dragonflies"
"Somatochlora cingulata","Lake Emerald","Corduliidae","Dragonflies"
"Lestes forcipatus","Sweetflag Spreadwing","Lestidae","Dragonflies"
"Aeshna umbrosa","Shadow Darner","Aeshnidae","Dragonflies"
"Somatochlora semicircularis","Mountain Emerald","Corduliidae","Dragonflies"
"Leucorrhinia proxima","Belted Whiteface","Libellulidae","Dragonflies"
"Ischnura cervula","Pacific Forktail","Coenagrionidae","Dragonflies"
"Picea sitchensis","Sitka Spruce","Pinaceae","Trees"
"Alnus sinuata","Sitka Alder","Betulaceae","Trees"
"Rhododendron macrophyllum","California Rhododendron","Ericaceae","Trees"
"Betula papyrifera","Paper Birch","Betulaceae","Trees"
"Sorbus scopulina","Western Mountain-Ash","Rosaceae","Trees"
"Sambucus callicarpa","Pacific Coast Red Elder","Adoxaceae","Trees"
"Amelanchier alnifolia","Juneberry","Rosaceae","Trees"
"Pinus banksiana","Jack Pine","Pinaceae","Trees"
"Alnus tenuifolia","Mountain Alder","Betulaceae","Trees"
"Prunus virginiana","Chokecherry","Rosaceae","Trees"
"Abies amabilis","Pacific Silver Fir","Pinaceae","Trees"
"Abies lasiocarpa","Subalpine Fir","Pinaceae","Trees"
"Salix scouleriana","Scouler Willow","Salicaceae","Trees"
"Euonymus occidentalis","Western Burningbush","Celastraceae","Trees"
"Pinus monticola","Western White Pine","Pinaceae","Trees"
"Salix geyeriana","Geyer's Willow","Salicaceae","Trees"
"Pinus albicaulis","Whitebark Pine","Pinaceae","Trees"
"Populus tremuloides","Quaking Aspen","Salicaceae","Trees"
"Viburnum trilobum","American Cranberrybush","Adoxaceae","Trees"
"Salix mackenzieana","Mackenzie's Willow","Salicaceae","Trees"
"Thuja plicata","Pacific Red-Cedar","Cupressaceae","Trees"
"Betula occidentalis","Water Birch","Betulaceae","Trees"
"Myrica californica","Pacific Waxmyrtle","Myricaceae","Trees"
"Arbutus menziesii","Pacific Madrone","Ericaceae","Trees"
"Prunus pensylvanica","Bird Cherry","Rosaceae","Trees"
"Juniperus communis","Common Juniper","Cupressaceae","Trees"
"Prunus emarginata","Bitter Cherry","Rosaceae","Trees"
"Shepherdia argentea","Silver Buffaloberry","Elaeagnaceae","Trees"
"Abies grandis","Grand Fir","Pinaceae","Trees"
"Acer macrophyllum","Big-Leaf Maple","Sapindaceae","Trees"
"Cornus stolonifera","Redosier","Cornaceae","Trees"
"Taxus brevifolia","Pacific Yew","Taxaceae","Trees"
"Larix laricina","Tamarack Larch","Pinaceae","Trees"
"Salix petiolaris","Slender Willow","Salicaceae","Trees"
"Pinus contorta","Lodgepole Pine","Pinaceae","Trees"
"Alnus rubra","Red Alder","Betulaceae","Trees"
"Salix amygdaloides","Peach-Leaf Willow","Salicaceae","Trees"
"Salix hookeriana","Hooker's Willow","Salicaceae","Trees"
"Malus diversifolia","Pacific Crabapple","Rosaceae","Trees"
"Salix sessilifolia","Northwest Sandbar Willow","Salicaceae","Trees"
"Cornus nuttallii","Pacific Dogwood","Cornaceae","Trees"
"Sambucus melanocarpa","European Red Elder","Adoxaceae","Trees"
"Salix lasiandra","Pacific Willow","Salicaceae","Trees"
"Picea mariana","Black Spruce","Pinaceae","Trees"
"Salix exigua","Sandbar Willow","Salicaceae","Trees"
"Betula nana","Dwarf Birch","Betulaceae","Trees"
"Corylus cornuta","Beaked Hazelnut","Betulaceae","Trees"
"Crataegus columbiana","Columbia Hawthorn","Rosaceae","Trees"
"Populus balsamifera","Balsam Poplar","Salicaceae","Trees"
"Populus trichocarpa","Western Balsam Poplar","Salicaceae","Trees"
"Cornus occidentalis","Western Dogwood","Cornaceae","Trees"
"Tsuga mertensiana","Mountain Hemlock","Pinaceae","Trees"
"Larix occidentalis","Western Larch","Pinaceae","Trees"
"Salix alaxensis","Felt-Leaf Willow","Salicaceae","Trees"
"Chamaecyparis nootkatensis","Nootka Cypress","Cupressaceae","Trees"
"Alnus rugosa","Speckled Alder","Betulaceae","Trees"
"Salix discolor","American Pussy Willow","Salicaceae","Trees"
"Artemisia tridentata","Basin Sagebrush","Compositae","Trees"
"Sorbus sitchensis","Sitka Mountain-Ash","Rosaceae","Trees"
"Salix sitchensis","Sitka Willow","Salicaceae","Trees"
"Salix bebbiana","Gray Willow","Salicaceae","Trees"
"Salix pyrifolia","Balsam Willow","Salicaceae","Trees"
"Salix arbusculoides","A Willow","Salicaceae","Trees"
"Crataegus douglasii","Black Hawthorn","Rosaceae","Trees"
"Sambucus glauca","Blue Elderberry","Adoxaceae","Trees"
"Tsuga heterophylla","Western Hemlock","Pinaceae","Trees"
"Rhus glabra","Smooth Sumac","Anacardiaceae","Trees"
"Larix lyallii","Subalpine Larch","Pinaceae","Trees"
"Juniperus scopulorum","Rocky Mountain Juniper","Cupressaceae","Trees"
"Rhamnus purshiana","Cascara Sagrada","Rhamnaceae","Trees"
"Pinus ponderosa","Ponderosa Pine","Pinaceae","Trees"
"Pinus flexilis","Limber Pine","Pinaceae","Trees"
"Acer glabrum","California Mountain Maple","Sapindaceae","Trees"
"Juniperus horizontalis","Creeping Juniper","Cupressaceae","Trees"
"Quercus garryana","Oregon White Oak","Fagaceae","Trees"
"Picea engelmannii","Engelmann Spruce","Pinaceae","Trees"
"Pseudotsuga menziesii","Coast Douglas-Fir","Pinaceae","Trees"
"Acer circinatum","Vine Maple","Sapindaceae","Trees"
"Picea glauca","White Spruce","Pinaceae","Trees"
"Opuntia fragilis","Fragile Prickly-Pear","Cactaceae","Cacti"
"Opuntia polyacantha","Hedgehog Prickly-Pear","Cactaceae","Cacti"
"Xanthocyparis nootkatensis","Nootka Cypress","Cupressaceae","Conifers"
"Pseudotsuga menziesii","Coast Douglas-Fir","Pinaceae","Conifers"
"Picea glauca","White Spruce","Pinaceae","Conifers"
"Pinus flexilis","Limber Pine","Pinaceae","Conifers"
"Juniperus horizontalis","Creeping Juniper","Cupressaceae","Conifers"
"Juniperus scopulorum","Rocky Mountain Juniper","Cupressaceae","Conifers"
"Taxus brevifolia","Pacific Yew","Taxaceae","Conifers"
"Larix laricina","Tamarack Larch","Pinaceae","Conifers"
"Pinus contorta","Lodgepole Pine","Pinaceae","Conifers"
"Pinus monticola","Western White Pine","Pinaceae","Conifers"
"Thuja plicata","Pacific Red-Cedar","Cupressaceae","Conifers"
"Juniperus communis","Common Juniper","Cupressaceae","Conifers"
"Abies amabilis","Pacific Silver Fir","Pinaceae","Conifers"
"Abies lasiocarpa","Subalpine Fir","Pinaceae","Conifers"
"Pinus banksiana","Jack Pine","Pinaceae","Conifers"
"Pinus albicaulis","Whitebark Pine","Pinaceae","Conifers"
"Picea sitchensis","Sitka Spruce","Pinaceae","Conifers"
"Picea mariana","Black Spruce","Pinaceae","Conifers"
"Tsuga mertensiana","Mountain Hemlock","Pinaceae","Conifers"
"Larix occidentalis","Western Larch","Pinaceae","Conifers"
"Picea engelmannii","Engelmann Spruce","Pinaceae","Conifers"
"Larix lyallii","Subalpine Larch","Pinaceae","Conifers"
"Pinus ponderosa","Ponderosa Pine","Pinaceae","Conifers"
"Tsuga heterophylla","Western Hemlock","Pinaceae","Conifers"
"Abies grandis","Grand Fir","Pinaceae","Conifers"
