Downloaded from https://mol.org on Jun 20, 2022. Inclusive species list based on approximate intersections with Political boundary polygon for the Nova Scotia region. 


"Scientific Name","Common Name","Family","Taxonomic Group"
"Archilochus colubris","Ruby-Throated Hummingbird","Trochilidae","Birds"
"Aythya fuligula","Tufted Duck","Anatidae","Birds"
"Strix varia","Barred Owl","Strigidae","Birds"
"Calidris minutilla","Least Sandpiper","Scolopacidae","Birds"
"Passer domesticus","House Sparrow","Passeridae","Birds"
"Bucephala islandica","Barrow's Goldeneye","Anatidae","Birds"
"Ardea herodias","Great Blue Heron","Ardeidae","Birds"
"Phalaropus fulicarius","Grey Phalarope","Scolopacidae","Birds"
"Actitis macularius","Spotted Sandpiper","Scolopacidae","Birds"
"Parula americana","Northern Parula","Parulidae","Birds"
"Branta leucopsis","Balnacle Goose","Anatidae","Birds"
"Porzana carolina","Sora","Rallidae","Birds"
"Dryocopus pileatus","Pileated Woodpecker","Picidae","Birds"
"Ammodramus nelsoni","Nelson's Sparrow","Emberizidae","Birds"
"Petrochelidon pyrrhonota","Cliff Swallow","Hirundinidae","Birds"
"Gallinago gallinago","Common Snipe","Scolopacidae","Birds"
"Catoptrophorus semipalmatus","Willet","Scolopacidae","Birds"
"Aythya marila","Greater Scaup","Anatidae","Birds"
"Histrionicus histrionicus","Harlequin Duck","Anatidae","Birds"
"Zenaida macroura","Mourning Dove","Columbidae","Birds"
"Asio flammeus","Short-Eared Owl","Strigidae","Birds"
"Hirundo rustica","Barn Swallow","Hirundinidae","Birds"
"Tringa nebularia","Greenshank","Scolopacidae","Birds"
"Limnodromus griseus","Short-Billed Dowitcher","Scolopacidae","Birds"
"Somateria spectabilis","King Eider","Anatidae","Birds"
"Dendroica striata","Blackpoll Warbler","Parulidae","Birds"
"Wilsonia canadensis","Canada Warbler","Parulidae","Birds"
"Lanius excubitor","Great Grey Shrike","Laniidae","Birds"
"Pluvialis squatarola","Grey Plover","Charadriidae","Birds"
"Megaceryle alcyon","Belted Kingfisher","Alcedinidae","Birds"
"Catharacta maccormicki","South Polar Skua","Stercorariidae","Birds"
"Charadrius semipalmatus","Semipalmated Plover","Charadriidae","Birds"
"Eremophila alpestris","Horned Lark","Alaudidae","Birds"
"Accipiter striatus","Plain-Breasted Hawk","Accipitridae","Birds"
"Larus delawarensis","Ring-Billed Gull","Laridae","Birds"
"Mniotilta varia","Black-And-White Warbler","Parulidae","Birds"
"Larus hyperboreus","Glaucous Gull","Laridae","Birds"
"Empidonax minimus","Least Flycatcher","Tyrannidae","Birds"
"Stercorarius pomarinus","Pomarine Skua","Stercorariidae","Birds"
"Molothrus ater","Brown-Headed Cowbird","Icteridae","Birds"
"Sterna fuscata","Sooty Tern","Laridae","Birds"
"Asio otus","Long-Eared Owl","Strigidae","Birds"
"Lophodytes cucullatus","Hooded Merganser","Anatidae","Birds"
"Chlidonias niger","Black Tern","Laridae","Birds"
"Hylocichla mustelina","Wood Thrush","Turdidae","Birds"
"Aythya collaris","Ring-Necked Duck","Anatidae","Birds"
"Dendrocygna bicolor","Fulvous Whistling-Duck","Anatidae","Birds"
"Cyanocitta cristata","Blue Jay","Corvidae","Birds"
"Oceanites oceanicus","Wilson's Petrel","Hydrobatidae","Birds"
"Sterna maxima","Royal Tern","Laridae","Birds"
"Empidonax flaviventris","Yellow-Bellied Flycatcher","Tyrannidae","Birds"
"Anas platyrhynchos","Mallard","Anatidae","Birds"
"Phoenicopterus ruber","American Flamingo","Phoenicopteridae","Birds"
"Bubo virginianus","Great Horned Owl","Strigidae","Birds"
"Setophaga ruticilla","American Redstart","Parulidae","Birds"
"Picoides villosus","Hairy Woodpecker","Picidae","Birds"
"Bonasa umbellus","Ruffed Grouse","Phasianidae","Birds"
"Philomachus pugnax","Ruff","Scolopacidae","Birds"
"Riparia riparia","Sand Martin","Hirundinidae","Birds"
"Aquila chrysaetos","Golden Eagle","Accipitridae","Birds"
"Anas acuta","Northern Pintail","Anatidae","Birds"
"Haliaeetus leucocephalus","Bald Eagle","Accipitridae","Birds"
"Aythya affinis","Lesser Scaup","Anatidae","Birds"
"Dendroica castanea","Bay-Breasted Warbler","Parulidae","Birds"
"Phalaropus lobatus","Red-Necked Phalarope","Scolopacidae","Birds"
"Podiceps grisegena","Red-Necked Grebe","Podicipedidae","Birds"
"Accipiter gentilis","Goshawk","Accipitridae","Birds"
"Anas discors","Blue-Winged Teal","Anatidae","Birds"
"Oporornis philadelphia","Mourning Warbler","Parulidae","Birds"
"Seiurus aurocapilla","Ovenbird","Parulidae","Birds"
"Catharus guttatus","Hermit Thrush","Turdidae","Birds"
"Perdix perdix","Grey Partridge","Phasianidae","Birds"
"Dendroica coronata","Yellow-Rumped Warbler","Parulidae","Birds"
"Coragyps atratus","Black Vulture","Cathartidae","Birds"
"Tringa melanoleuca","Greater Yellowlegs","Scolopacidae","Birds"
"Vermivora peregrina","Tennessee Warbler","Parulidae","Birds"
"Tyrannus savana","Fork-Tailed Flycatcher","Tyrannidae","Birds"
"Melospiza lincolnii","Lincoln's Sparrow","Emberizidae","Birds"
"Calidris ferruginea","Curlew Sandpiper","Scolopacidae","Birds"
"Vireo olivaceus","Red-Eyed Vireo","Vireonidae","Birds"
"Piranga olivacea","Scarlet Tanager","Cardinalidae","Birds"
"Botaurus lentiginosus","American Bittern","Ardeidae","Birds"
"Puffinus puffinus","Manx Shearwater","Procellariidae","Birds"
"Steganopus tricolor","Wilson's Phalarope","Scolopacidae","Birds"
"Egretta thula","Snowy Egret","Ardeidae","Birds"
"Spizella passerina","Chipping Sparrow","Emberizidae","Birds"
"Sayornis phoebe","Eastern Phoebe","Tyrannidae","Birds"
"Carpodacus purpureus","Purple Finch","Fringillidae","Birds"
"Certhia americana","American Creeper","Certhiidae","Birds"
"Geothlypis trichas","Common Yellowthroat","Parulidae","Birds"
"Anas crecca","Common Teal","Anatidae","Birds"
"Limosa haemastica","Hudsonian Godwit","Scolopacidae","Birds"
"Passerculus sandwichensis","Savannah Sparrow","Emberizidae","Birds"
"Calcarius lapponicus","Lapland Longspur","Emberizidae","Birds"
"Corvus corax","Common Raven","Corvidae","Birds"
"Buteo platypterus","Broad-Winged Hawk","Accipitridae","Birds"
"Ixobrychus exilis","Least Bittern","Ardeidae","Birds"
"Aegolius funereus","Boreal Owl","Strigidae","Birds"
"Bombycilla garrulus","Bohemian Waxwing","Bombycillidae","Birds"
"Buteo lagopus","Rough-Legged Buzzard","Accipitridae","Birds"
"Sterna nilotica","Gull-Billed Tern","Laridae","Birds"
"Seiurus noveboracensis","Northern Waterthrush","Parulidae","Birds"
"Podiceps auritus","Horned Grebe","Podicipedidae","Birds"
"Wilsonia pusilla","Wilson's Warbler","Parulidae","Birds"
"Cistothorus palustris","Marsh Wren","Troglodytidae","Birds"
"Fratercula arctica","Puffin","Alcidae","Birds"
"Columba livia","Rock Dove","Columbidae","Birds"
"Bubo scandiaca","Snowy Owl","Strigidae","Birds"
"Melanitta fusca","White-Winged Scoter","Anatidae","Birds"
"Oceanodroma castro","Madeiran Storm-Petrel","Hydrobatidae","Birds"
"Sterna paradisaea","Artic Tern","Laridae","Birds"
"Dendroica palmarum","Palm Warbler","Parulidae","Birds"
"Vermivora ruficapilla","Nashville Warbler","Parulidae","Birds"
"Alca torda","Razorbill","Alcidae","Birds"
"Bucephala clangula","Common Goldeneye","Anatidae","Birds"
"Coccothraustes vespertinus","Evening Grosbeak","Fringillidae","Birds"
"Morus bassanus","Gannet","Sulidae","Birds"
"Alle alle","Little Auk","Alcidae","Birds"
"Picoides pubescens","Downy Woodpecker","Picidae","Birds"
"Contopus cooperi","Olive-Sided Flycatcher","Tyrannidae","Birds"
"Melanitta perspicillata","Surf Scoter","Anatidae","Birds"
"Junco hyemalis","Dark-Eyed Junco","Emberizidae","Birds"
"Calidris melanotos","Pectoral Sandpiper","Scolopacidae","Birds"
"Carduelis flammea","Common Redpoll","Fringillidae","Birds"
"Parkesia noveboracensis","Northern Waterthrush","Parulidae","Birds"
"Oceanodroma leucorhoa","Leach's Storm-Petrel","Hydrobatidae","Birds"
"Columbina passerina","Common Ground-Dove","Columbidae","Birds"
"Calidris alba","Sanderling","Scolopacidae","Birds"
"Carduelis hornemanni","Arctic Redpoll","Fringillidae","Birds"
"Cepphus grylle","Black Guillemot","Alcidae","Birds"
"Chordeiles minor","Common Nighthawk","Caprimulgidae","Birds"
"Vireo solitarius","Solitary Vireo","Vireonidae","Birds"
"Oxyura jamaicensis","Ruddy Duck","Anatidae","Birds"
"Falco sparverius","American Kestrel","Falconidae","Birds"
"Pheucticus ludovicianus","Rose-Breasted Grosbeak","Cardinalidae","Birds"
"Buteo jamaicensis","Red-Tailed Hawk","Accipitridae","Birds"
"Dendroica tigrina","Cape May Warbler","Parulidae","Birds"
"Picoides dorsalis","American Three-Toed Woodpecker","Picidae","Birds"
"Tyrannus forficatus","Scissor-Tailed Flycatcher","Tyrannidae","Birds"
"Phasianus colchicus","Common Pheasant","Phasianidae","Birds"
"Haematopus palliatus","American Oystercatcher","Haematopodidae","Birds"
"Parus atricapillus","Black-Capped Chickadee","Paridae","Birds"
"Agelaius phoeniceus","Red-Winged Blackbird","Icteridae","Birds"
"Butorides virescens","Green Heron","Ardeidae","Birds"
"Branta bernicla","Brant","Anatidae","Birds"
"Crotophaga sulcirostris","Groove-Billed Ani","Cuculidae","Birds"
"Chaetura pelagica","Chimney Swift","Apodidae","Birds"
"Clangula hyemalis","Long-Tailed Duck","Anatidae","Birds"
"Coccyzus erythropthalmus","Black-Billed Cuckoo","Cuculidae","Birds"
"Parus hudsonicus","Boreal Chickadee","Paridae","Birds"
"Colaptes auratus","Northern Flicker","Picidae","Birds"
"Catharus fuscescens","Veery","Turdidae","Birds"
"Mergus merganser","Goosander","Anatidae","Birds"
"Falco peregrinus","Peregrine Falcon","Falconidae","Birds"
"Contopus virens","Eastern Wood-Pewee","Tyrannidae","Birds"
"Plectrophenax nivalis","Snow Bunting","Emberizidae","Birds"
"Fringilla montifringilla","Brambling","Fringillidae","Birds"
"Corvus brachyrhynchos","American Crow","Corvidae","Birds"
"Gavia immer","Common Loon","Gaviidae","Birds"
"Rallus limicola","Virginia Rail","Rallidae","Birds"
"Tyrannus tyrannus","Eastern Kingbird","Tyrannidae","Birds"
"Falco rusticolus","Gyr Falcon","Falconidae","Birds"
"Catharus bicknelli","Bicknell's Thrush","Turdidae","Birds"
"Carduelis pinus","Pine Siskin","Fringillidae","Birds"
"Larus ridibundus","Common Black-Headed Gull","Laridae","Birds"
"Fulmarus glacialis","Fulmar","Procellariidae","Birds"
"Carduelis tristis","American Goldfinch","Fringillidae","Birds"
"Vireo philadelphicus","Philadelphia Vireo","Vireonidae","Birds"
"Circus cyaneus","Hen Harrier","Accipitridae","Birds"
"Loxia curvirostra","Red Crossbill","Fringillidae","Birds"
"Passerella iliaca","Fox Sparrow","Emberizidae","Birds"
"Perisoreus canadensis","Grey Jay","Corvidae","Birds"
"Arenaria interpres","Ruddy Turnstone","Scolopacidae","Birds"
"Zonotrichia leucophrys","White-Crowned Sparrow","Emberizidae","Birds"
"Sturnella magna","Eastern Meadowlark","Icteridae","Birds"
"Somateria mollissima","Eider","Anatidae","Birds"
"Uria aalge","Guillemot","Alcidae","Birds"
"Regulus calendula","Ruby-Crowned Kinglet","Reguliidae","Birds"
"Melospiza melodia","Song Sparrow","Emberizidae","Birds"
"Tachycineta bicolor","Tree Swallow","Hirundinidae","Birds"
"Larus argentatus","Herring Gull","Laridae","Birds"
"Elanoides forficatus","Swallow-Tailed Kite","Accipitridae","Birds"
"Empidonax traillii","Willow Flycatcher","Tyrannidae","Birds"
"Sphyrapicus varius","Yellow-Bellied Sapsucker","Picidae","Birds"
"Myiarchus crinitus","Great Crested Flycatcher","Tyrannidae","Birds"
"Podilymbus podiceps","Pied-Billed Grebe","Podicipedidae","Birds"
"Euphagus carolinus","Rusty Blackbird","Icteridae","Birds"
"Catharus minimus","Grey-Cheeked Thrush","Turdidae","Birds"
"Dendroica virens","Black-Throated Green Warbler","Parulidae","Birds"
"Phalacrocorax carbo","Cormorant","Phalacrocoracidae","Birds"
"Plegadis falcinellus","Glossy Ibis","Threskiornithidae","Birds"
"Bombycilla cedrorum","Cedar Waxwing","Bombycillidae","Birds"
"Puffinus griseus","Sooty Shearwater","Procellariidae","Birds"
"Egretta tricolor","Tricoloured Heron","Ardeidae","Birds"
"Tringa flavipes","Lesser Yellow-Legs","Scolopacidae","Birds"
"Sitta canadensis","Red-Breasted Nuthatch","Sittidae","Birds"
"Catharacta skua","Great Skua","Stercorariidae","Birds"
"Charadrius melodus","Piping Plover","Charadriidae","Birds"
"Dendroica caerulescens","Black-Throated Blue Warbler","Parulidae","Birds"
"Anas clypeata","Northern Shoveler","Anatidae","Birds"
"Calidris pusilla","Semipalmated Sandpiper","Scolopacidae","Birds"
"Picoides arcticus","Black-Backed Woodpecker","Picidae","Birds"
"Aegolius acadicus","Northern Saw-Whet Owl","Strigidae","Birds"
"Pooecetes gramineus","Vesper Sparrow","Emberizidae","Birds"
"Sterna dougallii","Roseate Tern","Laridae","Birds"
"Sitta carolinensis","White-Breasted Nuthatch","Sittidae","Birds"
"Bubulcus ibis","Cattle Egret","Ardeidae","Birds"
"Tringa solitaria","Solitary Sandpiper","Scolopacidae","Birds"
"Sturnus vulgaris","Common Starling","Sturnidae","Birds"
"Carpodacus mexicanus","House Finch","Fringillidae","Birds"
"Dendroica petechia","Yellow Warbler","Parulidae","Birds"
"Icterus galbula","Baltimore Oriole","Icteridae","Birds"
"Spizella arborea","American Tree Sparrow","Emberizidae","Birds"
"Progne subis","Purple Martin","Hirundinidae","Birds"
"Tringa erythropus","Spotted Redshank","Scolopacidae","Birds"
"Gavia stellata","Red-Throated Diver","Gaviidae","Birds"
"Calidris alpina","Dunlin","Scolopacidae","Birds"
"Dendroica fusca","Blackburnian Warbler","Parulidae","Birds"
"Calidris fuscicollis","White-Rumped Sandpiper","Scolopacidae","Birds"
"Branta canadensis","Canada Goose","Anatidae","Birds"
"Uria lomvia","Br√ºnnich's Guillemot","Alcidae","Birds"
"Sterna hirundo","Common Tern","Laridae","Birds"
"Mimus polyglottos","Northern Mockingbird","Mimidae","Birds"
"Dendragapus canadensis","Spruce Grouse","Phasianidae","Birds"
"Calidris maritima","Purple Sandpiper","Scolopacidae","Birds"
"Sialia sialis","Eastern Bluebird","Turdidae","Birds"
"Dendroica aestiva","American Yellow Warbler","Parulidae","Birds"
"Coturnicops noveboracensis","Yellow Rail","Rallidae","Birds"
"Rissa tridactyla","Kittiwake","Laridae","Birds"
"Charadrius wilsonia","Wilson's Plover","Charadriidae","Birds"
"Dendroica magnolia","Magnolia Warbler","Parulidae","Birds"
"Larus marinus","Great Black-Backed Gull","Laridae","Birds"
"Troglodytes troglodytes","Winter Wren","Troglodytidae","Birds"
"Mergus serrator","Red-Breasted Merganser","Anatidae","Birds"
"Calonectris diomedea","Scopoli's Shearwater","Procellariidae","Birds"
"Bucephala albeola","Bufflehead","Anatidae","Birds"
"Puffinus gravis","Great Shearwater","Procellariidae","Birds"
"Anthus rubescens","Buff-Bellied Pipit","Motacillidae","Birds"
"Zonotrichia albicollis","White-Throated Sparrow","Emberizidae","Birds"
"Larus glaucoides","Iceland Gull","Laridae","Birds"
"Stercorarius longicaudus","Long-Tailed Skua","Stercorariidae","Birds"
"Scolopax minor","American Woodcock","Scolopacidae","Birds"
"Loxia leucoptera","White-Winged Crossbill","Fringillidae","Birds"
"Egretta garzetta","Mascarene Reef-Egret","Ardeidae","Birds"
"Bartramia longicauda","Upland Sandpiper","Scolopacidae","Birds"
"Regulus satrapa","Golden-Crowned Kinglet","Reguliidae","Birds"
"Stercorarius parasiticus","Arctic Skua","Stercorariidae","Birds"
"Anas rubripes","American Black Duck","Anatidae","Birds"
"Dendroica pensylvanica","Chestnut-Sided Warbler","Parulidae","Birds"
"Egretta gularis","Western Reef Egret","Ardeidae","Birds"
"Numenius phaeopus","Whimbrel","Scolopacidae","Birds"
"Charadrius vociferus","Kildeer","Charadriidae","Birds"
"Melanitta nigra","Common Scoter","Anatidae","Birds"
"Empidonax alnorum","Alder Flycatcher","Tyrannidae","Birds"
"Catharus ustulatus","Swainson's Thrush","Turdidae","Birds"
"Casmerodius albus","Great Egret","Ardeidae","Birds"
"Dumetella carolinensis","Gray Catbird","Mimidae","Birds"
"Calidris canutus","Red Knot","Scolopacidae","Birds"
"Pluvialis dominica","American Golden-Plover","Charadriidae","Birds"
"Falco columbarius","Merlin","Falconidae","Birds"
"Turdus migratorius","American Robin","Turdidae","Birds"
"Pinicola enucleator","Pine Grosbeak","Fringillidae","Birds"
"Dolichonyx oryzivorus","Bobolink","Icteridae","Birds"
"Pandion haliaetus","Osprey","Accipitridae","Birds"
"Melospiza georgiana","Swamp Sparrow","Emberizidae","Birds"
"Quiscalus quiscula","Common Grackle","Icteridae","Birds"
"Phalacrocorax auritus","Double-Crested Cormorant","Phalacrocoracidae","Birds"
"Aix sponsa","Wood Duck","Anatidae","Birds"
"Caprimulgus vociferus","Whip-Poor-Will","Caprimulgidae","Birds"
"Mesoplodon densirostris","Blainville's Beaked Whale","Ziphiidae","Mammals"
"Eptesicus fuscus","Big Brown Bat","Vespertilionidae","Mammals"
"Sorex dispar","Rock Shrew","Soricidae","Mammals"
"Ondatra zibethicus","Musk Rat","Cricetidae","Mammals"
"Castor canadensis","American Beaver","Castoridae","Mammals"
"Vulpes vulpes","Red Fox","Canidae","Mammals"
"Synaptomys cooperi","Southern Bog Lemming","Cricetidae","Mammals"
"Stenella coeruleoalba","Striped Dolphin","Delphinidae","Mammals"
"Sorex cinereus","Masked Shrew","Soricidae","Mammals"
"Ziphius cavirostris","Cuvier's Beaked Whale","Ziphiidae","Mammals"
"Condylura cristata","Star-Nosed Mole","Talpidae","Mammals"
"Mesoplodon mirus","True's Beaked Whale","Ziphiidae","Mammals"
"Odocoileus virginianus","White-Tailed Deer","Cervidae","Mammals"
"Myodes gapperi","Southern Red Backed Vole","Cricetidae","Mammals"
"Lynx canadensis","Canada Lynx","Felidae","Mammals"
"Mus musculus","House Mouse","Muridae","Mammals"
"Myotis septentrionalis","Northern Myotis","Vespertilionidae","Mammals"
"Martes americana","American Marten","Mustelidae","Mammals"
"Stenella frontalis","Atlantic Spotted Dolphin","Delphinidae","Mammals"
"Pipistrellus subflavus","Eastern Pipistrelle","Vespertilionidae","Mammals"
"Napaeozapus insignis","Woodland Jumping Mouse","Dipodidae","Mammals"
"Neovison vison","American Mink","Mustelidae","Mammals"
"Lagenorhynchus albirostris","White Beaked Dolphin","Delphinidae","Mammals"
"Blarina brevicauda","Mole Shrew","Soricidae","Mammals"
"Delphinus delphis","Atlantic Dolphin","Delphinidae","Mammals"
"Balaenoptera borealis","Sei Whale","Balaenopteridae","Mammals"
"Hyperoodon ampullatus","Northern Bottlenose Whale","Ziphiidae","Mammals"
"Sorex palustris","American Water Shrew","Soricidae","Mammals"
"Balaenoptera musculus","Blue Whale","Balaenopteridae","Mammals"
"Mesoplodon bidens","Sowerby's Beaked Whale","Ziphiidae","Mammals"
"Grampus griseus","Risso's Dolphin","Delphinidae","Mammals"
"Lepus americanus","Snowshoe Hare","Leporidae","Mammals"
"Microtus pennsylvanicus","Meadow Vole","Cricetidae","Mammals"
"Phocoena phocoena","Harbour Porpoise","Phocoenidae","Mammals"
"Physeter macrocephalus","Sperm Whale","Physeteridae","Mammals"
"Lynx rufus","Bobcat","Felidae","Mammals"
"Lontra canadensis","Northern River Otter","Mustelidae","Mammals"
"Zapus hudsonius","Meadow Jumping Mouse","Dipodidae","Mammals"
"Glaucomys volans","Southern Flying Squirrel","Sciuridae","Mammals"
"Globicephala macrorhynchus","Short Finned Pilot Whale","Delphinidae","Mammals"
"Sorex fumeus","Smoky Shrew","Soricidae","Mammals"
"Lagenorhynchus acutus","Atlantic White Sided Dolphin","Delphinidae","Mammals"
"Lasionycteris noctivagans","Silver-Haired Bat","Vespertilionidae","Mammals"
"Eubalaena glacialis","North Atlantic Right Whale","Balaenidae","Mammals"
"Ursus americanus","American Black Bear","Ursidae","Mammals"
"Lasiurus cinereus","Hoary Bat","Vespertilionidae","Mammals"
"Tursiops truncatus","Bottlenose Dolphin","Delphinidae","Mammals"
"Tamiasciurus hudsonicus","Red Squirrel","Sciuridae","Mammals"
"Procyon lotor","Raccoon","Procyonidae","Mammals"
"Pagophilus groenlandicus","Harp Seal","Phocidae","Mammals"
"Marmota monax","Woodchuck","Sciuridae","Mammals"
"Martes pennanti","Fisher","Mustelidae","Mammals"
"Glaucomys sabrinus","Northern Flying Squirrel","Sciuridae","Mammals"
"Megaptera novaeangliae","Humpback Whale","Balaenopteridae","Mammals"
"Alces alces","Eurasian Elk","Cervidae","Mammals"
"Phoca vitulina","Harbour Seal","Phocidae","Mammals"
"Peromyscus maniculatus","Deer Mouse","Cricetidae","Mammals"
"Balaenoptera acutorostrata","Common Minke Whale","Balaenopteridae","Mammals"
"Orcinus orca","Killer Whale","Delphinidae","Mammals"
"Sorex hoyi","Pygmy Shrew","Soricidae","Mammals"
"Mephitis mephitis","Striped Skunk","Mephitidae","Mammals"
"Erethizon dorsatum","North American Porcupine","Erethizontidae","Mammals"
"Globicephala melas","Long Finned Pilot Whale","Delphinidae","Mammals"
"Myotis lucifugus","Little Brown Bat","Vespertilionidae","Mammals"
"Tamias striatus","Eastern Chipmunk","Sciuridae","Mammals"
"Kogia breviceps","Pygmy Sperm Whale","Physeteridae","Mammals"
"Kogia sima","Dwarf Sperm Whale","Physeteridae","Mammals"
"Peromyscus leucopus","White-Footed Mouse","Cricetidae","Mammals"
"Cystophora cristata","Hooded Seal","Phocidae","Mammals"
"Lasiurus borealis","Red Bat","Vespertilionidae","Mammals"
"Halichoerus grypus","Grey Seal","Phocidae","Mammals"
"Balaenoptera physalus","Fin Whale","Balaenopteridae","Mammals"
"Sorex maritimensis","Maritime Shrew","Soricidae","Mammals"
"Mustela erminea","Stoat","Mustelidae","Mammals"
"Liochlorophis vernalis","Smooth Green Snake","Colubridae","Reptiles"
"Dermochelys coriacea","Leatherback Sea Turtle","Dermochelyidae","Reptiles"
"Thamnophis sauritus","Eastern Ribbonsnake","Colubridae","Reptiles"
"Diadophis punctatus","Ringneck Snake","Colubridae","Reptiles"
"Caretta caretta","Loggerhead","Cheloniidae","Reptiles"
"Eretmochelys imbricata","Hawksbill","Cheloniidae","Reptiles"
"Chelonia mydas","Green Turtle","Cheloniidae","Reptiles"
"Lepidochelys olivacea","Pacific Ridley","Cheloniidae","Reptiles"
"Storeria occipitomaculata","Redbelly Snake","Colubridae","Reptiles"
"Thamnophis sirtalis","Common Garter Snake","Colubridae","Reptiles"
"Chrysemys picta","Painted Turtle","Emydidae","Turtles (non-marine)"
"Chelydra serpentina","Common Snapping Turtle","Chelydridae","Turtles (non-marine)"
"Notophthalmus viridescens","Eastern Newt","Salamandridae","Amphibians"
"Plethodon cinereus","Eastern Red-Backed Salamander","Plethodontidae","Amphibians"
"Anaxyrus americanus","American Toad","Bufonidae","Amphibians"
"Desmognathus fuscus","Black Ebbet","Plethodontidae","Amphibians"
"Lithobates septentrionalis","Rocky Mountain Frog","Ranidae","Amphibians"
"Ambystoma maculatum","Brown-Spotted Salamander","Ambystomatidae","Amphibians"
"Hemidactylium scutatum","Scaly Lizard","Plethodontidae","Amphibians"
"Lithobates palustris","Marsh Frog","Ranidae","Amphibians"
"Lithobates catesbeianus","Common Bullfrog","Ranidae","Amphibians"
"Lithobates sylvaticus","Wood Frog","Ranidae","Amphibians"
"Lithobates clamitans","Bronze Frog","Ranidae","Amphibians"
"Pseudacris crucifer","Spring Peeper","Hylidae","Amphibians"
"Ambystoma laterale","Blue-Spotted Salamander","Ambystomatidae","Amphibians"
"Lithobates pipiens","Peeping Frog","Ranidae","Amphibians"
"Eurycea bislineata","Northern Two-Lined Salamander","Plethodontidae","Amphibians"
"Bathyraja spinicauda","Spinetail Ray","Arhynchobatidae","Fishes"
"Coregonus huntsmani","Atlantic Whitefish","Salmonidae","Fishes"
"Amblyraja jenseni","Jensen's Skate","Rajidae","Fishes"
"Rhinichthys atratulus","Eastern Blacknose Dace","Cyprinidae","Fishes"
"Fundulus diaphanus","Banded Killifish","Fundulidae","Fishes"
"Sphyrna lewini","Scalloped Hammerhead","Sphyrnidae","Fishes"
"Xiphias gladius","Broadbill Swordfish","Xiphiidae","Fishes"
"Chaetodon ocellatus","School Mistress","Chaetodontidae","Fishes"
"Alopias vulpinus","Thresher Shark","Alopiidae","Fishes"
"Rajella fyllae","Round Ray","Rajidae","Fishes"
"Sphoeroides pachygaster","Blunthead Puffer","Tetraodontidae","Fishes"
"Somniosus microcephalus","Greenland Shark","Somniosidae","Fishes"
"Rhinochimaera atlantica","Broadnose Chimaera","Rhinochimaeridae","Fishes"
"Lagocephalus lagocephalus","Puffer","Tetraodontidae","Fishes"
"Dipturus laevis","Barndoor Skate","Rajidae","Fishes"
"Osmerus mordax","Rainbow Smelt","Osmeridae","Fishes"
"Cetorhinus maximus","Basking Shark","Cetorhinidae","Fishes"
"Pseudotriakis microdon","False Catshark","Pseudotriakidae","Fishes"
"Notropis heterolepis","Blacknose Shiner","Cyprinidae","Fishes"
"Sphoeroides maculatus","Northern Puffer","Tetraodontidae","Fishes"
"Alosa aestivalis","Blueback Herring","Clupeidae","Fishes"
"Archosargus probatocephalus","Convictt Fish","Sparidae","Fishes"
"Rhizoprionodon terraenovae","Atlantic Sharpnose Shark","Carcharhinidae","Fishes"
"Gasterosteus aculeatus","Three-Spined Stickleback","Gasterosteidae","Fishes"
"Lamna nasus","Porbeagle","Lamnidae","Fishes"
"Catostomus commersonii","White Sucker","Catostomidae","Fishes"
"Scomber scombrus","Mackerel","Scombridae","Fishes"
"Alosa sapidissima","American Shad","Clupeidae","Fishes"
"Squalus acanthias","Piked Dogfish","Squalidae","Fishes"
"Centroscyllium fabricii","Black Dogfish","Etmopteridae","Fishes"
"Etmopterus princeps","Great Lanternshark","Etmopteridae","Fishes"
"Tautoga onitis","Tautog","Labridae","Fishes"
"Amblyraja radiata","Starry Ray","Rajidae","Fishes"
"Esox niger","Chain Pickerel","Esocidae","Fishes"
"Salvelinus fontinalis","Brook Trout","Salmonidae","Fishes"
"Harriotta raleighana","Bigspine Spookfish","Rhinochimaeridae","Fishes"
"Acipenser oxyrhynchus","American Atlantic Sturgeon","Acipenseridae","Fishes"
"Carcharodon carcharias","Great White Shark","Lamnidae","Fishes"
"Coregonus clupeaformis","Lake Whitefish","Salmonidae","Fishes"
"Luxilus cornutus","Common Shiner","Cyprinidae","Fishes"
"Morone saxatilis","Green Heads","Moronidae","Fishes"
"Stenotomus chrysops","Porgy","Sparidae","Fishes"
"Semotilus atromaculatus","Creek Chub","Cyprinidae","Fishes"
"Thunnus thynnus","Bluefin Tuna","Scombridae","Fishes"
"Salmo salar","Common Atlantic Salmon","Salmonidae","Fishes"
"Kajikia albida","White Marlin","Istiophoridae","Fishes"
"Carcharhinus longimanus","Oceanic Whitetip Shark","Carcharhinidae","Fishes"
"Tautogolabrus adspersus","Perch","Labridae","Fishes"
"Morone americana","White Perch","Moronidae","Fishes"
"Scomberomorus regalis","Spanish Mackerel","Scombridae","Fishes"
"Isurus oxyrinchus","Shortfin Mako","Lamnidae","Fishes"
"Petromyzon marinus","Sea Lamprey","Petromyzontidae","Fishes"
"Chrosomus eos","Northern Redbelly Dace","Cyprinidae","Fishes"
"Alosa pseudoharengus","Alewife","Clupeidae","Fishes"
"Torpedo nobiliana","Electric Ray","Torpedinidae","Fishes"
"Hydrolagus affinis","Smalleyed Rabbitfish","Chimaeridae","Fishes"
"Prionace glauca","Blue Shark","Carcharhinidae","Fishes"
"Micropterus dolomieu","Smallmouth Bass","Centrarchidae","Fishes"
"Hypsoblennius hentz","Feather Blenny","Blenniidae","Fishes"
"Catostomus catostomus","Longnose Sucker","Catostomidae","Fishes"
"Pungitius pungitius","Nine-Spined Stickleback","Gasterosteidae","Fishes"
"Anguilla rostrata","American Eel","Anguillidae","Fishes"
"Centroscymnus coelolepis","Portuguese Shark","Somniosidae","Fishes"
"Amblyraja hyperborea","Arctic Skate","Rajidae","Fishes"
"Sarda sarda","Atlantic Bonito","Scombridae","Fishes"
"Salvelinus alpinus","Arctic Charr","Salmonidae","Fishes"
"Perca flavescens","Yellow Perch","Percidae","Fishes"
"Leucoraja ocellata","Winter Skate","Rajidae","Fishes"
"Leucoraja erinacea","Little Skate","Rajidae","Fishes"
"Makaira nigricans","Blue Marlin","Istiophoridae","Fishes"
"Sphyrna zygaena","Smooth Hammerhead","Sphyrnidae","Fishes"
"Apristurus melanoasper","Black Roughscale Catshark","Pentanchidae","Fishes"
"Malacoraja senta","Smooth Skate","Rajidae","Fishes"
"Speyeria atlantis","Atlantis Fritillary","Nymphalidae","Butterflies"
"Carterocephalus palaemon","Arctic Skipper","Hesperiidae","Butterflies"
"Colias philodice","Clouded Sulphur","Pieridae","Butterflies"
"Amblyscirtes vialis","Common Roadside-Skipper","Hesperiidae","Butterflies"
"Cercyonis pegala","Common Wood-Nymph","Nymphalidae","Butterflies"
"Polites mystic","Long Dash","Hesperiidae","Butterflies"
"Eurema lisa","Little Yellow","Pieridae","Butterflies"
"Polygonia gracilis","Hoary Comma","Nymphalidae","Butterflies"
"Vanessa cardui","Painted Lady","Nymphalidae","Butterflies"
"Hesperia comma","Common Branded Skipper","Hesperiidae","Butterflies"
"Boloria selene","Silver-Bordered Fritillary","Nymphalidae","Butterflies"
"Satyrium liparops","Striped Hairstreak","Lycaenidae","Butterflies"
"Polygonia comma","Eastern Comma","Nymphalidae","Butterflies"
"Megisto cymela","Little Wood-Satyr","Nymphalidae","Butterflies"
"Limenitis arthemis","Red-Spotted Admiral","Nymphalidae","Butterflies"
"Oeneis jutta","Jutta Arctic","Nymphalidae","Butterflies"
"Glaucopsyche lygdamus","Silvery Blue","Lycaenidae","Butterflies"
"Thymelicus lineola","Essex Skipper","Hesperiidae","Butterflies"
"Feniseca tarquinius","Harvester","Lycaenidae","Butterflies"
"Strymon melinus","Gray Hairstreak","Lycaenidae","Butterflies"
"Polygonia satyrus","Satyr Anglewing","Nymphalidae","Butterflies"
"Callophrys henrici","Henry's Elfin","Lycaenidae","Butterflies"
"Callophrys lanoraieensis","Bog Elfin","Lycaenidae","Butterflies"
"Celastrina argiolus","Spring/Summer Azure","Lycaenidae","Butterflies"
"Speyeria idalia","Regal Fritillary","Nymphalidae","Butterflies"
"Thorybes pylades","Northern Cloudywing","Hesperiidae","Butterflies"
"Erynnis juvenalis","Juvenal's Duskywing","Hesperiidae","Butterflies"
"Satyrium acadica","Acadian Hairstreak","Lycaenidae","Butterflies"
"Nymphalis vaualbum","Compton Tortoiseshell","Nymphalidae","Butterflies"
"Amblyscirtes hegon","Pepper And Salt Skipper","Hesperiidae","Butterflies"
"Papilio brevicauda","Short-Tailed Swallowtail","Papilionidae","Butterflies"
"Callophrys augustus","null","Lycaenidae","Butterflies"
"Polites themistocles","Tawny-Edged Skipper","Hesperiidae","Butterflies"
"Epargyreus clarus","Silver-Spotted Skipper","Hesperiidae","Butterflies"
"Chlosyne nycteis","Silvery Checkerspot","Nymphalidae","Butterflies"
"Colias eurytheme","Orange Sulphur","Pieridae","Butterflies"
"Vanessa atalanta","Red Admiral","Nymphalidae","Butterflies"
"Ancyloxypha numitor","Least Skipper","Hesperiidae","Butterflies"
"Nymphalis antiopa","Mourning Cloak","Nymphalidae","Butterflies"
"Phyciodes batesii","Tawny Crescent","Nymphalidae","Butterflies"
"Papilio cresphontes","Giant Swallowtail","Papilionidae","Butterflies"
"Poanes hobomok","Hobomok Skipper","Hesperiidae","Butterflies"
"Hesperia leonardus","Leonard's Skipper","Hesperiidae","Butterflies"
"Lycaena epixanthe","Bog Copper","Lycaenidae","Butterflies"
"Pieris rapae","Cabbage White","Pieridae","Butterflies"
"Speyeria cybele","Great Spangled Fritillary","Nymphalidae","Butterflies"
"Polygonia faunus","Faun","Nymphalidae","Butterflies"
"Aguna asander","Gold-Spotted Aguna","Hesperiidae","Butterflies"
"Callophrys niphon","Eastern Pine Elfin","Lycaenidae","Butterflies"
"Erynnis icelus","Dreamy Dusky-Wing","Hesperiidae","Butterflies"
"Plebejus saepiolus","Greenish Blue","Lycaenidae","Butterflies"
"Nymphalis milberti","Milbert's Tortoiseshell","Nymphalidae","Butterflies"
"Danaus plexippus","Monarch","Nymphalidae","Butterflies"
"Chlosyne harrisii","Harris' Checkerspot","Nymphalidae","Butterflies"
"Precis coenia","Common Buckeye","Nymphalidae","Butterflies"
"Papilio polyxenes","Black Swallowtail","Papilionidae","Butterflies"
"Phoebis philea","Orange-Barred Sulphur","Pieridae","Butterflies"
"Lycaena phlaes","null","Lycaenidae","Butterflies"
"Euphyes vestris","Dun Skipper","Hesperiidae","Butterflies"
"Satyrium calanus","Banded Hairstreak","Lycaenidae","Butterflies"
"Euphydryas phaeton","Baltimore Checkerspot","Nymphalidae","Butterflies"
"Erora laeta","Early Hairstreak","Lycaenidae","Butterflies"
"Boloria titania","Titania's Fritillary","Nymphalidae","Butterflies"
"Colias interior","Pink-Edged Sulphur","Pieridae","Butterflies"
"Coenonympha tullia","Common Ringlet","Nymphalidae","Butterflies"
"Callophrys polios","Hoary Elfin","Lycaenidae","Butterflies"
"Lycaena hyllus","Bronze Copper","Lycaenidae","Butterflies"
"Phyciodes morpheus","null","Nymphalidae","Butterflies"
"Asterocampa celtis","Hackberry Emperor","Nymphalidae","Butterflies"
"Satyrium edwardsii","Edwards' Hairstreak","Lycaenidae","Butterflies"
"Polygonia interrogationis","Question Mark","Nymphalidae","Butterflies"
"Vanessa virginiensis","American Lady","Nymphalidae","Butterflies"
"Polygonia progne","Gray Comma","Nymphalidae","Butterflies"
"Limenitis archippus","Viceroy","Nymphalidae","Butterflies"
"Lethe eurydice","Eyed Brown","Nymphalidae","Butterflies"
"Papilio indra","Indra Swallowtail","Papilionidae","Butterflies"
"Speyeria aphrodite","Aphrodite Fritillary","Nymphalidae","Butterflies"
"Plebejus idas","Idas Blue","Lycaenidae","Butterflies"
"Boloria bellona","Meadow Fritillary","Nymphalidae","Butterflies"
"Lethe anthedon","Northern Pearly-Eye","Nymphalidae","Butterflies"
"Bombus bimaculatus","Two-Spotted Bumble Bee","Apidae","Bumblebees"
"Bombus insularis","Orange-Rumped Bumblebee","Apidae","Bumblebees"
"Bombus bohemicus","Barbut's Cuckoo-Bee","Apidae","Bumblebees"
"Bombus vagans","Half-Black Bumble Bee","Apidae","Bumblebees"
"Bombus rufocinctus","Sanderson's Bumble Bee","Apidae","Bumblebees"
"Bombus citrinus","Indiscriminate Cuckoo Bumble Bee","Apidae","Bumblebees"
"Bombus terricola","Yellowbanded Bumble Bee","Apidae","Bumblebees"
"Bombus ternarius","Tri-Colored Bumble Bee","Apidae","Bumblebees"
"Bombus fervidus","Yellow Bumble Bee","Apidae","Bumblebees"
"Bombus impatiens","Indiscriminate Cuckoo Bumble Bee","Apidae","Bumblebees"
"Bombus perplexus","Red-Belted Bumble Bee","Apidae","Bumblebees"
"Bombus cryptarum","Cryptic Bumble Bee","Apidae","Bumblebees"
"Bombus griseocollis","Brown-Belted Bumble Bee","Apidae","Bumblebees"
"Bombus frigidus","Frigid Bumble Bee","Apidae","Bumblebees"
"Bombus borealis","Northern Amber Bumble Bee","Apidae","Bumblebees"
"Bombus suckleyi","Suckley Cuckoo Bumble Bee","Apidae","Bumblebees"
"Bombus sandersoni","Sanderson Bumble Bee","Apidae","Bumblebees"
"Bombus flavidus","Fernald Cuckoo Bumble Bee","Apidae","Bumblebees"
"Bombus affinis","Rusty-Patched Bumblebee","Apidae","Bumblebees"
"Leucorrhinia hudsonica","Hudsonian Whiteface","Libellulidae","Dragonflies"
"Enallagma hageni","Hagen's Bluet","Coenagrionidae","Dragonflies"
"Cordulegaster diastatops","Delta-Spotted Spiketail","Cordulegastridae","Dragonflies"
"Enallagma carunculatum","Tule Bluet","Coenagrionidae","Dragonflies"
"Ophiogomphus colubrinus","Boreal Snaketail","Gomphidae","Dragonflies"
"Pantala hymenaea","Spot-Winged Glider","Libellulidae","Dragonflies"
"Aeshna verticalis","Green-Striped Darner","Aeshnidae","Dragonflies"
"Helocordulia uhleri","Uhler's Sundragon","Corduliidae","Dragonflies"
"Epitheca canis","Beaverpond Baskettail","Corduliidae","Dragonflies"
"Dorocordulia lepida","Petite Emerald","Corduliidae","Dragonflies"
"Ophiogomphus rupinsulensis","Rusty Snaketail","Gomphidae","Dragonflies"
"Somatochlora brevicincta","Quebec Emerald","Corduliidae","Dragonflies"
"Aeshna tuberculifera","Black-Tipped Darner","Aeshnidae","Dragonflies"
"Somatochlora minor","Ocellated Emerald","Corduliidae","Dragonflies"
"Aeshna constricta","Lance-Tipped Darner","Aeshnidae","Dragonflies"
"Enallagma aspersum","Azure Bluet","Coenagrionidae","Dragonflies"
"Lestes disjunctus","Northern Spreadwing","Lestidae","Dragonflies"
"Macromia illinoiensis","Swift River Cruiser","Corduliidae","Dragonflies"
"Lanthus parvulus","Northern Pygmy Clubtail","Gomphidae","Dragonflies"
"Chromagrion conditum","Aurora Damsel","Coenagrionidae","Dragonflies"
"Dromogomphus spinosus","Black-Shouldered Spinyleg","Gomphidae","Dragonflies"
"Nannothemis bella","Elfin Skimmer","Libellulidae","Dragonflies"
"Gomphus borealis","Beaverpond Clubtail","Gomphidae","Dragonflies"
"Enallagma boreale","Boreal Bluet","Coenagrionidae","Dragonflies"
"Ischnura posita","Fragile Forktail","Coenagrionidae","Dragonflies"
"Calopteryx amata","Superb Jewelwing","Calopterygidae","Dragonflies"
"Somatochlora kennedyi","Kennedy's Emerald","Corduliidae","Dragonflies"
"Coenagrion interrogatum","Subarctic Bluet","Coenagrionidae","Dragonflies"
"Lestes dryas","Scarce Emerald Damselfly","Lestidae","Dragonflies"
"Gomphus descriptus","Harpoon Clubtail","Gomphidae","Dragonflies"
"Libellula quadrimaculata","Four-Spotted Chaser","Libellulidae","Dragonflies"
"Epitheca cynosura","Common Baskettail","Corduliidae","Dragonflies"
"Gomphus spicatus","Dusky Clubtail","Gomphidae","Dragonflies"
"Epitheca spinigera","Spiny Baskettail","Corduliidae","Dragonflies"
"Triacanthagyna caribbea","Caribbean Darner","Aeshnidae","Dragonflies"
"Somatochlora tenebrosa","Clamp-Tipped Emerald","Corduliidae","Dragonflies"
"Cordulegaster maculata","Twin-Spotted Spiketail","Cordulegastridae","Dragonflies"
"Celithemis elisa","Calico Pennant","Libellulidae","Dragonflies"
"Aeshna interrupta","Variable Darner","Aeshnidae","Dragonflies"
"Somatochlora williamsoni","Williamson's Emerald","Corduliidae","Dragonflies"
"Somatochlora incurvata","Incurvate Emerald","Corduliidae","Dragonflies"
"Gomphus ventricosus","Skillet Clubtail","Gomphidae","Dragonflies"
"Aeshna subarctica","Subarctic Darner","Aeshnidae","Dragonflies"
"Sympetrum danae","Black Darter","Libellulidae","Dragonflies"
"Erythrodiplax berenice","Seaside Dragonlet","Libellulidae","Dragonflies"
"Enallagma vernale","Vernal Bluet","Coenagrionidae","Dragonflies"
"Ophiogomphus mainensis","Maine Snaketail","Gomphidae","Dragonflies"
"Enallagma ebrium","Marsh Bluet","Coenagrionidae","Dragonflies"
"Epitheca semiaquea","Mantled Baskettail","Corduliidae","Dragonflies"
"Calopteryx aequabilis","River Jewelwing","Calopterygidae","Dragonflies"
"Sympetrum obtrusum","White-Faced Meadowhawk","Libellulidae","Dragonflies"
"Somatochlora forcipata","Forcipate Emerald","Corduliidae","Dragonflies"
"Enallagma civile","Familiar Bluet","Coenagrionidae","Dragonflies"
"Coenagrion resolutum","Taiga Bluet","Coenagrionidae","Dragonflies"
"Lestes congener","Spotted Spreadwing","Lestidae","Dragonflies"
"Ladona exusta","White Corporal","Libellulidae","Dragonflies"
"Celithemis martha","Martha's Pennant","Libellulidae","Dragonflies"
"Enallagma annexum","Northern Bluet","Coenagrionidae","Dragonflies"
"Boyeria vinosa","Fawn Darner","Aeshnidae","Dragonflies"
"Ischnura verticalis","Eastern Forktail","Coenagrionidae","Dragonflies"
"Enallagma vesperum","Vesper Bluet","Coenagrionidae","Dragonflies"
"Pachydiplax longipennis","Blue Dasher","Libellulidae","Dragonflies"
"Cordulia shurtleffi","American Emerald","Corduliidae","Dragonflies"
"Somatochlora cingulata","Lake Emerald","Corduliidae","Dragonflies"
"Lestes forcipatus","Sweetflag Spreadwing","Lestidae","Dragonflies"
"Gomphus exilis","Lancet Clubtail","Gomphidae","Dragonflies"
"Stylurus scudderi","Zebra Clubtail","Gomphidae","Dragonflies"
"Libellula incesta","Slaty Skimmer","Libellulidae","Dragonflies"
"Aeshna umbrosa","Shadow Darner","Aeshnidae","Dragonflies"
"Lestes rectangularis","Slender Spreadwing","Lestidae","Dragonflies"
"Leucorrhinia proxima","Belted Whiteface","Libellulidae","Dragonflies"
"Argia moesta","Powdered Dancer","Coenagrionidae","Dragonflies"
"Enallagma geminatum","Skimming Bluet","Coenagrionidae","Dragonflies"
"Sympetrum rubicundulum","Ruby Meadowhawk","Libellulidae","Dragonflies"
"Tramea carolina","Carolina Saddlebags","Libellulidae","Dragonflies"
"Hagenius brevistylus","Dragonhunter","Gomphidae","Dragonflies"
"Nehalennia irene","Sedge Sprite","Coenagrionidae","Dragonflies"
"Sympetrum semicinctum","Band-Winged Meadowhawk","Libellulidae","Dragonflies"
"Anax junius","Green Darner","Aeshnidae","Dragonflies"
"Argia fumipennis","Variable Dancer","Coenagrionidae","Dragonflies"
"Epitheca princeps","Prince Baskettail","Corduliidae","Dragonflies"
"Ladona julia","Chalk-Fronted Corporal","Libellulidae","Dragonflies"
"Lestes unguiculatus","Lyre-Tipped Spreadwing","Lestidae","Dragonflies"
"Somatochlora franklini","Delicate Emerald","Corduliidae","Dragonflies"
"Dorocordulia libera","Racket-Tailed Emerald","Corduliidae","Dragonflies"
"Leucorrhinia frigida","Frosted Whiteface","Libellulidae","Dragonflies"
"Stylogomphus albistylus","Eastern Least Clubtail","Gomphidae","Dragonflies"
"Sympetrum internum","Cherry-Faced Meadowhawk","Libellulidae","Dragonflies"
"Calopteryx maculata","Ebony Jewelwing","Calopterygidae","Dragonflies"
"Sympetrum costiferum","Saffron-Winged Meadowhawk","Libellulidae","Dragonflies"
"Enallagma minusculum","Little Bluet","Coenagrionidae","Dragonflies"
"Leucorrhinia glacialis","Crimson-Ringed Whiteface","Libellulidae","Dragonflies"
"Libellula semifasciata","Painted Skimmer","Libellulidae","Dragonflies"
"Neurocordulia obsoleta","Umber Shadowdragon","Corduliidae","Dragonflies"
"Ophiogomphus aspersus","Brook Snaketail","Gomphidae","Dragonflies"
"Somatochlora septentrionalis","Muskeg Emerald","Corduliidae","Dragonflies"
"Plathemis lydia","Common Whitetail","Libellulidae","Dragonflies"
"Aeshna sitchensis","Zigzag Darner","Aeshnidae","Dragonflies"
"Gomphus abbreviatus","Spine-Crowned Clubtail","Gomphidae","Dragonflies"
"Somatochlora albicincta","Ringed Emerald","Corduliidae","Dragonflies"
"Somatochlora walshii","Brush-Tipped Emerald","Corduliidae","Dragonflies"
"Aeshna canadensis","Canada Darner","Aeshnidae","Dragonflies"
"Sympetrum vicinum","Autumn Meadowhawk","Libellulidae","Dragonflies"
"Gomphus adelphus","Mustached Clubtail","Gomphidae","Dragonflies"
"Libellula pulchella","Twelve-Spotted Skimmer","Libellulidae","Dragonflies"
"Aeshna clepsydra","Mottled Darner","Aeshnidae","Dragonflies"
"Lestes eurinus","Amber-Winged Spreadwing","Lestidae","Dragonflies"
"Amphiagrion saucium","Eastern Red Damsel","Coenagrionidae","Dragonflies"
"Enallagma signatum","Orange Bluet","Coenagrionidae","Dragonflies"
"Boyeria grafiana","Ocellated Darner","Aeshnidae","Dragonflies"
"Ophiogomphus carolus","Riffle Snaketail","Gomphidae","Dragonflies"
"Somatochlora elongata","Ski-Tipped Emerald","Corduliidae","Dragonflies"
"Tramea lacerata","Black Saddlebags","Libellulidae","Dragonflies"
"Nehalennia gracilis","Sphagnum Sprite","Coenagrionidae","Dragonflies"
"Basiaeschna janata","Springtime Darner","Aeshnidae","Dragonflies"
"Aeshna eremita","Lake Darner","Aeshnidae","Dragonflies"
"Gomphaeschna furcillata","Harlequin Darner","Aeshnidae","Dragonflies"
"Leucorrhinia intacta","Dot-Tailed Whiteface","Libellulidae","Dragonflies"
"Pantala flavescens","Wandering Glider","Libellulidae","Dragonflies"
"Enallagma exsulans","Stream Bluet","Coenagrionidae","Dragonflies"
"Pinus banksiana","Jack Pine","Pinaceae","Conifers"
"Picea glauca","White Spruce","Pinaceae","Conifers"
"Pinus resinosa","Red Pine","Pinaceae","Conifers"
"Juniperus horizontalis","Creeping Juniper","Cupressaceae","Conifers"
"Picea rubens","Red Spruce","Pinaceae","Conifers"
"Juniperus communis","Common Juniper","Cupressaceae","Conifers"
"Tsuga canadensis","Eastern Hemlock","Pinaceae","Conifers"
"Picea mariana","Black Spruce","Pinaceae","Conifers"
"Taxus canadensis","Canadian Yew","Taxaceae","Conifers"
"Thuja occidentalis","Arborvitae","Cupressaceae","Conifers"
"Pinus strobus","Eastern White Pine","Pinaceae","Conifers"
"Larix laricina","Tamarack Larch","Pinaceae","Conifers"
"Abies balsamea","Canada Balsam","Pinaceae","Conifers"
