Downloaded from https://mol.org on Jun 20, 2022. Inclusive species list based on approximate intersections with Political boundary polygon for the Ontario region. 


"Scientific Name","Common Name","Family","Taxonomic Group"
"Sayornis phoebe","Eastern Phoebe","Tyrannidae","Birds"
"Caprimulgus vociferus","Whip-Poor-Will","Caprimulgidae","Birds"
"Calidris minutilla","Least Sandpiper","Scolopacidae","Birds"
"Passer domesticus","House Sparrow","Passeridae","Birds"
"Bucephala islandica","Barrow's Goldeneye","Anatidae","Birds"
"Tympanuchus phasianellus","Sharp-Tailed Grouse","Phasianidae","Birds"
"Parula americana","Northern Parula","Parulidae","Birds"
"Porzana carolina","Sora","Rallidae","Birds"
"Ammodramus nelsoni","Nelson's Sparrow","Emberizidae","Birds"
"Petrochelidon pyrrhonota","Cliff Swallow","Hirundinidae","Birds"
"Protonotaria citrea","Prothonotary Warbler","Parulidae","Birds"
"Aythya marila","Greater Scaup","Anatidae","Birds"
"Lagopus lagopus","Willow Ptarmigan","Phasianidae","Birds"
"Sturnella magna","Eastern Meadowlark","Icteridae","Birds"
"Melospiza melodia","Song Sparrow","Emberizidae","Birds"
"Grus canadensis","Sandhill Crane","Gruidae","Birds"
"Empidonax traillii","Willow Flycatcher","Tyrannidae","Birds"
"Myiarchus crinitus","Great Crested Flycatcher","Tyrannidae","Birds"
"Icterus spurius","Orchard Oriole","Icteridae","Birds"
"Podilymbus podiceps","Pied-Billed Grebe","Podicipedidae","Birds"
"Surnia ulula","Northern Hawk Owl","Strigidae","Birds"
"Dendroica virens","Black-Throated Green Warbler","Parulidae","Birds"
"Plegadis falcinellus","Glossy Ibis","Threskiornithidae","Birds"
"Vermivora celata","Orange-Crowned Warbler","Parulidae","Birds"
"Thryothorus ludovicianus","Carolina Wren","Troglodytidae","Birds"
"Sitta canadensis","Red-Breasted Nuthatch","Sittidae","Birds"
"Nycticorax nycticorax","Black-Crowned Night-Heron","Ardeidae","Birds"
"Charadrius melodus","Piping Plover","Charadriidae","Birds"
"Anas clypeata","Northern Shoveler","Anatidae","Birds"
"Calidris pusilla","Semipalmated Sandpiper","Scolopacidae","Birds"
"Picoides arcticus","Black-Backed Woodpecker","Picidae","Birds"
"Aegolius acadicus","Northern Saw-Whet Owl","Strigidae","Birds"
"Pooecetes gramineus","Vesper Sparrow","Emberizidae","Birds"
"Cygnus olor","Mute Swan","Anatidae","Birds"
"Larus schistisagus","Slaty-Backed Gull","Laridae","Birds"
"Sturnella neglecta","Western Meadowlark","Icteridae","Birds"
"Pterodroma cookii","Cook's Petrel","Procellariidae","Birds"
"Strix nebulosa","Great Grey Owl","Strigidae","Birds"
"Limosa fedoa","Marbled Godwit","Scolopacidae","Birds"
"Bubulcus ibis","Cattle Egret","Ardeidae","Birds"
"Carpodacus mexicanus","House Finch","Fringillidae","Birds"
"Sterna forsteri","Forster's Tern","Laridae","Birds"
"Larus minutus","Little Gull","Laridae","Birds"
"Calidris alpina","Dunlin","Scolopacidae","Birds"
"Calidris fuscicollis","White-Rumped Sandpiper","Scolopacidae","Birds"
"Ixobrychus exilis","Least Bittern","Ardeidae","Birds"
"Aegolius funereus","Boreal Owl","Strigidae","Birds"
"Bombycilla garrulus","Bohemian Waxwing","Bombycillidae","Birds"
"Sterna nilotica","Gull-Billed Tern","Laridae","Birds"
"Podiceps auritus","Horned Grebe","Podicipedidae","Birds"
"Wilsonia pusilla","Wilson's Warbler","Parulidae","Birds"
"Cistothorus palustris","Marsh Wren","Troglodytidae","Birds"
"Sterna paradisaea","Artic Tern","Laridae","Birds"
"Megascops asio","Eastern Screech Owl","Strigidae","Birds"
"Dendroica palmarum","Palm Warbler","Parulidae","Birds"
"Bucephala clangula","Common Goldeneye","Anatidae","Birds"
"Melanitta perspicillata","Surf Scoter","Anatidae","Birds"
"Tyto alba","Barn Owl","Tytonidae","Birds"
"Spizella pallida","Clay-Coloured Sparrow","Emberizidae","Birds"
"Oporornis agilis","Connecticut Warbler","Parulidae","Birds"
"Chen caerulescens","Snow Goose","Anatidae","Birds"
"Troglodytes aedon","House Wren","Troglodytidae","Birds"
"Carduelis hornemanni","Arctic Redpoll","Fringillidae","Birds"
"Cepphus grylle","Black Guillemot","Alcidae","Birds"
"Chordeiles minor","Common Nighthawk","Caprimulgidae","Birds"
"Oxyura jamaicensis","Ruddy Duck","Anatidae","Birds"
"Pheucticus ludovicianus","Rose-Breasted Grosbeak","Cardinalidae","Birds"
"Aythya americana","Redhead","Anatidae","Birds"
"Phasianus colchicus","Common Pheasant","Phasianidae","Birds"
"Agelaius phoeniceus","Red-Winged Blackbird","Icteridae","Birds"
"Tyrannus verticalis","Western Kingbird","Tyrannidae","Birds"
"Meleagris gallopavo","Common Turkey","Phasianidae","Birds"
"Crotophaga sulcirostris","Groove-Billed Ani","Cuculidae","Birds"
"Colinus virginianus","Northern Bobwhite","Odontophoridae","Birds"
"Chaetura pelagica","Chimney Swift","Apodidae","Birds"
"Anas strepera","Gadwall","Anatidae","Birds"
"Coccyzus erythropthalmus","Black-Billed Cuckoo","Cuculidae","Birds"
"Parus hudsonicus","Boreal Chickadee","Paridae","Birds"
"Melanerpes carolinus","Red-Bellied Woodpecker","Picidae","Birds"
"Contopus virens","Eastern Wood-Pewee","Tyrannidae","Birds"
"Dendroica pinus","Pine Warbler","Parulidae","Birds"
"Corvus brachyrhynchos","American Crow","Corvidae","Birds"
"Fulmarus glacialis","Fulmar","Procellariidae","Birds"
"Carduelis tristis","American Goldfinch","Fringillidae","Birds"
"Dendroica discolor","Prairie Warbler","Parulidae","Birds"
"Accipiter striatus","Plain-Breasted Hawk","Accipitridae","Birds"
"Coturnicops noveboracensis","Yellow Rail","Rallidae","Birds"
"Dendroica aestiva","American Yellow Warbler","Parulidae","Birds"
"Sialia sialis","Eastern Bluebird","Turdidae","Birds"
"Sterna caspia","Caspian Tern","Laridae","Birds"
"Baeolophus bicolor","Tufted Titmouse","Paridae","Birds"
"Dendragapus canadensis","Spruce Grouse","Phasianidae","Birds"
"Melanerpes erythrocephalus","Red-Headed Woodpecker","Picidae","Birds"
"Mimus polyglottos","Northern Mockingbird","Mimidae","Birds"
"Sterna hirundo","Common Tern","Laridae","Birds"
"Limnodromus scolopaceus","Long-Billed Dowitcher","Scolopacidae","Birds"
"Zonotrichia querula","Harris' Sparrow","Emberizidae","Birds"
"Branta canadensis","Canada Goose","Anatidae","Birds"
"Picoides villosus","Hairy Woodpecker","Picidae","Birds"
"Bonasa umbellus","Ruffed Grouse","Phasianidae","Birds"
"Aechmophorus occidentalis","Western Grebe","Podicipedidae","Birds"
"Philomachus pugnax","Ruff","Scolopacidae","Birds"
"Riparia riparia","Sand Martin","Hirundinidae","Birds"
"Aquila chrysaetos","Golden Eagle","Accipitridae","Birds"
"Anas acuta","Northern Pintail","Anatidae","Birds"
"Haliaeetus leucocephalus","Bald Eagle","Accipitridae","Birds"
"Dendroica castanea","Bay-Breasted Warbler","Parulidae","Birds"
"Podiceps grisegena","Red-Necked Grebe","Podicipedidae","Birds"
"Accipiter gentilis","Goshawk","Accipitridae","Birds"
"Oporornis philadelphia","Mourning Warbler","Parulidae","Birds"
"Bubo virginianus","Great Horned Owl","Strigidae","Birds"
"Tringa melanoleuca","Greater Yellowlegs","Scolopacidae","Birds"
"Melospiza lincolnii","Lincoln's Sparrow","Emberizidae","Birds"
"Dendrocygna bicolor","Fulvous Whistling-Duck","Anatidae","Birds"
"Calidris ferruginea","Curlew Sandpiper","Scolopacidae","Birds"
"Vireo flavifrons","Yellow-Throated Vireo","Vireonidae","Birds"
"Piranga olivacea","Scarlet Tanager","Cardinalidae","Birds"
"Steganopus tricolor","Wilson's Phalarope","Scolopacidae","Birds"
"Egretta thula","Snowy Egret","Ardeidae","Birds"
"Larus thayeri","Thayer's Gull","Laridae","Birds"
"Zonotrichia leucophrys","White-Crowned Sparrow","Emberizidae","Birds"
"Somateria mollissima","Eider","Anatidae","Birds"
"Regulus calendula","Ruby-Crowned Kinglet","Reguliidae","Birds"
"Larus atricilla","Laughing Gull","Laridae","Birds"
"Tachycineta bicolor","Tree Swallow","Hirundinidae","Birds"
"Larus argentatus","Herring Gull","Laridae","Birds"
"Sphyrapicus varius","Yellow-Bellied Sapsucker","Picidae","Birds"
"Circus cyaneus","Hen Harrier","Accipitridae","Birds"
"Colibri thalassinus","Green Violet-Ear","Trochilidae","Birds"
"Xanthocephalus xanthocephalus","Yellow-Headed Blackbird","Icteridae","Birds"
"Toxostoma rufum","Brown Thrasher","Mimidae","Birds"
"Euphagus carolinus","Rusty Blackbird","Icteridae","Birds"
"Catharus minimus","Grey-Cheeked Thrush","Turdidae","Birds"
"Calidris himantopus","Stilt Sandpiper","Scolopacidae","Birds"
"Mycteria americana","Wood Stork","Ciconiidae","Birds"
"Bombycilla cedrorum","Cedar Waxwing","Bombycillidae","Birds"
"Egretta tricolor","Tricoloured Heron","Ardeidae","Birds"
"Aythya valisineria","Canvasback","Anatidae","Birds"
"Vermivora pinus","Blue-Winged Warbler","Parulidae","Birds"
"Tringa flavipes","Lesser Yellow-Legs","Scolopacidae","Birds"
"Accipiter cooperii","Cooper's Hawk","Accipitridae","Birds"
"Tryngites subruficollis","Buff-Breasted Sandpiper","Scolopacidae","Birds"
"Spiza americana","Dickcissel","Cardinalidae","Birds"
"Dendroica caerulescens","Black-Throated Blue Warbler","Parulidae","Birds"
"Pelecanus erythrorhynchos","American White Pelican","Pelecanidae","Birds"
"Larus philadelphia","Bonaparte's Gull","Laridae","Birds"
"Gavia pacifica","Pacific Loon","Gaviidae","Birds"
"Sitta carolinensis","White-Breasted Nuthatch","Sittidae","Birds"
"Vermivora cyanoptera","Blue-Winged Swamp Warbler","Parulidae","Birds"
"Tringa solitaria","Solitary Sandpiper","Scolopacidae","Birds"
"Sturnus vulgaris","Common Starling","Sturnidae","Birds"
"Dendroica petechia","Yellow Warbler","Parulidae","Birds"
"Icterus galbula","Baltimore Oriole","Icteridae","Birds"
"Spizella arborea","American Tree Sparrow","Emberizidae","Birds"
"Progne subis","Purple Martin","Hirundinidae","Birds"
"Picoides pubescens","Downy Woodpecker","Picidae","Birds"
"Contopus cooperi","Olive-Sided Flycatcher","Tyrannidae","Birds"
"Junco hyemalis","Dark-Eyed Junco","Emberizidae","Birds"
"Calidris melanotos","Pectoral Sandpiper","Scolopacidae","Birds"
"Carduelis flammea","Common Redpoll","Fringillidae","Birds"
"Larus pipixcan","Franklin's Gull","Laridae","Birds"
"Calcarius pictus","Smith's Longspur","Emberizidae","Birds"
"Parkesia noveboracensis","Northern Waterthrush","Parulidae","Birds"
"Buteo jamaicensis","Red-Tailed Hawk","Accipitridae","Birds"
"Columbina passerina","Common Ground-Dove","Columbidae","Birds"
"Anser albifrons","Greater White-Fronted Goose","Anatidae","Birds"
"Calidris alba","Sanderling","Scolopacidae","Birds"
"Falco sparverius","American Kestrel","Falconidae","Birds"
"Cathartes aura","Turkey Vulture","Cathartidae","Birds"
"Empidonax virescens","Acadian Flycatcher","Tyrannidae","Birds"
"Vireo solitarius","Solitary Vireo","Vireonidae","Birds"
"Cardinalis cardinalis","Common Cardinal","Cardinalidae","Birds"
"Dendroica tigrina","Cape May Warbler","Parulidae","Birds"
"Cygnus buccinator","Trumpeter Swan","Anatidae","Birds"
"Picoides dorsalis","American Three-Toed Woodpecker","Picidae","Birds"
"Fulica americana","American Coot","Rallidae","Birds"
"Seiurus motacilla","Louisiana Waterthrush","Parulidae","Birds"
"Tympanuchus cupido","Greater Prairie-Chicken","Phasianidae","Birds"
"Parus atricapillus","Black-Capped Chickadee","Paridae","Birds"
"Butorides virescens","Green Heron","Ardeidae","Birds"
"Branta bernicla","Brant","Anatidae","Birds"
"Clangula hyemalis","Long-Tailed Duck","Anatidae","Birds"
"Colaptes auratus","Northern Flicker","Picidae","Birds"
"Catharus fuscescens","Veery","Turdidae","Birds"
"Nyctanassa violacea","Yellow-Crowned Night-Heron","Ardeidae","Birds"
"Mergus merganser","Goosander","Anatidae","Birds"
"Plectrophenax nivalis","Snow Bunting","Emberizidae","Birds"
"Fringilla montifringilla","Brambling","Fringillidae","Birds"
"Gavia immer","Common Loon","Gaviidae","Birds"
"Rallus limicola","Virginia Rail","Rallidae","Birds"
"Tyrannus tyrannus","Eastern Kingbird","Tyrannidae","Birds"
"Falco rusticolus","Gyr Falcon","Falconidae","Birds"
"Carduelis pinus","Pine Siskin","Fringillidae","Birds"
"Branta hutchinsii","Cackling Goose","Anatidae","Birds"
"Passerina cyanea","Indigo Bunting","Emberizidae","Birds"
"Stelgidopteryx serripennis","Northern Rough-Winged Swallow","Hirundinidae","Birds"
"Vireo philadelphicus","Philadelphia Vireo","Vireonidae","Birds"
"Loxia curvirostra","Red Crossbill","Fringillidae","Birds"
"Anas platyrhynchos","Mallard","Anatidae","Birds"
"Setophaga ruticilla","American Redstart","Parulidae","Birds"
"Euphagus cyanocephalus","Brewer's Blackbird","Icteridae","Birds"
"Buteo lineatus","Red-Shouldered Hawk","Accipitridae","Birds"
"Aythya affinis","Lesser Scaup","Anatidae","Birds"
"Phalaropus lobatus","Red-Necked Phalarope","Scolopacidae","Birds"
"Podiceps nigricollis","Black-Necked Grebe","Podicipedidae","Birds"
"Anas discors","Blue-Winged Teal","Anatidae","Birds"
"Seiurus aurocapilla","Ovenbird","Parulidae","Birds"
"Catharus guttatus","Hermit Thrush","Turdidae","Birds"
"Perdix perdix","Grey Partridge","Phasianidae","Birds"
"Dendroica coronata","Yellow-Rumped Warbler","Parulidae","Birds"
"Vermivora peregrina","Tennessee Warbler","Parulidae","Birds"
"Vireo olivaceus","Red-Eyed Vireo","Vireonidae","Birds"
"Botaurus lentiginosus","American Bittern","Ardeidae","Birds"
"Vireo griseus","White-Eyed Vireo","Vireonidae","Birds"
"Spizella passerina","Chipping Sparrow","Emberizidae","Birds"
"Lagopus muta","Rock Ptarmigan","Phasianidae","Birds"
"Calidris bairdii","Baird's Sandpiper","Scolopacidae","Birds"
"Carpodacus purpureus","Purple Finch","Fringillidae","Birds"
"Eudocimus albus","White Ibis","Threskiornithidae","Birds"
"Geothlypis trichas","Common Yellowthroat","Parulidae","Birds"
"Anas americana","American Wigeon","Anatidae","Birds"
"Anas crecca","Common Teal","Anatidae","Birds"
"Dendroica cerulea","Cerulean Warbler","Parulidae","Birds"
"Passerculus sandwichensis","Savannah Sparrow","Emberizidae","Birds"
"Calcarius lapponicus","Lapland Longspur","Emberizidae","Birds"
"Buteo platypterus","Broad-Winged Hawk","Accipitridae","Birds"
"Buteo lagopus","Rough-Legged Buzzard","Accipitridae","Birds"
"Seiurus noveboracensis","Northern Waterthrush","Parulidae","Birds"
"Columba livia","Rock Dove","Columbidae","Birds"
"Bubo scandiaca","Snowy Owl","Strigidae","Birds"
"Melanitta fusca","White-Winged Scoter","Anatidae","Birds"
"Vermivora ruficapilla","Nashville Warbler","Parulidae","Birds"
"Coccothraustes vespertinus","Evening Grosbeak","Fringillidae","Birds"
"Aythya fuligula","Tufted Duck","Anatidae","Birds"
"Strix varia","Barred Owl","Strigidae","Birds"
"Falco columbarius","Merlin","Falconidae","Birds"
"Pica hudsonia","Black-Billed Magpie","Corvidae","Birds"
"Pandion haliaetus","Osprey","Accipitridae","Birds"
"Chen rossii","Ross's Goose","Anatidae","Birds"
"Vermivora chrysoptera","Golden-Winged Warbler","Parulidae","Birds"
"Ammodramus leconteii","Le Conte's Sparrow","Emberizidae","Birds"
"Ardea herodias","Great Blue Heron","Ardeidae","Birds"
"Cistothorus platensis","Sedge Wren","Troglodytidae","Birds"
"Actitis macularius","Spotted Sandpiper","Scolopacidae","Birds"
"Dryocopus pileatus","Pileated Woodpecker","Picidae","Birds"
"Gallinago gallinago","Common Snipe","Scolopacidae","Birds"
"Wilsonia citrina","Hooded Warbler","Parulidae","Birds"
"Zenaida macroura","Mourning Dove","Columbidae","Birds"
"Polioptila caerulea","Blue-Grey Gnatcatcher","Polioptilidae","Birds"
"Hirundo rustica","Barn Swallow","Hirundinidae","Birds"
"Limnodromus griseus","Short-Billed Dowitcher","Scolopacidae","Birds"
"Gallinula chloropus","Common Moorhen","Rallidae","Birds"
"Dendroica striata","Blackpoll Warbler","Parulidae","Birds"
"Wilsonia canadensis","Canada Warbler","Parulidae","Birds"
"Lanius excubitor","Great Grey Shrike","Laniidae","Birds"
"Pluvialis squatarola","Grey Plover","Charadriidae","Birds"
"Megaceryle alcyon","Belted Kingfisher","Alcedinidae","Birds"
"Charadrius semipalmatus","Semipalmated Plover","Charadriidae","Birds"
"Eremophila alpestris","Horned Lark","Alaudidae","Birds"
"Larus delawarensis","Ring-Billed Gull","Laridae","Birds"
"Mniotilta varia","Black-And-White Warbler","Parulidae","Birds"
"Larus hyperboreus","Glaucous Gull","Laridae","Birds"
"Empidonax minimus","Least Flycatcher","Tyrannidae","Birds"
"Molothrus ater","Brown-Headed Cowbird","Icteridae","Birds"
"Sterna fuscata","Sooty Tern","Laridae","Birds"
"Asio otus","Long-Eared Owl","Strigidae","Birds"
"Lophodytes cucullatus","Hooded Merganser","Anatidae","Birds"
"Lanius ludovicianus","Loggerhead Shrike","Laniidae","Birds"
"Chlidonias niger","Black Tern","Laridae","Birds"
"Hylocichla mustelina","Wood Thrush","Turdidae","Birds"
"Coccyzus americanus","Yellow-Billed Cuckoo","Cuculidae","Birds"
"Aythya collaris","Ring-Necked Duck","Anatidae","Birds"
"Cyanocitta cristata","Blue Jay","Corvidae","Birds"
"Sterna maxima","Royal Tern","Laridae","Birds"
"Empidonax flaviventris","Yellow-Bellied Flycatcher","Tyrannidae","Birds"
"Parkesia motacilla","Louisiana Waterthrush","Parulidae","Birds"
"Certhia americana","American Creeper","Certhiidae","Birds"
"Limosa haemastica","Hudsonian Godwit","Scolopacidae","Birds"
"Cygnus columbianus","Tundra Swan","Anatidae","Birds"
"Corvus corax","Common Raven","Corvidae","Birds"
"Gavia stellata","Red-Throated Diver","Gaviidae","Birds"
"Dendroica fusca","Blackburnian Warbler","Parulidae","Birds"
"Picoides tridactylus","Eurasian Three-Toed Woodpecker","Picidae","Birds"
"Archilochus colubris","Ruby-Throated Hummingbird","Trochilidae","Birds"
"Aix sponsa","Wood Duck","Anatidae","Birds"
"Phalacrocorax auritus","Double-Crested Cormorant","Phalacrocoracidae","Birds"
"Quiscalus quiscula","Common Grackle","Icteridae","Birds"
"Spizella pusilla","Field Sparrow","Emberizidae","Birds"
"Melospiza georgiana","Swamp Sparrow","Emberizidae","Birds"
"Dolichonyx oryzivorus","Bobolink","Icteridae","Birds"
"Rallus elegans","King Rail","Rallidae","Birds"
"Pinicola enucleator","Pine Grosbeak","Fringillidae","Birds"
"Turdus migratorius","American Robin","Turdidae","Birds"
"Vireo gilvus","Warbling Vireo","Vireonidae","Birds"
"Pluvialis dominica","American Golden-Plover","Charadriidae","Birds"
"Calidris canutus","Red Knot","Scolopacidae","Birds"
"Dumetella carolinensis","Gray Catbird","Mimidae","Birds"
"Casmerodius albus","Great Egret","Ardeidae","Birds"
"Catharus ustulatus","Swainson's Thrush","Turdidae","Birds"
"Empidonax alnorum","Alder Flycatcher","Tyrannidae","Birds"
"Melanitta nigra","Common Scoter","Anatidae","Birds"
"Charadrius vociferus","Kildeer","Charadriidae","Birds"
"Numenius phaeopus","Whimbrel","Scolopacidae","Birds"
"Dendroica pensylvanica","Chestnut-Sided Warbler","Parulidae","Birds"
"Anas rubripes","American Black Duck","Anatidae","Birds"
"Stercorarius parasiticus","Arctic Skua","Stercorariidae","Birds"
"Regulus satrapa","Golden-Crowned Kinglet","Reguliidae","Birds"
"Bartramia longicauda","Upland Sandpiper","Scolopacidae","Birds"
"Pipilo erythrophthalmus","Eastern Towhee","Emberizidae","Birds"
"Ammodramus henslowii","Henslow's Sparrow","Emberizidae","Birds"
"Loxia leucoptera","White-Winged Crossbill","Fringillidae","Birds"
"Scolopax minor","American Woodcock","Scolopacidae","Birds"
"Stercorarius longicaudus","Long-Tailed Skua","Stercorariidae","Birds"
"Larus glaucoides","Iceland Gull","Laridae","Birds"
"Icteria virens","Yellow-Breasted Chat","Parulidae","Birds"
"Zonotrichia albicollis","White-Throated Sparrow","Emberizidae","Birds"
"Anthus rubescens","Buff-Bellied Pipit","Motacillidae","Birds"
"Asio flammeus","Short-Eared Owl","Strigidae","Birds"
"Ammodramus savannarum","Grasshopper Sparrow","Emberizidae","Birds"
"Bucephala albeola","Bufflehead","Anatidae","Birds"
"Mergus serrator","Red-Breasted Merganser","Anatidae","Birds"
"Aechmophorus clarkii","Clark's Grebe","Podicipedidae","Birds"
"Troglodytes troglodytes","Winter Wren","Troglodytidae","Birds"
"Falco peregrinus","Peregrine Falcon","Falconidae","Birds"
"Larus marinus","Great Black-Backed Gull","Laridae","Birds"
"Dendroica magnolia","Magnolia Warbler","Parulidae","Birds"
"Passerella iliaca","Fox Sparrow","Emberizidae","Birds"
"Elanoides forficatus","Swallow-Tailed Kite","Accipitridae","Birds"
"Perisoreus canadensis","Grey Jay","Corvidae","Birds"
"Peromyscus leucopus","White-Footed Mouse","Cricetidae","Mammals"
"Globicephala melas","Long Finned Pilot Whale","Delphinidae","Mammals"
"Eptesicus fuscus","Big Brown Bat","Vespertilionidae","Mammals"
"Castor canadensis","American Beaver","Castoridae","Mammals"
"Vulpes vulpes","Red Fox","Canidae","Mammals"
"Sciurus carolinensis","Eastern Grey Squirrel","Sciuridae","Mammals"
"Sorex cinereus","Masked Shrew","Soricidae","Mammals"
"Rangifer tarandus","Reindeer","Cervidae","Mammals"
"Ursus americanus","American Black Bear","Ursidae","Mammals"
"Lepus townsendii","White Tailed Jackrabbit","Leporidae","Mammals"
"Balaenoptera musculus","Blue Whale","Balaenopteridae","Mammals"
"Tamiasciurus hudsonicus","Red Squirrel","Sciuridae","Mammals"
"Procyon lotor","Raccoon","Procyonidae","Mammals"
"Pagophilus groenlandicus","Harp Seal","Phocidae","Mammals"
"Delphinapterus leucas","Beluga Whale","Monodontidae","Mammals"
"Martes pennanti","Fisher","Mustelidae","Mammals"
"Glaucomys sabrinus","Northern Flying Squirrel","Sciuridae","Mammals"
"Gulo gulo","Wolverine","Mustelidae","Mammals"
"Alces alces","Eurasian Elk","Cervidae","Mammals"
"Peromyscus maniculatus","Deer Mouse","Cricetidae","Mammals"
"Urocyon cinereoargenteus","Gray Fox","Canidae","Mammals"
"Scalopus aquaticus","Eastern Mole","Talpidae","Mammals"
"Mustela nivalis","Weasel","Mustelidae","Mammals"
"Nycticeius humeralis","Evening Bat","Vespertilionidae","Mammals"
"Mustela erminea","Stoat","Mustelidae","Mammals"
"Lepus europaeus","Brown Hare","Leporidae","Mammals"
"Lontra canadensis","Northern River Otter","Mustelidae","Mammals"
"Canis latrans","Coyote","Canidae","Mammals"
"Zapus hudsonius","Meadow Jumping Mouse","Dipodidae","Mammals"
"Glaucomys volans","Southern Flying Squirrel","Sciuridae","Mammals"
"Lagenorhynchus albirostris","White Beaked Dolphin","Delphinidae","Mammals"
"Mustela frenata","Long Tailed Weasel","Mustelidae","Mammals"
"Blarina brevicauda","Mole Shrew","Soricidae","Mammals"
"Balaena mysticetus","Bowhead Whale","Balaenidae","Mammals"
"Megaptera novaeangliae","Humpback Whale","Balaenopteridae","Mammals"
"Sorex palustris","American Water Shrew","Soricidae","Mammals"
"Myotis lucifugus","Little Brown Bat","Vespertilionidae","Mammals"
"Tamias striatus","Eastern Chipmunk","Sciuridae","Mammals"
"Synaptomys borealis","Northern Bog Lemming","Cricetidae","Mammals"
"Lasiurus borealis","Red Bat","Vespertilionidae","Mammals"
"Grampus griseus","Risso's Dolphin","Delphinidae","Mammals"
"Balaenoptera borealis","Sei Whale","Balaenopteridae","Mammals"
"Delphinus delphis","Atlantic Dolphin","Delphinidae","Mammals"
"Pusa hispida","Ringed Seal","Phocidae","Mammals"
"Ondatra zibethicus","Musk Rat","Cricetidae","Mammals"
"Cryptotis parva","Least Shrew","Soricidae","Mammals"
"Synaptomys cooperi","Southern Bog Lemming","Cricetidae","Mammals"
"Condylura cristata","Star-Nosed Mole","Talpidae","Mammals"
"Balaenoptera physalus","Fin Whale","Balaenopteridae","Mammals"
"Odocoileus virginianus","White-Tailed Deer","Cervidae","Mammals"
"Vulpes lagopus","Arctic Fox","Canidae","Mammals"
"Lagenorhynchus acutus","Atlantic White Sided Dolphin","Delphinidae","Mammals"
"Lasionycteris noctivagans","Silver-Haired Bat","Vespertilionidae","Mammals"
"Sorex arcticus","Arctic Shrew","Soricidae","Mammals"
"Eubalaena glacialis","North Atlantic Right Whale","Balaenidae","Mammals"
"Lasiurus cinereus","Hoary Bat","Vespertilionidae","Mammals"
"Phenacomys ungava","Eastern Heather Vole","Cricetidae","Mammals"
"Sorex fumeus","Smoky Shrew","Soricidae","Mammals"
"Taxidea taxus","American Badger","Mustelidae","Mammals"
"Cervus canadensis","null","Cervidae","Mammals"
"Spilogale putorius","Eastern Spotted Skunk","Mephitidae","Mammals"
"Phoca vitulina","Harbour Seal","Phocidae","Mammals"
"Orcinus orca","Killer Whale","Delphinidae","Mammals"
"Marmota monax","Woodchuck","Sciuridae","Mammals"
"Sciurus niger","Fox Squirrel","Sciuridae","Mammals"
"Lepus arcticus","Arctic Hare","Leporidae","Mammals"
"Kogia breviceps","Pygmy Sperm Whale","Physeteridae","Mammals"
"Mesoplodon bidens","Sowerby's Beaked Whale","Ziphiidae","Mammals"
"Ursus maritimus","Polar Bear","Ursidae","Mammals"
"Lepus americanus","Snowshoe Hare","Leporidae","Mammals"
"Microtus pennsylvanicus","Meadow Vole","Cricetidae","Mammals"
"Sylvilagus floridanus","Eastern Cottontail","Leporidae","Mammals"
"Lynx rufus","Bobcat","Felidae","Mammals"
"Myotis sodalis","Indiana Bat","Vespertilionidae","Mammals"
"Microtus pinetorum","Woodland Vole","Cricetidae","Mammals"
"Myodes gapperi","Southern Red Backed Vole","Cricetidae","Mammals"
"Lynx canadensis","Canada Lynx","Felidae","Mammals"
"Mus musculus","House Mouse","Muridae","Mammals"
"Microtus chrotorrhinus","Rock Vole","Cricetidae","Mammals"
"Myotis septentrionalis","Northern Myotis","Vespertilionidae","Mammals"
"Martes americana","American Marten","Mustelidae","Mammals"
"Pipistrellus subflavus","Eastern Pipistrelle","Vespertilionidae","Mammals"
"Napaeozapus insignis","Woodland Jumping Mouse","Dipodidae","Mammals"
"Neovison vison","American Mink","Mustelidae","Mammals"
"Parascalops breweri","Hairy-Tailed Mole","Talpidae","Mammals"
"Didelphis virginiana","Virginia Opossum","Didelphidae","Mammals"
"Canis lupus","Wolf","Canidae","Mammals"
"Hyperoodon ampullatus","Northern Bottlenose Whale","Ziphiidae","Mammals"
"Erignathus barbatus","Bearded Seal","Phocidae","Mammals"
"Sorex hoyi","Pygmy Shrew","Soricidae","Mammals"
"Physeter macrocephalus","Sperm Whale","Physeteridae","Mammals"
"Mephitis mephitis","Striped Skunk","Mephitidae","Mammals"
"Myotis leibii","Eastern Small Footed Myotis","Vespertilionidae","Mammals"
"Erethizon dorsatum","North American Porcupine","Erethizontidae","Mammals"
"Heterodon platirhinos","Eastern Hognose Snake","Colubridae","Reptiles"
"Plestiodon fasciatus","Five-Lined Skink","Scincidae","Reptiles"
"Sistrurus catenatus","Prairie Massasauga","Viperidae","Reptiles"
"Diadophis punctatus","Ringneck Snake","Colubridae","Reptiles"
"Thamnophis brachystoma","Shorthead Garter Snake","Colubridae","Reptiles"
"Eumeces fasciatus","Five-Lined Skink","Scincidae","Reptiles"
"Eretmochelys imbricata","Hawksbill","Cheloniidae","Reptiles"
"Nerodia sipedon","Northern Water Snake","Colubridae","Reptiles"
"Regina septemvittata","Queen Snake","Colubridae","Reptiles"
"Storeria dekayi","Brown Snake","Colubridae","Reptiles"
"Thamnophis butleri","Butler's Garter Snake","Colubridae","Reptiles"
"Clonophis kirtlandii","Kirtland's Snake","Colubridae","Reptiles"
"Thamnophis sirtalis","Common Garter Snake","Colubridae","Reptiles"
"Pantherophis obsoletus","Western Rat Snake","Colubridae","Reptiles"
"Liochlorophis vernalis","Smooth Green Snake","Colubridae","Reptiles"
"Thamnophis sauritus","Eastern Ribbonsnake","Colubridae","Reptiles"
"Coluber constrictor","Eastern Racer","Colubridae","Reptiles"
"Pantherophis gloydi","Eastern Foxsnake","Colubridae","Reptiles"
"Crotalus horridus","Timber Rattlesnake","Viperidae","Reptiles"
"Lampropeltis triangulum","Eastern Milksnake","Colubridae","Reptiles"
"Storeria occipitomaculata","Redbelly Snake","Colubridae","Reptiles"
"Clemmys guttata","Spotted Turtle","Emydidae","Turtles (non-marine)"
"Terrapene carolina","Eastern Box Turtle","Emydidae","Turtles (non-marine)"
"Glyptemys insculpta","North American Wood Turtle","Emydidae","Turtles (non-marine)"
"Apalone spinifera","Spiny Softshell","Trionychidae","Turtles (non-marine)"
"Chrysemys picta","Painted Turtle","Emydidae","Turtles (non-marine)"
"Chelydra serpentina","Common Snapping Turtle","Chelydridae","Turtles (non-marine)"
"Graptemys geographica","Common Map Turtle","Emydidae","Turtles (non-marine)"
"Sternotherus odoratus","Common Musk Turtle","Kinosternidae","Turtles (non-marine)"
"Glyptemys muhlenbergii","Bog Turtle","Emydidae","Turtles (non-marine)"
"Plethodon glutinosus","Viscid Salamander","Plethodontidae","Amphibians"
"Lithobates clamitans","Bronze Frog","Ranidae","Amphibians"
"Pseudacris triseriata","Tree Frog","Hylidae","Amphibians"
"Anaxyrus americanus","American Toad","Bufonidae","Amphibians"
"Desmognathus fuscus","Black Ebbet","Plethodontidae","Amphibians"
"Lithobates pipiens","Peeping Frog","Ranidae","Amphibians"
"Ambystoma maculatum","Brown-Spotted Salamander","Ambystomatidae","Amphibians"
"Ambystoma texanum","Smallmouth Salamander","Ambystomatidae","Amphibians"
"Cryptobranchus alleganiensis","Alleghany Salamander","Cryptobranchidae","Amphibians"
"Hyla chrysoscelis","Cope's Gray Treefrog","Hylidae","Amphibians"
"Gyrinophilus porphyriticus","Spring Salamander","Plethodontidae","Amphibians"
"Anaxyrus hemiophrys","Canadian Toad","Bufonidae","Amphibians"
"Necturus maculosus","Mudpuppy","Proteidae","Amphibians"
"Lithobates sylvaticus","Wood Frog","Ranidae","Amphibians"
"Lithobates septentrionalis","Rocky Mountain Frog","Ranidae","Amphibians"
"Plethodon cinereus","Eastern Red-Backed Salamander","Plethodontidae","Amphibians"
"Pseudacris maculata","Boreal Chorus Frog","Hylidae","Amphibians"
"Desmognathus ochrophaeus","Triton","Plethodontidae","Amphibians"
"Hemidactylium scutatum","Scaly Lizard","Plethodontidae","Amphibians"
"Hyla versicolor","Gray Treefrog","Hylidae","Amphibians"
"Ambystoma jeffersonianum","Granulated Salamander","Ambystomatidae","Amphibians"
"Acris crepitans","Eastern Cricket Frog","Hylidae","Amphibians"
"Anaxyrus fowleri","Fowler's Toad","Bufonidae","Amphibians"
"Lithobates catesbeianus","Common Bullfrog","Ranidae","Amphibians"
"Pseudotriton ruber","Red Salamander","Plethodontidae","Amphibians"
"Lithobates palustris","Marsh Frog","Ranidae","Amphibians"
"Notophthalmus viridescens","Eastern Newt","Salamandridae","Amphibians"
"Eurycea bislineata","Northern Two-Lined Salamander","Plethodontidae","Amphibians"
"Ambystoma tigrinum","Tiger Salamander","Ambystomatidae","Amphibians"
"Ambystoma laterale","Blue-Spotted Salamander","Ambystomatidae","Amphibians"
"Pseudacris crucifer","Spring Peeper","Hylidae","Amphibians"
"Noturus flavus","Stonecat","Ictaluridae","Fishes"
"Coregonus nipigon","Nipigon Cisco","Salmonidae","Fishes"
"Nocomis biguttatus","Hornyhead Chub","Cyprinidae","Fishes"
"Micropterus salmoides","Largemouth Bass","Centrarchidae","Fishes"
"Rhinichthys cataractae","Longnose Dace","Cyprinidae","Fishes"
"Etheostoma exile","Iowa Darter","Percidae","Fishes"
"Pomoxis nigromaculatus","Black Crappie","Centrarchidae","Fishes"
"Nocomis micropogon","River Chub","Cyprinidae","Fishes"
"Morone americana","White Perch","Moronidae","Fishes"
"Esox americanus","Grass Pickerel","Esocidae","Fishes"
"Chrosomus eos","Northern Redbelly Dace","Cyprinidae","Fishes"
"Alosa pseudoharengus","Alewife","Clupeidae","Fishes"
"Notropis atherinoides","Emerald Shiner","Cyprinidae","Fishes"
"Ambloplites rupestris","Rock Bass","Centrarchidae","Fishes"
"Lepomis cyanellus","Green Sunfish","Centrarchidae","Fishes"
"Notropis heterodon","Blackchin Shiner","Cyprinidae","Fishes"
"Coregonus nigripinnis","Blackfin Cisco","Salmonidae","Fishes"
"Catostomus catostomus","Longnose Sucker","Catostomidae","Fishes"
"Etheostoma caeruleum","Rainbow Darter","Percidae","Fishes"
"Campostoma anomalum","Central Stoneroller","Cyprinidae","Fishes"
"Notropis volucellus","Mimic Shiner","Cyprinidae","Fishes"
"Anguilla rostrata","American Eel","Anguillidae","Fishes"
"Salvelinus alpinus","Arctic Charr","Salmonidae","Fishes"
"Hiodon tergisus","Mooneye","Hiodontidae","Fishes"
"Perca flavescens","Yellow Perch","Percidae","Fishes"
"Dorosoma cepedianum","Gizzard Shad","Clupeidae","Fishes"
"Esox lucius","Pike","Esocidae","Fishes"
"Acipenser oxyrhynchus","American Atlantic Sturgeon","Acipenseridae","Fishes"
"Coregonus clupeaformis","Lake Whitefish","Salmonidae","Fishes"
"Cottus ricei","Spoonhead Sculpin","Cottidae","Fishes"
"Morone chrysops","White Bass","Moronidae","Fishes"
"Hypentelium nigricans","Northern Hog Sucker","Catostomidae","Fishes"
"Pomoxis annularis","White Crappie","Centrarchidae","Fishes"
"Ichthyomyzon castaneus","Chestnut Lamprey","Petromyzontidae","Fishes"
"Notropis percobromus","Carmine Shiner","Cyprinidae","Fishes"
"Notropis texanus","Weed Shiner","Cyprinidae","Fishes"
"Moxostoma duquesnei","Black Redhorse","Catostomidae","Fishes"
"Myoxocephalus thompsonii","Deepwater Sculpin","Cottidae","Fishes"
"Notropis blennius","River Shiner","Cyprinidae","Fishes"
"Hybognathus regius","Eastern Silvery Minnow","Cyprinidae","Fishes"
"Osmerus mordax","Rainbow Smelt","Osmeridae","Fishes"
"Luxilus chrysocephalus","Striped Shiner","Cyprinidae","Fishes"
"Moxostoma valenciennesi","Greater Redhorse","Catostomidae","Fishes"
"Notropis dorsalis","Bigmouth Shiner","Cyprinidae","Fishes"
"Catostomus commersonii","White Sucker","Catostomidae","Fishes"
"Ichthyomyzon unicuspis","Silver Lamprey","Petromyzontidae","Fishes"
"Etheostoma nigrum","Johnny Darter","Percidae","Fishes"
"Chrosomus neogaeus","Finescale Dace","Cyprinidae","Fishes"
"Pimephales notatus","Bluntnose Minnow","Cyprinidae","Fishes"
"Clinostomus elongatus","Redside Dace","Cyprinidae","Fishes"
"Moxostoma anisurum","Silver Redhorse","Catostomidae","Fishes"
"Notropis bifrenatus","Bridle Shiner","Cyprinidae","Fishes"
"Lepisosteus osseus","Long Nosed Gar","Lepisosteidae","Fishes"
"Esox niger","Chain Pickerel","Esocidae","Fishes"
"Noturus insignis","Margined Madtom","Ictaluridae","Fishes"
"Noturus gyrinus","Tadpole Madtom","Ictaluridae","Fishes"
"Salvelinus fontinalis","Brook Trout","Salmonidae","Fishes"
"Ammocrypta pellucida","Eastern Sand Darter","Percidae","Fishes"
"Etheostoma olmstedi","Tessellated Darter","Percidae","Fishes"
"Noturus miurus","Brindled Madtom","Ictaluridae","Fishes"
"Notropis photogenis","Silver Shiner","Cyprinidae","Fishes"
"Percina maculata","Blackside Darter","Percidae","Fishes"
"Coregonus johannae","Deepwater Cisco","Salmonidae","Fishes"
"Umbra limi","Central Mudminnow","Umbridae","Fishes"
"Salvelinus namaycush","Lake Trout","Salmonidae","Fishes"
"Cyprinella spiloptera","Spotfin Shiner","Cyprinidae","Fishes"
"Cottus cognatus","Slimy Sculpin","Cottidae","Fishes"
"Lepomis gibbosus","Pumpkinseed","Centrarchidae","Fishes"
"Coregonus hoyi","Bloater","Salmonidae","Fishes"
"Coregonus zenthicus","Shortjaw Cisco","Salmonidae","Fishes"
"Acipenser fulvescens","Lake Sturgeon","Acipenseridae","Fishes"
"Notropis buchanani","Ghost Shiner","Cyprinidae","Fishes"
"Micropterus dolomieu","Smallmouth Bass","Centrarchidae","Fishes"
"Notropis rubellus","Rosyface Shiner","Cyprinidae","Fishes"
"Hybognathus hankinsoni","Brassy Minnow","Cyprinidae","Fishes"
"Lepomis gulosus","Warmouth","Centrarchidae","Fishes"
"Pungitius pungitius","Nine-Spined Stickleback","Gasterosteidae","Fishes"
"Coregonus reighardi","Shortnose Cisco","Salmonidae","Fishes"
"Notropis anogenus","Pugnose Shiner","Cyprinidae","Fishes"
"Semotilus corporalis","Fallfish","Cyprinidae","Fishes"
"Amia calva","Bowfin","Amiidae","Fishes"
"Coregonus artedi","Cisco","Salmonidae","Fishes"
"Rhinichthys atratulus","Eastern Blacknose Dace","Cyprinidae","Fishes"
"Lepomis macrochirus","Bluegill","Centrarchidae","Fishes"
"Fundulus diaphanus","Banded Killifish","Fundulidae","Fishes"
"Etheostoma blennioides","Greenside Darter","Percidae","Fishes"
"Etheostoma microperca","Least Darter","Percidae","Fishes"
"Percina caprodes","Zebra Fish","Percidae","Fishes"
"Luxilus cornutus","Common Shiner","Cyprinidae","Fishes"
"Morone saxatilis","Green Heads","Moronidae","Fishes"
"Moxostoma erythrurum","Golden Redhorse","Catostomidae","Fishes"
"Semotilus atromaculatus","Creek Chub","Cyprinidae","Fishes"
"Lepomis peltastes","Northern Sunfish","Centrarchidae","Fishes"
"Salmo salar","Common Atlantic Salmon","Salmonidae","Fishes"
"Etheostoma flabellare","Fantail Darter","Percidae","Fishes"
"Cottus bairdii","Mottled Sculpin","Cottidae","Fishes"
"Moxostoma carinatum","River Redhorse","Catostomidae","Fishes"
"Petromyzon marinus","Sea Lamprey","Petromyzontidae","Fishes"
"Moxostoma macrolepidotum","Shorthead Redhorse","Catostomidae","Fishes"
"Hiodon alosoides","Goldeye","Hiodontidae","Fishes"
"Esox masquinongy","Lunge","Esocidae","Fishes"
"Percina shumardi","River Darter","Percidae","Fishes"
"Percina copelandi","Channel Darter","Percidae","Fishes"
"Notropis heterolepis","Blacknose Shiner","Cyprinidae","Fishes"
"Pimephales promelas","Fathead Minnow","Cyprinidae","Fishes"
"Gasterosteus aculeatus","Three-Spined Stickleback","Gasterosteidae","Fishes"
"Lethenteron appendix","American Brook Lamprey","Petromyzontidae","Fishes"
"Alosa sapidissima","American Shad","Clupeidae","Fishes"
"Hybopsis amblops","Bigeye Chub","Cyprinidae","Fishes"
"Notropis stramineus","Sand Shiner","Cyprinidae","Fishes"
"Lepisosteus oculatus","Spotted Gar","Lepisosteidae","Fishes"
"Opsopoeodus emiliae","Pugnose Minnow","Cyprinidae","Fishes"
"Aplodinotus grunniens","Freshwater Drum","Sciaenidae","Fishes"
"Ichthyomyzon fossor","Northern Brook Lamprey","Petromyzontidae","Fishes"
"Notropis hudsonius","Spottail Shiner","Cyprinidae","Fishes"
"Amblyraja radiata","Starry Ray","Rajidae","Fishes"
"Fundulus notatus","Blackstripe Topminnow","Fundulidae","Fishes"
"Coregonus kiyi","Kiyi","Salmonidae","Fishes"
"Noturus stigmosus","Northern Madtom","Ictaluridae","Fishes"
"Ancyloxypha numitor","Least Skipper","Hesperiidae","Butterflies"
"Staphylus hayhurstii","Hayhurst's Scallopwing","Hesperiidae","Butterflies"
"Nymphalis antiopa","Mourning Cloak","Nymphalidae","Butterflies"
"Phyciodes batesii","Tawny Crescent","Nymphalidae","Butterflies"
"Papilio cresphontes","Giant Swallowtail","Papilionidae","Butterflies"
"Calephelis muticum","Swamp Metalmark","Riodinidae","Butterflies"
"Pieris virginiensis","West Virginia White","Pieridae","Butterflies"
"Strymon melinus","Gray Hairstreak","Lycaenidae","Butterflies"
"Colias palaeno","Palaeno Sulphur","Pieridae","Butterflies"
"Colias pelidne","Pelidne Sulphur","Pieridae","Butterflies"
"Thorybes bathyllus","Southern Cloudywing","Hesperiidae","Butterflies"
"Euphyes dion","Dion Skipper","Hesperiidae","Butterflies"
"Feniseca tarquinius","Harvester","Lycaenidae","Butterflies"
"Nymphalis californica","California Tortoiseshell","Nymphalidae","Butterflies"
"Thymelicus lineola","Essex Skipper","Hesperiidae","Butterflies"
"Lycaena helloides","Purplish Copper","Lycaenidae","Butterflies"
"Parrhasius m-album","White M Hairstreak","Lycaenidae","Butterflies"
"Oeneis jutta","Jutta Arctic","Nymphalidae","Butterflies"
"Megisto cymela","Little Wood-Satyr","Nymphalidae","Butterflies"
"Ochlodes snowi","null","Hesperiidae","Butterflies"
"Poanes massasoit","Mulberry Wing","Hesperiidae","Butterflies"
"Vanessa cardui","Painted Lady","Nymphalidae","Butterflies"
"Callophrys niphon","Eastern Pine Elfin","Lycaenidae","Butterflies"
"Aguna asander","Gold-Spotted Aguna","Hesperiidae","Butterflies"
"Speyeria cybele","Great Spangled Fritillary","Nymphalidae","Butterflies"
"Lycaena epixanthe","Bog Copper","Lycaenidae","Butterflies"
"Hemiargus isola","Reakirt's Blue","Lycaenidae","Butterflies"
"Poanes viator","Broad-Winged Skipper","Hesperiidae","Butterflies"
"Polites themistocles","Tawny-Edged Skipper","Hesperiidae","Butterflies"
"Polites origenes","Crossline Skipper","Hesperiidae","Butterflies"
"Plebejus saepiolus","Greenish Blue","Lycaenidae","Butterflies"
"Anaea andria","Goatweed Leafwing","Nymphalidae","Butterflies"
"Euphyes conspicua","Black Dash","Hesperiidae","Butterflies"
"Nymphalis milberti","Milbert's Tortoiseshell","Nymphalidae","Butterflies"
"Danaus plexippus","Monarch","Nymphalidae","Butterflies"
"Lycaena dorcas","Dorcas Copper","Lycaenidae","Butterflies"
"Atrytone logan","Delaware Skipper","Hesperiidae","Butterflies"
"Boloria frigga","Frigga Fritillary","Nymphalidae","Butterflies"
"Chlosyne harrisii","Harris' Checkerspot","Nymphalidae","Butterflies"
"Precis coenia","Common Buckeye","Nymphalidae","Butterflies"
"Papilio polyxenes","Black Swallowtail","Papilionidae","Butterflies"
"Everes amyntula","Western Tailed-Blue","Lycaenidae","Butterflies"
"Eurytides marcellus","Zebra Swallowtail","Papilionidae","Butterflies"
"Euphyes vestris","Dun Skipper","Hesperiidae","Butterflies"
"Satyrium calanus","Banded Hairstreak","Lycaenidae","Butterflies"
"Euphydryas phaeton","Baltimore Checkerspot","Nymphalidae","Butterflies"
"Satyrium caryaevorus","null","Lycaenidae","Butterflies"
"Erora laeta","Early Hairstreak","Lycaenidae","Butterflies"
"Colias interior","Pink-Edged Sulphur","Pieridae","Butterflies"
"Hylephila phyleus","Fiery Skipper","Hesperiidae","Butterflies"
"Callophrys polios","Hoary Elfin","Lycaenidae","Butterflies"
"Oeneis macounii","Macoun's Arctic","Nymphalidae","Butterflies"
"Poanes hobomok","Hobomok Skipper","Hesperiidae","Butterflies"
"Hesperia leonardus","Leonard's Skipper","Hesperiidae","Butterflies"
"Erynnis brizo","Sleepy Duskywing","Hesperiidae","Butterflies"
"Pieris rapae","Cabbage White","Pieridae","Butterflies"
"Polygonia faunus","Faun","Nymphalidae","Butterflies"
"Appias drusilla","Florida White","Pieridae","Butterflies"
"Fixsenia favonius","Southern Hairstreak","Lycaenidae","Butterflies"
"Oeneis uhleri","Uhler's Arctic","Nymphalidae","Butterflies"
"Erynnis icelus","Dreamy Dusky-Wing","Hesperiidae","Butterflies"
"Erebia discoidalis","Red-Disked Alpine","Nymphalidae","Butterflies"
"Pholisora catullus","Common Sootywing","Hesperiidae","Butterflies"
"Atrytonopsis hianna","Dusted Skipper","Hesperiidae","Butterflies"
"Polygonia gracilis","Hoary Comma","Nymphalidae","Butterflies"
"Nathalis iole","Dainty Sulphur","Pieridae","Butterflies"
"Everes comyntas","Eastern Tailed-Blue","Lycaenidae","Butterflies"
"Colias cesonia","Southern Dogface","Pieridae","Butterflies"
"Amblyscirtes vialis","Common Roadside-Skipper","Hesperiidae","Butterflies"
"Carterocephalus palaemon","Arctic Skipper","Hesperiidae","Butterflies"
"Lethe anthedon","Northern Pearly-Eye","Nymphalidae","Butterflies"
"Battus philenor","Pipevine Swallowtail","Papilionidae","Butterflies"
"Speyeria aphrodite","Aphrodite Fritillary","Nymphalidae","Butterflies"
"Callophrys gryneus","Juniper Hairstreak","Lycaenidae","Butterflies"
"Plebejus melissa","Melissa Blue","Lycaenidae","Butterflies"
"Limenitis archippus","Viceroy","Nymphalidae","Butterflies"
"Polygonia progne","Gray Comma","Nymphalidae","Butterflies"
"Vanessa virginiensis","American Lady","Nymphalidae","Butterflies"
"Pyrgus centaurae","null","Hesperiidae","Butterflies"
"Satyrium edwardsii","Edwards' Hairstreak","Lycaenidae","Butterflies"
"Lethe appalachia","Appalachian Eyed Brown","Nymphalidae","Butterflies"
"Phyciodes morpheus","null","Nymphalidae","Butterflies"
"Colias eurytheme","Orange Sulphur","Pieridae","Butterflies"
"Pieris napi","Gray-Veined White","Pieridae","Butterflies"
"Hesperia metea","Cobweb Skipper","Hesperiidae","Butterflies"
"Speyeria atlantis","Atlantis Fritillary","Nymphalidae","Butterflies"
"Euphyes bimacula","Two-Spotted Skipper","Hesperiidae","Butterflies"
"Erynnis persius","Persius Dusky-Wing","Hesperiidae","Butterflies"
"Papilio machaon","Swallowtail","Papilionidae","Butterflies"
"Glaucopsyche lygdamus","Silvery Blue","Lycaenidae","Butterflies"
"Limenitis arthemis","Red-Spotted Admiral","Nymphalidae","Butterflies"
"Polygonia comma","Eastern Comma","Nymphalidae","Butterflies"
"Satyrium liparops","Striped Hairstreak","Lycaenidae","Butterflies"
"Boloria selene","Silver-Bordered Fritillary","Nymphalidae","Butterflies"
"Hesperia comma","Common Branded Skipper","Hesperiidae","Butterflies"
"Pyrgus baptisiae","null","Hesperiidae","Butterflies"
"Erebia disa","Disa Alpine","Nymphalidae","Butterflies"
"Pyrgus communis","Common Checkered-Skipper","Hesperiidae","Butterflies"
"Callophrys lanoraieensis","Bog Elfin","Lycaenidae","Butterflies"
"Callophrys henrici","Henry's Elfin","Lycaenidae","Butterflies"
"Pieris protodice","null","Pieridae","Butterflies"
"Pieris callidice","null","Pieridae","Butterflies"
"Polygonia satyrus","Satyr Anglewing","Nymphalidae","Butterflies"
"Satyrium acadica","Acadian Hairstreak","Lycaenidae","Butterflies"
"Phoebis sennae","Cloudless Sulphur","Pieridae","Butterflies"
"Pompeius verna","Little Glassywing","Hesperiidae","Butterflies"
"Nymphalis vaualbum","Compton Tortoiseshell","Nymphalidae","Butterflies"
"Amblyscirtes hegon","Pepper And Salt Skipper","Hesperiidae","Butterflies"
"Callophrys augustus","null","Lycaenidae","Butterflies"
"Hesperia sassacus","Indian Skipper","Hesperiidae","Butterflies"
"Asterocampa clyton","Tawny Emperor","Nymphalidae","Butterflies"
"Epargyreus clarus","Silver-Spotted Skipper","Hesperiidae","Butterflies"
"Chlosyne nycteis","Silvery Checkerspot","Nymphalidae","Butterflies"
"Boloria titania","Titania's Fritillary","Nymphalidae","Butterflies"
"Euchloe olympia","Olympia Marble","Pieridae","Butterflies"
"Boloria eunomia","Bog Fritillary","Nymphalidae","Butterflies"
"Polites vibex","Whirlabout","Hesperiidae","Butterflies"
"Callophrys irus","Frosted Elfin","Lycaenidae","Butterflies"
"Harkenclenus titus","Coral Hairstreak","Lycaenidae","Butterflies"
"Lycaena phlaes","null","Lycaenidae","Butterflies"
"Libytheana carinenta","American Snout","Nymphalidae","Butterflies"
"Phoebis philea","Orange-Barred Sulphur","Pieridae","Butterflies"
"Atalopedes campestris","Sachem","Hesperiidae","Butterflies"
"Erynnis juvenalis","Juvenal's Duskywing","Hesperiidae","Butterflies"
"Thorybes pylades","Northern Cloudywing","Hesperiidae","Butterflies"
"Speyeria idalia","Regal Fritillary","Nymphalidae","Butterflies"
"Colias scudderi","Scudder's Sulphur","Pieridae","Butterflies"
"Ascia monuste","Great Southern White","Pieridae","Butterflies"
"Erynnis martialis","Mottled Duskywing","Hesperiidae","Butterflies"
"Celastrina argiolus","Spring/Summer Azure","Lycaenidae","Butterflies"
"Boloria freija","Freija Fritillary","Nymphalidae","Butterflies"
"Eurema mexicana","Mexican Yellow","Pieridae","Butterflies"
"Eurema lisa","Little Yellow","Pieridae","Butterflies"
"Polites mystic","Long Dash","Hesperiidae","Butterflies"
"Cercyonis pegala","Common Wood-Nymph","Nymphalidae","Butterflies"
"Colias philodice","Clouded Sulphur","Pieridae","Butterflies"
"Boloria bellona","Meadow Fritillary","Nymphalidae","Butterflies"
"Plebejus idas","Idas Blue","Lycaenidae","Butterflies"
"Eurema nicippe","Sleepy Orange","Pieridae","Butterflies"
"Lethe eurydice","Eyed Brown","Nymphalidae","Butterflies"
"Erynnis horatius","Horace's Duskywing","Hesperiidae","Butterflies"
"Achalarus lyciades","Hoary Edge","Hesperiidae","Butterflies"
"Polygonia interrogationis","Question Mark","Nymphalidae","Butterflies"
"Euphyes dukesi","Dukes' Skipper","Hesperiidae","Butterflies"
"Asterocampa celtis","Hackberry Emperor","Nymphalidae","Butterflies"
"Lycaena hyllus","Bronze Copper","Lycaenidae","Butterflies"
"Oeneis melissa","Melissa Arctic","Nymphalidae","Butterflies"
"Neonympha areolata","Georgia Satyr","Nymphalidae","Butterflies"
"Coenonympha tullia","Common Ringlet","Nymphalidae","Butterflies"
"Callophrys eryphon","Western Pine Elfin","Lycaenidae","Butterflies"
"Phyciodes tharos","Pearl Crescent","Nymphalidae","Butterflies"
"Oeneis chryxus","Ivallda Arctic","Nymphalidae","Butterflies"
"Vanessa atalanta","Red Admiral","Nymphalidae","Butterflies"
"Wallengrenia egeremet","Northern Broken-Dash","Hesperiidae","Butterflies"
"Bombus cryptarum","Cryptic Bumble Bee","Apidae","Bumblebees"
"Bombus perplexus","Red-Belted Bumble Bee","Apidae","Bumblebees"
"Bombus jonellus","White Tail Bumble Bee","Apidae","Bumblebees"
"Bombus citrinus","Indiscriminate Cuckoo Bumble Bee","Apidae","Bumblebees"
"Bombus insularis","Orange-Rumped Bumblebee","Apidae","Bumblebees"
"Bombus bohemicus","Barbut's Cuckoo-Bee","Apidae","Bumblebees"
"Bombus vagans","Half-Black Bumble Bee","Apidae","Bumblebees"
"Bombus rufocinctus","Sanderson's Bumble Bee","Apidae","Bumblebees"
"Bombus griseocollis","Brown-Belted Bumble Bee","Apidae","Bumblebees"
"Bombus hyperboreus","High Arctic Bumble Bee","Apidae","Bumblebees"
"Bombus sandersoni","Sanderson Bumble Bee","Apidae","Bumblebees"
"Bombus bimaculatus","Two-Spotted Bumble Bee","Apidae","Bumblebees"
"Bombus terricola","Yellowbanded Bumble Bee","Apidae","Bumblebees"
"Bombus ternarius","Tri-Colored Bumble Bee","Apidae","Bumblebees"
"Bombus fervidus","Yellow Bumble Bee","Apidae","Bumblebees"
"Bombus impatiens","Indiscriminate Cuckoo Bumble Bee","Apidae","Bumblebees"
"Bombus pensylvanicus","American Bumble Bee","Apidae","Bumblebees"
"Bombus occidentalis","Western Bumble Bee","Apidae","Bumblebees"
"Bombus fraternus","Southern Plains Bumble Bee","Apidae","Bumblebees"
"Bombus auricomus","Black And Gold Bumble Bee","Apidae","Bumblebees"
"Bombus polaris","Polar Bumble Bee","Apidae","Bumblebees"
"Bombus mixtus","Sanderson's Bumble Bee","Apidae","Bumblebees"
"Bombus variabilis","Yellow-Faced Bumblebee","Apidae","Bumblebees"
"Bombus balteatus","Golden-Belted Bumblebee","Apidae","Bumblebees"
"Bombus frigidus","Frigid Bumble Bee","Apidae","Bumblebees"
"Bombus borealis","Northern Amber Bumble Bee","Apidae","Bumblebees"
"Bombus suckleyi","Suckley Cuckoo Bumble Bee","Apidae","Bumblebees"
"Bombus flavidus","Fernald Cuckoo Bumble Bee","Apidae","Bumblebees"
"Bombus affinis","Rusty-Patched Bumblebee","Apidae","Bumblebees"
"Somatochlora linearis","Mocha Emerald","Corduliidae","Dragonflies"
"Ladona julia","Chalk-Fronted Corporal","Libellulidae","Dragonflies"
"Lestes unguiculatus","Lyre-Tipped Spreadwing","Lestidae","Dragonflies"
"Somatochlora franklini","Delicate Emerald","Corduliidae","Dragonflies"
"Dorocordulia libera","Racket-Tailed Emerald","Corduliidae","Dragonflies"
"Leucorrhinia frigida","Frosted Whiteface","Libellulidae","Dragonflies"
"Sympetrum internum","Cherry-Faced Meadowhawk","Libellulidae","Dragonflies"
"Calopteryx maculata","Ebony Jewelwing","Calopterygidae","Dragonflies"
"Stylurus amnicola","Riverine Clubtail","Gomphidae","Dragonflies"
"Leucorrhinia patricia","Canada Whiteface","Libellulidae","Dragonflies"
"Hetaerina americana","American Rubyspot","Calopterygidae","Dragonflies"
"Cordulegaster obliqua","Arrowhead Spiketail","Cordulegastridae","Dragonflies"
"Somatochlora septentrionalis","Muskeg Emerald","Corduliidae","Dragonflies"
"Plathemis lydia","Common Whitetail","Libellulidae","Dragonflies"
"Williamsonia fletcheri","Ebony Boghaunter","Corduliidae","Dragonflies"
"Dromogomphus spoliatus","Flag-Tailed Spinyleg","Gomphidae","Dragonflies"
"Celithemis elisa","Calico Pennant","Libellulidae","Dragonflies"
"Aeshna interrupta","Variable Darner","Aeshnidae","Dragonflies"
"Progomphus obscurus","Common Sanddragon","Gomphidae","Dragonflies"
"Amphiagrion abbreviatum","Western Red Damsel","Coenagrionidae","Dragonflies"
"Somatochlora williamsoni","Williamson's Emerald","Corduliidae","Dragonflies"
"Gomphus ventricosus","Skillet Clubtail","Gomphidae","Dragonflies"
"Aeshna subarctica","Subarctic Darner","Aeshnidae","Dragonflies"
"Sympetrum danae","Black Darter","Libellulidae","Dragonflies"
"Ophiogomphus mainensis","Maine Snaketail","Gomphidae","Dragonflies"
"Perithemis tenera","Eastern Amberwing","Libellulidae","Dragonflies"
"Enallagma ebrium","Marsh Bluet","Coenagrionidae","Dragonflies"
"Sympetrum obtrusum","White-Faced Meadowhawk","Libellulidae","Dragonflies"
"Somatochlora forcipata","Forcipate Emerald","Corduliidae","Dragonflies"
"Enallagma divagans","Turquoise Bluet","Coenagrionidae","Dragonflies"
"Enallagma antennatum","Rainbow Bluet","Coenagrionidae","Dragonflies"
"Coenagrion resolutum","Taiga Bluet","Coenagrionidae","Dragonflies"
"Lestes congener","Spotted Spreadwing","Lestidae","Dragonflies"
"Enallagma annexum","Northern Bluet","Coenagrionidae","Dragonflies"
"Lestes australis","Southern Spreadwing","Lestidae","Dragonflies"
"Pachydiplax longipennis","Blue Dasher","Libellulidae","Dragonflies"
"Somatochlora cingulata","Lake Emerald","Corduliidae","Dragonflies"
"Lestes forcipatus","Sweetflag Spreadwing","Lestidae","Dragonflies"
"Gomphus exilis","Lancet Clubtail","Gomphidae","Dragonflies"
"Celithemis eponina","Halloween Pennant","Libellulidae","Dragonflies"
"Stylurus scudderi","Zebra Clubtail","Gomphidae","Dragonflies"
"Aeshna umbrosa","Shadow Darner","Aeshnidae","Dragonflies"
"Leucorrhinia proxima","Belted Whiteface","Libellulidae","Dragonflies"
"Argia moesta","Powdered Dancer","Coenagrionidae","Dragonflies"
"Tachopteryx thoreyi","Gray Petaltail","Petaluridae","Dragonflies"
"Calopteryx amata","Superb Jewelwing","Calopterygidae","Dragonflies"
"Epitheca costalis","Slender Baskettail","Corduliidae","Dragonflies"
"Aeshna juncea","Common Hawker","Aeshnidae","Dragonflies"
"Somatochlora kennedyi","Kennedy's Emerald","Corduliidae","Dragonflies"
"Erythrodiplax umbrata","Band-Winged Dragonlet","Libellulidae","Dragonflies"
"Coenagrion interrogatum","Subarctic Bluet","Coenagrionidae","Dragonflies"
"Gomphus lineatifrons","Splendid Clubtail","Gomphidae","Dragonflies"
"Lestes dryas","Scarce Emerald Damselfly","Lestidae","Dragonflies"
"Ischnura damula","Plains Forktail","Coenagrionidae","Dragonflies"
"Argia tibialis","Blue-Tipped Dancer","Coenagrionidae","Dragonflies"
"Libellula quadrimaculata","Four-Spotted Chaser","Libellulidae","Dragonflies"
"Epitheca cynosura","Common Baskettail","Corduliidae","Dragonflies"
"Gomphus spicatus","Dusky Clubtail","Gomphidae","Dragonflies"
"Epitheca spinigera","Spiny Baskettail","Corduliidae","Dragonflies"
"Triacanthagyna caribbea","Caribbean Darner","Aeshnidae","Dragonflies"
"Somatochlora whitehousei","Whitehouse's Emerald","Corduliidae","Dragonflies"
"Nasiaeschna pentacantha","Cyrano Darner","Aeshnidae","Dragonflies"
"Somatochlora tenebrosa","Clamp-Tipped Emerald","Corduliidae","Dragonflies"
"Cordulegaster maculata","Twin-Spotted Spiketail","Cordulegastridae","Dragonflies"
"Rhionaeschna mutata","Spatterdock Darner","Aeshnidae","Dragonflies"
"Epiaeschna heros","Swamp Darner","Aeshnidae","Dragonflies"
"Enallagma basidens","Double-Striped Bluet","Coenagrionidae","Dragonflies"
"Gomphus lividus","Ashy Clubtail","Gomphidae","Dragonflies"
"Tramea onusta","Red Saddlebags","Libellulidae","Dragonflies"
"Leucorrhinia borealis","Boreal Whiteface","Libellulidae","Dragonflies"
"Epitheca princeps","Prince Baskettail","Corduliidae","Dragonflies"
"Anax junius","Green Darner","Aeshnidae","Dragonflies"
"Nehalennia irene","Sedge Sprite","Coenagrionidae","Dragonflies"
"Hagenius brevistylus","Dragonhunter","Gomphidae","Dragonflies"
"Libellula vibrans","Great Blue Skimmer","Libellulidae","Dragonflies"
"Tramea carolina","Carolina Saddlebags","Libellulidae","Dragonflies"
"Sympetrum rubicundulum","Ruby Meadowhawk","Libellulidae","Dragonflies"
"Enallagma geminatum","Skimming Bluet","Coenagrionidae","Dragonflies"
"Gomphus vastus","Cobra Clubtail","Gomphidae","Dragonflies"
"Gomphus fraternus","Midland Clubtail","Gomphidae","Dragonflies"
"Leucorrhinia intacta","Dot-Tailed Whiteface","Libellulidae","Dragonflies"
"Erythemis simplicicollis","Eastern Pondhawk","Libellulidae","Dragonflies"
"Basiaeschna janata","Springtime Darner","Aeshnidae","Dragonflies"
"Ischnura hastata","Citrine Forktail","Coenagrionidae","Dragonflies"
"Somatochlora hineana","Hine's Emerald","Corduliidae","Dragonflies"
"Somatochlora elongata","Ski-Tipped Emerald","Corduliidae","Dragonflies"
"Ophiogomphus carolus","Riffle Snaketail","Gomphidae","Dragonflies"
"Boyeria grafiana","Ocellated Darner","Aeshnidae","Dragonflies"
"Enallagma signatum","Orange Bluet","Coenagrionidae","Dragonflies"
"Amphiagrion saucium","Eastern Red Damsel","Coenagrionidae","Dragonflies"
"Stylurus laurae","Laura's Clubtail","Gomphidae","Dragonflies"
"Anax longipes","Comet Darner","Aeshnidae","Dragonflies"
"Libellula cyanea","Spangled Skimmer","Libellulidae","Dragonflies"
"Gomphus adelphus","Mustached Clubtail","Gomphidae","Dragonflies"
"Lestes inaequalis","Elegant Spreadwing","Lestidae","Dragonflies"
"Sympetrum vicinum","Autumn Meadowhawk","Libellulidae","Dragonflies"
"Aeshna canadensis","Canada Darner","Aeshnidae","Dragonflies"
"Sympetrum corruptum","Variegated Meadowhawk","Libellulidae","Dragonflies"
"Somatochlora walshii","Brush-Tipped Emerald","Corduliidae","Dragonflies"
"Archilestes grandis","Great Spreadwing","Lestidae","Dragonflies"
"Gomphus externus","Plains Clubtail","Gomphidae","Dragonflies"
"Macromia taeniolata","Royal River Cruiser","Corduliidae","Dragonflies"
"Somatochlora minor","Ocellated Emerald","Corduliidae","Dragonflies"
"Neurocordulia michaeli","Broad-Tailed Shadowdragon","Corduliidae","Dragonflies"
"Arigomphus cornutus","Horned Clubtail","Gomphidae","Dragonflies"
"Somatochlora hudsonica","Hudsonian Emerald","Corduliidae","Dragonflies"
"Aeshna tuberculifera","Black-Tipped Darner","Aeshnidae","Dragonflies"
"Argia translata","Dusky Dancer","Coenagrionidae","Dragonflies"
"Somatochlora brevicincta","Quebec Emerald","Corduliidae","Dragonflies"
"Ophiogomphus rupinsulensis","Rusty Snaketail","Gomphidae","Dragonflies"
"Argia apicalis","Blue-Fronted Dancer","Coenagrionidae","Dragonflies"
"Epitheca canis","Beaverpond Baskettail","Corduliidae","Dragonflies"
"Gomphus graslinellus","Pronghorn Clubtail","Gomphidae","Dragonflies"
"Helocordulia uhleri","Uhler's Sundragon","Corduliidae","Dragonflies"
"Aeshna verticalis","Green-Striped Darner","Aeshnidae","Dragonflies"
"Pantala hymenaea","Spot-Winged Glider","Libellulidae","Dragonflies"
"Ophiogomphus colubrinus","Boreal Snaketail","Gomphidae","Dragonflies"
"Enallagma carunculatum","Tule Bluet","Coenagrionidae","Dragonflies"
"Ischnura verticalis","Eastern Forktail","Coenagrionidae","Dragonflies"
"Boyeria vinosa","Fawn Darner","Aeshnidae","Dragonflies"
"Cordulegaster bilineata","Brown Spiketail","Cordulegastridae","Dragonflies"
"Enallagma civile","Familiar Bluet","Coenagrionidae","Dragonflies"
"Argia sedula","Blue-Ringed Dancer","Coenagrionidae","Dragonflies"
"Calopteryx aequabilis","River Jewelwing","Calopterygidae","Dragonflies"
"Enallagma vernale","Vernal Bluet","Coenagrionidae","Dragonflies"
"Somatochlora incurvata","Incurvate Emerald","Corduliidae","Dragonflies"
"Dromogomphus spinosus","Black-Shouldered Spinyleg","Gomphidae","Dragonflies"
"Somatochlora ensigera","Plains Emerald","Corduliidae","Dragonflies"
"Lestes vigilax","Swamp Spreadwing","Lestidae","Dragonflies"
"Nannothemis bella","Elfin Skimmer","Libellulidae","Dragonflies"
"Stylurus spiniceps","Arrow Clubtail","Gomphidae","Dragonflies"
"Chromagrion conditum","Aurora Damsel","Coenagrionidae","Dragonflies"
"Lanthus parvulus","Northern Pygmy Clubtail","Gomphidae","Dragonflies"
"Macromia illinoiensis","Swift River Cruiser","Corduliidae","Dragonflies"
"Lestes disjunctus","Northern Spreadwing","Lestidae","Dragonflies"
"Enallagma aspersum","Azure Bluet","Coenagrionidae","Dragonflies"
"Erythrodiplax minuscula","Little Blue Dragonlet","Libellulidae","Dragonflies"
"Aeshna constricta","Lance-Tipped Darner","Aeshnidae","Dragonflies"
"Somatochlora albicincta","Ringed Emerald","Corduliidae","Dragonflies"
"Gomphus quadricolor","Rapids Clubtail","Gomphidae","Dragonflies"
"Aeshna sitchensis","Zigzag Darner","Aeshnidae","Dragonflies"
"Arigomphus villosipes","Unicorn Clubtail","Gomphidae","Dragonflies"
"Libellula luctuosa","Widow Skimmer","Libellulidae","Dragonflies"
"Aeshna septentrionalis","Azure Darner","Aeshnidae","Dragonflies"
"Libellula auripennis","Golden-Winged Skimmer","Libellulidae","Dragonflies"
"Libellula semifasciata","Painted Skimmer","Libellulidae","Dragonflies"
"Leucorrhinia glacialis","Crimson-Ringed Whiteface","Libellulidae","Dragonflies"
"Sympetrum costiferum","Saffron-Winged Meadowhawk","Libellulidae","Dragonflies"
"Cordulegaster erronea","Tiger Spiketail","Cordulegastridae","Dragonflies"
"Stylogomphus albistylus","Eastern Least Clubtail","Gomphidae","Dragonflies"
"Arigomphus furcifer","Lilypad Clubtail","Gomphidae","Dragonflies"
"Coenagrion angulatum","Prairie Bluet","Coenagrionidae","Dragonflies"
"Argia fumipennis","Variable Dancer","Coenagrionidae","Dragonflies"
"Sympetrum semicinctum","Band-Winged Meadowhawk","Libellulidae","Dragonflies"
"Stylurus plagiatus","Russet-Tipped Clubtail","Gomphidae","Dragonflies"
"Ischnura kellicotti","Lilypad Forktail","Coenagrionidae","Dragonflies"
"Sympetrum ambiguum","Blue-Faced Meadowhawk","Libellulidae","Dragonflies"
"Stylurus notatus","Elusive Clubtail","Gomphidae","Dragonflies"
"Lestes rectangularis","Slender Spreadwing","Lestidae","Dragonflies"
"Libellula incesta","Slaty Skimmer","Libellulidae","Dragonflies"
"Enallagma anna","River Bluet","Coenagrionidae","Dragonflies"
"Cordulia shurtleffi","American Emerald","Corduliidae","Dragonflies"
"Enallagma vesperum","Vesper Bluet","Coenagrionidae","Dragonflies"
"Cordulegaster diastatops","Delta-Spotted Spiketail","Cordulegastridae","Dragonflies"
"Enallagma hageni","Hagen's Bluet","Coenagrionidae","Dragonflies"
"Leucorrhinia hudsonica","Hudsonian Whiteface","Libellulidae","Dragonflies"
"Enallagma exsulans","Stream Bluet","Coenagrionidae","Dragonflies"
"Pantala flavescens","Wandering Glider","Libellulidae","Dragonflies"
"Lanthus vernalis","Southern Pygmy Clubtail","Gomphidae","Dragonflies"
"Neurocordulia yamaskanensis","Stygian Shadowdragon","Corduliidae","Dragonflies"
"Enallagma traviatum","Slender Bluet","Coenagrionidae","Dragonflies"
"Gomphaeschna furcillata","Harlequin Darner","Aeshnidae","Dragonflies"
"Aeshna eremita","Lake Darner","Aeshnidae","Dragonflies"
"Nehalennia gracilis","Sphagnum Sprite","Coenagrionidae","Dragonflies"
"Hetaerina titia","Smoky Rubyspot","Calopterygidae","Dragonflies"
"Tramea lacerata","Black Saddlebags","Libellulidae","Dragonflies"
"Lestes eurinus","Amber-Winged Spreadwing","Lestidae","Dragonflies"
"Aeshna clepsydra","Mottled Darner","Aeshnidae","Dragonflies"
"Enallagma clausum","Alkali Bluet","Coenagrionidae","Dragonflies"
"Libellula pulchella","Twelve-Spotted Skimmer","Libellulidae","Dragonflies"
"Celithemis fasciata","Banded Pennant","Libellulidae","Dragonflies"
"Gomphus descriptus","Harpoon Clubtail","Gomphidae","Dragonflies"
"Ophiogomphus anomalus","Extra-Striped Snaketail","Gomphidae","Dragonflies"
"Ischnura posita","Fragile Forktail","Coenagrionidae","Dragonflies"
"Enallagma boreale","Boreal Bluet","Coenagrionidae","Dragonflies"
"Gomphus borealis","Beaverpond Clubtail","Gomphidae","Dragonflies"
"Gomphus viridifrons","Green-Faced Clubtail","Gomphidae","Dragonflies"
"Fraxinus quadrangulata","Blue Ash","Oleaceae","Trees"
"Pinus banksiana","Jack Pine","Pinaceae","Trees"
"Quercus rubra","Red Oak","Fagaceae","Trees"
"Cephalanthus occidentalis","Common Buttonbush","Rubiaceae","Trees"
"Aralia spinosa","Hercules'-Club","Araliaceae","Trees"
"Prunus virginiana","Chokecherry","Rosaceae","Trees"
"Crataegus chrysocarpa","Fire-Berry Hawthorn","Rosaceae","Trees"
"Zanthoxylum americanum","Toothachetree","Rutaceae","Trees"
"Fraxinus nigra","Black Ash","Oleaceae","Trees"
"Pinus resinosa","Red Pine","Pinaceae","Trees"
"Quercus alba","White Oak","Fagaceae","Trees"
"Juglans cinerea","White Walnut","Juglandaceae","Trees"
"Acer rubrum","Red Maple","Sapindaceae","Trees"
"Carya laciniosa","Shellbark Hickory","Juglandaceae","Trees"
"Viburnum prunifolium","Black Haw","Adoxaceae","Trees"
"Quercus palustris","Pin Oak","Fagaceae","Trees"
"Ilex verticillata","Virginia Winterberry","Aquifoliaceae","Trees"
"Tsuga canadensis","Eastern Hemlock","Pinaceae","Trees"
"Quercus velutina","Black Oak","Fagaceae","Trees"
"Picea mariana","Black Spruce","Pinaceae","Trees"
"Taxus canadensis","Canadian Yew","Taxaceae","Trees"
"Sorbus americana","American Mountain-Ash","Rosaceae","Trees"
"Cornus rugosa","Round-Leaf Dogwood","Cornaceae","Trees"
"Abies balsamea","Canada Balsam","Pinaceae","Trees"
"Fraxinus pennsylvanica","Red Ash","Oleaceae","Trees"
"Rhododendron maximum","Rose Bay","Ericaceae","Trees"
"Betula papyrifera","Paper Birch","Betulaceae","Trees"
"Fagus grandifolia","American Beech","Fagaceae","Trees"
"Cornus alternifolia","Pagoda Dogwood","Cornaceae","Trees"
"Betula populifolia","Fire Birch","Betulaceae","Trees"
"Ulmus rubra","Slippery Elm","Ulmaceae","Trees"
"Quercus ellipsoidalis","Hill's Oak","Fagaceae","Trees"
"Toxicodendron vernix","Poison Sumac","Anacardiaceae","Trees"
"Quercus prinus","Swamp Chestnut Oak","Fagaceae","Trees"
"Cornus stolonifera","Redosier","Cornaceae","Trees"
"Larix laricina","Tamarack Larch","Pinaceae","Trees"
"Pinus rigida","Pitch Pine","Pinaceae","Trees"
"Prunus serotina","Black Cherry","Rosaceae","Trees"
"Amelanchier alnifolia","Juneberry","Rosaceae","Trees"
"Alnus rugosa","Speckled Alder","Betulaceae","Trees"
"Salix discolor","American Pussy Willow","Salicaceae","Trees"
"Sassafras albidum","White Sassafras","Lauraceae","Trees"
"Alnus serrulata","Hazel Alder","Betulaceae","Trees"
"Acer saccharum","Sugar Maple","Sapindaceae","Trees"
"Prunus americana","American Plum","Rosaceae","Trees"
"Salix lucida","Shining Willow","Salicaceae","Trees"
"Nyssa sylvatica","Black Tupelo","Cornaceae","Trees"
"Carya tomentosa","Mockernut Hickory","Juglandaceae","Trees"
"Populus balsamifera","Balsam Poplar","Salicaceae","Trees"
"Viburnum lentago","Nannyberry","Adoxaceae","Trees"
"Corylus cornuta","Beaked Hazelnut","Betulaceae","Trees"
"Betula nana","Dwarf Birch","Betulaceae","Trees"
"Salix exigua","Sandbar Willow","Salicaceae","Trees"
"Quercus coccinea","Scarlet Oak","Fagaceae","Trees"
"Carpinus caroliniana","American Hornbeam","Betulaceae","Trees"
"Amelanchier arborea","Downy Serviceberry","Rosaceae","Trees"
"Tilia americana","American Basswood","Malvaceae","Trees"
"Quercus imbricaria","Shingle Oak","Fagaceae","Trees"
"Crataegus succulenta","Fleshy Hawthorn","Rosaceae","Trees"
"Morus rubra","Red Mulberry","Moraceae","Trees"
"Quercus bicolor","Swamp White Oak","Fagaceae","Trees"
"Gymnocladus dioicus","Kentucky Coffeetree","Leguminosae","Trees"
"Acer nigrum","Black Maple","Sapindaceae","Trees"
"Acer negundo","Ash-Leaf Maple","Sapindaceae","Trees"
"Quercus macrocarpa","Mossy-Cup Oak","Fagaceae","Trees"
"Liriodendron tulipifera","Tulip-Tree","Magnoliaceae","Trees"
"Cornus racemosa","Panicled Dogwood","Cornaceae","Trees"
"Euonymus atropurpureus","Wahoo","Celastraceae","Trees"
"Gleditsia triacanthos","Honey-Locust","Leguminosae","Trees"
"Carya glabra","Sweet Pignut","Juglandaceae","Trees"
"Salix bebbiana","Gray Willow","Salicaceae","Trees"
"Salix nigra","Black Willow","Salicaceae","Trees"
"Populus grandidentata","Bigtooth Aspen","Salicaceae","Trees"
"Malus coronaria","Sweet Crab Apple","Rosaceae","Trees"
"Betula alleghaniensis","Yellow Birch","Betulaceae","Trees"
"Salix pyrifolia","Balsam Willow","Salicaceae","Trees"
"Crataegus douglasii","Black Hawthorn","Rosaceae","Trees"
"Rhus glabra","Smooth Sumac","Anacardiaceae","Trees"
"Amelanchier interior","Inland Serviceberry","Rosaceae","Trees"
"Ulmus thomasii","Cork Elm","Ulmaceae","Trees"
"Platanus occidentalis","Buttonwood","Platanaceae","Trees"
"Staphylea trifolia","American Bladdernut","Staphyleaceae","Trees"
"Fraxinus americana","White Ash","Oleaceae","Trees"
"Ulmus americana","American Elm","Ulmaceae","Trees"
"Juniperus horizontalis","Creeping Juniper","Cupressaceae","Trees"
"Picea rubens","Red Spruce","Pinaceae","Trees"
"Asimina triloba","Pawpaw","Annonaceae","Trees"
"Cornus drummondii","Northern Roughleaf Dogwood","Cornaceae","Trees"
"Carya ovata","Shagbark Hickory","Juglandaceae","Trees"
"Sorbus decora","Northern Mountain-Ash","Rosaceae","Trees"
"Ptelea trifoliata","Hoptree","Rutaceae","Trees"
"Salix sericea","Silky Willow","Salicaceae","Trees"
"Cornus florida","Flowering Dogwood","Cornaceae","Trees"
"Aesculus glabra","Ohio Buckeye","Sapindaceae","Trees"
"Betula lenta","Sweet Birch","Betulaceae","Trees"
"Picea glauca","White Spruce","Pinaceae","Trees"
"Rhus copallina","Flameleaf Sumac","Anacardiaceae","Trees"
"Populus tremuloides","Quaking Aspen","Salicaceae","Trees"
"Hamamelis virginiana","Witch-Hazel","Hamamelidaceae","Trees"
"Viburnum trilobum","American Cranberrybush","Adoxaceae","Trees"
"Celtis tenuifolia","Georgia Hackberry","Cannabaceae","Trees"
"Carya cordiformis","Pignut","Juglandaceae","Trees"
"Rhus typhina","Staghorn Sumac","Anacardiaceae","Trees"
"Celtis occidentalis","Hackberry","Cannabaceae","Trees"
"Cercis canadensis","Eastern Redbud","Leguminosae","Trees"
"Acer spicatum","Moose Maple","Sapindaceae","Trees"
"Ostrya virginiana","Ironwood","Betulaceae","Trees"
"Salix pellita","Satiny Willow","Salicaceae","Trees"
"Prunus pensylvanica","Bird Cherry","Rosaceae","Trees"
"Juniperus communis","Common Juniper","Cupressaceae","Trees"
"Prunus nigra","Black Plum","Rosaceae","Trees"
"Populus deltoides","Eastern Cottonwood","Salicaceae","Trees"
"Pinus strobus","Eastern White Pine","Pinaceae","Trees"
"Salix petiolaris","Slender Willow","Salicaceae","Trees"
"Thuja occidentalis","Arborvitae","Cupressaceae","Trees"
"Castanea dentata","American Chestnut","Fagaceae","Trees"
"Sambucus canadensis","Elderberry","Adoxaceae","Trees"
"Salix amygdaloides","Peach-Leaf Willow","Salicaceae","Trees"
"Myrica pensylvanica","Swamp Candleberry","Myricaceae","Trees"
"Quercus muehlenbergii","Chinkapin Oak","Fagaceae","Trees"
"Amelanchier sanguinea","Huron Serviceberry","Rosaceae","Trees"
"Acer saccharinum","Silver Maple","Sapindaceae","Trees"
"Juniperus virginiana","American Juniper","Cupressaceae","Trees"
"Acer pensylvanicum","Goosefoot","Sapindaceae","Trees"
"Juglans nigra","Black Walnut","Juglandaceae","Trees"
"Magnolia acuminata","Cucumber-Tree","Magnoliaceae","Trees"
"Opuntia fragilis","Fragile Prickly-Pear","Cactaceae","Cacti"
"Picea rubens","Red Spruce","Pinaceae","Conifers"
"Juniperus horizontalis","Creeping Juniper","Cupressaceae","Conifers"
"Picea glauca","White Spruce","Pinaceae","Conifers"
"Taxus canadensis","Canadian Yew","Taxaceae","Conifers"
"Picea mariana","Black Spruce","Pinaceae","Conifers"
"Tsuga canadensis","Eastern Hemlock","Pinaceae","Conifers"
"Abies balsamea","Canada Balsam","Pinaceae","Conifers"
"Pinus resinosa","Red Pine","Pinaceae","Conifers"
"Pinus banksiana","Jack Pine","Pinaceae","Conifers"
"Pinus rigida","Pitch Pine","Pinaceae","Conifers"
"Juniperus communis","Common Juniper","Cupressaceae","Conifers"
"Juniperus virginiana","American Juniper","Cupressaceae","Conifers"
"Larix laricina","Tamarack Larch","Pinaceae","Conifers"
"Pinus strobus","Eastern White Pine","Pinaceae","Conifers"
"Thuja occidentalis","Arborvitae","Cupressaceae","Conifers"
