Downloaded from https://mol.org on Jun 20, 2022. Inclusive species list based on approximate intersections with Political boundary polygon for the Québec region. 


"Scientific Name","Common Name","Family","Taxonomic Group"
"Gavia immer","Common Loon","Gaviidae","Birds"
"Aythya fuligula","Tufted Duck","Anatidae","Birds"
"Strix varia","Barred Owl","Strigidae","Birds"
"Calidris minutilla","Least Sandpiper","Scolopacidae","Birds"
"Falco columbarius","Merlin","Falconidae","Birds"
"Passer domesticus","House Sparrow","Passeridae","Birds"
"Pandion haliaetus","Osprey","Accipitridae","Birds"
"Bucephala islandica","Barrow's Goldeneye","Anatidae","Birds"
"Tympanuchus phasianellus","Sharp-Tailed Grouse","Phasianidae","Birds"
"Vermivora chrysoptera","Golden-Winged Warbler","Parulidae","Birds"
"Ammodramus leconteii","Le Conte's Sparrow","Emberizidae","Birds"
"Ardea herodias","Great Blue Heron","Ardeidae","Birds"
"Cistothorus platensis","Sedge Wren","Troglodytidae","Birds"
"Phalaropus fulicarius","Grey Phalarope","Scolopacidae","Birds"
"Actitis macularius","Spotted Sandpiper","Scolopacidae","Birds"
"Parula americana","Northern Parula","Parulidae","Birds"
"Porzana carolina","Sora","Rallidae","Birds"
"Dryocopus pileatus","Pileated Woodpecker","Picidae","Birds"
"Ammodramus nelsoni","Nelson's Sparrow","Emberizidae","Birds"
"Petrochelidon pyrrhonota","Cliff Swallow","Hirundinidae","Birds"
"Gallinago gallinago","Common Snipe","Scolopacidae","Birds"
"Aythya marila","Greater Scaup","Anatidae","Birds"
"Histrionicus histrionicus","Harlequin Duck","Anatidae","Birds"
"Zenaida macroura","Mourning Dove","Columbidae","Birds"
"Polioptila caerulea","Blue-Grey Gnatcatcher","Polioptilidae","Birds"
"Hirundo rustica","Barn Swallow","Hirundinidae","Birds"
"Limnodromus griseus","Short-Billed Dowitcher","Scolopacidae","Birds"
"Gallinula chloropus","Common Moorhen","Rallidae","Birds"
"Somateria spectabilis","King Eider","Anatidae","Birds"
"Dendroica striata","Blackpoll Warbler","Parulidae","Birds"
"Wilsonia canadensis","Canada Warbler","Parulidae","Birds"
"Lanius excubitor","Great Grey Shrike","Laniidae","Birds"
"Pluvialis squatarola","Grey Plover","Charadriidae","Birds"
"Megaceryle alcyon","Belted Kingfisher","Alcedinidae","Birds"
"Charadrius semipalmatus","Semipalmated Plover","Charadriidae","Birds"
"Eremophila alpestris","Horned Lark","Alaudidae","Birds"
"Larus delawarensis","Ring-Billed Gull","Laridae","Birds"
"Mniotilta varia","Black-And-White Warbler","Parulidae","Birds"
"Larus hyperboreus","Glaucous Gull","Laridae","Birds"
"Empidonax minimus","Least Flycatcher","Tyrannidae","Birds"
"Stercorarius pomarinus","Pomarine Skua","Stercorariidae","Birds"
"Molothrus ater","Brown-Headed Cowbird","Icteridae","Birds"
"Sterna fuscata","Sooty Tern","Laridae","Birds"
"Asio otus","Long-Eared Owl","Strigidae","Birds"
"Lophodytes cucullatus","Hooded Merganser","Anatidae","Birds"
"Lanius ludovicianus","Loggerhead Shrike","Laniidae","Birds"
"Chlidonias niger","Black Tern","Laridae","Birds"
"Hylocichla mustelina","Wood Thrush","Turdidae","Birds"
"Coccyzus americanus","Yellow-Billed Cuckoo","Cuculidae","Birds"
"Aythya collaris","Ring-Necked Duck","Anatidae","Birds"
"Cyanocitta cristata","Blue Jay","Corvidae","Birds"
"Oceanites oceanicus","Wilson's Petrel","Hydrobatidae","Birds"
"Empidonax flaviventris","Yellow-Bellied Flycatcher","Tyrannidae","Birds"
"Anas platyrhynchos","Mallard","Anatidae","Birds"
"Setophaga ruticilla","American Redstart","Parulidae","Birds"
"Euphagus cyanocephalus","Brewer's Blackbird","Icteridae","Birds"
"Buteo lineatus","Red-Shouldered Hawk","Accipitridae","Birds"
"Aythya affinis","Lesser Scaup","Anatidae","Birds"
"Phalaropus lobatus","Red-Necked Phalarope","Scolopacidae","Birds"
"Anas discors","Blue-Winged Teal","Anatidae","Birds"
"Seiurus aurocapilla","Ovenbird","Parulidae","Birds"
"Catharus guttatus","Hermit Thrush","Turdidae","Birds"
"Perdix perdix","Grey Partridge","Phasianidae","Birds"
"Dendroica coronata","Yellow-Rumped Warbler","Parulidae","Birds"
"Vermivora peregrina","Tennessee Warbler","Parulidae","Birds"
"Vireo olivaceus","Red-Eyed Vireo","Vireonidae","Birds"
"Botaurus lentiginosus","American Bittern","Ardeidae","Birds"
"Spizella passerina","Chipping Sparrow","Emberizidae","Birds"
"Lagopus muta","Rock Ptarmigan","Phasianidae","Birds"
"Carpodacus purpureus","Purple Finch","Fringillidae","Birds"
"Geothlypis trichas","Common Yellowthroat","Parulidae","Birds"
"Anas americana","American Wigeon","Anatidae","Birds"
"Anas crecca","Common Teal","Anatidae","Birds"
"Dendroica cerulea","Cerulean Warbler","Parulidae","Birds"
"Passerculus sandwichensis","Savannah Sparrow","Emberizidae","Birds"
"Calcarius lapponicus","Lapland Longspur","Emberizidae","Birds"
"Buteo platypterus","Broad-Winged Hawk","Accipitridae","Birds"
"Buteo lagopus","Rough-Legged Buzzard","Accipitridae","Birds"
"Seiurus noveboracensis","Northern Waterthrush","Parulidae","Birds"
"Columba livia","Rock Dove","Columbidae","Birds"
"Bubo scandiaca","Snowy Owl","Strigidae","Birds"
"Melanitta fusca","White-Winged Scoter","Anatidae","Birds"
"Vermivora ruficapilla","Nashville Warbler","Parulidae","Birds"
"Coccothraustes vespertinus","Evening Grosbeak","Fringillidae","Birds"
"Morus bassanus","Gannet","Sulidae","Birds"
"Alle alle","Little Auk","Alcidae","Birds"
"Picoides pubescens","Downy Woodpecker","Picidae","Birds"
"Contopus cooperi","Olive-Sided Flycatcher","Tyrannidae","Birds"
"Junco hyemalis","Dark-Eyed Junco","Emberizidae","Birds"
"Calidris melanotos","Pectoral Sandpiper","Scolopacidae","Birds"
"Carduelis flammea","Common Redpoll","Fringillidae","Birds"
"Parkesia noveboracensis","Northern Waterthrush","Parulidae","Birds"
"Buteo jamaicensis","Red-Tailed Hawk","Accipitridae","Birds"
"Oceanodroma leucorhoa","Leach's Storm-Petrel","Hydrobatidae","Birds"
"Calidris alba","Sanderling","Scolopacidae","Birds"
"Falco sparverius","American Kestrel","Falconidae","Birds"
"Cathartes aura","Turkey Vulture","Cathartidae","Birds"
"Empidonax virescens","Acadian Flycatcher","Tyrannidae","Birds"
"Vireo solitarius","Solitary Vireo","Vireonidae","Birds"
"Cardinalis cardinalis","Common Cardinal","Cardinalidae","Birds"
"Dendroica tigrina","Cape May Warbler","Parulidae","Birds"
"Picoides dorsalis","American Three-Toed Woodpecker","Picidae","Birds"
"Fulica americana","American Coot","Rallidae","Birds"
"Seiurus motacilla","Louisiana Waterthrush","Parulidae","Birds"
"Parus atricapillus","Black-Capped Chickadee","Paridae","Birds"
"Butorides virescens","Green Heron","Ardeidae","Birds"
"Branta bernicla","Brant","Anatidae","Birds"
"Clangula hyemalis","Long-Tailed Duck","Anatidae","Birds"
"Colaptes auratus","Northern Flicker","Picidae","Birds"
"Catharus fuscescens","Veery","Turdidae","Birds"
"Mergus merganser","Goosander","Anatidae","Birds"
"Plectrophenax nivalis","Snow Bunting","Emberizidae","Birds"
"Parus hudsonicus","Boreal Chickadee","Paridae","Birds"
"Rallus limicola","Virginia Rail","Rallidae","Birds"
"Tyrannus tyrannus","Eastern Kingbird","Tyrannidae","Birds"
"Falco rusticolus","Gyr Falcon","Falconidae","Birds"
"Catharus bicknelli","Bicknell's Thrush","Turdidae","Birds"
"Carduelis pinus","Pine Siskin","Fringillidae","Birds"
"Branta hutchinsii","Cackling Goose","Anatidae","Birds"
"Passerina cyanea","Indigo Bunting","Emberizidae","Birds"
"Stelgidopteryx serripennis","Northern Rough-Winged Swallow","Hirundinidae","Birds"
"Vireo philadelphicus","Philadelphia Vireo","Vireonidae","Birds"
"Loxia curvirostra","Red Crossbill","Fringillidae","Birds"
"Passerella iliaca","Fox Sparrow","Emberizidae","Birds"
"Elanoides forficatus","Swallow-Tailed Kite","Accipitridae","Birds"
"Perisoreus canadensis","Grey Jay","Corvidae","Birds"
"Zonotrichia leucophrys","White-Crowned Sparrow","Emberizidae","Birds"
"Somateria mollissima","Eider","Anatidae","Birds"
"Uria aalge","Guillemot","Alcidae","Birds"
"Regulus calendula","Ruby-Crowned Kinglet","Reguliidae","Birds"
"Larus atricilla","Laughing Gull","Laridae","Birds"
"Tachycineta bicolor","Tree Swallow","Hirundinidae","Birds"
"Larus argentatus","Herring Gull","Laridae","Birds"
"Sphyrapicus varius","Yellow-Bellied Sapsucker","Picidae","Birds"
"Circus cyaneus","Hen Harrier","Accipitridae","Birds"
"Toxostoma rufum","Brown Thrasher","Mimidae","Birds"
"Euphagus carolinus","Rusty Blackbird","Icteridae","Birds"
"Catharus minimus","Grey-Cheeked Thrush","Turdidae","Birds"
"Calidris himantopus","Stilt Sandpiper","Scolopacidae","Birds"
"Phalacrocorax carbo","Cormorant","Phalacrocoracidae","Birds"
"Mycteria americana","Wood Stork","Ciconiidae","Birds"
"Bombycilla cedrorum","Cedar Waxwing","Bombycillidae","Birds"
"Puffinus griseus","Sooty Shearwater","Procellariidae","Birds"
"Egretta tricolor","Tricoloured Heron","Ardeidae","Birds"
"Aythya valisineria","Canvasback","Anatidae","Birds"
"Tringa flavipes","Lesser Yellow-Legs","Scolopacidae","Birds"
"Sitta canadensis","Red-Breasted Nuthatch","Sittidae","Birds"
"Accipiter cooperii","Cooper's Hawk","Accipitridae","Birds"
"Nycticorax nycticorax","Black-Crowned Night-Heron","Ardeidae","Birds"
"Catharacta skua","Great Skua","Stercorariidae","Birds"
"Charadrius melodus","Piping Plover","Charadriidae","Birds"
"Dendroica caerulescens","Black-Throated Blue Warbler","Parulidae","Birds"
"Anas clypeata","Northern Shoveler","Anatidae","Birds"
"Calidris pusilla","Semipalmated Sandpiper","Scolopacidae","Birds"
"Larus philadelphia","Bonaparte's Gull","Laridae","Birds"
"Picoides arcticus","Black-Backed Woodpecker","Picidae","Birds"
"Gavia pacifica","Pacific Loon","Gaviidae","Birds"
"Aegolius acadicus","Northern Saw-Whet Owl","Strigidae","Birds"
"Pooecetes gramineus","Vesper Sparrow","Emberizidae","Birds"
"Strix nebulosa","Great Grey Owl","Strigidae","Birds"
"Sitta carolinensis","White-Breasted Nuthatch","Sittidae","Birds"
"Limosa fedoa","Marbled Godwit","Scolopacidae","Birds"
"Bubulcus ibis","Cattle Egret","Ardeidae","Birds"
"Tringa solitaria","Solitary Sandpiper","Scolopacidae","Birds"
"Sturnus vulgaris","Common Starling","Sturnidae","Birds"
"Carpodacus mexicanus","House Finch","Fringillidae","Birds"
"Dendroica petechia","Yellow Warbler","Parulidae","Birds"
"Icterus galbula","Baltimore Oriole","Icteridae","Birds"
"Spizella arborea","American Tree Sparrow","Emberizidae","Birds"
"Progne subis","Purple Martin","Hirundinidae","Birds"
"Oenanthe oenanthe","Northern Wheatear","Muscicapidae","Birds"
"Larus minutus","Little Gull","Laridae","Birds"
"Gavia stellata","Red-Throated Diver","Gaviidae","Birds"
"Calidris alpina","Dunlin","Scolopacidae","Birds"
"Dendroica fusca","Blackburnian Warbler","Parulidae","Birds"
"Picoides tridactylus","Eurasian Three-Toed Woodpecker","Picidae","Birds"
"Calidris fuscicollis","White-Rumped Sandpiper","Scolopacidae","Birds"
"Caprimulgus vociferus","Whip-Poor-Will","Caprimulgidae","Birds"
"Archilochus colubris","Ruby-Throated Hummingbird","Trochilidae","Birds"
"Aix sponsa","Wood Duck","Anatidae","Birds"
"Phalacrocorax auritus","Double-Crested Cormorant","Phalacrocoracidae","Birds"
"Quiscalus quiscula","Common Grackle","Icteridae","Birds"
"Spizella pusilla","Field Sparrow","Emberizidae","Birds"
"Melospiza georgiana","Swamp Sparrow","Emberizidae","Birds"
"Dolichonyx oryzivorus","Bobolink","Icteridae","Birds"
"Pinicola enucleator","Pine Grosbeak","Fringillidae","Birds"
"Turdus migratorius","American Robin","Turdidae","Birds"
"Vireo gilvus","Warbling Vireo","Vireonidae","Birds"
"Pluvialis dominica","American Golden-Plover","Charadriidae","Birds"
"Calidris canutus","Red Knot","Scolopacidae","Birds"
"Dumetella carolinensis","Gray Catbird","Mimidae","Birds"
"Casmerodius albus","Great Egret","Ardeidae","Birds"
"Catharus ustulatus","Swainson's Thrush","Turdidae","Birds"
"Empidonax alnorum","Alder Flycatcher","Tyrannidae","Birds"
"Melanitta nigra","Common Scoter","Anatidae","Birds"
"Charadrius vociferus","Kildeer","Charadriidae","Birds"
"Numenius phaeopus","Whimbrel","Scolopacidae","Birds"
"Egretta gularis","Western Reef Egret","Ardeidae","Birds"
"Dendroica pensylvanica","Chestnut-Sided Warbler","Parulidae","Birds"
"Anas rubripes","American Black Duck","Anatidae","Birds"
"Stercorarius parasiticus","Arctic Skua","Stercorariidae","Birds"
"Regulus satrapa","Golden-Crowned Kinglet","Reguliidae","Birds"
"Bartramia longicauda","Upland Sandpiper","Scolopacidae","Birds"
"Pipilo erythrophthalmus","Eastern Towhee","Emberizidae","Birds"
"Ammodramus henslowii","Henslow's Sparrow","Emberizidae","Birds"
"Egretta garzetta","Mascarene Reef-Egret","Ardeidae","Birds"
"Loxia leucoptera","White-Winged Crossbill","Fringillidae","Birds"
"Scolopax minor","American Woodcock","Scolopacidae","Birds"
"Stercorarius longicaudus","Long-Tailed Skua","Stercorariidae","Birds"
"Larus glaucoides","Iceland Gull","Laridae","Birds"
"Zonotrichia albicollis","White-Throated Sparrow","Emberizidae","Birds"
"Anthus rubescens","Buff-Bellied Pipit","Motacillidae","Birds"
"Asio flammeus","Short-Eared Owl","Strigidae","Birds"
"Puffinus gravis","Great Shearwater","Procellariidae","Birds"
"Ammodramus savannarum","Grasshopper Sparrow","Emberizidae","Birds"
"Bucephala albeola","Bufflehead","Anatidae","Birds"
"Mergus serrator","Red-Breasted Merganser","Anatidae","Birds"
"Troglodytes troglodytes","Winter Wren","Troglodytidae","Birds"
"Falco peregrinus","Peregrine Falcon","Falconidae","Birds"
"Larus marinus","Great Black-Backed Gull","Laridae","Birds"
"Dendroica magnolia","Magnolia Warbler","Parulidae","Birds"
"Fulica atra","Common Coot","Rallidae","Birds"
"Rissa tridactyla","Kittiwake","Laridae","Birds"
"Accipiter striatus","Plain-Breasted Hawk","Accipitridae","Birds"
"Coturnicops noveboracensis","Yellow Rail","Rallidae","Birds"
"Dendroica aestiva","American Yellow Warbler","Parulidae","Birds"
"Sialia sialis","Eastern Bluebird","Turdidae","Birds"
"Sterna caspia","Caspian Tern","Laridae","Birds"
"Phoenicopterus ruber","American Flamingo","Phoenicopteridae","Birds"
"Calidris maritima","Purple Sandpiper","Scolopacidae","Birds"
"Baeolophus bicolor","Tufted Titmouse","Paridae","Birds"
"Dendragapus canadensis","Spruce Grouse","Phasianidae","Birds"
"Melanerpes erythrocephalus","Red-Headed Woodpecker","Picidae","Birds"
"Mimus polyglottos","Northern Mockingbird","Mimidae","Birds"
"Sterna hirundo","Common Tern","Laridae","Birds"
"Limnodromus scolopaceus","Long-Billed Dowitcher","Scolopacidae","Birds"
"Uria lomvia","Brünnich's Guillemot","Alcidae","Birds"
"Branta canadensis","Canada Goose","Anatidae","Birds"
"Picoides villosus","Hairy Woodpecker","Picidae","Birds"
"Bonasa umbellus","Ruffed Grouse","Phasianidae","Birds"
"Philomachus pugnax","Ruff","Scolopacidae","Birds"
"Riparia riparia","Sand Martin","Hirundinidae","Birds"
"Tyrannus melancholicus","Tropical Kingbird","Tyrannidae","Birds"
"Aquila chrysaetos","Golden Eagle","Accipitridae","Birds"
"Anas acuta","Northern Pintail","Anatidae","Birds"
"Haliaeetus leucocephalus","Bald Eagle","Accipitridae","Birds"
"Dendroica castanea","Bay-Breasted Warbler","Parulidae","Birds"
"Podiceps grisegena","Red-Necked Grebe","Podicipedidae","Birds"
"Accipiter gentilis","Goshawk","Accipitridae","Birds"
"Oporornis philadelphia","Mourning Warbler","Parulidae","Birds"
"Bubo virginianus","Great Horned Owl","Strigidae","Birds"
"Tringa melanoleuca","Greater Yellowlegs","Scolopacidae","Birds"
"Tyrannus savana","Fork-Tailed Flycatcher","Tyrannidae","Birds"
"Melospiza lincolnii","Lincoln's Sparrow","Emberizidae","Birds"
"Dendrocygna bicolor","Fulvous Whistling-Duck","Anatidae","Birds"
"Vireo flavifrons","Yellow-Throated Vireo","Vireonidae","Birds"
"Piranga olivacea","Scarlet Tanager","Cardinalidae","Birds"
"Puffinus puffinus","Manx Shearwater","Procellariidae","Birds"
"Steganopus tricolor","Wilson's Phalarope","Scolopacidae","Birds"
"Egretta thula","Snowy Egret","Ardeidae","Birds"
"Larus thayeri","Thayer's Gull","Laridae","Birds"
"Sayornis phoebe","Eastern Phoebe","Tyrannidae","Birds"
"Parkesia motacilla","Louisiana Waterthrush","Parulidae","Birds"
"Certhia americana","American Creeper","Certhiidae","Birds"
"Limosa haemastica","Hudsonian Godwit","Scolopacidae","Birds"
"Cygnus columbianus","Tundra Swan","Anatidae","Birds"
"Corvus corax","Common Raven","Corvidae","Birds"
"Ixobrychus exilis","Least Bittern","Ardeidae","Birds"
"Aegolius funereus","Boreal Owl","Strigidae","Birds"
"Bombycilla garrulus","Bohemian Waxwing","Bombycillidae","Birds"
"Podiceps auritus","Horned Grebe","Podicipedidae","Birds"
"Wilsonia pusilla","Wilson's Warbler","Parulidae","Birds"
"Cistothorus palustris","Marsh Wren","Troglodytidae","Birds"
"Fratercula arctica","Puffin","Alcidae","Birds"
"Sterna paradisaea","Artic Tern","Laridae","Birds"
"Megascops asio","Eastern Screech Owl","Strigidae","Birds"
"Dendroica palmarum","Palm Warbler","Parulidae","Birds"
"Alca torda","Razorbill","Alcidae","Birds"
"Bucephala clangula","Common Goldeneye","Anatidae","Birds"
"Melanitta perspicillata","Surf Scoter","Anatidae","Birds"
"Spizella pallida","Clay-Coloured Sparrow","Emberizidae","Birds"
"Oporornis agilis","Connecticut Warbler","Parulidae","Birds"
"Chen caerulescens","Snow Goose","Anatidae","Birds"
"Troglodytes aedon","House Wren","Troglodytidae","Birds"
"Carduelis hornemanni","Arctic Redpoll","Fringillidae","Birds"
"Cepphus grylle","Black Guillemot","Alcidae","Birds"
"Chordeiles minor","Common Nighthawk","Caprimulgidae","Birds"
"Oxyura jamaicensis","Ruddy Duck","Anatidae","Birds"
"Pheucticus ludovicianus","Rose-Breasted Grosbeak","Cardinalidae","Birds"
"Aythya americana","Redhead","Anatidae","Birds"
"Agelaius phoeniceus","Red-Winged Blackbird","Icteridae","Birds"
"Meleagris gallopavo","Common Turkey","Phasianidae","Birds"
"Chaetura pelagica","Chimney Swift","Apodidae","Birds"
"Anas strepera","Gadwall","Anatidae","Birds"
"Coccyzus erythropthalmus","Black-Billed Cuckoo","Cuculidae","Birds"
"Thryothorus ludovicianus","Carolina Wren","Troglodytidae","Birds"
"Vermivora celata","Orange-Crowned Warbler","Parulidae","Birds"
"Plegadis falcinellus","Glossy Ibis","Threskiornithidae","Birds"
"Dendroica virens","Black-Throated Green Warbler","Parulidae","Birds"
"Surnia ulula","Northern Hawk Owl","Strigidae","Birds"
"Podilymbus podiceps","Pied-Billed Grebe","Podicipedidae","Birds"
"Myiarchus crinitus","Great Crested Flycatcher","Tyrannidae","Birds"
"Empidonax traillii","Willow Flycatcher","Tyrannidae","Birds"
"Grus canadensis","Sandhill Crane","Gruidae","Birds"
"Melospiza melodia","Song Sparrow","Emberizidae","Birds"
"Sturnella magna","Eastern Meadowlark","Icteridae","Birds"
"Arenaria interpres","Ruddy Turnstone","Scolopacidae","Birds"
"Lagopus lagopus","Willow Ptarmigan","Phasianidae","Birds"
"Carduelis tristis","American Goldfinch","Fringillidae","Birds"
"Fulmarus glacialis","Fulmar","Procellariidae","Birds"
"Corvus brachyrhynchos","American Crow","Corvidae","Birds"
"Dendroica pinus","Pine Warbler","Parulidae","Birds"
"Contopus virens","Eastern Wood-Pewee","Tyrannidae","Birds"
"Canis latrans","Coyote","Canidae","Mammals"
"Marmota monax","Woodchuck","Sciuridae","Mammals"
"Orcinus orca","Killer Whale","Delphinidae","Mammals"
"Phoca vitulina","Harbour Seal","Phocidae","Mammals"
"Balaenoptera borealis","Sei Whale","Balaenopteridae","Mammals"
"Delphinus delphis","Atlantic Dolphin","Delphinidae","Mammals"
"Pusa hispida","Ringed Seal","Phocidae","Mammals"
"Sorex dispar","Rock Shrew","Soricidae","Mammals"
"Ondatra zibethicus","Musk Rat","Cricetidae","Mammals"
"Synaptomys cooperi","Southern Bog Lemming","Cricetidae","Mammals"
"Monodon monoceros","Narwhal","Monodontidae","Mammals"
"Condylura cristata","Star-Nosed Mole","Talpidae","Mammals"
"Balaenoptera physalus","Fin Whale","Balaenopteridae","Mammals"
"Mesoplodon mirus","True's Beaked Whale","Ziphiidae","Mammals"
"Odocoileus virginianus","White-Tailed Deer","Cervidae","Mammals"
"Vulpes lagopus","Arctic Fox","Canidae","Mammals"
"Lagenorhynchus albirostris","White Beaked Dolphin","Delphinidae","Mammals"
"Mustela frenata","Long Tailed Weasel","Mustelidae","Mammals"
"Blarina brevicauda","Mole Shrew","Soricidae","Mammals"
"Balaena mysticetus","Bowhead Whale","Balaenidae","Mammals"
"Megaptera novaeangliae","Humpback Whale","Balaenopteridae","Mammals"
"Sorex palustris","American Water Shrew","Soricidae","Mammals"
"Mesoplodon densirostris","Blainville's Beaked Whale","Ziphiidae","Mammals"
"Myotis lucifugus","Little Brown Bat","Vespertilionidae","Mammals"
"Tamias striatus","Eastern Chipmunk","Sciuridae","Mammals"
"Peromyscus leucopus","White-Footed Mouse","Cricetidae","Mammals"
"Cystophora cristata","Hooded Seal","Phocidae","Mammals"
"Lasiurus borealis","Red Bat","Vespertilionidae","Mammals"
"Grampus griseus","Risso's Dolphin","Delphinidae","Mammals"
"Urocyon cinereoargenteus","Gray Fox","Canidae","Mammals"
"Halichoerus grypus","Grey Seal","Phocidae","Mammals"
"Mustela nivalis","Weasel","Mustelidae","Mammals"
"Mustela erminea","Stoat","Mustelidae","Mammals"
"Lontra canadensis","Northern River Otter","Mustelidae","Mammals"
"Gulo gulo","Wolverine","Mustelidae","Mammals"
"Alces alces","Eurasian Elk","Cervidae","Mammals"
"Peromyscus maniculatus","Deer Mouse","Cricetidae","Mammals"
"Erignathus barbatus","Bearded Seal","Phocidae","Mammals"
"Sorex hoyi","Pygmy Shrew","Soricidae","Mammals"
"Physeter macrocephalus","Sperm Whale","Physeteridae","Mammals"
"Mephitis mephitis","Striped Skunk","Mephitidae","Mammals"
"Myotis leibii","Eastern Small Footed Myotis","Vespertilionidae","Mammals"
"Erethizon dorsatum","North American Porcupine","Erethizontidae","Mammals"
"Globicephala melas","Long Finned Pilot Whale","Delphinidae","Mammals"
"Eptesicus fuscus","Big Brown Bat","Vespertilionidae","Mammals"
"Castor canadensis","American Beaver","Castoridae","Mammals"
"Vulpes vulpes","Red Fox","Canidae","Mammals"
"Sciurus carolinensis","Eastern Grey Squirrel","Sciuridae","Mammals"
"Sorex cinereus","Masked Shrew","Soricidae","Mammals"
"Balaenoptera acutorostrata","Common Minke Whale","Balaenopteridae","Mammals"
"Myotis sodalis","Indiana Bat","Vespertilionidae","Mammals"
"Microtus pinetorum","Woodland Vole","Cricetidae","Mammals"
"Myodes gapperi","Southern Red Backed Vole","Cricetidae","Mammals"
"Lynx canadensis","Canada Lynx","Felidae","Mammals"
"Mus musculus","House Mouse","Muridae","Mammals"
"Microtus chrotorrhinus","Rock Vole","Cricetidae","Mammals"
"Myotis septentrionalis","Northern Myotis","Vespertilionidae","Mammals"
"Martes americana","American Marten","Mustelidae","Mammals"
"Pipistrellus subflavus","Eastern Pipistrelle","Vespertilionidae","Mammals"
"Napaeozapus insignis","Woodland Jumping Mouse","Dipodidae","Mammals"
"Neovison vison","American Mink","Mustelidae","Mammals"
"Parascalops breweri","Hairy-Tailed Mole","Talpidae","Mammals"
"Didelphis virginiana","Virginia Opossum","Didelphidae","Mammals"
"Canis lupus","Wolf","Canidae","Mammals"
"Hyperoodon ampullatus","Northern Bottlenose Whale","Ziphiidae","Mammals"
"Lepus arcticus","Arctic Hare","Leporidae","Mammals"
"Kogia breviceps","Pygmy Sperm Whale","Physeteridae","Mammals"
"Mesoplodon bidens","Sowerby's Beaked Whale","Ziphiidae","Mammals"
"Ursus maritimus","Polar Bear","Ursidae","Mammals"
"Lepus americanus","Snowshoe Hare","Leporidae","Mammals"
"Microtus pennsylvanicus","Meadow Vole","Cricetidae","Mammals"
"Sylvilagus floridanus","Eastern Cottontail","Leporidae","Mammals"
"Phocoena phocoena","Harbour Porpoise","Phocoenidae","Mammals"
"Cervus canadensis","null","Cervidae","Mammals"
"Dicrostonyx hudsonius","Ungava Collared Lemming","Cricetidae","Mammals"
"Lynx rufus","Bobcat","Felidae","Mammals"
"Zapus hudsonius","Meadow Jumping Mouse","Dipodidae","Mammals"
"Glaucomys volans","Southern Flying Squirrel","Sciuridae","Mammals"
"Sorex fumeus","Smoky Shrew","Soricidae","Mammals"
"Phenacomys ungava","Eastern Heather Vole","Cricetidae","Mammals"
"Lagenorhynchus acutus","Atlantic White Sided Dolphin","Delphinidae","Mammals"
"Rangifer tarandus","Reindeer","Cervidae","Mammals"
"Odobenus rosmarus","Walrus","Odobenidae","Mammals"
"Lasionycteris noctivagans","Silver-Haired Bat","Vespertilionidae","Mammals"
"Sorex arcticus","Arctic Shrew","Soricidae","Mammals"
"Eubalaena glacialis","North Atlantic Right Whale","Balaenidae","Mammals"
"Ursus americanus","American Black Bear","Ursidae","Mammals"
"Lasiurus cinereus","Hoary Bat","Vespertilionidae","Mammals"
"Synaptomys borealis","Northern Bog Lemming","Cricetidae","Mammals"
"Balaenoptera musculus","Blue Whale","Balaenopteridae","Mammals"
"Tamiasciurus hudsonicus","Red Squirrel","Sciuridae","Mammals"
"Procyon lotor","Raccoon","Procyonidae","Mammals"
"Pagophilus groenlandicus","Harp Seal","Phocidae","Mammals"
"Delphinapterus leucas","Beluga Whale","Monodontidae","Mammals"
"Martes pennanti","Fisher","Mustelidae","Mammals"
"Glaucomys sabrinus","Northern Flying Squirrel","Sciuridae","Mammals"
"Liochlorophis vernalis","Smooth Green Snake","Colubridae","Reptiles"
"Dermochelys coriacea","Leatherback Sea Turtle","Dermochelyidae","Reptiles"
"Caretta caretta","Loggerhead","Cheloniidae","Reptiles"
"Eumeces fasciatus","Five-Lined Skink","Scincidae","Reptiles"
"Eretmochelys imbricata","Hawksbill","Cheloniidae","Reptiles"
"Thamnophis sirtalis","Common Garter Snake","Colubridae","Reptiles"
"Lepidochelys olivacea","Pacific Ridley","Cheloniidae","Reptiles"
"Diadophis punctatus","Ringneck Snake","Colubridae","Reptiles"
"Storeria dekayi","Brown Snake","Colubridae","Reptiles"
"Nerodia sipedon","Northern Water Snake","Colubridae","Reptiles"
"Storeria occipitomaculata","Redbelly Snake","Colubridae","Reptiles"
"Lampropeltis triangulum","Eastern Milksnake","Colubridae","Reptiles"
"Thamnophis sauritus","Eastern Ribbonsnake","Colubridae","Reptiles"
"Apalone spinifera","Spiny Softshell","Trionychidae","Turtles (non-marine)"
"Chrysemys picta","Painted Turtle","Emydidae","Turtles (non-marine)"
"Clemmys guttata","Spotted Turtle","Emydidae","Turtles (non-marine)"
"Glyptemys insculpta","North American Wood Turtle","Emydidae","Turtles (non-marine)"
"Sternotherus odoratus","Common Musk Turtle","Kinosternidae","Turtles (non-marine)"
"Chelydra serpentina","Common Snapping Turtle","Chelydridae","Turtles (non-marine)"
"Ambystoma laterale","Blue-Spotted Salamander","Ambystomatidae","Amphibians"
"Lithobates pipiens","Peeping Frog","Ranidae","Amphibians"
"Eurycea bislineata","Northern Two-Lined Salamander","Plethodontidae","Amphibians"
"Gyrinophilus porphyriticus","Spring Salamander","Plethodontidae","Amphibians"
"Hyla chrysoscelis","Cope's Gray Treefrog","Hylidae","Amphibians"
"Lithobates sylvaticus","Wood Frog","Ranidae","Amphibians"
"Necturus maculosus","Mudpuppy","Proteidae","Amphibians"
"Pseudacris maculata","Boreal Chorus Frog","Hylidae","Amphibians"
"Plethodon cinereus","Eastern Red-Backed Salamander","Plethodontidae","Amphibians"
"Lithobates septentrionalis","Rocky Mountain Frog","Ranidae","Amphibians"
"Ambystoma maculatum","Brown-Spotted Salamander","Ambystomatidae","Amphibians"
"Notophthalmus viridescens","Eastern Newt","Salamandridae","Amphibians"
"Desmognathus fuscus","Black Ebbet","Plethodontidae","Amphibians"
"Anaxyrus americanus","American Toad","Bufonidae","Amphibians"
"Hyla versicolor","Gray Treefrog","Hylidae","Amphibians"
"Hemidactylium scutatum","Scaly Lizard","Plethodontidae","Amphibians"
"Ambystoma jeffersonianum","Granulated Salamander","Ambystomatidae","Amphibians"
"Desmognathus ochrophaeus","Triton","Plethodontidae","Amphibians"
"Lithobates palustris","Marsh Frog","Ranidae","Amphibians"
"Pseudotriton ruber","Red Salamander","Plethodontidae","Amphibians"
"Lithobates catesbeianus","Common Bullfrog","Ranidae","Amphibians"
"Lithobates clamitans","Bronze Frog","Ranidae","Amphibians"
"Pseudacris crucifer","Spring Peeper","Hylidae","Amphibians"
"Pomoxis nigromaculatus","Black Crappie","Centrarchidae","Fishes"
"Centroscyllium fabricii","Black Dogfish","Etmopteridae","Fishes"
"Notropis stramineus","Sand Shiner","Cyprinidae","Fishes"
"Aplodinotus grunniens","Freshwater Drum","Sciaenidae","Fishes"
"Ichthyomyzon fossor","Northern Brook Lamprey","Petromyzontidae","Fishes"
"Notropis hudsonius","Spottail Shiner","Cyprinidae","Fishes"
"Amblyraja radiata","Starry Ray","Rajidae","Fishes"
"Harriotta raleighana","Bigspine Spookfish","Rhinochimaeridae","Fishes"
"Percina caprodes","Zebra Fish","Percidae","Fishes"
"Luxilus cornutus","Common Shiner","Cyprinidae","Fishes"
"Morone saxatilis","Green Heads","Moronidae","Fishes"
"Semotilus atromaculatus","Creek Chub","Cyprinidae","Fishes"
"Thunnus thynnus","Bluefin Tuna","Scombridae","Fishes"
"Lepomis peltastes","Northern Sunfish","Centrarchidae","Fishes"
"Salmo salar","Common Atlantic Salmon","Salmonidae","Fishes"
"Tautogolabrus adspersus","Perch","Labridae","Fishes"
"Etheostoma flabellare","Fantail Darter","Percidae","Fishes"
"Cottus bairdii","Mottled Sculpin","Cottidae","Fishes"
"Moxostoma carinatum","River Redhorse","Catostomidae","Fishes"
"Petromyzon marinus","Sea Lamprey","Petromyzontidae","Fishes"
"Moxostoma macrolepidotum","Shorthead Redhorse","Catostomidae","Fishes"
"Acipenser fulvescens","Lake Sturgeon","Acipenseridae","Fishes"
"Hydrolagus affinis","Smalleyed Rabbitfish","Chimaeridae","Fishes"
"Micropterus dolomieu","Smallmouth Bass","Centrarchidae","Fishes"
"Notropis rubellus","Rosyface Shiner","Cyprinidae","Fishes"
"Hybognathus hankinsoni","Brassy Minnow","Cyprinidae","Fishes"
"Pungitius pungitius","Nine-Spined Stickleback","Gasterosteidae","Fishes"
"Sarda sarda","Atlantic Bonito","Scombridae","Fishes"
"Semotilus corporalis","Fallfish","Cyprinidae","Fishes"
"Amia calva","Bowfin","Amiidae","Fishes"
"Coregonus artedi","Cisco","Salmonidae","Fishes"
"Rhinichthys atratulus","Eastern Blacknose Dace","Cyprinidae","Fishes"
"Lepomis macrochirus","Bluegill","Centrarchidae","Fishes"
"Fundulus diaphanus","Banded Killifish","Fundulidae","Fishes"
"Ammocrypta pellucida","Eastern Sand Darter","Percidae","Fishes"
"Rajella fyllae","Round Ray","Rajidae","Fishes"
"Etheostoma olmstedi","Tessellated Darter","Percidae","Fishes"
"Somniosus microcephalus","Greenland Shark","Somniosidae","Fishes"
"Umbra limi","Central Mudminnow","Umbridae","Fishes"
"Salvelinus namaycush","Lake Trout","Salmonidae","Fishes"
"Cyprinella spiloptera","Spotfin Shiner","Cyprinidae","Fishes"
"Moxostoma hubbsi","Copper Redhorse","Catostomidae","Fishes"
"Cottus cognatus","Slimy Sculpin","Cottidae","Fishes"
"Lepomis gibbosus","Pumpkinseed","Centrarchidae","Fishes"
"Lagocephalus lagocephalus","Puffer","Tetraodontidae","Fishes"
"Hiodon alosoides","Goldeye","Hiodontidae","Fishes"
"Esox masquinongy","Lunge","Esocidae","Fishes"
"Cetorhinus maximus","Basking Shark","Cetorhinidae","Fishes"
"Coregonus zenthicus","Shortjaw Cisco","Salmonidae","Fishes"
"Dipturus laevis","Barndoor Skate","Rajidae","Fishes"
"Myoxocephalus thompsonii","Deepwater Sculpin","Cottidae","Fishes"
"Hybognathus regius","Eastern Silvery Minnow","Cyprinidae","Fishes"
"Percina copelandi","Channel Darter","Percidae","Fishes"
"Osmerus mordax","Rainbow Smelt","Osmeridae","Fishes"
"Luxilus chrysocephalus","Striped Shiner","Cyprinidae","Fishes"
"Moxostoma valenciennesi","Greater Redhorse","Catostomidae","Fishes"
"Pseudotriakis microdon","False Catshark","Pseudotriakidae","Fishes"
"Notropis heterolepis","Blacknose Shiner","Cyprinidae","Fishes"
"Sphoeroides maculatus","Northern Puffer","Tetraodontidae","Fishes"
"Pimephales promelas","Fathead Minnow","Cyprinidae","Fishes"
"Archosargus probatocephalus","Convictt Fish","Sparidae","Fishes"
"Rhizoprionodon terraenovae","Atlantic Sharpnose Shark","Carcharhinidae","Fishes"
"Gasterosteus aculeatus","Three-Spined Stickleback","Gasterosteidae","Fishes"
"Lamna nasus","Porbeagle","Lamnidae","Fishes"
"Catostomus commersonii","White Sucker","Catostomidae","Fishes"
"Ichthyomyzon unicuspis","Silver Lamprey","Petromyzontidae","Fishes"
"Lethenteron appendix","American Brook Lamprey","Petromyzontidae","Fishes"
"Scomber scombrus","Mackerel","Scombridae","Fishes"
"Alosa sapidissima","American Shad","Clupeidae","Fishes"
"Etheostoma nigrum","Johnny Darter","Percidae","Fishes"
"Squalus acanthias","Piked Dogfish","Squalidae","Fishes"
"Chrosomus neogaeus","Finescale Dace","Cyprinidae","Fishes"
"Pimephales notatus","Bluntnose Minnow","Cyprinidae","Fishes"
"Moxostoma anisurum","Silver Redhorse","Catostomidae","Fishes"
"Notropis bifrenatus","Bridle Shiner","Cyprinidae","Fishes"
"Lepisosteus osseus","Long Nosed Gar","Lepisosteidae","Fishes"
"Esox niger","Chain Pickerel","Esocidae","Fishes"
"Noturus insignis","Margined Madtom","Ictaluridae","Fishes"
"Noturus gyrinus","Tadpole Madtom","Ictaluridae","Fishes"
"Salvelinus fontinalis","Brook Trout","Salmonidae","Fishes"
"Dorosoma cepedianum","Gizzard Shad","Clupeidae","Fishes"
"Esox lucius","Pike","Esocidae","Fishes"
"Acipenser oxyrhynchus","American Atlantic Sturgeon","Acipenseridae","Fishes"
"Coregonus clupeaformis","Lake Whitefish","Salmonidae","Fishes"
"Carcharodon carcharias","Great White Shark","Lamnidae","Fishes"
"Cottus ricei","Spoonhead Sculpin","Cottidae","Fishes"
"Morone chrysops","White Bass","Moronidae","Fishes"
"Pomoxis annularis","White Crappie","Centrarchidae","Fishes"
"Ichthyomyzon castaneus","Chestnut Lamprey","Petromyzontidae","Fishes"
"Morone americana","White Perch","Moronidae","Fishes"
"Esox americanus","Grass Pickerel","Esocidae","Fishes"
"Chrosomus eos","Northern Redbelly Dace","Cyprinidae","Fishes"
"Alosa pseudoharengus","Alewife","Clupeidae","Fishes"
"Notropis atherinoides","Emerald Shiner","Cyprinidae","Fishes"
"Ambloplites rupestris","Rock Bass","Centrarchidae","Fishes"
"Lepomis cyanellus","Green Sunfish","Centrarchidae","Fishes"
"Notropis heterodon","Blackchin Shiner","Cyprinidae","Fishes"
"Catostomus catostomus","Longnose Sucker","Catostomidae","Fishes"
"Notropis volucellus","Mimic Shiner","Cyprinidae","Fishes"
"Anguilla rostrata","American Eel","Anguillidae","Fishes"
"Salvelinus alpinus","Arctic Charr","Salmonidae","Fishes"
"Hiodon tergisus","Mooneye","Hiodontidae","Fishes"
"Perca flavescens","Yellow Perch","Percidae","Fishes"
"Leucoraja ocellata","Winter Skate","Rajidae","Fishes"
"Leucoraja erinacea","Little Skate","Rajidae","Fishes"
"Alopias vulpinus","Thresher Shark","Alopiidae","Fishes"
"Micropterus salmoides","Largemouth Bass","Centrarchidae","Fishes"
"Malacoraja senta","Smooth Skate","Rajidae","Fishes"
"Rhinichthys cataractae","Longnose Dace","Cyprinidae","Fishes"
"Etheostoma exile","Iowa Darter","Percidae","Fishes"
"Noturus flavus","Stonecat","Ictaluridae","Fishes"
"Bathyraja spinicauda","Spinetail Ray","Arhynchobatidae","Fishes"
"Polygonia faunus","Faun","Nymphalidae","Butterflies"
"Satyrium caryaevorus","null","Lycaenidae","Butterflies"
"Euphydryas phaeton","Baltimore Checkerspot","Nymphalidae","Butterflies"
"Satyrium calanus","Banded Hairstreak","Lycaenidae","Butterflies"
"Euphyes vestris","Dun Skipper","Hesperiidae","Butterflies"
"Everes amyntula","Western Tailed-Blue","Lycaenidae","Butterflies"
"Papilio polyxenes","Black Swallowtail","Papilionidae","Butterflies"
"Precis coenia","Common Buckeye","Nymphalidae","Butterflies"
"Chlosyne harrisii","Harris' Checkerspot","Nymphalidae","Butterflies"
"Boloria frigga","Frigga Fritillary","Nymphalidae","Butterflies"
"Oeneis polixenes","Polixenes Arctic","Nymphalidae","Butterflies"
"Lycaena dorcas","Dorcas Copper","Lycaenidae","Butterflies"
"Danaus plexippus","Monarch","Nymphalidae","Butterflies"
"Nymphalis milberti","Milbert's Tortoiseshell","Nymphalidae","Butterflies"
"Plebejus saepiolus","Greenish Blue","Lycaenidae","Butterflies"
"Polites origenes","Crossline Skipper","Hesperiidae","Butterflies"
"Atrytonopsis hianna","Dusted Skipper","Hesperiidae","Butterflies"
"Pholisora catullus","Common Sootywing","Hesperiidae","Butterflies"
"Erebia discoidalis","Red-Disked Alpine","Nymphalidae","Butterflies"
"Erynnis icelus","Dreamy Dusky-Wing","Hesperiidae","Butterflies"
"Callophrys niphon","Eastern Pine Elfin","Lycaenidae","Butterflies"
"Aguna asander","Gold-Spotted Aguna","Hesperiidae","Butterflies"
"Oeneis macounii","Macoun's Arctic","Nymphalidae","Butterflies"
"Poanes hobomok","Hobomok Skipper","Hesperiidae","Butterflies"
"Hesperia leonardus","Leonard's Skipper","Hesperiidae","Butterflies"
"Erebia rossii","Ross' Alpine","Nymphalidae","Butterflies"
"Poanes viator","Broad-Winged Skipper","Hesperiidae","Butterflies"
"Lycaena epixanthe","Bog Copper","Lycaenidae","Butterflies"
"Pieris rapae","Cabbage White","Pieridae","Butterflies"
"Speyeria cybele","Great Spangled Fritillary","Nymphalidae","Butterflies"
"Poanes massasoit","Mulberry Wing","Hesperiidae","Butterflies"
"Ochlodes snowi","null","Hesperiidae","Butterflies"
"Megisto cymela","Little Wood-Satyr","Nymphalidae","Butterflies"
"Oeneis jutta","Jutta Arctic","Nymphalidae","Butterflies"
"Thymelicus lineola","Essex Skipper","Hesperiidae","Butterflies"
"Feniseca tarquinius","Harvester","Lycaenidae","Butterflies"
"Vanessa cardui","Painted Lady","Nymphalidae","Butterflies"
"Eurema lisa","Little Yellow","Pieridae","Butterflies"
"Polites mystic","Long Dash","Hesperiidae","Butterflies"
"Cercyonis pegala","Common Wood-Nymph","Nymphalidae","Butterflies"
"Colias philodice","Clouded Sulphur","Pieridae","Butterflies"
"Boloria bellona","Meadow Fritillary","Nymphalidae","Butterflies"
"Plebejus idas","Idas Blue","Lycaenidae","Butterflies"
"Papilio indra","Indra Swallowtail","Papilionidae","Butterflies"
"Lethe eurydice","Eyed Brown","Nymphalidae","Butterflies"
"Boloria improba","Dingy Fritillary","Nymphalidae","Butterflies"
"Polygonia interrogationis","Question Mark","Nymphalidae","Butterflies"
"Asterocampa celtis","Hackberry Emperor","Nymphalidae","Butterflies"
"Lycaena hyllus","Bronze Copper","Lycaenidae","Butterflies"
"Oeneis melissa","Melissa Arctic","Nymphalidae","Butterflies"
"Coenonympha tullia","Common Ringlet","Nymphalidae","Butterflies"
"Callophrys eryphon","Western Pine Elfin","Lycaenidae","Butterflies"
"Boloria titania","Titania's Fritillary","Nymphalidae","Butterflies"
"Euchloe olympia","Olympia Marble","Pieridae","Butterflies"
"Boloria eunomia","Bog Fritillary","Nymphalidae","Butterflies"
"Harkenclenus titus","Coral Hairstreak","Lycaenidae","Butterflies"
"Lycaena phlaes","null","Lycaenidae","Butterflies"
"Libytheana carinenta","American Snout","Nymphalidae","Butterflies"
"Erynnis juvenalis","Juvenal's Duskywing","Hesperiidae","Butterflies"
"Thorybes pylades","Northern Cloudywing","Hesperiidae","Butterflies"
"Speyeria idalia","Regal Fritillary","Nymphalidae","Butterflies"
"Erynnis martialis","Mottled Duskywing","Hesperiidae","Butterflies"
"Celastrina argiolus","Spring/Summer Azure","Lycaenidae","Butterflies"
"Boloria freija","Freija Fritillary","Nymphalidae","Butterflies"
"Erebia disa","Disa Alpine","Nymphalidae","Butterflies"
"Callophrys lanoraieensis","Bog Elfin","Lycaenidae","Butterflies"
"Callophrys henrici","Henry's Elfin","Lycaenidae","Butterflies"
"Pieris protodice","null","Pieridae","Butterflies"
"Polygonia satyrus","Satyr Anglewing","Nymphalidae","Butterflies"
"Satyrium acadica","Acadian Hairstreak","Lycaenidae","Butterflies"
"Phoebis sennae","Cloudless Sulphur","Pieridae","Butterflies"
"Nymphalis vaualbum","Compton Tortoiseshell","Nymphalidae","Butterflies"
"Amblyscirtes hegon","Pepper And Salt Skipper","Hesperiidae","Butterflies"
"Papilio brevicauda","Short-Tailed Swallowtail","Papilionidae","Butterflies"
"Callophrys augustus","null","Lycaenidae","Butterflies"
"Hesperia sassacus","Indian Skipper","Hesperiidae","Butterflies"
"Polites themistocles","Tawny-Edged Skipper","Hesperiidae","Butterflies"
"Epargyreus clarus","Silver-Spotted Skipper","Hesperiidae","Butterflies"
"Chlosyne nycteis","Silvery Checkerspot","Nymphalidae","Butterflies"
"Oeneis chryxus","Ivallda Arctic","Nymphalidae","Butterflies"
"Colias eurytheme","Orange Sulphur","Pieridae","Butterflies"
"Colias nastes","Labrador Sulphur","Pieridae","Butterflies"
"Vanessa atalanta","Red Admiral","Nymphalidae","Butterflies"
"Wallengrenia egeremet","Northern Broken-Dash","Hesperiidae","Butterflies"
"Ancyloxypha numitor","Least Skipper","Hesperiidae","Butterflies"
"Nymphalis antiopa","Mourning Cloak","Nymphalidae","Butterflies"
"Phyciodes batesii","Tawny Crescent","Nymphalidae","Butterflies"
"Papilio cresphontes","Giant Swallowtail","Papilionidae","Butterflies"
"Speyeria atlantis","Atlantis Fritillary","Nymphalidae","Butterflies"
"Pieris virginiensis","West Virginia White","Pieridae","Butterflies"
"Euphyes bimacula","Two-Spotted Skipper","Hesperiidae","Butterflies"
"Strymon melinus","Gray Hairstreak","Lycaenidae","Butterflies"
"Colias palaeno","Palaeno Sulphur","Pieridae","Butterflies"
"Colias pelidne","Pelidne Sulphur","Pieridae","Butterflies"
"Papilio machaon","Swallowtail","Papilionidae","Butterflies"
"Glaucopsyche lygdamus","Silvery Blue","Lycaenidae","Butterflies"
"Limenitis arthemis","Red-Spotted Admiral","Nymphalidae","Butterflies"
"Polygonia comma","Eastern Comma","Nymphalidae","Butterflies"
"Satyrium liparops","Striped Hairstreak","Lycaenidae","Butterflies"
"Boloria selene","Silver-Bordered Fritillary","Nymphalidae","Butterflies"
"Hesperia comma","Common Branded Skipper","Hesperiidae","Butterflies"
"Polygonia gracilis","Hoary Comma","Nymphalidae","Butterflies"
"Everes comyntas","Eastern Tailed-Blue","Lycaenidae","Butterflies"
"Amblyscirtes vialis","Common Roadside-Skipper","Hesperiidae","Butterflies"
"Carterocephalus palaemon","Arctic Skipper","Hesperiidae","Butterflies"
"Lethe anthedon","Northern Pearly-Eye","Nymphalidae","Butterflies"
"Speyeria aphrodite","Aphrodite Fritillary","Nymphalidae","Butterflies"
"Limenitis archippus","Viceroy","Nymphalidae","Butterflies"
"Polygonia progne","Gray Comma","Nymphalidae","Butterflies"
"Vanessa virginiensis","American Lady","Nymphalidae","Butterflies"
"Pyrgus centaurae","null","Hesperiidae","Butterflies"
"Satyrium edwardsii","Edwards' Hairstreak","Lycaenidae","Butterflies"
"Lethe appalachia","Appalachian Eyed Brown","Nymphalidae","Butterflies"
"Phyciodes morpheus","null","Nymphalidae","Butterflies"
"Callophrys polios","Hoary Elfin","Lycaenidae","Butterflies"
"Colias interior","Pink-Edged Sulphur","Pieridae","Butterflies"
"Erora laeta","Early Hairstreak","Lycaenidae","Butterflies"
"Bombus suckleyi","Suckley Cuckoo Bumble Bee","Apidae","Bumblebees"
"Bombus mixtus","Sanderson's Bumble Bee","Apidae","Bumblebees"
"Bombus variabilis","Yellow-Faced Bumblebee","Apidae","Bumblebees"
"Bombus balteatus","Golden-Belted Bumblebee","Apidae","Bumblebees"
"Bombus auricomus","Black And Gold Bumble Bee","Apidae","Bumblebees"
"Bombus citrinus","Indiscriminate Cuckoo Bumble Bee","Apidae","Bumblebees"
"Bombus polaris","Polar Bumble Bee","Apidae","Bumblebees"
"Bombus melanopygus","Black Tail Bumble Bee","Apidae","Bumblebees"
"Bombus terricola","Yellowbanded Bumble Bee","Apidae","Bumblebees"
"Bombus ternarius","Tri-Colored Bumble Bee","Apidae","Bumblebees"
"Bombus fervidus","Yellow Bumble Bee","Apidae","Bumblebees"
"Bombus impatiens","Indiscriminate Cuckoo Bumble Bee","Apidae","Bumblebees"
"Bombus pensylvanicus","American Bumble Bee","Apidae","Bumblebees"
"Bombus griseocollis","Brown-Belted Bumble Bee","Apidae","Bumblebees"
"Bombus hyperboreus","High Arctic Bumble Bee","Apidae","Bumblebees"
"Bombus sandersoni","Sanderson Bumble Bee","Apidae","Bumblebees"
"Bombus bimaculatus","Two-Spotted Bumble Bee","Apidae","Bumblebees"
"Bombus insularis","Orange-Rumped Bumblebee","Apidae","Bumblebees"
"Bombus flavidus","Fernald Cuckoo Bumble Bee","Apidae","Bumblebees"
"Bombus bohemicus","Barbut's Cuckoo-Bee","Apidae","Bumblebees"
"Bombus vagans","Half-Black Bumble Bee","Apidae","Bumblebees"
"Bombus sylvicola","Forest Bumble Bee","Apidae","Bumblebees"
"Bombus rufocinctus","Sanderson's Bumble Bee","Apidae","Bumblebees"
"Bombus jonellus","White Tail Bumble Bee","Apidae","Bumblebees"
"Bombus affinis","Rusty-Patched Bumblebee","Apidae","Bumblebees"
"Bombus perplexus","Red-Belted Bumble Bee","Apidae","Bumblebees"
"Bombus cryptarum","Cryptic Bumble Bee","Apidae","Bumblebees"
"Bombus frigidus","Frigid Bumble Bee","Apidae","Bumblebees"
"Bombus borealis","Northern Amber Bumble Bee","Apidae","Bumblebees"
"Enallagma clausum","Alkali Bluet","Coenagrionidae","Dragonflies"
"Aeshna clepsydra","Mottled Darner","Aeshnidae","Dragonflies"
"Lestes eurinus","Amber-Winged Spreadwing","Lestidae","Dragonflies"
"Enallagma minusculum","Little Bluet","Coenagrionidae","Dragonflies"
"Gomphus borealis","Beaverpond Clubtail","Gomphidae","Dragonflies"
"Enallagma boreale","Boreal Bluet","Coenagrionidae","Dragonflies"
"Ischnura posita","Fragile Forktail","Coenagrionidae","Dragonflies"
"Calopteryx amata","Superb Jewelwing","Calopterygidae","Dragonflies"
"Aeshna juncea","Common Hawker","Aeshnidae","Dragonflies"
"Ophiogomphus anomalus","Extra-Striped Snaketail","Gomphidae","Dragonflies"
"Somatochlora kennedyi","Kennedy's Emerald","Corduliidae","Dragonflies"
"Coenagrion interrogatum","Subarctic Bluet","Coenagrionidae","Dragonflies"
"Lestes dryas","Scarce Emerald Damselfly","Lestidae","Dragonflies"
"Gomphus descriptus","Harpoon Clubtail","Gomphidae","Dragonflies"
"Libellula quadrimaculata","Four-Spotted Chaser","Libellulidae","Dragonflies"
"Epitheca cynosura","Common Baskettail","Corduliidae","Dragonflies"
"Gomphus spicatus","Dusky Clubtail","Gomphidae","Dragonflies"
"Epitheca spinigera","Spiny Baskettail","Corduliidae","Dragonflies"
"Triacanthagyna caribbea","Caribbean Darner","Aeshnidae","Dragonflies"
"Somatochlora whitehousei","Whitehouse's Emerald","Corduliidae","Dragonflies"
"Nasiaeschna pentacantha","Cyrano Darner","Aeshnidae","Dragonflies"
"Somatochlora tenebrosa","Clamp-Tipped Emerald","Corduliidae","Dragonflies"
"Cordulegaster maculata","Twin-Spotted Spiketail","Cordulegastridae","Dragonflies"
"Epiaeschna heros","Swamp Darner","Aeshnidae","Dragonflies"
"Gomphus lividus","Ashy Clubtail","Gomphidae","Dragonflies"
"Celithemis elisa","Calico Pennant","Libellulidae","Dragonflies"
"Aeshna interrupta","Variable Darner","Aeshnidae","Dragonflies"
"Somatochlora williamsoni","Williamson's Emerald","Corduliidae","Dragonflies"
"Gomphus ventricosus","Skillet Clubtail","Gomphidae","Dragonflies"
"Aeshna subarctica","Subarctic Darner","Aeshnidae","Dragonflies"
"Sympetrum danae","Black Darter","Libellulidae","Dragonflies"
"Ophiogomphus mainensis","Maine Snaketail","Gomphidae","Dragonflies"
"Perithemis tenera","Eastern Amberwing","Libellulidae","Dragonflies"
"Enallagma ebrium","Marsh Bluet","Coenagrionidae","Dragonflies"
"Epitheca semiaquea","Mantled Baskettail","Corduliidae","Dragonflies"
"Sympetrum obtrusum","White-Faced Meadowhawk","Libellulidae","Dragonflies"
"Somatochlora forcipata","Forcipate Emerald","Corduliidae","Dragonflies"
"Enallagma antennatum","Rainbow Bluet","Coenagrionidae","Dragonflies"
"Coenagrion resolutum","Taiga Bluet","Coenagrionidae","Dragonflies"
"Lestes congener","Spotted Spreadwing","Lestidae","Dragonflies"
"Ladona exusta","White Corporal","Libellulidae","Dragonflies"
"Enallagma annexum","Northern Bluet","Coenagrionidae","Dragonflies"
"Lestes australis","Southern Spreadwing","Lestidae","Dragonflies"
"Pachydiplax longipennis","Blue Dasher","Libellulidae","Dragonflies"
"Somatochlora cingulata","Lake Emerald","Corduliidae","Dragonflies"
"Lestes forcipatus","Sweetflag Spreadwing","Lestidae","Dragonflies"
"Gomphus exilis","Lancet Clubtail","Gomphidae","Dragonflies"
"Celithemis eponina","Halloween Pennant","Libellulidae","Dragonflies"
"Stylurus scudderi","Zebra Clubtail","Gomphidae","Dragonflies"
"Aeshna umbrosa","Shadow Darner","Aeshnidae","Dragonflies"
"Leucorrhinia proxima","Belted Whiteface","Libellulidae","Dragonflies"
"Argia moesta","Powdered Dancer","Coenagrionidae","Dragonflies"
"Gomphus vastus","Cobra Clubtail","Gomphidae","Dragonflies"
"Enallagma geminatum","Skimming Bluet","Coenagrionidae","Dragonflies"
"Sympetrum rubicundulum","Ruby Meadowhawk","Libellulidae","Dragonflies"
"Hagenius brevistylus","Dragonhunter","Gomphidae","Dragonflies"
"Nehalennia irene","Sedge Sprite","Coenagrionidae","Dragonflies"
"Anax junius","Green Darner","Aeshnidae","Dragonflies"
"Ophiogomphus howei","Howe's Midget Snaketail","Gomphidae","Dragonflies"
"Epitheca princeps","Prince Baskettail","Corduliidae","Dragonflies"
"Ladona julia","Chalk-Fronted Corporal","Libellulidae","Dragonflies"
"Lestes unguiculatus","Lyre-Tipped Spreadwing","Lestidae","Dragonflies"
"Somatochlora franklini","Delicate Emerald","Corduliidae","Dragonflies"
"Dorocordulia libera","Racket-Tailed Emerald","Corduliidae","Dragonflies"
"Leucorrhinia frigida","Frosted Whiteface","Libellulidae","Dragonflies"
"Sympetrum internum","Cherry-Faced Meadowhawk","Libellulidae","Dragonflies"
"Calopteryx maculata","Ebony Jewelwing","Calopterygidae","Dragonflies"
"Stylurus amnicola","Riverine Clubtail","Gomphidae","Dragonflies"
"Leucorrhinia patricia","Canada Whiteface","Libellulidae","Dragonflies"
"Cordulegaster obliqua","Arrowhead Spiketail","Cordulegastridae","Dragonflies"
"Somatochlora septentrionalis","Muskeg Emerald","Corduliidae","Dragonflies"
"Plathemis lydia","Common Whitetail","Libellulidae","Dragonflies"
"Somatochlora walshii","Brush-Tipped Emerald","Corduliidae","Dragonflies"
"Sympetrum corruptum","Variegated Meadowhawk","Libellulidae","Dragonflies"
"Aeshna canadensis","Canada Darner","Aeshnidae","Dragonflies"
"Sympetrum vicinum","Autumn Meadowhawk","Libellulidae","Dragonflies"
"Lestes inaequalis","Elegant Spreadwing","Lestidae","Dragonflies"
"Gomphus adelphus","Mustached Clubtail","Gomphidae","Dragonflies"
"Libellula cyanea","Spangled Skimmer","Libellulidae","Dragonflies"
"Anax longipes","Comet Darner","Aeshnidae","Dragonflies"
"Amphiagrion saucium","Eastern Red Damsel","Coenagrionidae","Dragonflies"
"Enallagma signatum","Orange Bluet","Coenagrionidae","Dragonflies"
"Boyeria grafiana","Ocellated Darner","Aeshnidae","Dragonflies"
"Ophiogomphus carolus","Riffle Snaketail","Gomphidae","Dragonflies"
"Somatochlora elongata","Ski-Tipped Emerald","Corduliidae","Dragonflies"
"Ischnura hastata","Citrine Forktail","Coenagrionidae","Dragonflies"
"Tramea lacerata","Black Saddlebags","Libellulidae","Dragonflies"
"Nehalennia gracilis","Sphagnum Sprite","Coenagrionidae","Dragonflies"
"Basiaeschna janata","Springtime Darner","Aeshnidae","Dragonflies"
"Aeshna eremita","Lake Darner","Aeshnidae","Dragonflies"
"Gomphaeschna furcillata","Harlequin Darner","Aeshnidae","Dragonflies"
"Erythemis simplicicollis","Eastern Pondhawk","Libellulidae","Dragonflies"
"Neurocordulia yamaskanensis","Stygian Shadowdragon","Corduliidae","Dragonflies"
"Lanthus vernalis","Southern Pygmy Clubtail","Gomphidae","Dragonflies"
"Leucorrhinia intacta","Dot-Tailed Whiteface","Libellulidae","Dragonflies"
"Pantala flavescens","Wandering Glider","Libellulidae","Dragonflies"
"Enallagma exsulans","Stream Bluet","Coenagrionidae","Dragonflies"
"Leucorrhinia hudsonica","Hudsonian Whiteface","Libellulidae","Dragonflies"
"Gomphus fraternus","Midland Clubtail","Gomphidae","Dragonflies"
"Enallagma hageni","Hagen's Bluet","Coenagrionidae","Dragonflies"
"Cordulegaster diastatops","Delta-Spotted Spiketail","Cordulegastridae","Dragonflies"
"Enallagma carunculatum","Tule Bluet","Coenagrionidae","Dragonflies"
"Ophiogomphus colubrinus","Boreal Snaketail","Gomphidae","Dragonflies"
"Pantala hymenaea","Spot-Winged Glider","Libellulidae","Dragonflies"
"Aeshna verticalis","Green-Striped Darner","Aeshnidae","Dragonflies"
"Helocordulia uhleri","Uhler's Sundragon","Corduliidae","Dragonflies"
"Epitheca canis","Beaverpond Baskettail","Corduliidae","Dragonflies"
"Dorocordulia lepida","Petite Emerald","Corduliidae","Dragonflies"
"Ophiogomphus rupinsulensis","Rusty Snaketail","Gomphidae","Dragonflies"
"Somatochlora brevicincta","Quebec Emerald","Corduliidae","Dragonflies"
"Aeshna tuberculifera","Black-Tipped Darner","Aeshnidae","Dragonflies"
"Arigomphus cornutus","Horned Clubtail","Gomphidae","Dragonflies"
"Neurocordulia michaeli","Broad-Tailed Shadowdragon","Corduliidae","Dragonflies"
"Somatochlora minor","Ocellated Emerald","Corduliidae","Dragonflies"
"Aeshna constricta","Lance-Tipped Darner","Aeshnidae","Dragonflies"
"Enallagma aspersum","Azure Bluet","Coenagrionidae","Dragonflies"
"Lestes disjunctus","Northern Spreadwing","Lestidae","Dragonflies"
"Macromia illinoiensis","Swift River Cruiser","Corduliidae","Dragonflies"
"Lanthus parvulus","Northern Pygmy Clubtail","Gomphidae","Dragonflies"
"Chromagrion conditum","Aurora Damsel","Coenagrionidae","Dragonflies"
"Stylurus spiniceps","Arrow Clubtail","Gomphidae","Dragonflies"
"Nannothemis bella","Elfin Skimmer","Libellulidae","Dragonflies"
"Lestes vigilax","Swamp Spreadwing","Lestidae","Dragonflies"
"Dromogomphus spinosus","Black-Shouldered Spinyleg","Gomphidae","Dragonflies"
"Somatochlora incurvata","Incurvate Emerald","Corduliidae","Dragonflies"
"Enallagma vernale","Vernal Bluet","Coenagrionidae","Dragonflies"
"Calopteryx aequabilis","River Jewelwing","Calopterygidae","Dragonflies"
"Enallagma civile","Familiar Bluet","Coenagrionidae","Dragonflies"
"Boyeria vinosa","Fawn Darner","Aeshnidae","Dragonflies"
"Ischnura verticalis","Eastern Forktail","Coenagrionidae","Dragonflies"
"Enallagma vesperum","Vesper Bluet","Coenagrionidae","Dragonflies"
"Cordulia shurtleffi","American Emerald","Corduliidae","Dragonflies"
"Libellula incesta","Slaty Skimmer","Libellulidae","Dragonflies"
"Lestes rectangularis","Slender Spreadwing","Lestidae","Dragonflies"
"Stylurus notatus","Elusive Clubtail","Gomphidae","Dragonflies"
"Sympetrum semicinctum","Band-Winged Meadowhawk","Libellulidae","Dragonflies"
"Argia fumipennis","Variable Dancer","Coenagrionidae","Dragonflies"
"Arigomphus furcifer","Lilypad Clubtail","Gomphidae","Dragonflies"
"Stylogomphus albistylus","Eastern Least Clubtail","Gomphidae","Dragonflies"
"Sympetrum costiferum","Saffron-Winged Meadowhawk","Libellulidae","Dragonflies"
"Leucorrhinia glacialis","Crimson-Ringed Whiteface","Libellulidae","Dragonflies"
"Neurocordulia obsoleta","Umber Shadowdragon","Corduliidae","Dragonflies"
"Aeshna septentrionalis","Azure Darner","Aeshnidae","Dragonflies"
"Ophiogomphus aspersus","Brook Snaketail","Gomphidae","Dragonflies"
"Libellula luctuosa","Widow Skimmer","Libellulidae","Dragonflies"
"Aeshna sitchensis","Zigzag Darner","Aeshnidae","Dragonflies"
"Gomphus quadricolor","Rapids Clubtail","Gomphidae","Dragonflies"
"Somatochlora albicincta","Ringed Emerald","Corduliidae","Dragonflies"
"Libellula pulchella","Twelve-Spotted Skimmer","Libellulidae","Dragonflies"
"Tilia americana","American Basswood","Malvaceae","Trees"
"Amelanchier arborea","Downy Serviceberry","Rosaceae","Trees"
"Carpinus caroliniana","American Hornbeam","Betulaceae","Trees"
"Cornus rugosa","Round-Leaf Dogwood","Cornaceae","Trees"
"Sorbus americana","American Mountain-Ash","Rosaceae","Trees"
"Taxus canadensis","Canadian Yew","Taxaceae","Trees"
"Picea mariana","Black Spruce","Pinaceae","Trees"
"Tsuga canadensis","Eastern Hemlock","Pinaceae","Trees"
"Salix exigua","Sandbar Willow","Salicaceae","Trees"
"Betula nana","Dwarf Birch","Betulaceae","Trees"
"Corylus cornuta","Beaked Hazelnut","Betulaceae","Trees"
"Viburnum lentago","Nannyberry","Adoxaceae","Trees"
"Populus balsamifera","Balsam Poplar","Salicaceae","Trees"
"Ilex verticillata","Virginia Winterberry","Aquifoliaceae","Trees"
"Salix lucida","Shining Willow","Salicaceae","Trees"
"Acer saccharum","Sugar Maple","Sapindaceae","Trees"
"Salix discolor","American Pussy Willow","Salicaceae","Trees"
"Alnus rugosa","Speckled Alder","Betulaceae","Trees"
"Cornus racemosa","Panicled Dogwood","Cornaceae","Trees"
"Salix alaxensis","Felt-Leaf Willow","Salicaceae","Trees"
"Quercus macrocarpa","Mossy-Cup Oak","Fagaceae","Trees"
"Acer nigrum","Black Maple","Sapindaceae","Trees"
"Quercus bicolor","Swamp White Oak","Fagaceae","Trees"
"Salix pyrifolia","Balsam Willow","Salicaceae","Trees"
"Betula alleghaniensis","Yellow Birch","Betulaceae","Trees"
"Populus grandidentata","Bigtooth Aspen","Salicaceae","Trees"
"Salix nigra","Black Willow","Salicaceae","Trees"
"Salix bebbiana","Gray Willow","Salicaceae","Trees"
"Picea glauca","White Spruce","Pinaceae","Trees"
"Betula lenta","Sweet Birch","Betulaceae","Trees"
"Salix sericea","Silky Willow","Salicaceae","Trees"
"Ptelea trifoliata","Hoptree","Rutaceae","Trees"
"Sorbus decora","Northern Mountain-Ash","Rosaceae","Trees"
"Carya ovata","Shagbark Hickory","Juglandaceae","Trees"
"Picea rubens","Red Spruce","Pinaceae","Trees"
"Juniperus horizontalis","Creeping Juniper","Cupressaceae","Trees"
"Ulmus americana","American Elm","Ulmaceae","Trees"
"Zanthoxylum americanum","Toothachetree","Rutaceae","Trees"
"Fraxinus americana","White Ash","Oleaceae","Trees"
"Staphylea trifolia","American Bladdernut","Staphyleaceae","Trees"
"Prunus virginiana","Chokecherry","Rosaceae","Trees"
"Ulmus thomasii","Cork Elm","Ulmaceae","Trees"
"Cephalanthus occidentalis","Common Buttonbush","Rubiaceae","Trees"
"Quercus rubra","Red Oak","Fagaceae","Trees"
"Pinus banksiana","Jack Pine","Pinaceae","Trees"
"Rhus glabra","Smooth Sumac","Anacardiaceae","Trees"
"Amelanchier alnifolia","Juneberry","Rosaceae","Trees"
"Prunus serotina","Black Cherry","Rosaceae","Trees"
"Pinus rigida","Pitch Pine","Pinaceae","Trees"
"Populus deltoides","Eastern Cottonwood","Salicaceae","Trees"
"Prunus nigra","Black Plum","Rosaceae","Trees"
"Juniperus communis","Common Juniper","Cupressaceae","Trees"
"Prunus pensylvanica","Bird Cherry","Rosaceae","Trees"
"Salix pellita","Satiny Willow","Salicaceae","Trees"
"Ostrya virginiana","Ironwood","Betulaceae","Trees"
"Acer spicatum","Moose Maple","Sapindaceae","Trees"
"Celtis occidentalis","Hackberry","Cannabaceae","Trees"
"Rhus typhina","Staghorn Sumac","Anacardiaceae","Trees"
"Carya cordiformis","Pignut","Juglandaceae","Trees"
"Viburnum trilobum","American Cranberrybush","Adoxaceae","Trees"
"Hamamelis virginiana","Witch-Hazel","Hamamelidaceae","Trees"
"Populus tremuloides","Quaking Aspen","Salicaceae","Trees"
"Juniperus virginiana","American Juniper","Cupressaceae","Trees"
"Acer saccharinum","Silver Maple","Sapindaceae","Trees"
"Amelanchier sanguinea","Huron Serviceberry","Rosaceae","Trees"
"Myrica pensylvanica","Swamp Candleberry","Myricaceae","Trees"
"Salix amygdaloides","Peach-Leaf Willow","Salicaceae","Trees"
"Sambucus canadensis","Elderberry","Adoxaceae","Trees"
"Thuja occidentalis","Arborvitae","Cupressaceae","Trees"
"Salix petiolaris","Slender Willow","Salicaceae","Trees"
"Pinus strobus","Eastern White Pine","Pinaceae","Trees"
"Larix laricina","Tamarack Larch","Pinaceae","Trees"
"Cornus stolonifera","Redosier","Cornaceae","Trees"
"Toxicodendron vernix","Poison Sumac","Anacardiaceae","Trees"
"Ulmus rubra","Slippery Elm","Ulmaceae","Trees"
"Betula populifolia","Fire Birch","Betulaceae","Trees"
"Cornus alternifolia","Pagoda Dogwood","Cornaceae","Trees"
"Fagus grandifolia","American Beech","Fagaceae","Trees"
"Betula papyrifera","Paper Birch","Betulaceae","Trees"
"Fraxinus pennsylvanica","Red Ash","Oleaceae","Trees"
"Abies balsamea","Canada Balsam","Pinaceae","Trees"
"Acer pensylvanicum","Goosefoot","Sapindaceae","Trees"
"Acer rubrum","Red Maple","Sapindaceae","Trees"
"Juglans cinerea","White Walnut","Juglandaceae","Trees"
"Quercus alba","White Oak","Fagaceae","Trees"
"Pinus resinosa","Red Pine","Pinaceae","Trees"
"Fraxinus nigra","Black Ash","Oleaceae","Trees"
"Picea glauca","White Spruce","Pinaceae","Conifers"
"Juniperus horizontalis","Creeping Juniper","Cupressaceae","Conifers"
"Picea rubens","Red Spruce","Pinaceae","Conifers"
"Tsuga canadensis","Eastern Hemlock","Pinaceae","Conifers"
"Picea mariana","Black Spruce","Pinaceae","Conifers"
"Taxus canadensis","Canadian Yew","Taxaceae","Conifers"
"Abies balsamea","Canada Balsam","Pinaceae","Conifers"
"Pinus rigida","Pitch Pine","Pinaceae","Conifers"
"Pinus banksiana","Jack Pine","Pinaceae","Conifers"
"Pinus resinosa","Red Pine","Pinaceae","Conifers"
"Juniperus virginiana","American Juniper","Cupressaceae","Conifers"
"Juniperus communis","Common Juniper","Cupressaceae","Conifers"
"Thuja occidentalis","Arborvitae","Cupressaceae","Conifers"
"Pinus strobus","Eastern White Pine","Pinaceae","Conifers"
"Larix laricina","Tamarack Larch","Pinaceae","Conifers"
