Downloaded from https://mol.org on Jun 23, 2022. Inclusive species list based on approximate intersections with Political boundary polygon for the Anhui region. 


"Scientific Name","Common Name","Family","Taxonomic Group"
"Alcedo atthis","Common Kingfisher","Alcedinidae","Birds"
"Pucrasia macrolopha","Koklass Pheasant","Phasianidae","Birds"
"Centropus bengalensis","Lesser Coucal","Cuculidae","Birds"
"Anser cygnoides","Swan Goose","Anatidae","Birds"
"Parus palustris","Black-Bibbed Tit","Paridae","Birds"
"Enicurus leschenaulti","White-Crowned Forktail","Muscicapidae","Birds"
"Scolopax rusticola","Woodcock","Scolopacidae","Birds"
"Anas querquedula","Garganey","Anatidae","Birds"
"Bradypterus tacsanowskius","Chinese Bush-Warbler","Sylviidae","Birds"
"Prunella collaris","Alpine Accentor","Prunellidae","Birds"
"Urosphena squameiceps","Scaly-Headed Stubtail","Sylviidae","Birds"
"Emberiza fucata","Chestnut-Eared Bunting","Emberizidae","Birds"
"Grus leucogeranus","Siberian Crane","Gruidae","Birds"
"Accipiter gentilis","Goshawk","Accipitridae","Birds"
"Brachypteryx montana","Blue Shortwing","Turdidae","Birds"
"Limosa limosa","Black-Tailed Godwit","Scolopacidae","Birds"
"Phylloscopus proregulus","Pallas's Leaf Warbler","Sylviidae","Birds"
"Enicurus scouleri","Little Forktail","Muscicapidae","Birds"
"Grus vipio","White-Naped Crane","Gruidae","Birds"
"Anas acuta","Northern Pintail","Anatidae","Birds"
"Aquila chrysaetos","Golden Eagle","Accipitridae","Birds"
"Remiz consobrinus","Chinese Penduline Tit","Remizidae","Birds"
"Riparia riparia","Sand Martin","Hirundinidae","Birds"
"Rhyacornis fuliginosa","Plumbeous Water Redstart","Muscicapidae","Birds"
"Dicrurus hottentottus","Hair-Crested Drongo","Dicruridae","Birds"
"Calandrella cheleensis","Asian Short-Toed Lark","Alaudidae","Birds"
"Ciconia boyciana","Oriental White Stork","Ciconiidae","Birds"
"Falco amurensis","Amur Falcon","Falconidae","Birds"
"Lanius sphenocercus","Chinese Grey Shrike","Laniidae","Birds"
"Sterna hirundo","Common Tern","Laridae","Birds"
"Vanellus vanellus","Lapwing","Charadriidae","Birds"
"Locustella fasciolata","Gray's Grasshopper-Warbler","Sylviidae","Birds"
"Grus grus","Common Crane","Gruidae","Birds"
"Lonchura striata","White-Rumped Munia","Estrildidae","Birds"
"Garrulax perspicillatus","Spectacled Laughingthrush","Timaliidae","Birds"
"Charadrius dubius","Little Ringed Plover","Charadriidae","Birds"
"Gallicrex cinerea","Watercock","Rallidae","Birds"
"Pica pica","Black-Billed Magpie","Corvidae","Birds"
"Streptopelia tranquebarica","Red-Collared Dove","Columbidae","Birds"
"Aquila clanga","Greater Spotted Eagle","Accipitridae","Birds"
"Sterna caspia","Caspian Tern","Laridae","Birds"
"Mergellus albellus","Smew","Anatidae","Birds"
"Ciconia nigra","Black Stork","Ciconiidae","Birds"
"Terpsiphone paradisi","Asian Paradise-Flycatcher","Monarchidae","Birds"
"Pelecanus crispus","Dalmatian Pelican","Pelecanidae","Birds"
"Gallirallus striatus","Blue-Breasted Banded Rail","Rallidae","Birds"
"Emberiza chrysophrys","Yellow-Browed Bunting","Emberizidae","Birds"
"Accipiter soloensis","Chinese Goshawk","Accipitridae","Birds"
"Podiceps cristatus","Great Crested Grebe","Podicipedidae","Birds"
"Calandrella brachydactyla","Short-Toed Lark","Alaudidae","Birds"
"Megaceryle lugubris","Crested Kingfisher","Alcedinidae","Birds"
"Zoothera citrina","Orange-Headed Thrush","Turdidae","Birds"
"Corvus macrorhynchos","Large-Billed Crow","Corvidae","Birds"
"Cinclus pallasii","Brown Dipper","Cinclidae","Birds"
"Numenius arquata","Eurasian Curlew","Scolopacidae","Birds"
"Parus major","Great Tit","Paridae","Birds"
"Hirundo daurica","Red-Rumped Swallow","Hirundinidae","Birds"
"Fulica atra","Common Coot","Rallidae","Birds"
"Emberiza pusilla","Little Bunting","Emberizidae","Birds"
"Falco peregrinus","Peregrine Falcon","Falconidae","Birds"
"Pyrrhocorax pyrrhocorax","Red-Billed Chough","Corvidae","Birds"
"Passer montanus","Eurasian Tree Sparrow","Passeridae","Birds"
"Troglodytes troglodytes","Winter Wren","Troglodytidae","Birds"
"Streptopelia orientalis","Oriental Turtle Dove","Columbidae","Birds"
"Zoothera dauma","Scaly Thrush","Turdidae","Birds"
"Cuculus fugax","Fugitive Hawk-Cuckoo","Cuculidae","Birds"
"Prinia inornata","Plain Prinia","Cisticolidae","Birds"
"Eurystomus orientalis","Eastern Broad-Billed Roller","Coraciidae","Birds"
"Falco tinnunculus","Common Kestrel","Falconidae","Birds"
"Dendrocopos major","Great Spotted Woodpecker","Picidae","Birds"
"Platalea leucorodia","Eurasian Spoonbill","Threskiornithidae","Birds"
"Picumnus innominatus","Speckled Piculet","Picidae","Birds"
"Asio flammeus","Short-Eared Owl","Strigidae","Birds"
"Anas poecilorhyncha","Spot-Billed Duck","Anatidae","Birds"
"Egretta eulophotes","Swinhoe's Egret","Ardeidae","Birds"
"Anthus rubescens","Buff-Bellied Pipit","Motacillidae","Birds"
"Luscinia calliope","Siberian Rubythroat","Muscicapidae","Birds"
"Dendrocopos canicapillus","Grey-Capped Woodpecker","Picidae","Birds"
"Corvus dauuricus","Daurian Jackdaw","Corvidae","Birds"
"Cuculus sparverioides","Large Hawk-Cuckoo","Cuculidae","Birds"
"Anthus hodgsoni","Olive-Backed Pipit","Motacillidae","Birds"
"Egretta garzetta","Mascarene Reef-Egret","Ardeidae","Birds"
"Alcippe morrisonia","Grey-Cheeked Fulvetta","Timaliidae","Birds"
"Pitta nympha","Fairy Pitta","Pittidae","Birds"
"Lonchura punctulata","Nutmeg Munia","Estrildidae","Birds"
"Lanius schach","Long-Tailed Shrike","Laniidae","Birds"
"Anas penelope","Eurasian Wigeon","Anatidae","Birds"
"Tichodroma muraria","Wallcreeper","Sittidae","Birds"
"Pluvialis fulva","Pacific Golden Plover","Charadriidae","Birds"
"Pericrocotus cantonensis","Brown-Rumped Minivet","Campephagidae","Birds"
"Casmerodius albus","Great Egret","Ardeidae","Birds"
"Urosphena subulata","Timor Stubtail","Sylviidae","Birds"
"Lanius cristatus","Brown Shrike","Laniidae","Birds"
"Caprimulgus indicus","Jungle Nightjar","Caprimulgidae","Birds"
"Glareola maldivarum","Oriental Pratincole","Glareolidae","Birds"
"Cuculus canorus","Common Cuckoo","Cuculidae","Birds"
"Myophonus caeruleus","Himalayan Whistling-Thrush","Turdidae","Birds"
"Dendrocopos leucotos","White-Backed Woodpecker","Picidae","Birds"
"Emberiza rustica","Rustic Bunting","Emberizidae","Birds"
"Pycnonotus xanthorrhous","Anderson's Bulbul","Pycnonotidae","Birds"
"Coracina melaschistos","Black-Winged Cuckoo-Shrike","Campephagidae","Birds"
"Nettapus coromandelianus","Cotton Pygmy-Goose","Anatidae","Birds"
"Macropygia unchall","Bar-Tailed Cuckoo-Dove","Columbidae","Birds"
"Chlidonias hybrida","Whiskered Tern","Laridae","Birds"
"Cyanopica cyanus","Azure-Winged Magpie","Corvidae","Birds"
"Pomatorhinus ruficollis","Streak-Breasted Scimitar-Babbler","Timaliidae","Birds"
"Cuculus poliocephalus","Lesser Cuckoo","Cuculidae","Birds"
"Syrmaticus ellioti","Elliot's Pheasant","Phasianidae","Birds"
"Aquila heliaca","Imperial Eagle","Accipitridae","Birds"
"Calidris alpina","Dunlin","Scolopacidae","Birds"
"Spizixos semitorques","Collared Finchbill","Pycnonotidae","Birds"
"Larus minutus","Little Gull","Laridae","Birds"
"Ixobrychus flavicollis","Black Bittern","Ardeidae","Birds"
"Zoothera sibirica","Siberian Thrush","Turdidae","Birds"
"Tringa ochropus","Green Sandpiper","Scolopacidae","Birds"
"Stigmatopelia chinensis","Spotted Dove","Columbidae","Birds"
"Actitis hypoleucos","Common Sandpiper","Scolopacidae","Birds"
"Chrysolophus pictus","Golden Pheasant","Phasianidae","Birds"
"Seicercus valentini","Bianchi's Warbler","Sylviidae","Birds"
"Sterna albifrons","Little Tern","Laridae","Birds"
"Otus bakkamoena","Collared Scops Owl","Strigidae","Birds"
"Bubulcus ibis","Cattle Egret","Ardeidae","Birds"
"Emberiza yessoensis","Japanese Reed Bunting","Emberizidae","Birds"
"Cettia canturians","Manchurian Bush Warbler","Sylviidae","Birds"
"Tyto longimembris","Eastern Grass Owl","Tytonidae","Birds"
"Mergus squamatus","Chinese Merganser","Anatidae","Birds"
"Monticola rufiventris","Chestnut-Bellied Rock-Thrush","Muscicapidae","Birds"
"Hypsipetes mcclellandii","Mountain Bulbul","Pycnonotidae","Birds"
"Eophona migratoria","Yellow-Billed Grosbeak","Fringillidae","Birds"
"Rallus aquaticus","Water Rail","Rallidae","Birds"
"Rhinomyias brunneatus","Brown-Chested Jungle-Flycatcher","Muscicapidae","Birds"
"Amaurornis phoenicurus","White-Breasted Waterhen","Rallidae","Birds"
"Dendrocitta formosae","Grey Treepie","Corvidae","Birds"
"Carduelis spinus","Eurasian Siskin","Fringillidae","Birds"
"Microhierax melanoleucos","Pied Falconet","Falconidae","Birds"
"Phylloscopus armandii","Yellow-Streaked Warbler","Sylviidae","Birds"
"Perdix dauurica","Daurian Partridge","Phasianidae","Birds"
"Porzana paykullii","Band-Bellied Crake","Rallidae","Birds"
"Athene noctua","Little Owl","Strigidae","Birds"
"Anas clypeata","Northern Shoveler","Anatidae","Birds"
"Phylloscopus inornatus","Yellow-Browed Warbler","Sylviidae","Birds"
"Strix uralensis","Ural Owl","Strigidae","Birds"
"Jynx torquilla","Eurasian Wryneck","Picidae","Birds"
"Columba leuconota","Snow Pigeon","Columbidae","Birds"
"Larus cachinnans","Caspian Gull","Laridae","Birds"
"Dendrocygna javanica","Lesser Whistling-Duck","Anatidae","Birds"
"Nycticorax nycticorax","Black-Crowned Night-Heron","Ardeidae","Birds"
"Anser erythropus","Lesser White-Fronted Goose","Anatidae","Birds"
"Columba rupestris","Hill Pigeon","Columbidae","Birds"
"Ibidorhyncha struthersii","Ibisbill","Ibidorhynchidae","Birds"
"Aquila fasciatus","Bonelli's Eagle","Accipitridae","Birds"
"Phylloscopus schwarzi","Radde's Warbler","Sylviidae","Birds"
"Sturnus sturninus","Daurian Starling","Sturnidae","Birds"
"Phylloscopus coronatus","Temminck's Crowned Warbler","Sylviidae","Birds"
"Anser fabalis","Bean Goose","Anatidae","Birds"
"Grus monacha","Hooded Crane","Gruidae","Birds"
"Emberiza elegans","Yellow-Headed Bunting","Emberizidae","Birds"
"Phalacrocorax carbo","Cormorant","Phalacrocoracidae","Birds"
"Centropus sinensis","Common Coucal","Cuculidae","Birds"
"Sturnus sericeus","Silky Starling","Sturnidae","Birds"
"Glaucidium cuculoides","Cuckoo Owlet","Strigidae","Birds"
"Gorsachius magnificus","White-Eared Night-Heron","Ardeidae","Birds"
"Otus sunia","Oriental Scops Owl","Strigidae","Birds"
"Melophus lathami","Crested Bunting","Emberizidae","Birds"
"Rostratula benghalensis","Painted-Snipe","Rostratulidae","Birds"
"Haliastur indus","Brahminy Kite","Accipitridae","Birds"
"Ixobrychus sinensis","Yellow Bittern","Ardeidae","Birds"
"Acridotheres cristatellus","Chinese Jungle Myna","Sturnidae","Birds"
"Phylloscopus ricketti","Sulphur-Breasted Warbler","Sylviidae","Birds"
"Otus lettia","Collared Scops Owl","Strigidae","Birds"
"Falco naumanni","Lesser Kestrel","Falconidae","Birds"
"Circus cyaneus","Hen Harrier","Accipitridae","Birds"
"Cisticola juncidis","Zitting Cisticola","Cisticolidae","Birds"
"Megalaima virens","Great Barbet","Ramphastidae","Birds"
"Tachybaptus ruficollis","Little Grebe","Podicipedidae","Birds"
"Anser anser","Greylag Goose","Anatidae","Birds"
"Otis tarda","Great Bustard","Otididae","Birds"
"Amaurornis akool","Brown Crake","Rallidae","Birds"
"Vanellus cinereus","Grey-Headed Lapwing","Charadriidae","Birds"
"Tadorna ferruginea","Ruddy Shelduck","Anatidae","Birds"
"Charadrius alexandrinus","Kentish Plover","Charadriidae","Birds"
"Streptopelia decaocto","Collared Dove","Columbidae","Birds"
"Anthus richardi","Richard's Pipit","Motacillidae","Birds"
"Corvus corone","Carrion Crow","Corvidae","Birds"
"Alauda gulgula","Oriental Skylark","Alaudidae","Birds"
"Turdus naumanni","Dusky Thrush","Turdidae","Birds"
"Garrulax cineraceus","Ashy Laughingthrush","Timaliidae","Birds"
"Garrulax sannio","White-Browed Laughingthrush","Timaliidae","Birds"
"Ficedula albicilla","Taiga Flycatcher","Muscicapidae","Birds"
"Recurvirostra avosetta","Pied Avocet","Recurvirostridae","Birds"
"Loxia curvirostra","Red Crossbill","Fringillidae","Birds"
"Ceryle rudis","Pied Kingfisher","Alcedinidae","Birds"
"Oriolus chinensis","Black-Naped Oriole","Oriolidae","Birds"
"Larus canus","Common Gull","Laridae","Birds"
"Garrulax pectoralis","Greater Necklaced Laughingthrush","Timaliidae","Birds"
"Glaucidium brodiei","Collared Owlet","Strigidae","Birds"
"Cygnus cygnus","Whooper Swan","Anatidae","Birds"
"Prunella montanella","Siberian Accentor","Prunellidae","Birds"
"Dicaeum ignipectus","Green-Backed Flowerpecker","Dicaeidae","Birds"
"Cuculus micropterus","Short-Winged Cuckoo","Cuculidae","Birds"
"Charadrius veredus","Eastern Sand Plover","Charadriidae","Birds"
"Luscinia sibilans","Rufous-Tailed Robin","Muscicapidae","Birds"
"Larus ridibundus","Common Black-Headed Gull","Laridae","Birds"
"Gorsachius goisagi","Japanese Night-Heron","Ardeidae","Birds"
"Emberiza schoeniclus","Reed Bunting","Emberizidae","Birds"
"Copsychus saularis","Oriental Magpie-Robin","Muscicapidae","Birds"
"Emberiza pallasi","Pallas's Bunting","Emberizidae","Birds"
"Turdus obscurus","Eyebrowed Thrush","Turdidae","Birds"
"Corvus torquatus","Collared Crow","Corvidae","Birds"
"Cettia diphone","Japanese Bush-Warbler","Sylviidae","Birds"
"Fringilla montifringilla","Brambling","Fringillidae","Birds"
"Accipiter gularis","Japanese Sparrowhawk","Accipitridae","Birds"
"Porzana fusca","Ruddy-Breasted Crake","Rallidae","Birds"
"Paradoxornis heudei","Heude's Parrotbill","Timaliidae","Birds"
"Mergus merganser","Goosander","Anatidae","Birds"
"Larus saundersi","Saunder's Gull","Laridae","Birds"
"Saxicola ferreus","Grey Bushchat","Muscicapidae","Birds"
"Turdus hortulorum","Grey-Backed Thrush","Turdidae","Birds"
"Paradoxornis webbianus","Brown-Winged Parrotbill","Timaliidae","Birds"
"Zosterops erythropleurus","Chestnut-Flanked White-Eye","Zosteropidae","Birds"
"Garrulax canorus","Melodious Laughingthrush","Timaliidae","Birds"
"Erpornis zantholeuca","White Bellied Yuhina","Timaliidae","Birds"
"Anas strepera","Gadwall","Anatidae","Birds"
"Aegithalos caudatus","Long-Tailed Tit","Aegithalidae","Birds"
"Carpodacus erythrinus","Common Rosefinch","Fringillidae","Birds"
"Spilornis cheela","Crested Serpent-Eagle","Accipitridae","Birds"
"Anthus cervinus","Red-Throated Pipit","Motacillidae","Birds"
"Clamator coromandus","Chestnut-Winged Cuckoo","Cuculidae","Birds"
"Turdus merula","Blackbird","Turdidae","Birds"
"Apus pacificus","Fork-Tailed Swift","Apodidae","Birds"
"Tringa totanus","Common Redshank","Scolopacidae","Birds"
"Monticola solitarius","Blue Rock Thrush","Muscicapidae","Birds"
"Rhopophilus pekinensis","White-Browed Chinese Warbler","Cisticolidae","Birds"
"Mesophoyx intermedia","Intermediate Egret","Ardeidae","Birds"
"Leiothrix lutea","Pekin Robin","Timaliidae","Birds"
"Blythipicus pyrrhotis","Bay Woodpecker","Picidae","Birds"
"Turdus cardis","Japanese Thrush","Turdidae","Birds"
"Haliaeetus leucoryphus","Pallas Sea-Eagle","Accipitridae","Birds"
"Phasianus colchicus","Common Pheasant","Phasianidae","Birds"
"Pomatorhinus swinhoei","Grey-Sided Scimitar-Babbler","Timaliidae","Birds"
"Motacilla cinerea","Grey Wagtail","Motacillidae","Birds"
"Strix aluco","Tawny Owl","Strigidae","Birds"
"Paradoxornis gularis","Grey-Headed Parrotbill","Timaliidae","Birds"
"Haliaeetus albicilla","White-Tailed Eagle","Accipitridae","Birds"
"Stachyris ruficeps","Rufous-Capped Babbler","Timaliidae","Birds"
"Ninox scutulata","Brown Hawk-Owl","Strigidae","Birds"
"Botaurus stellaris","Bittern","Ardeidae","Birds"
"Anas falcata","Falcated Duck","Anatidae","Birds"
"Phylloscopus fuscatus","Dusky Warbler","Sylviidae","Birds"
"Charadrius placidus","Long-Billed Plover","Charadriidae","Birds"
"Locustella certhiola","Pallas's Grasshopper Warbler","Sylviidae","Birds"
"Apus nipalensis","House Swift","Apodidae","Birds"
"Milvus migrans","Black Kite","Accipitridae","Birds"
"Ficedula zanthopygia","Yellow-Rumped Flycatcher","Muscicapidae","Birds"
"Lanius tigrinus","Tiger Shrike","Laniidae","Birds"
"Ketupa flavipes","Tawny Fish-Owl","Strigidae","Birds"
"Galerida cristata","Crested Lark","Alaudidae","Birds"
"Cettia acanthizoides","Yellowish Bellied Bush Warbler","Sylviidae","Birds"
"Anser albifrons","Greater White-Fronted Goose","Anatidae","Birds"
"Falco subbuteo","Eurasian Hobby","Falconidae","Birds"
"Cuculus saturatus","Oriental Cuckoo","Cuculidae","Birds"
"Passer rutilans","Cinnamon Sparrow","Passeridae","Birds"
"Dicrurus macrocercus","Black Drongo","Dicruridae","Birds"
"Picus canus","Grey-Faced Woodpecker","Picidae","Birds"
"Ardea cinerea","Grey Heron","Ardeidae","Birds"
"Carduelis flammea","Common Redpoll","Fringillidae","Birds"
"Lanius bucephalus","Bull-Headed Shrike","Laniidae","Birds"
"Anas formosa","Baikal Teal","Anatidae","Birds"
"Buteo buteo","Buzzard","Accipitridae","Birds"
"Sturnus cineraceus","Grey Starling","Sturnidae","Birds"
"Hypsipetes leucocephalus","Asian Black Bulbul","Pycnonotidae","Birds"
"Pericrocotus divaricatus","Ashy Minivet","Campephagidae","Birds"
"Bucephala clangula","Common Goldeneye","Anatidae","Birds"
"Chloropsis hardwickii","Orange-Bellied Leafbird","Chloropseidae","Birds"
"Hydrophasianus chirurgus","Pheasant-Tailed Jacana","Jacanidae","Birds"
"Dicrurus leucophaeus","Ashy Drongo","Dicruridae","Birds"
"Carduelis sinica","Oriental Greenfinch","Fringillidae","Birds"
"Calandrella rufescens","Lesser Short-Toed Lark","Alaudidae","Birds"
"Urocissa erythrorhyncha","Red-Billed Blue Magpie","Corvidae","Birds"
"Phylloscopus reguloides","Blyth's Leaf-Warbler","Sylviidae","Birds"
"Accipiter nisus","Eurasian Sparrowhawk","Accipitridae","Birds"
"Pycnonotus sinensis","Chinese Bulbul","Pycnonotidae","Birds"
"Collocalia brevirostris","Himalayan Swiftlet","Apodidae","Birds"
"Acrocephalus arundinaceus","Great Reed Warbler","Sylviidae","Birds"
"Buteo hemilasius","Upland Buzzard","Accipitridae","Birds"
"Ardeola bacchus","Chinese Pond-Heron","Ardeidae","Birds"
"Coccothraustes coccothraustes","Hawfinch","Fringillidae","Birds"
"Seicercus soror","Alstrom's Warbler","Sylviidae","Birds"
"Parus venustulus","Yellow-Bellied Tit","Paridae","Birds"
"Grus japonensis","Red-Crowned Crane","Gruidae","Birds"
"Locustella lanceolata","Lanceolated Warbler","Sylviidae","Birds"
"Anthus spinoletta","Water Pipit","Motacillidae","Birds"
"Emberiza cioides","Meadow Bunting","Emberizidae","Birds"
"Strix leptogrammica","Brown Wood-Owl","Strigidae","Birds"
"Buteo lagopus","Rough-Legged Buzzard","Accipitridae","Birds"
"Butastur indicus","Grey-Faced Buzzard","Accipitridae","Birds"
"Alectoris chukar","Chukar","Phasianidae","Birds"
"Calcarius lapponicus","Lapland Longspur","Emberizidae","Birds"
"Anas crecca","Common Teal","Anatidae","Birds"
"Eudynamys scolopaceus","Asian Koel","Cuculidae","Birds"
"Syrmaticus reevesii","Reeves's Pheasant","Phasianidae","Birds"
"Paradoxornis davidianus","David's Parrotbill","Timaliidae","Birds"
"Locustella pryeri","Marsh Grassbird","Sylviidae","Birds"
"Circus spilonotus","Eastern Marsh-Harrier","Accipitridae","Birds"
"Haematopus ostralegus","Eurasian Oystercatcher","Haematopodidae","Birds"
"Francolinus pintadeanus","Chinese Francolin","Phasianidae","Birds"
"Carpodacus roseus","Pallas's Rosefinch","Fringillidae","Birds"
"Motacilla alba","White Wagtail","Motacillidae","Birds"
"Pnoepyga pusilla","Pygmy Wren-Babbler","Timaliidae","Birds"
"Circus melanoleucos","Pied Harrier","Accipitridae","Birds"
"Corvus frugilegus","Rook","Corvidae","Birds"
"Phylloscopus tenellipes","Pale-Legged Leaf-Warbler","Sylviidae","Birds"
"Luscinia cyane","Siberian Blue Robin","Muscicapidae","Birds"
"Dendronanthus indicus","Forest Wagtail","Motacillidae","Birds"
"Anthus sylvanus","Upland Pipit","Motacillidae","Birds"
"Anas platyrhynchos","Mallard","Anatidae","Birds"
"Aegithalos concinnus","Black-Throated Tit","Aegithalidae","Birds"
"Cisticola exilis","Gold-Capped Cisticola","Cisticolidae","Birds"
"Aythya nyroca","Ferruginous Pochard","Anatidae","Birds"
"Coturnix japonica","Japanese Quail","Phasianidae","Birds"
"Alauda arvensis","Skylark","Alaudidae","Birds"
"Phylloscopus trochiloides","Greenish Warbler","Sylviidae","Birds"
"Pernis ptilorhyncus","Oriental Honey-Buzzard","Accipitridae","Birds"
"Bombycilla japonica","Japanese Waxwing","Bombycillidae","Birds"
"Prinia crinigera","Striated Prinia","Cisticolidae","Birds"
"Pycnonotus aurigaster","Sooty-Headed Bulbul","Pycnonotidae","Birds"
"Butorides striata","Green-Backed Heron","Ardeidae","Birds"
"Bambusicola thoracicus","Chinese Bamboo Partridge","Phasianidae","Birds"
"Chaimarrornis leucocephalus","River Chat","Muscicapidae","Birds"
"Bubo bubo","Eurasian Eagle Owl","Strigidae","Birds"
"Sitta europaea","Wood Nuthatch","Sittidae","Birds"
"Halcyon pileata","Black-Capped Kingfisher","Alcedinidae","Birds"
"Asio otus","Long-Eared Owl","Strigidae","Birds"
"Cettia fortipes","Brownish-Flanked Bush-Warbler","Sylviidae","Birds"
"Garrulax berthemyi","Buffy Laughingthrush","Timaliidae","Birds"
"Pluvialis squatarola","Grey Plover","Charadriidae","Birds"
"Ardea purpurea","Purple Heron","Ardeidae","Birds"
"Prinia flaviventris","Yellow-Bellied Prinia","Cisticolidae","Birds"
"Circus macrourus","Pallid Harrier","Accipitridae","Birds"
"Nisaetus nipalensis","Mountain Hawk Eagle","Accipitridae","Birds"
"Gallinula chloropus","Common Moorhen","Rallidae","Birds"
"Tringa nebularia","Greenshank","Scolopacidae","Birds"
"Hirundo rustica","Barn Swallow","Hirundinidae","Birds"
"Tadorna tadorna","Common Shelduck","Anatidae","Birds"
"Emberiza spodocephala","Black-Faced Bunting","Emberizidae","Birds"
"Aythya marila","Greater Scaup","Anatidae","Birds"
"Acrocephalus concinens","Blunt-Winged Warbler","Sylviidae","Birds"
"Gallinago gallinago","Common Snipe","Scolopacidae","Birds"
"Upupa epops","Hoopoe","Upupidae","Birds"
"Ixobrychus eurhythmus","Schrenck's Bittern","Ardeidae","Birds"
"Aythya baeri","Baer's Pochard","Anatidae","Birds"
"Falco cherrug","Saker Falcon","Falconidae","Birds"
"Latoucheornis siemsseni","Slaty Bunting","Emberizidae","Birds"
"Seicercus tephrocephalus","Grey Crowned Warbler","Sylviidae","Birds"
"Todiramphus chloris","Collared Kingfisher","Alcedinidae","Birds"
"Monticola gularis","White-Throated Rock-Thrush","Muscicapidae","Birds"
"Alcippe brunnea","Dusky Fulvetta","Timaliidae","Birds"
"Garrulus glandarius","Eurasian Jay","Corvidae","Birds"
"Pteruthius flaviscapis","White-Browed Shrike-Babbler","Timaliidae","Birds"
"Chlidonias leucopterus","White-Winged Black Tern","Laridae","Birds"
"Tarsiger cyanurus","Red-Flanked Bluetail","Muscicapidae","Birds"
"Pericrocotus ethologus","Long-Tailed Minivet","Campephagidae","Birds"
"Bubo coromandus","Dusky Eagle-Owl","Strigidae","Birds"
"Phoenicurus auroreus","Daurian Redstart","Muscicapidae","Birds"
"Falco columbarius","Merlin","Falconidae","Birds"
"Acrocephalus bistrigiceps","Black-Browed Reed-Warbler","Sylviidae","Birds"
"Turdus pallidus","Pale Thrush","Turdidae","Birds"
"Mycteria leucocephala","Painted Stork","Ciconiidae","Birds"
"Aythya ferina","Common Pochard","Anatidae","Birds"
"Porzana pusilla","Baillon's Crake","Rallidae","Birds"
"Dryocopus martius","Black Woodpecker","Picidae","Birds"
"Aythya fuligula","Tufted Duck","Anatidae","Birds"
"Sterna nilotica","Gull-Billed Tern","Laridae","Birds"
"Bombycilla garrulus","Bohemian Waxwing","Bombycillidae","Birds"
"Turnix tanki","Yellow-Legged Buttonquail","Turnicidae","Birds"
"Acrocephalus aedon","Thick-Billed Warbler","Sylviidae","Birds"
"Phylloscopus subaffinis","Buff-Throated Warbler","Sylviidae","Birds"
"Delichon dasypus","Asian House Martin","Hirundinidae","Birds"
"Cygnus columbianus","Tundra Swan","Anatidae","Birds"
"Anas zonorhyncha","Eastern Spot-Billed Duck","Anatidae","Birds"
"Zosterops japonicus","Japanese White-Eye","Zosteropidae","Birds"
"Treron sieboldii","Japanese Green-Pigeon","Columbidae","Birds"
"Aix galericulata","Mandarin Duck","Anatidae","Birds"
"Ixobrychus cinnamomeus","Cinnamon Bittern","Ardeidae","Birds"
"Vulpes vulpes","Red Fox","Canidae","Mammals"
"Dremomys rufigenis","Asian Red-Cheeked Squirrel","Sciuridae","Mammals"
"Berylmys bowersi","Bower's White-Toothed Rat","Muridae","Mammals"
"Arctonyx albogularis","null","Mustelidae","Mammals"
"Elaphodus cephalophus","Tufted Deer","Cervidae","Mammals"
"Muntiacus crinifrons","Black Muntjac","Cervidae","Mammals"
"Myotis chinensis","Large Myotis","Vespertilionidae","Mammals"
"Naemorhedus griseus","Chinese Goral","Bovidae","Mammals"
"Microtus gregalis","Narrow Headed Vole","Cricetidae","Mammals"
"Rhinolophus affinis","Intermediate Horseshoe Bat","Rhinolophidae","Mammals"
"Lasiopodomys mandarinus","Mandarin Vole","Cricetidae","Mammals"
"Sciurotamias davidianus","Pére David's Rock Squirrel","Sciuridae","Mammals"
"Macaca thibetana","Tibetan Macaque","Cercopithecidae","Mammals"
"Suncus murinus","House Shrew","Soricidae","Mammals"
"Eptesicus serotinus","Serotine","Vespertilionidae","Mammals"
"Melogale moschata","Chinese Ferret Badger","Mustelidae","Mammals"
"Moschus anhuiensis","Anhui Musk Deer","Moschidae","Mammals"
"Rhinolophus pearsonii","Pearson's Horseshoe Bat","Rhinolophidae","Mammals"
"Ia io","Great Evening Bat","Vespertilionidae","Mammals"
"Leopoldamys edwardsi","Edward’S Rat","Muridae","Mammals"
"Canis lupus","Wolf","Canidae","Mammals"
"Rhinolophus macrotis","Big Eared Horseshoe Bat","Rhinolophidae","Mammals"
"Capricornis milneedwardsii","Chinese Serow","Bovidae","Mammals"
"Rattus losea","Losea Rat","Muridae","Mammals"
"Muntiacus reevesi","Chinese Muntjac","Cervidae","Mammals"
"Lipotes vexillifer","Changjiang Dolphin","Iniidae","Mammals"
"Mus musculus","House Mouse","Muridae","Mammals"
"Scotomanes ornatus","Harlequin Bat","Vespertilionidae","Mammals"
"Typhlomys cinereus","Chinese Pygmy Dormouse","Platacanthomyidae","Mammals"
"Rhizomys sinensis","Chinese Bamboo Rat","Spalacidae","Mammals"
"Pipistrellus alaschanicus","Alashanian Pipistrelle","Vespertilionidae","Mammals"
"Caryomys inez","Kolan Vole","Cricetidae","Mammals"
"Crocidura shantungensis","Shantung Shrew","Soricidae","Mammals"
"Myotis montivagus","Burmese Whiskered Myotis","Vespertilionidae","Mammals"
"Murina leucogaster","Greater Tube-Nosed Bat","Vespertilionidae","Mammals"
"Crocidura attenuata","Asian Gray Shrew","Soricidae","Mammals"
"Nyctalus plancyi","Chinese Noctule","Vespertilionidae","Mammals"
"Myotis laniger","Chinese Water Myotis","Vespertilionidae","Mammals"
"Catopuma temminckii","Temminck's Golden Cat","Felidae","Mammals"
"Lepus tolai","Tolai Hare","Leporidae","Mammals"
"Paguma larvata","Masked Palm Civet","Viverridae","Mammals"
"Cricetulus barabensis","Striped Dwarf Hamster","Cricetidae","Mammals"
"Dremomys pernyi","Servaline Genet","Sciuridae","Mammals"
"Rhinolophus sinicus","Chinese Horseshoe Bat","Rhinolophidae","Mammals"
"Sus scrofa","Wild Boar","Suidae","Mammals"
"Cervus nippon","Sika Deer","Cervidae","Mammals"
"Pipistrellus tenuis","Least Pipistrelle","Vespertilionidae","Mammals"
"Rhinolophus ferrumequinum","Greater Horseshoe Bat","Rhinolophidae","Mammals"
"Nyctereutes procyonoides","Racoon Dog","Canidae","Mammals"
"Hydropotes inermis","Chinese Water Deer","Cervidae","Mammals"
"Mogera insularis","Insular Mole","Talpidae","Mammals"
"Myotis altarium","Szechwan Myotis","Vespertilionidae","Mammals"
"Pipistrellus pipistrellus","Common Pipistrelle","Vespertilionidae","Mammals"
"Mustela sibirica","Siberian Weasel","Mustelidae","Mammals"
"Callosciurus erythraeus","Pallas's Squirrel","Sciuridae","Mammals"
"Apodemus peninsulae","Korean Field Mouse","Muridae","Mammals"
"Apodemus draco","South China Field Mouse","Muridae","Mammals"
"Hipposideros armiger","Great Roundleaf Bat","Hipposideridae","Mammals"
"Chimarrogale himalayica","Himalayan Water Shrew","Soricidae","Mammals"
"Scaptochirus moschatus","Short-Faced Mole","Talpidae","Mammals"
"Micromys minutus","Harvest Mouse","Muridae","Mammals"
"Herpestes urva","Crab Eating Mongoose","Herpestidae","Mammals"
"Rattus rattus","Black Rat","Muridae","Mammals"
"Hipposideros pratti","Pratt's Roundleaf Bat","Hipposideridae","Mammals"
"Rattus tanezumi","Oriental House Rat","Muridae","Mammals"
"Hystrix brachyura","Malayan Porcupine","Hystricidae","Mammals"
"Panthera pardus","Leopard","Felidae","Mammals"
"Nyctalus aviator","Birdlike Noctule","Vespertilionidae","Mammals"
"Rhinolophus pusillus","Least Horseshoe Bat","Rhinolophidae","Mammals"
"Niviventer fulvescens","Indomalayan Niviventer","Muridae","Mammals"
"Erinaceus amurensis","Amur Hedgehog","Erinaceidae","Mammals"
"Myotis daubentonii","Daubenton's Bat","Vespertilionidae","Mammals"
"Viverra zibetha","Large Indian Civet","Viverridae","Mammals"
"Tscherskia triton","Greater Long Tailed Hamster","Cricetidae","Mammals"
"Apodemus agrarius","Striped Field Mouse","Muridae","Mammals"
"Myotis pilosus","Rickett's Big-Footed Myotis","Vespertilionidae","Mammals"
"Myotis frater","Fraternal Myotis","Vespertilionidae","Mammals"
"Ondatra zibethicus","Musk Rat","Cricetidae","Mammals"
"Macaca mulatta","Rhesus Monkey","Cercopithecidae","Mammals"
"Myotis pequinius","Peking Myotis","Vespertilionidae","Mammals"
"Vespertilio sinensis","Asian Particolored Bat","Vespertilionidae","Mammals"
"Microtus fortis","Reed Vole","Cricetidae","Mammals"
"Rattus nitidus","Himalayan Field Rat","Muridae","Mammals"
"Myotis fimbriatus","Fringed Long-Footed Myotis","Vespertilionidae","Mammals"
"Eothenomys melanogaster","Pére David's Vole","Cricetidae","Mammals"
"Pipistrellus abramus","Japanese Pipistrelle","Vespertilionidae","Mammals"
"Pipistrellus pulveratus","Chinese Pipistrelle","Vespertilionidae","Mammals"
"Meles leucurus","Asian Badger","Mustelidae","Mammals"
"Mustela kathiah","Yellow-Bellied Weasel","Mustelidae","Mammals"
"Myospalax psilurus","Transbaikal Zokor","Spalacidae","Mammals"
"Crocidura lasiura","Ussuri Shrew","Soricidae","Mammals"
"Dremomys pyrrhomerus","Red-Hipped Squirrel","Sciuridae","Mammals"
"Rhinolophus luctus","Great Woolly Horsehoe Bat","Rhinolophidae","Mammals"
"Niviventer confucianus","Confucian Niviventer","Muridae","Mammals"
"Martes flavigula","Yellow Throated Marten","Mustelidae","Mammals"
"Ursus thibetanus","Asian Black Bear","Ursidae","Mammals"
"Tamiops maritimus","Maritime Striped Squirrel","Sciuridae","Mammals"
"Lutra lutra","European Otter","Mustelidae","Mammals"
"Rhinolophus shortridgei","Shortridge's Horseshoe Bat","Rhinolophidae","Mammals"
"Manis pentadactyla","Chinese Pangolin","Manidae","Mammals"
"Prionailurus bengalensis","Leopard Cat","Felidae","Mammals"
"Mesechinus hughi","Hugh's Hedgehog","Erinaceidae","Mammals"
"Tadarida insignis","East Asian Free-Tailed Bat","Molossidae","Mammals"
"Lepus sinensis","Chinese Hare","Leporidae","Mammals"
"Myotis formosus","Hodgson's Bat","Vespertilionidae","Mammals"
"Neofelis nebulosa","Clouded Leopard","Felidae","Mammals"
"Viverricula indica","Small Indian Civet","Viverridae","Mammals"
"Neophocaena asiaeorientalis","null","Phocoenidae","Mammals"
"Boiga kraepelini","Kelung Cat Snake","Colubridae","Reptiles"
"Plagiopholis styani","Chinese Mountain Snake","Colubridae","Reptiles"
"Naja atra","Chinese Cobra","Elapidae","Reptiles"
"Macropisthodon rudis","False Habu","Colubridae","Reptiles"
"Pareas boulengeri","Boulenger's Slug Snake","Pareidae","Reptiles"
"Gekko swinhonis","Peking Gecko","Gekkonidae","Reptiles"
"Protobothrops mucrosquamatus","Brown Spotted Pitviper","Viperidae","Reptiles"
"Enhydris plumbea","Rice Paddy Snake","Homalopsidae","Reptiles"
"Gloydius saxatilis","Rock Mamushi","Viperidae","Reptiles"
"Gekko hokouensis","Kwangsi Gecko","Gekkonidae","Reptiles"
"Alligator sinensis","Chinese Alligator","Alligatoridae","Reptiles"
"Oligodon chinensis","Chinese Kukri Snake","Colubridae","Reptiles"
"Lycodon ruhstrati","Formosa Wolf Snake","Colubridae","Reptiles"
"Achalinus spinalis","Peters' Odd-Scaled Snake","Xenodermidae","Reptiles"
"Sinonatrix percarinata","Olive Keelback","Colubridae","Reptiles"
"Pseudoxenodon macrops","Big-Eyed Bamboo Snake","Colubridae","Reptiles"
"Sibynophis chinensis","Chinese Many-Tooth Snake","Colubridae","Reptiles"
"Lycodon flavozonatus","Big-Tooth Snake","Colubridae","Reptiles"
"Opisthotropis latouchii","Sichuan Mountain Keelback","Colubridae","Reptiles"
"Sinonatrix aequifasciata","Asiatic Water Snake","Colubridae","Reptiles"
"Bungarus multicinctus","Many-Banded Krait","Elapidae","Reptiles"
"Opisthotropis kuatunensis","Chinese Mountain Keelback","Colubridae","Reptiles"
"Pseudoxenodon stejnegeri","Stejneger's Bamboo Snake","Colubridae","Reptiles"
"Oocatochus rufodorsatus","Frog-Eating Rat Snake","Colubridae","Reptiles"
"Protobothrops jerdonii","Jerdon’S Pitviper","Viperidae","Reptiles"
"Euprepiophis mandarinus","Mandarin Ratsnakes","Colubridae","Reptiles"
"Cyclophiops major","Chinese Green Snake","Colubridae","Reptiles"
"Calamaria septentrionalis","Hong Kong Dwarf Snake","Colubridae","Reptiles"
"Amphiesma sauteri","Kosempo Keelback","Colubridae","Reptiles"
"Oligodon ornatus","Ornate Kukri Snake","Colubridae","Reptiles"
"Amphiesma craspedogaster","Kuatun Keelback","Colubridae","Reptiles"
"Elaphe bimaculata","Chinese Leopard Snake","Colubridae","Reptiles"
"Ovophis monticola","Chinese Mountain Pit Viper","Viperidae","Reptiles"
"Xenochrophis flavipunctatus","Yellow-Spotted Keelback","Colubridae","Reptiles"
"Cuora aurocapitata","Yellow-Headed Box Turtle","Geoemydidae","Turtles (non-marine)"
"Mauremys sinensis","Chinese Striped-Necked Turtle","Geoemydidae","Turtles (non-marine)"
"Mauremys mutica","Yellowpond Turtle","Geoemydidae","Turtles (non-marine)"
"Pelodiscus sinensis","Chinese Soft-Shelled Turtle","Trionychidae","Turtles (non-marine)"
"Platysternon megacephalum","Big-Headed Turtle","Platysternidae","Turtles (non-marine)"
"Mauremys reevesii","Big-Headed Reeves' Turtle","Geoemydidae","Turtles (non-marine)"
"Fejervarya limnocharis","Indian Cricket Frog","Dicroglossidae","Amphibians"
"Microhyla mixtura","Chinese Rice Frog","Microhylidae","Amphibians"
"Hynobius amjiensis","Amji Hynobiid","Hynobiidae","Amphibians"
"Rhacophorus dennysi","Blanford's Whipping Frog","Rhacophoridae","Amphibians"
"Rana zhenhaiensis","Zhenhai Brown Frog","Ranidae","Amphibians"
"Pelophylax fukienensis","Futsing Hsien Frog","Ranidae","Amphibians"
"Kaloula borealis","Manchurian Narrowmouth Toad","Microhylidae","Amphibians"
"Microhyla heymonsi","Taiwan Rice Frog","Microhylidae","Amphibians"
"Liua shihi","Sichuan Salamander","Hynobiidae","Amphibians"
"Glandirana tientaiensis","Tiantai Frog","Ranidae","Amphibians"
"Cynops orientalis","Fuding Fire-Bellied Newt","Salamandridae","Amphibians"
"Hylarana latouchii","Kuatun Frog","Ranidae","Amphibians"
"Odorrana exiliversabilis","Fujian Bamboo-Leaf Frog","Ranidae","Amphibians"
"Hyla japonica","Far Eastern Treefrog","Hylidae","Amphibians"
"Bufo gargarizans","Chusan Island Toad","Bufonidae","Amphibians"
"Hyla sanchiangensis","San Chiang Treefrog","Hylidae","Amphibians"
"Odorrana chloronota","Chloronate Huia Frog","Ranidae","Amphibians"
"Quasipaa spinosa","Chinese Spiny Frog","Dicroglossidae","Amphibians"
"Microhyla fissipes","Ornamented Pygmy Frog","Microhylidae","Amphibians"
"Hyla immaculata","Spotless Tree Toad","Hylidae","Amphibians"
"Nanorana quadranus","Kwang-Yang Asian Frog","Dicroglossidae","Amphibians"
"Pachyhynobius shangchengensis","Shangcheng Salamander","Hynobiidae","Amphibians"
"Hoplobatrachus rugulosus","Asian Peters Frog","Dicroglossidae","Amphibians"
"Microhyla butleri","Butler's Rice Frog","Microhylidae","Amphibians"
"Amolops ricketti","Chinese Sucker Frog","Ranidae","Amphibians"
"Strauchbufo raddei","Tengger Desert Toad","Bufonidae","Amphibians"
"Megophrys huangshanensis","Huangshan Horned Toad","Megophryidae","Amphibians"
"Odorrana schmackeri","Schmacker's Frog","Ranidae","Amphibians"
"Pachyhynobius yunanicus","null","Hynobiidae","Amphibians"
"Hyla chinensis","Common Chinese Treefrog","Hylidae","Amphibians"
"Amolops wuyiensis","Sanchiang Sucker Frog","Ranidae","Amphibians"
"Tylototriton asperrimus","Mount Yao Newt","Salamandridae","Amphibians"
"Quasipaa yei","Ye's Spiny-Vented Frog","Dicroglossidae","Amphibians"
"Pachytriton labiatus","Pingchi's Newt","Salamandridae","Amphibians"
"Hyla tsinlingensis","Shensi Treefrog","Hylidae","Amphibians"
"Pelophylax hubeiensis","Hubei Frog","Ranidae","Amphibians"
"Pelophylax plancyi","Peking Frog","Ranidae","Amphibians"
"Polypedates megacephalus","Hong Kong Whipping Frog","Rhacophoridae","Amphibians"
"Hylarana guentheri","Gunther's Amoy Frog","Ranidae","Amphibians"
"Paramesotriton chinensis","Chinese Warty Newt","Salamandridae","Amphibians"
"Pelophylax nigromaculatus","Black-Spotted Frog","Ranidae","Amphibians"
"Babina adenopleura","Olive Frog","Ranidae","Amphibians"
"Microhyla pulchra","Guangdong Rice Frog","Microhylidae","Amphibians"
"Rhacophorus nigropunctatus","Weining Flying Frog","Rhacophoridae","Amphibians"
"Rana chensinensis","Far Eastern Wood Frog","Ranidae","Amphibians"
"Pachytriton brevipes","Tsitou Newt","Salamandridae","Amphibians"
"Megophrys boettgeri","Boettger's Spadefoot Toad","Megophryidae","Amphibians"
"Odorrana tormota","Anhui Sucker Frog","Ranidae","Amphibians"
"Andrias davidianus","Chinese Giant Salamander","Cryptobranchidae","Amphibians"
"Mycalesis misenus","null","Nymphalidae","Butterflies"
"Astictopterus jama","null","Hesperiidae","Butterflies"
"Anthocharis cardamines","Orange-Tip","Pieridae","Butterflies"
"Araschnia dolis","null","Nymphalidae","Butterflies"
"Tongeia potanini","null","Lycaenidae","Butterflies"
"Colias fieldii","null","Pieridae","Butterflies"
"Lethe trimacula","null","Nymphalidae","Butterflies"
"Lethe violaceopicta","null","Nymphalidae","Butterflies"
"Athyma jina","null","Nymphalidae","Butterflies"
"Neptis antilope","null","Nymphalidae","Butterflies"
"Aporia largeteaui","null","Pieridae","Butterflies"
"Euthalia alpherakyi","null","Nymphalidae","Butterflies"
"Lethe syrcisi","null","Nymphalidae","Butterflies"
"Lethe helena","null","Nymphalidae","Butterflies"
"Lethe satyrina","null","Nymphalidae","Butterflies"
"Polyura nepenthes","null","Nymphalidae","Butterflies"
"Neptis sankara","null","Nymphalidae","Butterflies"
"Sasakia funebris","null","Nymphalidae","Butterflies"
"Neorina patria","null","Nymphalidae","Butterflies"
"Lethe gemina","null","Nymphalidae","Butterflies"
"Howarthia cheni","null","Lycaenidae","Butterflies"
"Lethe laodamia","null","Nymphalidae","Butterflies"
"Pieris mandarina","null","Pieridae","Butterflies"
"Lethe lanaris","null","Nymphalidae","Butterflies"
"Ypthima conjuncta","null","Nymphalidae","Butterflies"
"Mandarinia regalis","null","Nymphalidae","Butterflies"
"Lasiommata deidamia","null","Nymphalidae","Butterflies"
"Neptis beroe","null","Nymphalidae","Butterflies"
"Chrysozephyrus tienmushanus","null","Lycaenidae","Butterflies"
"Neptis armandia","null","Nymphalidae","Butterflies"
"Euthalia kardama","null","Nymphalidae","Butterflies"
"Anthocharis bambusarum","null","Pieridae","Butterflies"
"Chalinga pratti","null","Nymphalidae","Butterflies"
"Araragi sugiyamai","null","Lycaenidae","Butterflies"
"Chitoria pallas","null","Nymphalidae","Butterflies"
"Gonepteryx amintha","null","Pieridae","Butterflies"
"Neptis themis","null","Nymphalidae","Butterflies"
"Helcyra superba","null","Nymphalidae","Butterflies"
"Neptis andetria","null","Nymphalidae","Butterflies"
"Chrysozephyrus zoa","null","Lycaenidae","Butterflies"
"Pontia daplidice","Bath White","Pieridae","Butterflies"
"Macroglossum corythus","null","Sphingidae","Sphingid moths"
"Neogurelca himachala","null","Sphingidae","Sphingid moths"
"Theretra japonica","null","Sphingidae","Sphingid moths"
"Theretra silhetensis","Brown-Banded Hunter Hawkmoth","Sphingidae","Sphingid moths"
"Theretra pallicosta","null","Sphingidae","Sphingid moths"
"Ambulyx liturata","null","Sphingidae","Sphingid moths"
"Sphinx caligineus","null","Sphingidae","Sphingid moths"
"Amplypterus mansoni","null","Sphingidae","Sphingid moths"
"Theretra latreillii","Pale Brown Hawk Moth","Sphingidae","Sphingid moths"
"Macroglossum belis","null","Sphingidae","Sphingid moths"
"Hayesiana farintaenia","null","Sphingidae","Sphingid moths"
"Macroglossum bombylans","null","Sphingidae","Sphingid moths"
"Theretra alecto","null","Sphingidae","Sphingid moths"
"Macroglossum stellatarum","Hummingbird Hawk-Moth","Sphingidae","Sphingid moths"
"Cephonodes hylas","null","Sphingidae","Sphingid moths"
"Rhagastis albomarginatus","null","Sphingidae","Sphingid moths"
"Marumba sperchius","null","Sphingidae","Sphingid moths"
"Dolbina inexacta","null","Sphingidae","Sphingid moths"
"Marumba fenzelii","null","Sphingidae","Sphingid moths"
"Amplypterus panopus","null","Sphingidae","Sphingid moths"
"Acosmeryx naga","null","Sphingidae","Sphingid moths"
"Cypa uniformis","null","Sphingidae","Sphingid moths"
"Phyllosphingia dissimilis","null","Sphingidae","Sphingid moths"
"Ambulyx japonica","null","Sphingidae","Sphingid moths"
"Parum colligata","null","Sphingidae","Sphingid moths"
"Sphingonaepiopsis pumilio","null","Sphingidae","Sphingid moths"
"Dahira obliquifascia","null","Sphingidae","Sphingid moths"
"Laothoe amurensis","null","Sphingidae","Sphingid moths"
"Ambulyx kuangtungensis","null","Sphingidae","Sphingid moths"
"Smerinthulus perversa","null","Sphingidae","Sphingid moths"
"Macroglossum aquila","null","Sphingidae","Sphingid moths"
"Pentateucha stueningi","null","Sphingidae","Sphingid moths"
"Neogurelca hyas","null","Sphingidae","Sphingid moths"
"Cechenena lineosa","null","Sphingidae","Sphingid moths"
"Ambulyx tobii","null","Sphingidae","Sphingid moths"
"Acherontia lachesis","Death's-Head Hawkmoth","Sphingidae","Sphingid moths"
"Nephele hespera","null","Sphingidae","Sphingid moths"
"Enpinanga assamensis","null","Sphingidae","Sphingid moths"
"Macroglossum sitiene","null","Sphingidae","Sphingid moths"
"Ambulyx ochracea","null","Sphingidae","Sphingid moths"
"Pergesa acteus","null","Sphingidae","Sphingid moths"
"Sphecodina caudata","null","Sphingidae","Sphingid moths"
"Acherontia styx","Death's-Head Hawk Moth","Sphingidae","Sphingid moths"
"Hyles gallii","Galium Sphinx","Sphingidae","Sphingid moths"
"Macroglossum saga","null","Sphingidae","Sphingid moths"
"Acosmeryx castanea","null","Sphingidae","Sphingid moths"
"Smerinthus szechuanus","null","Sphingidae","Sphingid moths"
"Agrius convolvuli","Convolvulus Hawk","Sphingidae","Sphingid moths"
"Marumba saishiuana","null","Sphingidae","Sphingid moths"
"Leucophlebia lineata","null","Sphingidae","Sphingid moths"
"Smerinthus planus","null","Sphingidae","Sphingid moths"
"Ambulyx sericeipennis","null","Sphingidae","Sphingid moths"
"Theretra tibetiana","null","Sphingidae","Sphingid moths"
"Hemaris radians","null","Sphingidae","Sphingid moths"
"Macroglossum pyrrhosticta","Hummingbird Hawk Moth","Sphingidae","Sphingid moths"
"Meganoton analis","null","Sphingidae","Sphingid moths"
"Psilogramma discistriga","null","Sphingidae","Sphingid moths"
"Dahira rubiginosa","null","Sphingidae","Sphingid moths"
"Marumba spectabilis","null","Sphingidae","Sphingid moths"
"Rhodoprasina viksinjaevi","null","Sphingidae","Sphingid moths"
"Marumba gaschkewitschii","null","Sphingidae","Sphingid moths"
"Hyles exilis","null","Sphingidae","Sphingid moths"
"Craspedortha porphyria","null","Sphingidae","Sphingid moths"
"Rhagastis castor","null","Sphingidae","Sphingid moths"
"Clanis undulosa","null","Sphingidae","Sphingid moths"
"Hyles livornica","Striped Hawk-Moth","Sphingidae","Sphingid moths"
"Sphingulus mus","null","Sphingidae","Sphingid moths"
"Hemaris ottonis","null","Sphingidae","Sphingid moths"
"Kentrochrysalis sieversi","null","Sphingidae","Sphingid moths"
"Hemaris staudingeri","null","Sphingidae","Sphingid moths"
"Sataspes xylocoparis","null","Sphingidae","Sphingid moths"
"Micracosmeryx chaochauensis","null","Sphingidae","Sphingid moths"
"Callambulyx junonia","null","Sphingidae","Sphingid moths"
"Rhagastis mongoliana","null","Sphingidae","Sphingid moths"
"Langia zenzeroides","null","Sphingidae","Sphingid moths"
"Acosmeryx sinjaevi","null","Sphingidae","Sphingid moths"
"Marumba cristata","null","Sphingidae","Sphingid moths"
"Acosmerycoides harterti","null","Sphingidae","Sphingid moths"
"Marumba dyras","null","Sphingidae","Sphingid moths"
"Sataspes tagalica","null","Sphingidae","Sphingid moths"
"Rhagastis olivacea","null","Sphingidae","Sphingid moths"
"Degmaptera mirabilis","null","Sphingidae","Sphingid moths"
"Macroglossum fritzei","null","Sphingidae","Sphingid moths"
"Marumba maackii","null","Sphingidae","Sphingid moths"
"Psilogramma increta","null","Sphingidae","Sphingid moths"
"Cypoides chinensis","null","Sphingidae","Sphingid moths"
"Eupanacra mydon","null","Sphingidae","Sphingid moths"
"Callambulyx tatarinovii","null","Sphingidae","Sphingid moths"
"Deilephila elpenor","Elephant Hawk-Moth","Sphingidae","Sphingid moths"
"Daphnis nerii","Oleander Hawkmoth","Sphingidae","Sphingid moths"
"Cechenena minor","null","Sphingidae","Sphingid moths"
"Theretra clotho","null","Sphingidae","Sphingid moths"
"Smerinthus minor","null","Sphingidae","Sphingid moths"
"Hayesiana triopus","null","Sphingidae","Sphingid moths"
"Theretra nessus","Yam Hawk Moth","Sphingidae","Sphingid moths"
"Clanis schwartzi","null","Sphingidae","Sphingid moths"
"Macroglossum nycteris","null","Sphingidae","Sphingid moths"
"Callambulyx kitchingi","null","Sphingidae","Sphingid moths"
"Sphinx morio","Larch Hawk Moth","Sphingidae","Sphingid moths"
"Polyptychus chinensis","null","Sphingidae","Sphingid moths"
"Ambulyx interplacida","null","Sphingidae","Sphingid moths"
"Theretra oldenlandiae","Impatiens Hawk Moth Larva","Sphingidae","Sphingid moths"
"Acosmeryx sericeus","null","Sphingidae","Sphingid moths"
"Clanis bilineata","null","Sphingidae","Sphingid moths"
"Ambulyx schauffelbergeri","null","Sphingidae","Sphingid moths"
"Ampelophaga rubiginosa","null","Sphingidae","Sphingid moths"
"Pseudotsuga sinensis","Chinese Douglas-Fir","Pinaceae","Conifers"
"Podocarpus neriifolius","Oleander Podocarp","Podocarpaceae","Conifers"
"Pinus massoniana","Masson's Pine","Pinaceae","Conifers"
"Pinus tabuliformis","Chinese Red Pine","Pinaceae","Conifers"
"Torreya fargesii","Farges Nutmeg Tree","Taxaceae","Conifers"
"Cunninghamia lanceolata","Cunninghamia","Cupressaceae","Conifers"
"Nageia nagi","Nagi","Podocarpaceae","Conifers"
"Pinus armandii","Chinese White Pine","Pinaceae","Conifers"
"Taxus chinensis","Chinese Yew","Taxaceae","Conifers"
"Pseudolarix amabilis","Golden Larch","Pinaceae","Conifers"
"Cephalotaxus fortunei","Fortune's Plum Yew","Taxaceae","Conifers"
"Juniperus formosana","Formosan Juniper","Cupressaceae","Conifers"
"Fokienia hodginsii","Fujian Cypress","Cupressaceae","Conifers"
"Torreya grandis","Chinese Nutmeg-Yew","Taxaceae","Conifers"
"Juniperus chinensis","Chinese Juniper","Cupressaceae","Conifers"
"Juniperus squamata","Flaky Juniper","Cupressaceae","Conifers"
"Pinus hwangshanensis","Huangshan Pine","Pinaceae","Conifers"
"Pinus densiflora","Japanese Red Pine","Pinaceae","Conifers"
"Glyptostrobus pensilis","Chinese Swamp Cypress","Cupressaceae","Conifers"
"Tsuga chinensis","Chinese Hemlock","Pinaceae","Conifers"
"Cryptomeria japonica","Japanese Red-Cedar","Cupressaceae","Conifers"
"Pseudotaxus chienii","White-Berry Yew","Taxaceae","Conifers"
"Taxus mairei","Maire's Yew","Taxaceae","Conifers"
"Torreya jackii","Jack's Nutmeg Tree","Taxaceae","Conifers"
"Podocarpus macrophyllus","Kusamaki","Podocarpaceae","Conifers"
"Cephalotaxus sinensis","Chinese Plum Yew","Taxaceae","Conifers"
"Pinus bungeana","Lacebark Pine","Pinaceae","Conifers"
