Downloaded from https://mol.org on Jun 23, 2022. Inclusive species list based on approximate intersections with Political boundary polygon for the Chongqing region. 


"Scientific Name","Common Name","Family","Taxonomic Group"
"Columba leuconota","Snow Pigeon","Columbidae","Birds"
"Glaucidium brodiei","Collared Owlet","Strigidae","Birds"
"Prunella montanella","Siberian Accentor","Prunellidae","Birds"
"Cuculus micropterus","Short-Winged Cuckoo","Cuculidae","Birds"
"Muscicapa ferruginea","Ferruginous Flycatcher","Muscicapidae","Birds"
"Uragus sibiricus","Long-Tailed Rosefinch","Fringillidae","Birds"
"Ficedula strophiata","Orange-Gorgetted Flycatcher","Muscicapidae","Birds"
"Alcedo atthis","Common Kingfisher","Alcedinidae","Birds"
"Porzana fusca","Ruddy-Breasted Crake","Rallidae","Birds"
"Falco peregrinus","Peregrine Falcon","Falconidae","Birds"
"Aviceda leuphotes","Black Baza","Accipitridae","Birds"
"Paradoxornis webbianus","Brown-Winged Parrotbill","Timaliidae","Birds"
"Garrulax canorus","Melodious Laughingthrush","Timaliidae","Birds"
"Anas strepera","Gadwall","Anatidae","Birds"
"Anthus cervinus","Red-Throated Pipit","Motacillidae","Birds"
"Minla cyanouroptera","Blue-Winged Minla","Timaliidae","Birds"
"Turdus merula","Blackbird","Turdidae","Birds"
"Garrulax ocellatus","White-Spotted Laughingthrush","Timaliidae","Birds"
"Apus pacificus","Fork-Tailed Swift","Apodidae","Birds"
"Tringa totanus","Common Redshank","Scolopacidae","Birds"
"Monticola solitarius","Blue Rock Thrush","Muscicapidae","Birds"
"Mesophoyx intermedia","Intermediate Egret","Ardeidae","Birds"
"Leiothrix lutea","Pekin Robin","Timaliidae","Birds"
"Turdus cardis","Japanese Thrush","Turdidae","Birds"
"Sitta frontalis","Sulphur-Billed Nuthatch","Sittidae","Birds"
"Haliaeetus leucoryphus","Pallas Sea-Eagle","Accipitridae","Birds"
"Phasianus colchicus","Common Pheasant","Phasianidae","Birds"
"Pomatorhinus swinhoei","Grey-Sided Scimitar-Babbler","Timaliidae","Birds"
"Motacilla cinerea","Grey Wagtail","Motacillidae","Birds"
"Garrulax chinensis","Black-Throated Laughingthrush","Timaliidae","Birds"
"Acrocephalus stentoreus","Clamorous Reed Warbler","Sylviidae","Birds"
"Paradoxornis gularis","Grey-Headed Parrotbill","Timaliidae","Birds"
"Stachyris ruficeps","Rufous-Capped Babbler","Timaliidae","Birds"
"Certhia familiaris","Eurasian Treecreeper","Certhiidae","Birds"
"Botaurus stellaris","Bittern","Ardeidae","Birds"
"Charadrius placidus","Long-Billed Plover","Charadriidae","Birds"
"Apus nipalensis","House Swift","Apodidae","Birds"
"Brachypteryx leucophrys","Lesser Shortwing","Turdidae","Birds"
"Ficedula zanthopygia","Yellow-Rumped Flycatcher","Muscicapidae","Birds"
"Phylloscopus ogilviegranti","Kloss's Leaf Warbler","Sylviidae","Birds"
"Phylloscopus pulcher","Buff-Barred Warbler","Sylviidae","Birds"
"Falco subbuteo","Eurasian Hobby","Falconidae","Birds"
"Harpactes erythrocephalus","Red-Headed Trogon","Trogonidae","Birds"
"Enicurus maculatus","Spotted Forktail","Muscicapidae","Birds"
"Dicrurus macrocercus","Black Drongo","Dicruridae","Birds"
"Picus canus","Grey-Faced Woodpecker","Picidae","Birds"
"Lerwa lerwa","Snow Partridge","Phasianidae","Birds"
"Prunella strophiata","Rufous-Breasted Accentor","Prunellidae","Birds"
"Niltava sundara","Rufous-Bellied Niltava","Muscicapidae","Birds"
"Anas formosa","Baikal Teal","Anatidae","Birds"
"Sturnus cineraceus","Grey Starling","Sturnidae","Birds"
"Hypsipetes leucocephalus","Asian Black Bulbul","Pycnonotidae","Birds"
"Bucephala clangula","Common Goldeneye","Anatidae","Birds"
"Liocichla omeiensis","Grey-Faced Liocichla","Timaliidae","Birds"
"Carduelis sinica","Oriental Greenfinch","Fringillidae","Birds"
"Muscicapa muttui","Brown-Breasted Flycatcher","Muscicapidae","Birds"
"Urocissa erythrorhyncha","Red-Billed Blue Magpie","Corvidae","Birds"
"Phylloscopus reguloides","Blyth's Leaf-Warbler","Sylviidae","Birds"
"Accipiter nisus","Eurasian Sparrowhawk","Accipitridae","Birds"
"Tesia castaneocoronata","Chestnut-Headed Tesia","Sylviidae","Birds"
"Hirundapus caudacutus","White-Throated Needletail","Apodidae","Birds"
"Collocalia brevirostris","Himalayan Swiftlet","Apodidae","Birds"
"Acrocephalus arundinaceus","Great Reed Warbler","Sylviidae","Birds"
"Buteo hemilasius","Upland Buzzard","Accipitridae","Birds"
"Ardeola bacchus","Chinese Pond-Heron","Ardeidae","Birds"
"Coccothraustes coccothraustes","Hawfinch","Fringillidae","Birds"
"Seicercus soror","Alstrom's Warbler","Sylviidae","Birds"
"Parus venustulus","Yellow-Bellied Tit","Paridae","Birds"
"Parus ater","Coal Tit","Paridae","Birds"
"Turnix tanki","Yellow-Legged Buttonquail","Turnicidae","Birds"
"Phylloscopus affinis","Tickell's Leaf-Warbler","Sylviidae","Birds"
"Acrocephalus aedon","Thick-Billed Warbler","Sylviidae","Birds"
"Phylloscopus subaffinis","Buff-Throated Warbler","Sylviidae","Birds"
"Delichon dasypus","Asian House Martin","Hirundinidae","Birds"
"Cygnus columbianus","Tundra Swan","Anatidae","Birds"
"Regulus regulus","Goldcrest","Reguliidae","Birds"
"Oriolus mellianus","Silver Oriole","Oriolidae","Birds"
"Anas zonorhyncha","Eastern Spot-Billed Duck","Anatidae","Birds"
"Enicurus schistaceus","Slaty-Backed Forktail","Muscicapidae","Birds"
"Zosterops japonicus","Japanese White-Eye","Zosteropidae","Birds"
"Treron sieboldii","Japanese Green-Pigeon","Columbidae","Birds"
"Conostoma oemodium","Great Parrotbill","Timaliidae","Birds"
"Aix galericulata","Mandarin Duck","Anatidae","Birds"
"Tarsiger chrysaeus","Golden Bush-Robin","Muscicapidae","Birds"
"Ixobrychus cinnamomeus","Cinnamon Bittern","Ardeidae","Birds"
"Pucrasia macrolopha","Koklass Pheasant","Phasianidae","Birds"
"Orthotomus cuculatus","Mountain Tailorbird","Sylviidae","Birds"
"Anser cygnoides","Swan Goose","Anatidae","Birds"
"Hirundo rupestris","Eurasian Crag-Martin","Hirundinidae","Birds"
"Enicurus leschenaulti","White-Crowned Forktail","Muscicapidae","Birds"
"Garrulax elliotii","Elliot's Laughingthrush","Timaliidae","Birds"
"Scolopax rusticola","Woodcock","Scolopacidae","Birds"
"Sylviparus modestus","Yellow-Browed Tit","Paridae","Birds"
"Nucifraga caryocatactes","Spotted Nutcracker","Corvidae","Birds"
"Anas querquedula","Garganey","Anatidae","Birds"
"Bradypterus tacsanowskius","Chinese Bush-Warbler","Sylviidae","Birds"
"Emberiza fucata","Chestnut-Eared Bunting","Emberizidae","Birds"
"Brachypteryx montana","Blue Shortwing","Turdidae","Birds"
"Phylloscopus proregulus","Pallas's Leaf Warbler","Sylviidae","Birds"
"Enicurus scouleri","Little Forktail","Muscicapidae","Birds"
"Parus monticolus","Green-Backed Tit","Paridae","Birds"
"Tesia cyaniventer","Grey-Bellied Tesia","Sylviidae","Birds"
"Aquila chrysaetos","Golden Eagle","Accipitridae","Birds"
"Riparia riparia","Sand Martin","Hirundinidae","Birds"
"Cephalopyrus flammiceps","Fire-Capped Tit","Remizidae","Birds"
"Rhyacornis fuliginosa","Plumbeous Water Redstart","Muscicapidae","Birds"
"Dicrurus hottentottus","Hair-Crested Drongo","Dicruridae","Birds"
"Calandrella cheleensis","Asian Short-Toed Lark","Alaudidae","Birds"
"Ciconia boyciana","Oriental White Stork","Ciconiidae","Birds"
"Falco amurensis","Amur Falcon","Falconidae","Birds"
"Lanius sphenocercus","Chinese Grey Shrike","Laniidae","Birds"
"Sterna hirundo","Common Tern","Laridae","Birds"
"Vanellus vanellus","Lapwing","Charadriidae","Birds"
"Yuhina nigrimenta","Black-Chinned Yuhina","Timaliidae","Birds"
"Phylloscopus davisoni","White-Tailed Leaf-Warbler","Sylviidae","Birds"
"Locustella fasciolata","Gray's Grasshopper-Warbler","Sylviidae","Birds"
"Grus grus","Common Crane","Gruidae","Birds"
"Lonchura striata","White-Rumped Munia","Estrildidae","Birds"
"Garrulax perspicillatus","Spectacled Laughingthrush","Timaliidae","Birds"
"Charadrius dubius","Little Ringed Plover","Charadriidae","Birds"
"Gallicrex cinerea","Watercock","Rallidae","Birds"
"Pica pica","Black-Billed Magpie","Corvidae","Birds"
"Streptopelia tranquebarica","Red-Collared Dove","Columbidae","Birds"
"Sterna caspia","Caspian Tern","Laridae","Birds"
"Mergellus albellus","Smew","Anatidae","Birds"
"Ciconia nigra","Black Stork","Ciconiidae","Birds"
"Phylloscopus claudiae","Claudia's Warbler","Sylviidae","Birds"
"Alcippe cinereiceps","Grey-Hooded Fulvetta","Timaliidae","Birds"
"Terpsiphone paradisi","Asian Paradise-Flycatcher","Monarchidae","Birds"
"Anthus roseatus","Rosy Pipit","Motacillidae","Birds"
"Gallirallus striatus","Blue-Breasted Banded Rail","Rallidae","Birds"
"Accipiter soloensis","Chinese Goshawk","Accipitridae","Birds"
"Podiceps cristatus","Great Crested Grebe","Podicipedidae","Birds"
"Calandrella brachydactyla","Short-Toed Lark","Alaudidae","Birds"
"Celeus brachyurus","Rufous Woodpecker","Picidae","Birds"
"Megaceryle lugubris","Crested Kingfisher","Alcedinidae","Birds"
"Corvus macrorhynchos","Large-Billed Crow","Corvidae","Birds"
"Cinclus pallasii","Brown Dipper","Cinclidae","Birds"
"Dicaeum concolor","Plain Flowerpecker","Dicaeidae","Birds"
"Numenius arquata","Eurasian Curlew","Scolopacidae","Birds"
"Parus major","Great Tit","Paridae","Birds"
"Hirundo daurica","Red-Rumped Swallow","Hirundinidae","Birds"
"Fulica atra","Common Coot","Rallidae","Birds"
"Emberiza pusilla","Little Bunting","Emberizidae","Birds"
"Pyrrhocorax pyrrhocorax","Red-Billed Chough","Corvidae","Birds"
"Passer montanus","Eurasian Tree Sparrow","Passeridae","Birds"
"Troglodytes troglodytes","Winter Wren","Troglodytidae","Birds"
"Streptopelia orientalis","Oriental Turtle Dove","Columbidae","Birds"
"Zoothera dauma","Scaly Thrush","Turdidae","Birds"
"Cuculus fugax","Fugitive Hawk-Cuckoo","Cuculidae","Birds"
"Prinia inornata","Plain Prinia","Cisticolidae","Birds"
"Eurystomus orientalis","Eastern Broad-Billed Roller","Coraciidae","Birds"
"Falco tinnunculus","Common Kestrel","Falconidae","Birds"
"Dendrocopos major","Great Spotted Woodpecker","Picidae","Birds"
"Picumnus innominatus","Speckled Piculet","Picidae","Birds"
"Anthus rubescens","Buff-Bellied Pipit","Motacillidae","Birds"
"Bradypterus luteoventris","Brown Bush-Warbler","Sylviidae","Birds"
"Luscinia calliope","Siberian Rubythroat","Muscicapidae","Birds"
"Dendrocopos canicapillus","Grey-Capped Woodpecker","Picidae","Birds"
"Melanocorypha mongolica","Mongolian Lark","Alaudidae","Birds"
"Corvus dauuricus","Daurian Jackdaw","Corvidae","Birds"
"Cuculus sparverioides","Large Hawk-Cuckoo","Cuculidae","Birds"
"Anthus hodgsoni","Olive-Backed Pipit","Motacillidae","Birds"
"Bonasa sewerzowi","Severtzov's Grouse","Phasianidae","Birds"
"Egretta garzetta","Mascarene Reef-Egret","Ardeidae","Birds"
"Alcippe morrisonia","Grey-Cheeked Fulvetta","Timaliidae","Birds"
"Eumyias thalassinus","Verditer Flycatcher","Muscicapidae","Birds"
"Pitta nympha","Fairy Pitta","Pittidae","Birds"
"Garrulax albogularis","White-Throated Laughingthrush","Timaliidae","Birds"
"Cyornis rubeculoides","Blue-Throated Flycatcher","Muscicapidae","Birds"
"Aethopyga gouldiae","Gould's Sunbird","Nectariniidae","Birds"
"Lanius schach","Long-Tailed Shrike","Laniidae","Birds"
"Paradoxornis paradoxus","Three-Toed Parrotbill","Timaliidae","Birds"
"Anas penelope","Eurasian Wigeon","Anatidae","Birds"
"Saxicola torquatus","Common Stonechat","Muscicapidae","Birds"
"Chlamydotis undulata","Houbara Bustard","Otididae","Birds"
"Tichodroma muraria","Wallcreeper","Sittidae","Birds"
"Pericrocotus cantonensis","Brown-Rumped Minivet","Campephagidae","Birds"
"Casmerodius albus","Great Egret","Ardeidae","Birds"
"Lanius cristatus","Brown Shrike","Laniidae","Birds"
"Caprimulgus indicus","Jungle Nightjar","Caprimulgidae","Birds"
"Glareola maldivarum","Oriental Pratincole","Glareolidae","Birds"
"Falco columbarius","Merlin","Falconidae","Birds"
"Aegithalos fuliginosus","Sooty Tit","Aegithalidae","Birds"
"Cuculus canorus","Common Cuckoo","Cuculidae","Birds"
"Myophonus caeruleus","Himalayan Whistling-Thrush","Turdidae","Birds"
"Pyrrhula erythaca","Beavan's Bullfinch","Fringillidae","Birds"
"Emberiza rustica","Rustic Bunting","Emberizidae","Birds"
"Pycnonotus xanthorrhous","Anderson's Bulbul","Pycnonotidae","Birds"
"Coracina melaschistos","Black-Winged Cuckoo-Shrike","Campephagidae","Birds"
"Nettapus coromandelianus","Cotton Pygmy-Goose","Anatidae","Birds"
"Macropygia unchall","Bar-Tailed Cuckoo-Dove","Columbidae","Birds"
"Cyanopica cyanus","Azure-Winged Magpie","Corvidae","Birds"
"Pomatorhinus ruficollis","Streak-Breasted Scimitar-Babbler","Timaliidae","Birds"
"Picoides tridactylus","Eurasian Three-Toed Woodpecker","Picidae","Birds"
"Cuculus poliocephalus","Lesser Cuckoo","Cuculidae","Birds"
"Syrmaticus ellioti","Elliot's Pheasant","Phasianidae","Birds"
"Aquila heliaca","Imperial Eagle","Accipitridae","Birds"
"Spizixos semitorques","Collared Finchbill","Pycnonotidae","Birds"
"Ixobrychus flavicollis","Black Bittern","Ardeidae","Birds"
"Heterophasia desgodinsi","Black-Headed Sibia","Timaliidae","Birds"
"Phoenicurus hodgsoni","Hodgson's Redstart","Muscicapidae","Birds"
"Grus nigricollis","Black-Necked Crane","Gruidae","Birds"
"Pericrocotus solaris","Grey-Chinned Minivet","Campephagidae","Birds"
"Tringa ochropus","Green Sandpiper","Scolopacidae","Birds"
"Stigmatopelia chinensis","Spotted Dove","Columbidae","Birds"
"Actitis hypoleucos","Common Sandpiper","Scolopacidae","Birds"
"Chrysolophus pictus","Golden Pheasant","Phasianidae","Birds"
"Chrysococcyx maculatus","Asian Emerald Cuckoo","Cuculidae","Birds"
"Alcippe chrysotis","Golden-Breasted Fulvetta","Timaliidae","Birds"
"Sterna albifrons","Little Tern","Laridae","Birds"
"Otus bakkamoena","Collared Scops Owl","Strigidae","Birds"
"Bubulcus ibis","Cattle Egret","Ardeidae","Birds"
"Cettia canturians","Manchurian Bush Warbler","Sylviidae","Birds"
"Mergus squamatus","Chinese Merganser","Anatidae","Birds"
"Monticola rufiventris","Chestnut-Bellied Rock-Thrush","Muscicapidae","Birds"
"Hypsipetes mcclellandii","Mountain Bulbul","Pycnonotidae","Birds"
"Eophona migratoria","Yellow-Billed Grosbeak","Fringillidae","Birds"
"Rallus aquaticus","Water Rail","Rallidae","Birds"
"Tesia olivea","Slaty-Bellied Tesia","Sylviidae","Birds"
"Cettia brunnifrons","Grey-Sided Bush-Warbler","Sylviidae","Birds"
"Carpodacus trifasciatus","Three-Banded Rosefinch","Fringillidae","Birds"
"Rhinomyias brunneatus","Brown-Chested Jungle-Flycatcher","Muscicapidae","Birds"
"Amaurornis phoenicurus","White-Breasted Waterhen","Rallidae","Birds"
"Dendrocitta formosae","Grey Treepie","Corvidae","Birds"
"Carduelis spinus","Eurasian Siskin","Fringillidae","Birds"
"Alcippe dubia","Rusty Capped Fulvetta","Timaliidae","Birds"
"Microhierax melanoleucos","Pied Falconet","Falconidae","Birds"
"Spelaeornis troglodytoides","Bar-Winged Wren-Babbler","Timaliidae","Birds"
"Phylloscopus armandii","Yellow-Streaked Warbler","Sylviidae","Birds"
"Perdix dauurica","Daurian Partridge","Phasianidae","Birds"
"Porzana paykullii","Band-Bellied Crake","Rallidae","Birds"
"Athene noctua","Little Owl","Strigidae","Birds"
"Phylloscopus inornatus","Yellow-Browed Warbler","Sylviidae","Birds"
"Ficedula hyperythra","Snowy-Browed Flycatcher","Muscicapidae","Birds"
"Turdus rubrocanus","Grey-Headed Thrush","Turdidae","Birds"
"Garrulax milnei","Red-Tailed Laughingthrush","Timaliidae","Birds"
"Jynx torquilla","Eurasian Wryneck","Picidae","Birds"
"Dendrocopos cathpharius","Crimson-Breasted Woodpecker","Picidae","Birds"
"Accipiter trivirgatus","Crested Goshawk","Accipitridae","Birds"
"Columba hodgsonii","Speckled Wood-Pigeon","Columbidae","Birds"
"Nycticorax nycticorax","Black-Crowned Night-Heron","Ardeidae","Birds"
"Anser erythropus","Lesser White-Fronted Goose","Anatidae","Birds"
"Columba rupestris","Hill Pigeon","Columbidae","Birds"
"Ibidorhyncha struthersii","Ibisbill","Ibidorhynchidae","Birds"
"Garrulax formosus","Crimson-Winged Laughingthrush","Timaliidae","Birds"
"Phylloscopus schwarzi","Radde's Warbler","Sylviidae","Birds"
"Sturnus sturninus","Daurian Starling","Sturnidae","Birds"
"Paradoxornis conspicillatus","Spectacled Parrotbill","Timaliidae","Birds"
"Phylloscopus coronatus","Temminck's Crowned Warbler","Sylviidae","Birds"
"Anser fabalis","Bean Goose","Anatidae","Birds"
"Emberiza elegans","Yellow-Headed Bunting","Emberizidae","Birds"
"Phalacrocorax carbo","Cormorant","Phalacrocoracidae","Birds"
"Centropus sinensis","Common Coucal","Cuculidae","Birds"
"Sturnus sericeus","Silky Starling","Sturnidae","Birds"
"Glaucidium cuculoides","Cuckoo Owlet","Strigidae","Birds"
"Garrulax lunulatus","Bar-Backed Laughingthrush","Timaliidae","Birds"
"Cettia major","Large Bush-Warbler","Sylviidae","Birds"
"Gorsachius magnificus","White-Eared Night-Heron","Ardeidae","Birds"
"Otus sunia","Oriental Scops Owl","Strigidae","Birds"
"Garrulax maesi","Grey Laughingthrush","Timaliidae","Birds"
"Bradypterus mandelli","Russet Bush Warbler","Sylviidae","Birds"
"Melophus lathami","Crested Bunting","Emberizidae","Birds"
"Rostratula benghalensis","Painted-Snipe","Rostratulidae","Birds"
"Ixobrychus sinensis","Yellow Bittern","Ardeidae","Birds"
"Acridotheres cristatellus","Chinese Jungle Myna","Sturnidae","Birds"
"Phylloscopus ricketti","Sulphur-Breasted Warbler","Sylviidae","Birds"
"Otus lettia","Collared Scops Owl","Strigidae","Birds"
"Falco naumanni","Lesser Kestrel","Falconidae","Birds"
"Parus hypermelaenus","Black-Bibbed Tit","Paridae","Birds"
"Cisticola juncidis","Zitting Cisticola","Cisticolidae","Birds"
"Minla ignotincta","Red-Tailed Minla","Timaliidae","Birds"
"Megalaima virens","Great Barbet","Ramphastidae","Birds"
"Rhipidura albicollis","White-Throated Fantail","Rhipiduridae","Birds"
"Tachybaptus ruficollis","Little Grebe","Podicipedidae","Birds"
"Crossoptilon auritum","Blue Eared-Pheasant","Phasianidae","Birds"
"Anser anser","Greylag Goose","Anatidae","Birds"
"Otis tarda","Great Bustard","Otididae","Birds"
"Sitta villosa","Snowy-Browed Nuthatch","Sittidae","Birds"
"Amaurornis akool","Brown Crake","Rallidae","Birds"
"Vanellus cinereus","Grey-Headed Lapwing","Charadriidae","Birds"
"Tadorna ferruginea","Ruddy Shelduck","Anatidae","Birds"
"Phoenicurus frontalis","Blue-Fronted Redstart","Muscicapidae","Birds"
"Charadrius alexandrinus","Kentish Plover","Charadriidae","Birds"
"Streptopelia decaocto","Collared Dove","Columbidae","Birds"
"Anthus richardi","Richard's Pipit","Motacillidae","Birds"
"Alauda gulgula","Oriental Skylark","Alaudidae","Birds"
"Turdus mupinensis","Chinese Thrush","Turdidae","Birds"
"Turdus naumanni","Dusky Thrush","Turdidae","Birds"
"Garrulax cineraceus","Ashy Laughingthrush","Timaliidae","Birds"
"Garrulax sannio","White-Browed Laughingthrush","Timaliidae","Birds"
"Accipiter virgatus","Besra","Accipitridae","Birds"
"Ficedula hodgsonii","Rusty-Breasted Blue Flycatcher","Muscicapidae","Birds"
"Pteruthius xanthochlorus","Green Shrike-Babbler","Timaliidae","Birds"
"Ficedula albicilla","Taiga Flycatcher","Muscicapidae","Birds"
"Cissa hypoleuca","Yellow Breasted Magpie","Corvidae","Birds"
"Ceryle rudis","Pied Kingfisher","Alcedinidae","Birds"
"Circus cyaneus","Hen Harrier","Accipitridae","Birds"
"Niltava davidi","Fukien Niltava","Muscicapidae","Birds"
"Oriolus chinensis","Black-Naped Oriole","Oriolidae","Birds"
"Larus canus","Common Gull","Laridae","Birds"
"Garrulax pectoralis","Greater Necklaced Laughingthrush","Timaliidae","Birds"
"Alcippe ruficapilla","Spectacled Fulvetta","Timaliidae","Birds"
"Dicaeum ignipectus","Green-Backed Flowerpecker","Dicaeidae","Birds"
"Copsychus saularis","Oriental Magpie-Robin","Muscicapidae","Birds"
"Corvus torquatus","Collared Crow","Corvidae","Birds"
"Cettia diphone","Japanese Bush-Warbler","Sylviidae","Birds"
"Pomatorhinus gravivox","Black Streaked Scimitar Babbler","Timaliidae","Birds"
"Fringilla montifringilla","Brambling","Fringillidae","Birds"
"Mergus merganser","Goosander","Anatidae","Birds"
"Motacilla citreola","Citrine Wagtail","Motacillidae","Birds"
"Saxicola ferreus","Grey Bushchat","Muscicapidae","Birds"
"Zosterops erythropleurus","Chestnut-Flanked White-Eye","Zosteropidae","Birds"
"Erpornis zantholeuca","White Bellied Yuhina","Timaliidae","Birds"
"Aegithalos caudatus","Long-Tailed Tit","Aegithalidae","Birds"
"Carpodacus erythrinus","Common Rosefinch","Fringillidae","Birds"
"Culicicapa ceylonensis","Grey-Headed Canary-Flycatcher","Muscicapidae","Birds"
"Chrysolophus amherstiae","Lady Amherst's Pheasant","Phasianidae","Birds"
"Clamator coromandus","Chestnut-Winged Cuckoo","Cuculidae","Birds"
"Seicercus castaniceps","Chestnut-Crowned Warbler","Sylviidae","Birds"
"Phylloscopus magnirostris","Large-Billed Leaf-Warbler","Sylviidae","Birds"
"Ficedula tricolor","Slaty-Blue Flycatcher","Muscicapidae","Birds"
"Strix aluco","Tawny Owl","Strigidae","Birds"
"Emberiza godlewskii","Godlewski's Bunting","Emberizidae","Birds"
"Tragopan temminckii","Temminck's Tragopan","Phasianidae","Birds"
"Haliaeetus albicilla","White-Tailed Eagle","Accipitridae","Birds"
"Phylloscopus emeiensis","Emei Leaf Warbler","Sylviidae","Birds"
"Ninox scutulata","Brown Hawk-Owl","Strigidae","Birds"
"Anas falcata","Falcated Duck","Anatidae","Birds"
"Phylloscopus fuscatus","Dusky Warbler","Sylviidae","Birds"
"Babax lanceolatus","Chinese Babax","Timaliidae","Birds"
"Locustella certhiola","Pallas's Grasshopper Warbler","Sylviidae","Birds"
"Milvus migrans","Black Kite","Accipitridae","Birds"
"Lanius tigrinus","Tiger Shrike","Laniidae","Birds"
"Ketupa flavipes","Tawny Fish-Owl","Strigidae","Birds"
"Galerida cristata","Crested Lark","Alaudidae","Birds"
"Chrysomma poecilotis","Rufous-Tailed Babbler","Timaliidae","Birds"
"Cettia acanthizoides","Yellowish Bellied Bush Warbler","Sylviidae","Birds"
"Parus davidi","Pere David's Tit","Paridae","Birds"
"Perisoreus internigrans","Szechwan Jay","Corvidae","Birds"
"Cuculus saturatus","Oriental Cuckoo","Cuculidae","Birds"
"Passer rutilans","Cinnamon Sparrow","Passeridae","Birds"
"Aethopyga christinae","Fork-Tailed Sunbird","Nectariniidae","Birds"
"Paradoxornis alphonsianus","Ashy-Throated Parrotbill","Timaliidae","Birds"
"Ardea cinerea","Grey Heron","Ardeidae","Birds"
"Buteo buteo","Buzzard","Accipitridae","Birds"
"Chloropsis hardwickii","Orange-Bellied Leafbird","Chloropseidae","Birds"
"Hydrophasianus chirurgus","Pheasant-Tailed Jacana","Jacanidae","Birds"
"Dicrurus leucophaeus","Ashy Drongo","Dicruridae","Birds"
"Alcippe variegaticeps","Gold-Fronted Fulvetta","Timaliidae","Birds"
"Pycnonotus sinensis","Chinese Bulbul","Pycnonotidae","Birds"
"Yuhina diademata","White-Collared Yuhina","Timaliidae","Birds"
"Locustella lanceolata","Lanceolated Warbler","Sylviidae","Birds"
"Anthus spinoletta","Water Pipit","Motacillidae","Birds"
"Emberiza cioides","Meadow Bunting","Emberizidae","Birds"
"Strix leptogrammica","Brown Wood-Owl","Strigidae","Birds"
"Butastur indicus","Grey-Faced Buzzard","Accipitridae","Birds"
"Alectoris chukar","Chukar","Phasianidae","Birds"
"Calcarius lapponicus","Lapland Longspur","Emberizidae","Birds"
"Anas crecca","Common Teal","Anatidae","Birds"
"Carpodacus vinaceus","Vinaceous Rosefinch","Fringillidae","Birds"
"Luscinia brunnea","Indian Blue Robin","Muscicapidae","Birds"
"Luscinia ruficeps","Rufous-Headed Robin","Muscicapidae","Birds"
"Eudynamys scolopaceus","Asian Koel","Cuculidae","Birds"
"Syrmaticus reevesii","Reeves's Pheasant","Phasianidae","Birds"
"Garrulax affinis","White-Whiskered Laughingthrush","Timaliidae","Birds"
"Circus spilonotus","Eastern Marsh-Harrier","Accipitridae","Birds"
"Ficedula sapphira","Sapphire-Headed Flycatcher","Muscicapidae","Birds"
"Carpodacus roseus","Pallas's Rosefinch","Fringillidae","Birds"
"Motacilla alba","White Wagtail","Motacillidae","Birds"
"Pnoepyga pusilla","Pygmy Wren-Babbler","Timaliidae","Birds"
"Circus melanoleucos","Pied Harrier","Accipitridae","Birds"
"Abroscopus albogularis","Rufous-Faced Warbler","Sylviidae","Birds"
"Corvus frugilegus","Rook","Corvidae","Birds"
"Cettia flavolivacea","Aberrant Bush-Warbler","Sylviidae","Birds"
"Dendronanthus indicus","Forest Wagtail","Motacillidae","Birds"
"Surniculus lugubris","Drongo Cuckoo","Cuculidae","Birds"
"Anthus sylvanus","Upland Pipit","Motacillidae","Birds"
"Anas platyrhynchos","Mallard","Anatidae","Birds"
"Aegithalos concinnus","Black-Throated Tit","Aegithalidae","Birds"
"Cinclidium leucurum","White-Tailed Robin","Muscicapidae","Birds"
"Aythya nyroca","Ferruginous Pochard","Anatidae","Birds"
"Coturnix japonica","Japanese Quail","Phasianidae","Birds"
"Carpodacus nipalensis","Dark-Breasted Rosefinch","Fringillidae","Birds"
"Pernis ptilorhyncus","Oriental Honey-Buzzard","Accipitridae","Birds"
"Prinia crinigera","Striated Prinia","Cisticolidae","Birds"
"Butorides striata","Green-Backed Heron","Ardeidae","Birds"
"Bambusicola thoracicus","Chinese Bamboo Partridge","Phasianidae","Birds"
"Chaimarrornis leucocephalus","River Chat","Muscicapidae","Birds"
"Bubo bubo","Eurasian Eagle Owl","Strigidae","Birds"
"Sitta europaea","Wood Nuthatch","Sittidae","Birds"
"Halcyon pileata","Black-Capped Kingfisher","Alcedinidae","Birds"
"Asio otus","Long-Eared Owl","Strigidae","Birds"
"Cettia fortipes","Brownish-Flanked Bush-Warbler","Sylviidae","Birds"
"Garrulax berthemyi","Buffy Laughingthrush","Timaliidae","Birds"
"Emberiza leucocephalos","Pine Bunting","Emberizidae","Birds"
"Phoenicurus alaschanicus","Przewalski's Redstart","Muscicapidae","Birds"
"Ardea purpurea","Purple Heron","Ardeidae","Birds"
"Circus macrourus","Pallid Harrier","Accipitridae","Birds"
"Gallinula chloropus","Common Moorhen","Rallidae","Birds"
"Tringa nebularia","Greenshank","Scolopacidae","Birds"
"Hirundo rustica","Barn Swallow","Hirundinidae","Birds"
"Tadorna tadorna","Common Shelduck","Anatidae","Birds"
"Asio flammeus","Short-Eared Owl","Strigidae","Birds"
"Emberiza spodocephala","Black-Faced Bunting","Emberizidae","Birds"
"Ithaginis cruentus","Blood Pheasant","Phasianidae","Birds"
"Paradoxornis verreauxi","Golden Parrotbill","Timaliidae","Birds"
"Acrocephalus concinens","Blunt-Winged Warbler","Sylviidae","Birds"
"Gallinago gallinago","Common Snipe","Scolopacidae","Birds"
"Upupa epops","Hoopoe","Upupidae","Birds"
"Ixobrychus eurhythmus","Schrenck's Bittern","Ardeidae","Birds"
"Aythya baeri","Baer's Pochard","Anatidae","Birds"
"Falco cherrug","Saker Falcon","Falconidae","Birds"
"Latoucheornis siemsseni","Slaty Bunting","Emberizidae","Birds"
"Seicercus tephrocephalus","Grey Crowned Warbler","Sylviidae","Birds"
"Alcippe brunnea","Dusky Fulvetta","Timaliidae","Birds"
"Garrulus glandarius","Eurasian Jay","Corvidae","Birds"
"Hodgsonius phaenicuroides","White-Bellied Redstart","Muscicapidae","Birds"
"Pteruthius flaviscapis","White-Browed Shrike-Babbler","Timaliidae","Birds"
"Emberiza tristrami","Tristram's Bunting","Emberizidae","Birds"
"Tarsiger cyanurus","Red-Flanked Bluetail","Muscicapidae","Birds"
"Pericrocotus ethologus","Long-Tailed Minivet","Campephagidae","Birds"
"Phoenicurus auroreus","Daurian Redstart","Muscicapidae","Birds"
"Turdus pallidus","Pale Thrush","Turdidae","Birds"
"Porzana pusilla","Baillon's Crake","Rallidae","Birds"
"Aythya fuligula","Tufted Duck","Anatidae","Birds"
"Eptesicus serotinus","Serotine","Vespertilionidae","Mammals"
"Rhinolophus pusillus","Least Horseshoe Bat","Rhinolophidae","Mammals"
"Niviventer fulvescens","Indomalayan Niviventer","Muridae","Mammals"
"Erinaceus amurensis","Amur Hedgehog","Erinaceidae","Mammals"
"Myotis daubentonii","Daubenton's Bat","Vespertilionidae","Mammals"
"Tscherskia triton","Greater Long Tailed Hamster","Cricetidae","Mammals"
"Apodemus agrarius","Striped Field Mouse","Muridae","Mammals"
"Megaderma lyra","Greater False Vampire Bat","Megadermatidae","Mammals"
"Prionodon pardicolor","Spotted Linsang","Viverridae","Mammals"
"Rousettus leschenaultii","Leschenault's Rousette","Pteropodidae","Mammals"
"Scotomanes ornatus","Harlequin Bat","Vespertilionidae","Mammals"
"Crocidura shantungensis","Shantung Shrew","Soricidae","Mammals"
"Chodsigoa parca","Lowe's Shrew","Soricidae","Mammals"
"Myotis pequinius","Peking Myotis","Vespertilionidae","Mammals"
"Ochotona syrinx","null","Ochotonidae","Mammals"
"Rattus nitidus","Himalayan Field Rat","Muridae","Mammals"
"Eothenomys melanogaster","Pére David's Vole","Cricetidae","Mammals"
"Meles leucurus","Asian Badger","Mustelidae","Mammals"
"Rusa unicolor","Sambar Deer","Cervidae","Mammals"
"Trachypithecus francoisi","Tonkin Leaf Monkey","Cercopithecidae","Mammals"
"Dremomys pyrrhomerus","Red-Hipped Squirrel","Sciuridae","Mammals"
"Scaptonyx fusicaudus","Long-Tailed Mole","Talpidae","Mammals"
"Ursus thibetanus","Asian Black Bear","Ursidae","Mammals"
"Belomys pearsonii","Hairy Footed Flying Squirrel","Sciuridae","Mammals"
"Myotis davidii","David's Myotis","Vespertilionidae","Mammals"
"Tadarida insignis","East Asian Free-Tailed Bat","Molossidae","Mammals"
"Myotis formosus","Hodgson's Bat","Vespertilionidae","Mammals"
"Chodsigoa smithii","Smith's Shrew","Soricidae","Mammals"
"Petaurista elegans","Spotted Giant Flying Squirrel","Sciuridae","Mammals"
"Uropsilus soricipes","Chinese Shrew Mole","Talpidae","Mammals"
"Neofelis nebulosa","Clouded Leopard","Felidae","Mammals"
"Hylopetes phayrei","Indochinese Flying Squirrel","Sciuridae","Mammals"
"Nyctalus plancyi","Chinese Noctule","Vespertilionidae","Mammals"
"Atherurus macrourus","Asiatic Brush-Tailed Porcupine","Hystricidae","Mammals"
"Myotis laniger","Chinese Water Myotis","Vespertilionidae","Mammals"
"Catopuma temminckii","Temminck's Golden Cat","Felidae","Mammals"
"Lepus tolai","Tolai Hare","Leporidae","Mammals"
"Dremomys pernyi","Servaline Genet","Sciuridae","Mammals"
"Rhinolophus sinicus","Chinese Horseshoe Bat","Rhinolophidae","Mammals"
"Pipistrellus tenuis","Least Pipistrelle","Vespertilionidae","Mammals"
"Tylonycteris pachypus","Lesser Bamboo Bat","Vespertilionidae","Mammals"
"Mustela altaica","Mountain Weasel","Mustelidae","Mammals"
"Mogera insularis","Insular Mole","Talpidae","Mammals"
"Aselliscus stoliczkanus","Stoliczka's Asian Trident Bat","Hipposideridae","Mammals"
"Mustela eversmanii","Steppe Polecat","Mustelidae","Mammals"
"Myotis altarium","Szechwan Myotis","Vespertilionidae","Mammals"
"Pipistrellus pipistrellus","Common Pipistrelle","Vespertilionidae","Mammals"
"Caryomys eva","Eva's Red-Backed Vole","Cricetidae","Mammals"
"Myodes shanseius","Shanxi Red-Backed Vole","Cricetidae","Mammals"
"Callosciurus erythraeus","Pallas's Squirrel","Sciuridae","Mammals"
"Apodemus peninsulae","Korean Field Mouse","Muridae","Mammals"
"Apodemus draco","South China Field Mouse","Muridae","Mammals"
"Hipposideros armiger","Great Roundleaf Bat","Hipposideridae","Mammals"
"Eospalax rothschildi","Rothschild's Zokor","Spalacidae","Mammals"
"Chodsigoa hypsibia","De Winton's Shrew","Soricidae","Mammals"
"Petaurista philippensis","Indian Giant Flying Squirrel","Sciuridae","Mammals"
"Tamiops swinhoei","Swinhoe's Striped Squirrel","Sciuridae","Mammals"
"Mus pahari","Gairdner's Shrewmouse","Muridae","Mammals"
"Herpestes urva","Crab Eating Mongoose","Herpestidae","Mammals"
"Rattus rattus","Black Rat","Muridae","Mammals"
"Hipposideros pratti","Pratt's Roundleaf Bat","Hipposideridae","Mammals"
"Euroscaptor longirostris","Long Nosed Mole","Talpidae","Mammals"
"Berylmys bowersi","Bower's White-Toothed Rat","Muridae","Mammals"
"Capreolus pygargus","Siberian Roe Deer","Cervidae","Mammals"
"Myotis chinensis","Large Myotis","Vespertilionidae","Mammals"
"Naemorhedus griseus","Chinese Goral","Bovidae","Mammals"
"Petaurista petaurista","Red Giant Flying Squirrel","Sciuridae","Mammals"
"Rhinolophus affinis","Intermediate Horseshoe Bat","Rhinolophidae","Mammals"
"Sciurotamias davidianus","Pére David's Rock Squirrel","Sciuridae","Mammals"
"Macaca thibetana","Tibetan Macaque","Cercopithecidae","Mammals"
"Suncus murinus","House Shrew","Soricidae","Mammals"
"Panthera pardus","Leopard","Felidae","Mammals"
"Blarinella griselda","Indochinese Short-Tailed Shrew","Soricidae","Mammals"
"Melogale moschata","Chinese Ferret Badger","Mustelidae","Mammals"
"Rattus pyctoris","Himalayan Rat","Muridae","Mammals"
"Apodemus chevrieri","Chevrier's Field Mouse","Muridae","Mammals"
"Sorex cylindricauda","Greater Stripe Backed Shrew","Soricidae","Mammals"
"Petaurista alborufus","Red And White Giant Flying Squirrel","Sciuridae","Mammals"
"Rhinopithecus roxellana","Golden Snub Nosed Monkey","Cercopithecidae","Mammals"
"Rhinolophus pearsonii","Pearson's Horseshoe Bat","Rhinolophidae","Mammals"
"Ia io","Great Evening Bat","Vespertilionidae","Mammals"
"Leopoldamys edwardsi","Edward’S Rat","Muridae","Mammals"
"Canis lupus","Wolf","Canidae","Mammals"
"Trogopterus xanthipes","Complex Toothed Flying Squirrel","Sciuridae","Mammals"
"Rhinolophus macrotis","Big Eared Horseshoe Bat","Rhinolophidae","Mammals"
"Capricornis milneedwardsii","Chinese Serow","Bovidae","Mammals"
"Rattus losea","Losea Rat","Muridae","Mammals"
"Rhinolophus rex","King Horseshoe Bat","Rhinolophidae","Mammals"
"Eospalax fontanierii","Chinese Zokor","Spalacidae","Mammals"
"Typhlomys cinereus","Chinese Pygmy Dormouse","Platacanthomyidae","Mammals"
"Rhizomys sinensis","Chinese Bamboo Rat","Spalacidae","Mammals"
"Pipistrellus alaschanicus","Alashanian Pipistrelle","Vespertilionidae","Mammals"
"Muntiacus vaginalis","Northern Red Muntjac","Cervidae","Mammals"
"Caryomys inez","Kolan Vole","Cricetidae","Mammals"
"Ochotona cansus","Gansu Pika","Ochotonidae","Mammals"
"Barbastella leucomelas","Asian Barbastelle","Vespertilionidae","Mammals"
"Crocidura fuliginosa","Southeast Asian Shrew","Soricidae","Mammals"
"Kerivoula hardwickii","Hardwicke's Woolly Bat","Vespertilionidae","Mammals"
"Moschus berezovskii","Chinese Forest Musk Deer","Moschidae","Mammals"
"Vespertilio sinensis","Asian Particolored Bat","Vespertilionidae","Mammals"
"Myotis fimbriatus","Fringed Long-Footed Myotis","Vespertilionidae","Mammals"
"Pipistrellus pulveratus","Chinese Pipistrelle","Vespertilionidae","Mammals"
"Mustela kathiah","Yellow-Bellied Weasel","Mustelidae","Mammals"
"Scapanulus oweni","Gansu Mole","Talpidae","Mammals"
"Rhinolophus luctus","Great Woolly Horsehoe Bat","Rhinolophidae","Mammals"
"Martes flavigula","Yellow Throated Marten","Mustelidae","Mammals"
"Hylopetes alboniger","African Linsang","Sciuridae","Mammals"
"Tamiops maritimus","Maritime Striped Squirrel","Sciuridae","Mammals"
"Coelops frithii","Tail-Less Leaf-Nosed Bat","Hipposideridae","Mammals"
"Uropsilus gracilis","Gracile Shrew Mole","Talpidae","Mammals"
"Rhinolophus shortridgei","Shortridge's Horseshoe Bat","Rhinolophidae","Mammals"
"Anourosorex squamipes","Mole Shrew","Soricidae","Mammals"
"Chimarrogale styani","Chinese Water Shrew","Soricidae","Mammals"
"Eothenomys miletus","Large Oriental Vole","Cricetidae","Mammals"
"Manis pentadactyla","Chinese Pangolin","Manidae","Mammals"
"Mesechinus hughi","Hugh's Hedgehog","Erinaceidae","Mammals"
"Opisthotropis latouchii","Sichuan Mountain Keelback","Colubridae","Reptiles"
"Amphiesma craspedogaster","Kuatun Keelback","Colubridae","Reptiles"
"Oligodon cinereus","Günther's Kukri Snake","Colubridae","Reptiles"
"Elaphe bimaculata","Chinese Leopard Snake","Colubridae","Reptiles"
"Pseudoxenodon karlschmidti","Chinese Bamboo Snake","Colubridae","Reptiles"
"Lycodon flavozonatus","Big-Tooth Snake","Colubridae","Reptiles"
"Japalura fasciata","Banded Japalure","Agamidae","Reptiles"
"Sibynophis chinensis","Chinese Many-Tooth Snake","Colubridae","Reptiles"
"Pseudoxenodon macrops","Big-Eyed Bamboo Snake","Colubridae","Reptiles"
"Lycodon ruhstrati","Formosa Wolf Snake","Colubridae","Reptiles"
"Protobothrops mucrosquamatus","Brown Spotted Pitviper","Viperidae","Reptiles"
"Naja atra","Chinese Cobra","Elapidae","Reptiles"
"Plagiopholis styani","Chinese Mountain Snake","Colubridae","Reptiles"
"Boiga kraepelini","Kelung Cat Snake","Colubridae","Reptiles"
"Takydromus kuehnei","Kuhne’S Grass Lizard","Lacertidae","Reptiles"
"Rhabdophis nuchalis","Hubei Keelback","Colubridae","Reptiles"
"Dibamus bourreti","Bourret's Blind Skink","Dibamidae","Reptiles"
"Ovophis monticola","Chinese Mountain Pit Viper","Viperidae","Reptiles"
"Oligodon lungshenensis","null","Colubridae","Reptiles"
"Sinonatrix aequifasciata","Asiatic Water Snake","Colubridae","Reptiles"
"Plagiopholis blakewayi","Blakeway's Mountain Snake","Colubridae","Reptiles"
"Amphiesma atemporale","Tonkin Keelback","Colubridae","Reptiles"
"Sinonatrix percarinata","Olive Keelback","Colubridae","Reptiles"
"Achalinus spinalis","Peters' Odd-Scaled Snake","Xenodermidae","Reptiles"
"Pareas boulengeri","Boulenger's Slug Snake","Pareidae","Reptiles"
"Macropisthodon rudis","False Habu","Colubridae","Reptiles"
"Scincella monticola","Mountainous Dwarf Skink","Scincidae","Reptiles"
"Amphiesma sauteri","Kosempo Keelback","Colubridae","Reptiles"
"Calamaria septentrionalis","Hong Kong Dwarf Snake","Colubridae","Reptiles"
"Rhabdophis subminiatus","Red-Necked Keelback","Colubridae","Reptiles"
"Cyclophiops major","Chinese Green Snake","Colubridae","Reptiles"
"Euprepiophis mandarinus","Mandarin Ratsnakes","Colubridae","Reptiles"
"Protobothrops jerdonii","Jerdon’S Pitviper","Viperidae","Reptiles"
"Pseudoxenodon stejnegeri","Stejneger's Bamboo Snake","Colubridae","Reptiles"
"Bungarus multicinctus","Many-Banded Krait","Elapidae","Reptiles"
"Mauremys reevesii","Big-Headed Reeves' Turtle","Geoemydidae","Turtles (non-marine)"
"Pelodiscus sinensis","Chinese Soft-Shelled Turtle","Trionychidae","Turtles (non-marine)"
"Liua tsinpaensis","Shaanxi Salamander","Hynobiidae","Amphibians"
"Hyla japonica","Far Eastern Treefrog","Hylidae","Amphibians"
"Rana omeimontis","Omei Brown Frog","Ranidae","Amphibians"
"Bufo andrewsi","Chusan Island Toad","Bufonidae","Amphibians"
"Quasipaa robertingeri","Boulenger's Paa Frog","Dicroglossidae","Amphibians"
"Liua shihi","Sichuan Salamander","Hynobiidae","Amphibians"
"Microhyla heymonsi","Taiwan Rice Frog","Microhylidae","Amphibians"
"Kaloula borealis","Manchurian Narrowmouth Toad","Microhylidae","Amphibians"
"Rana zhenhaiensis","Zhenhai Brown Frog","Ranidae","Amphibians"
"Rhacophorus dennysi","Blanford's Whipping Frog","Rhacophoridae","Amphibians"
"Odorrana hejiangensis","Hejiang Frog","Ranidae","Amphibians"
"Quasipaa boulengeri","Boulenger's Paa Frog","Dicroglossidae","Amphibians"
"Microhyla mixtura","Chinese Rice Frog","Microhylidae","Amphibians"
"Rhacophorus omeimontis","Omei Whipping Frog","Rhacophoridae","Amphibians"
"Megophrys wushanensis","Wushan Horned Toad","Megophryidae","Amphibians"
"Pseudohynobius flavomaculatus","Yellow-Spotted Salamander","Hynobiidae","Amphibians"
"Odorrana margaretae","Margareta's Frog","Ranidae","Amphibians"
"Pseudorana sangzhiensis","Sangzhi Frog","Ranidae","Amphibians"
"Nanorana yunnanensis","Yunnan Paa Frog","Dicroglossidae","Amphibians"
"Bombina lichuanensis","Hubei Firebelly Toad","Bombinatoridae","Amphibians"
"Rhacophorus chenfui","Chinese Whipping Frog","Rhacophoridae","Amphibians"
"Odorrana schmackeri","Schmacker's Frog","Ranidae","Amphibians"
"Amolops granulosus","Sichuan Sucker Frog","Ranidae","Amphibians"
"Megophrys spinata","Spiny Spadefoot Toad","Megophryidae","Amphibians"
"Amolops ricketti","Chinese Sucker Frog","Ranidae","Amphibians"
"Rhacophorus zhaojuensis","null","Rhacophoridae","Amphibians"
"Hoplobatrachus rugulosus","Asian Peters Frog","Dicroglossidae","Amphibians"
"Nanorana quadranus","Kwang-Yang Asian Frog","Dicroglossidae","Amphibians"
"Leptolalax oshanensis","Oshan Metacarpal-Tubercled Toad","Megophryidae","Amphibians"
"Rana chensinensis","Far Eastern Wood Frog","Ranidae","Amphibians"
"Odorrana lungshengensis","Lung-Shen-Hsien Frog","Ranidae","Amphibians"
"Megophrys boettgeri","Boettger's Spadefoot Toad","Megophryidae","Amphibians"
"Andrias davidianus","Chinese Giant Salamander","Cryptobranchidae","Amphibians"
"Paramesotriton caudopunctatus","Guizhou Warty Newt","Salamandridae","Amphibians"
"Rhacophorus nigropunctatus","Weining Flying Frog","Rhacophoridae","Amphibians"
"Tylototriton wenxianensis","Wenxian Knobby Salamander","Salamandridae","Amphibians"
"Brachytarsophrys chuannanensis","Chuanan Short-Legged Toad","Megophryidae","Amphibians"
"Pelophylax nigromaculatus","Black-Spotted Frog","Ranidae","Amphibians"
"Paramesotriton chinensis","Chinese Warty Newt","Salamandridae","Amphibians"
"Hylarana guentheri","Gunther's Amoy Frog","Ranidae","Amphibians"
"Polypedates megacephalus","Hong Kong Whipping Frog","Rhacophoridae","Amphibians"
"Odorrana versabilis","Kwangsi Frog","Ranidae","Amphibians"
"Rhacophorus hui","null","Rhacophoridae","Amphibians"
"Megophrys minor","Kwangshien Spadefoot Toad","Megophryidae","Amphibians"
"Pelophylax hubeiensis","Hubei Frog","Ranidae","Amphibians"
"Hyla tsinlingensis","Shensi Treefrog","Hylidae","Amphibians"
"Oreolalax lichuanensis","Lichuan Lazy Toad","Megophryidae","Amphibians"
"Tylototriton asperrimus","Mount Yao Newt","Salamandridae","Amphibians"
"Amolops chunganensis","Chungan Sucker Frog","Ranidae","Amphibians"
"Fejervarya limnocharis","Indian Cricket Frog","Dicroglossidae","Amphibians"
"Brachytarsophrys platyparietus","Karin Hills Frog","Megophryidae","Amphibians"
"Odorrana grahami","Yunnanfu Frog","Ranidae","Amphibians"
"Microhyla butleri","Butler's Rice Frog","Microhylidae","Amphibians"
"Babina daunchina","Hungchun-Ping Frog","Ranidae","Amphibians"
"Oreolalax rhodostigmatus","Guizhou Lazy Toad","Megophryidae","Amphibians"
"Leptobrachium boringii","Taosze Spiny Toad","Megophryidae","Amphibians"
"Hyla annectans","Jerdon's Tree Frog","Hylidae","Amphibians"
"Microhyla fissipes","Ornamented Pygmy Frog","Microhylidae","Amphibians"
"Quasipaa spinosa","Chinese Spiny Frog","Dicroglossidae","Amphibians"
"Odorrana chloronota","Chloronate Huia Frog","Ranidae","Amphibians"
"Megophrys omeimontis","Mount Omei Spadefoot Toad","Megophryidae","Amphibians"
"Bufo gargarizans","Chusan Island Toad","Bufonidae","Amphibians"
"Euthalia aristides","null","Nymphalidae","Butterflies"
"Pieris mandarina","null","Pieridae","Butterflies"
"Chrysozephyrus rarasanus","null","Lycaenidae","Butterflies"
"Papilio sikkimensis","null","Papilionidae","Butterflies"
"Satarupa valentini","null","Hesperiidae","Butterflies"
"Lasiommata deidamia","null","Nymphalidae","Butterflies"
"Chrysozephyrus zoa","null","Lycaenidae","Butterflies"
"Neptis andetria","null","Nymphalidae","Butterflies"
"Patsuia sinensis","null","Nymphalidae","Butterflies"
"Neptis themis","null","Nymphalidae","Butterflies"
"Neptis sankara","null","Nymphalidae","Butterflies"
"Mycalesis misenus","null","Nymphalidae","Butterflies"
"Astictopterus jama","null","Hesperiidae","Butterflies"
"Anthocharis cardamines","Orange-Tip","Pieridae","Butterflies"
"Lethe labyrinthea","null","Nymphalidae","Butterflies"
"Lethe baucis","null","Nymphalidae","Butterflies"
"Araschnia dolis","null","Nymphalidae","Butterflies"
"Apostictopterus fuliginosus","null","Hesperiidae","Butterflies"
"Parasarpa albomaculata","null","Nymphalidae","Butterflies"
"Pieris extensa","null","Pieridae","Butterflies"
"Tongeia potanini","null","Lycaenidae","Butterflies"
"Limenitis misuji","null","Nymphalidae","Butterflies"
"Colias fieldii","null","Pieridae","Butterflies"
"Sibataniozephyrus lijinae","null","Lycaenidae","Butterflies"
"Lethe trimacula","null","Nymphalidae","Butterflies"
"Lethe violaceopicta","null","Nymphalidae","Butterflies"
"Ravenna nivea","null","Lycaenidae","Butterflies"
"Athyma jina","null","Nymphalidae","Butterflies"
"Neptis antilope","null","Nymphalidae","Butterflies"
"Aporia largeteaui","null","Pieridae","Butterflies"
"Euthalia alpherakyi","null","Nymphalidae","Butterflies"
"Neptis alwina","null","Nymphalidae","Butterflies"
"Lethe syrcisi","null","Nymphalidae","Butterflies"
"Lethe helena","null","Nymphalidae","Butterflies"
"Lethe satyrina","null","Nymphalidae","Butterflies"
"Athyma disjuncta","null","Nymphalidae","Butterflies"
"Polyura nepenthes","null","Nymphalidae","Butterflies"
"Sasakia funebris","null","Nymphalidae","Butterflies"
"Neorina patria","null","Nymphalidae","Butterflies"
"Chrysozephyrus linae","null","Lycaenidae","Butterflies"
"Chrysozephyrus watsoni","null","Lycaenidae","Butterflies"
"Lethe gemina","null","Nymphalidae","Butterflies"
"Lethe nigrifascia","null","Nymphalidae","Butterflies"
"Neptis cydippe","null","Nymphalidae","Butterflies"
"Lethe titania","null","Nymphalidae","Butterflies"
"Howarthia cheni","null","Lycaenidae","Butterflies"
"Aporia kanekoi","null","Pieridae","Butterflies"
"Lethe laodamia","null","Nymphalidae","Butterflies"
"Neozephyrus helena","null","Lycaenidae","Butterflies"
"Lethe lanaris","null","Nymphalidae","Butterflies"
"Ypthima conjuncta","null","Nymphalidae","Butterflies"
"Pantoporia bieti","null","Nymphalidae","Butterflies"
"Mandarinia regalis","null","Nymphalidae","Butterflies"
"Pontia daplidice","Bath White","Pieridae","Butterflies"
"Helcyra superba","null","Nymphalidae","Butterflies"
"Hestinalis nama","null","Nymphalidae","Butterflies"
"Chrysozephyrus gaoi","null","Lycaenidae","Butterflies"
"Gonepteryx amintha","null","Pieridae","Butterflies"
"Lethe manzorum","null","Nymphalidae","Butterflies"
"Lethe proxima","null","Nymphalidae","Butterflies"
"Caltoris cahira","null","Hesperiidae","Butterflies"
"Bhutanitis thaidina","null","Papilionidae","Butterflies"
"Chitoria pallas","null","Nymphalidae","Butterflies"
"Lethe siderea","null","Nymphalidae","Butterflies"
"Athyma ranga","null","Nymphalidae","Butterflies"
"Araragi sugiyamai","null","Lycaenidae","Butterflies"
"Chalinga pratti","null","Nymphalidae","Butterflies"
"Aporia bieti","null","Pieridae","Butterflies"
"Lethe monolifera","null","Nymphalidae","Butterflies"
"Euthalia kardama","null","Nymphalidae","Butterflies"
"Neptis armandia","null","Nymphalidae","Butterflies"
"Neptis manasa","null","Nymphalidae","Butterflies"
"Howarthia caelestis","null","Lycaenidae","Butterflies"
"Davidina armandi","null","Nymphalidae","Butterflies"
"Chrysozephyrus tienmushanus","null","Lycaenidae","Butterflies"
"Seseria dohertyi","null","Hesperiidae","Butterflies"
"Neptis beroe","null","Nymphalidae","Butterflies"
"Theretra latreillii","Pale Brown Hawk Moth","Sphingidae","Sphingid moths"
"Macroglossum neotroglodytus","null","Sphingidae","Sphingid moths"
"Ambulyx interplacida","null","Sphingidae","Sphingid moths"
"Theretra oldenlandiae","Impatiens Hawk Moth Larva","Sphingidae","Sphingid moths"
"Barbourion lemaii","null","Sphingidae","Sphingid moths"
"Hippotion rafflesii","null","Sphingidae","Sphingid moths"
"Acosmeryx sericeus","null","Sphingidae","Sphingid moths"
"Clanis bilineata","null","Sphingidae","Sphingid moths"
"Ambulyx schauffelbergeri","null","Sphingidae","Sphingid moths"
"Rhodoprasina floralis","null","Sphingidae","Sphingid moths"
"Ampelophaga rubiginosa","null","Sphingidae","Sphingid moths"
"Sphingonaepiopsis pumilio","null","Sphingidae","Sphingid moths"
"Daphnis hypothous","null","Sphingidae","Sphingid moths"
"Rhodoprasina viksinjaevi","null","Sphingidae","Sphingid moths"
"Macroglossum faro","null","Sphingidae","Sphingid moths"
"Marumba gaschkewitschii","null","Sphingidae","Sphingid moths"
"Eupanacra sinuata","null","Sphingidae","Sphingid moths"
"Craspedortha porphyria","null","Sphingidae","Sphingid moths"
"Rhagastis castor","null","Sphingidae","Sphingid moths"
"Clanis undulosa","null","Sphingidae","Sphingid moths"
"Hyles livornica","Striped Hawk-Moth","Sphingidae","Sphingid moths"
"Sphingulus mus","null","Sphingidae","Sphingid moths"
"Sphinx centrosinaria","null","Sphingidae","Sphingid moths"
"Kentrochrysalis sieversi","null","Sphingidae","Sphingid moths"
"Hemaris staudingeri","null","Sphingidae","Sphingid moths"
"Sataspes xylocoparis","null","Sphingidae","Sphingid moths"
"Callambulyx junonia","null","Sphingidae","Sphingid moths"
"Langia zenzeroides","null","Sphingidae","Sphingid moths"
"Rhodoprasina mateji","null","Sphingidae","Sphingid moths"
"Macroglossum glaucoptera","null","Sphingidae","Sphingid moths"
"Marumba dyras","null","Sphingidae","Sphingid moths"
"Sataspes tagalica","null","Sphingidae","Sphingid moths"
"Degmaptera mirabilis","null","Sphingidae","Sphingid moths"
"Cypoides chinensis","null","Sphingidae","Sphingid moths"
"Rhodoprasina callantha","null","Sphingidae","Sphingid moths"
"Daphnis nerii","Oleander Hawkmoth","Sphingidae","Sphingid moths"
"Cechenena minor","null","Sphingidae","Sphingid moths"
"Clanis schwartzi","null","Sphingidae","Sphingid moths"
"Macroglossum nycteris","null","Sphingidae","Sphingid moths"
"Callambulyx kitchingi","null","Sphingidae","Sphingid moths"
"Neogurelca himachala","null","Sphingidae","Sphingid moths"
"Theretra silhetensis","Brown-Banded Hunter Hawkmoth","Sphingidae","Sphingid moths"
"Macroglossum troglodytus","null","Sphingidae","Sphingid moths"
"Sphinx caligineus","null","Sphingidae","Sphingid moths"
"Polyptychus chinensis","null","Sphingidae","Sphingid moths"
"Macroglossum belis","null","Sphingidae","Sphingid moths"
"Dahira hoenei","null","Sphingidae","Sphingid moths"
"Kentrochrysalis heberti","null","Sphingidae","Sphingid moths"
"Macroglossum bombylans","null","Sphingidae","Sphingid moths"
"Theretra alecto","null","Sphingidae","Sphingid moths"
"Daphnusa sinocontinentalis","null","Sphingidae","Sphingid moths"
"Macroglossum stellatarum","Hummingbird Hawk-Moth","Sphingidae","Sphingid moths"
"Cephonodes hylas","null","Sphingidae","Sphingid moths"
"Eupanacra busiris","null","Sphingidae","Sphingid moths"
"Rhagastis albomarginatus","null","Sphingidae","Sphingid moths"
"Ampelophaga dolichoides","null","Sphingidae","Sphingid moths"
"Marumba sperchius","null","Sphingidae","Sphingid moths"
"Dolbina inexacta","null","Sphingidae","Sphingid moths"
"Ampelophaga nikolae","null","Sphingidae","Sphingid moths"
"Sphinx oberthueri","null","Sphingidae","Sphingid moths"
"Macroglossum variegatum","null","Sphingidae","Sphingid moths"
"Marumba fenzelii","null","Sphingidae","Sphingid moths"
"Amplypterus panopus","null","Sphingidae","Sphingid moths"
"Dahira kitchingi","null","Sphingidae","Sphingid moths"
"Apocalypsis velox","null","Sphingidae","Sphingid moths"
"Acosmeryx naga","null","Sphingidae","Sphingid moths"
"Rhodambulyx schnitzleri","null","Sphingidae","Sphingid moths"
"Rhodoprasina winbrechlini","null","Sphingidae","Sphingid moths"
"Cypa uniformis","null","Sphingidae","Sphingid moths"
"Phyllosphingia dissimilis","null","Sphingidae","Sphingid moths"
"Ambulyx japonica","null","Sphingidae","Sphingid moths"
"Parum colligata","null","Sphingidae","Sphingid moths"
"Marumba spectabilis","null","Sphingidae","Sphingid moths"
"Dahira obliquifascia","null","Sphingidae","Sphingid moths"
"Hemaris beresowskii","null","Sphingidae","Sphingid moths"
"Laothoe amurensis","null","Sphingidae","Sphingid moths"
"Angonyx testacea","null","Sphingidae","Sphingid moths"
"Macroglossum mitchellii","null","Sphingidae","Sphingid moths"
"Acosmeryx omissa","null","Sphingidae","Sphingid moths"
"Ambulyx kuangtungensis","null","Sphingidae","Sphingid moths"
"Ampelophaga khasiana","null","Sphingidae","Sphingid moths"
"Smerinthulus perversa","null","Sphingidae","Sphingid moths"
"Pentateucha stueningi","null","Sphingidae","Sphingid moths"
"Neogurelca hyas","null","Sphingidae","Sphingid moths"
"Cechenena lineosa","null","Sphingidae","Sphingid moths"
"Ambulyx tobii","null","Sphingidae","Sphingid moths"
"Acherontia lachesis","Death's-Head Hawkmoth","Sphingidae","Sphingid moths"
"Clanis titan","null","Sphingidae","Sphingid moths"
"Anambulyx elwesi","null","Sphingidae","Sphingid moths"
"Enpinanga assamensis","null","Sphingidae","Sphingid moths"
"Rhagastis gloriosa","null","Sphingidae","Sphingid moths"
"Macroglossum sitiene","null","Sphingidae","Sphingid moths"
"Ambulyx ochracea","null","Sphingidae","Sphingid moths"
"Pergesa acteus","null","Sphingidae","Sphingid moths"
"Sphecodina caudata","null","Sphingidae","Sphingid moths"
"Acherontia styx","Death's-Head Hawk Moth","Sphingidae","Sphingid moths"
"Macroglossum saga","null","Sphingidae","Sphingid moths"
"Dahira klaudiae","null","Sphingidae","Sphingid moths"
"Acosmeryx castanea","null","Sphingidae","Sphingid moths"
"Morwennius decoratus","null","Sphingidae","Sphingid moths"
"Smerinthus szechuanus","null","Sphingidae","Sphingid moths"
"Opistoclanis hawkeri","null","Sphingidae","Sphingid moths"
"Agrius convolvuli","Convolvulus Hawk","Sphingidae","Sphingid moths"
"Cypa enodis","null","Sphingidae","Sphingid moths"
"Marumba saishiuana","null","Sphingidae","Sphingid moths"
"Leucophlebia lineata","null","Sphingidae","Sphingid moths"
"Smerinthus planus","null","Sphingidae","Sphingid moths"
"Ambulyx sericeipennis","null","Sphingidae","Sphingid moths"
"Callambulyx poecilus","null","Sphingidae","Sphingid moths"
"Theretra tibetiana","null","Sphingidae","Sphingid moths"
"Hemaris radians","null","Sphingidae","Sphingid moths"
"Macroglossum pyrrhosticta","Hummingbird Hawk Moth","Sphingidae","Sphingid moths"
"Dolbina paraexacta","null","Sphingidae","Sphingid moths"
"Meganoton analis","null","Sphingidae","Sphingid moths"
"Psilogramma discistriga","null","Sphingidae","Sphingid moths"
"Laothoe habeli","null","Sphingidae","Sphingid moths"
"Cechenena mirabilis","null","Sphingidae","Sphingid moths"
"Dahira rubiginosa","null","Sphingidae","Sphingid moths"
"Acosmeryx sinjaevi","null","Sphingidae","Sphingid moths"
"Marumba cristata","null","Sphingidae","Sphingid moths"
"Callambulyx sichangensis","null","Sphingidae","Sphingid moths"
"Rhagastis confusa","null","Sphingidae","Sphingid moths"
"Rhagastis olivacea","null","Sphingidae","Sphingid moths"
"Dahira yunnanfuana","null","Sphingidae","Sphingid moths"
"Macroglossum fritzei","null","Sphingidae","Sphingid moths"
"Marumba maackii","null","Sphingidae","Sphingid moths"
"Meganoton yunnanfuana","null","Sphingidae","Sphingid moths"
"Psilogramma increta","null","Sphingidae","Sphingid moths"
"Eupanacra mydon","null","Sphingidae","Sphingid moths"
"Callambulyx tatarinovii","null","Sphingidae","Sphingid moths"
"Rhagastis velata","null","Sphingidae","Sphingid moths"
"Deilephila elpenor","Elephant Hawk-Moth","Sphingidae","Sphingid moths"
"Eupanacra perfecta","null","Sphingidae","Sphingid moths"
"Macroglossum corythus","null","Sphingidae","Sphingid moths"
"Theretra japonica","null","Sphingidae","Sphingid moths"
"Theretra pallicosta","null","Sphingidae","Sphingid moths"
"Ambulyx liturata","null","Sphingidae","Sphingid moths"
"Macroglossum passalus","null","Sphingidae","Sphingid moths"
"Amplypterus mansoni","null","Sphingidae","Sphingid moths"
"Pentateucha curiosa","null","Sphingidae","Sphingid moths"
"Pseudotsuga sinensis","Chinese Douglas-Fir","Pinaceae","Conifers"
"Amentotaxus argotaenia","Catkin Yew","Taxaceae","Conifers"
"Podocarpus neriifolius","Oleander Podocarp","Podocarpaceae","Conifers"
"Cathaya argyrophylla","Cathaya","Pinaceae","Conifers"
"Abies chensiensis","Shensi Fir","Pinaceae","Conifers"
"Pinus massoniana","Masson's Pine","Pinaceae","Conifers"
"Pinus tabuliformis","Chinese Red Pine","Pinaceae","Conifers"
"Picea neoveitchii","Veitch's Spruce","Pinaceae","Conifers"
"Juniperus squamata","Flaky Juniper","Cupressaceae","Conifers"
"Pinus henryi","Henry's Pine","Pinaceae","Conifers"
"Tsuga chinensis","Chinese Hemlock","Pinaceae","Conifers"
"Cupressus funebris","Chinese Weeping Cypress","Cupressaceae","Conifers"
"Torreya fargesii","Farges Nutmeg Tree","Taxaceae","Conifers"
"Cunninghamia lanceolata","Cunninghamia","Cupressaceae","Conifers"
"Pinus armandii","Chinese White Pine","Pinaceae","Conifers"
"Taxus chinensis","Chinese Yew","Taxaceae","Conifers"
"Abies fargesii","Farges's Fir","Pinaceae","Conifers"
"Cephalotaxus oliveri","Oliver's Plum Yew","Taxaceae","Conifers"
"Pinus bungeana","Lacebark Pine","Pinaceae","Conifers"
"Metasequoia glyptostroboides","Dawn Redwood","Cupressaceae","Conifers"
"Cephalotaxus fortunei","Fortune's Plum Yew","Taxaceae","Conifers"
"Thuja sutchuenensis","Sichuan Thuja","Cupressaceae","Conifers"
"Juniperus formosana","Formosan Juniper","Cupressaceae","Conifers"
"Cephalotaxus latifolia","Broad-Leaved Plum Yew","Taxaceae","Conifers"
"Fokienia hodginsii","Fujian Cypress","Cupressaceae","Conifers"
"Torreya grandis","Chinese Nutmeg-Yew","Taxaceae","Conifers"
"Juniperus chinensis","Chinese Juniper","Cupressaceae","Conifers"
"Platycladus orientalis","Oriental-Arborvitae","Cupressaceae","Conifers"
"Juniperus pingii","Ping's Juniper","Cupressaceae","Conifers"
"Taxus mairei","Maire's Yew","Taxaceae","Conifers"
"Nothotsuga longibracteata","Bristlecone Hemlock","Pinaceae","Conifers"
"Podocarpus macrophyllus","Kusamaki","Podocarpaceae","Conifers"
"Cephalotaxus sinensis","Chinese Plum Yew","Taxaceae","Conifers"
"Picea brachytyla","Sargent's Spruce","Pinaceae","Conifers"
"Picea wilsonii","Wilson's Spruce","Pinaceae","Conifers"
"Keteleeria davidiana","David's Keteleeria","Pinaceae","Conifers"
