Downloaded from https://mol.org on Jun 23, 2022. Inclusive species list based on approximate intersections with Political boundary polygon for the Gansu region. 


"Scientific Name","Common Name","Family","Taxonomic Group"
"Anser erythropus","Lesser White-Fronted Goose","Anatidae","Birds"
"Tadorna ferruginea","Ruddy Shelduck","Anatidae","Birds"
"Phoenicurus frontalis","Blue-Fronted Redstart","Muscicapidae","Birds"
"Charadrius alexandrinus","Kentish Plover","Charadriidae","Birds"
"Corvus corone","Carrion Crow","Corvidae","Birds"
"Alauda gulgula","Oriental Skylark","Alaudidae","Birds"
"Turdus mupinensis","Chinese Thrush","Turdidae","Birds"
"Turdus naumanni","Dusky Thrush","Turdidae","Birds"
"Garrulax sannio","White-Browed Laughingthrush","Timaliidae","Birds"
"Ficedula hodgsonii","Rusty-Breasted Blue Flycatcher","Muscicapidae","Birds"
"Pteruthius xanthochlorus","Green Shrike-Babbler","Timaliidae","Birds"
"Turdus ruficollis","Dark-Throated Thrush","Turdidae","Birds"
"Ficedula albicilla","Taiga Flycatcher","Muscicapidae","Birds"
"Apus apus","Common Swift","Apodidae","Birds"
"Glaucidium brodiei","Collared Owlet","Strigidae","Birds"
"Sylvia nisoria","Barred Warbler","Sylviidae","Birds"
"Prunella montanella","Siberian Accentor","Prunellidae","Birds"
"Cuculus micropterus","Short-Winged Cuckoo","Cuculidae","Birds"
"Muscicapa ferruginea","Ferruginous Flycatcher","Muscicapidae","Birds"
"Uragus sibiricus","Long-Tailed Rosefinch","Fringillidae","Birds"
"Lanius isabellinus","Isabelline Shrike","Laniidae","Birds"
"Emberiza schoeniclus","Reed Bunting","Emberizidae","Birds"
"Emberiza pallasi","Pallas's Bunting","Emberizidae","Birds"
"Ficedula strophiata","Orange-Gorgetted Flycatcher","Muscicapidae","Birds"
"Monticola saxatilis","Rufous-Tailed Rock Thrush","Muscicapidae","Birds"
"Melanocorypha maxima","Long-Billed Calandra Lark","Alaudidae","Birds"
"Dendrocopos leucopterus","White-Winged Woodpecker","Picidae","Birds"
"Alcedo atthis","Common Kingfisher","Alcedinidae","Birds"
"Aviceda leuphotes","Black Baza","Accipitridae","Birds"
"Paradoxornis webbianus","Brown-Winged Parrotbill","Timaliidae","Birds"
"Garrulax canorus","Melodious Laughingthrush","Timaliidae","Birds"
"Zoothera mollissima","Plain-Backed Thrush","Turdidae","Birds"
"Tetraogallus tibetanus","Tibetan Snowcock","Phasianidae","Birds"
"Carpodacus thura","White-Browed Rosefinch","Fringillidae","Birds"
"Turdus merula","Blackbird","Turdidae","Birds"
"Garrulax ocellatus","White-Spotted Laughingthrush","Timaliidae","Birds"
"Apus pacificus","Fork-Tailed Swift","Apodidae","Birds"
"Tringa totanus","Common Redshank","Scolopacidae","Birds"
"Monticola solitarius","Blue Rock Thrush","Muscicapidae","Birds"
"Rhopophilus pekinensis","White-Browed Chinese Warbler","Cisticolidae","Birds"
"Leiothrix lutea","Pekin Robin","Timaliidae","Birds"
"Haliaeetus leucoryphus","Pallas Sea-Eagle","Accipitridae","Birds"
"Phasianus colchicus","Common Pheasant","Phasianidae","Birds"
"Motacilla cinerea","Grey Wagtail","Motacillidae","Birds"
"Oenanthe isabellina","Isabelline Wheatear","Muscicapidae","Birds"
"Stachyris ruficeps","Rufous-Capped Babbler","Timaliidae","Birds"
"Parus montanus","Willow Tit","Paridae","Birds"
"Pnoepyga albiventer","Scaly-Breasted Wren-Babbler","Timaliidae","Birds"
"Certhia familiaris","Eurasian Treecreeper","Certhiidae","Birds"
"Botaurus stellaris","Bittern","Ardeidae","Birds"
"Syrrhaptes paradoxus","Pallas's Sandgrouse","Pteroclididae","Birds"
"Charadrius placidus","Long-Billed Plover","Charadriidae","Birds"
"Leucosticte brandti","Brandt's Rosy-Finch","Fringillidae","Birds"
"Carduelis hornemanni","Arctic Redpoll","Fringillidae","Birds"
"Muscicapa sibirica","Siberian Flycatcher","Muscicapidae","Birds"
"Sylvia curruca","Lesser Whitethroat","Sylviidae","Birds"
"Ficedula zanthopygia","Yellow-Rumped Flycatcher","Muscicapidae","Birds"
"Larus brunnicephalus","Brown-Headed Gull","Laridae","Birds"
"Phylloscopus pulcher","Buff-Barred Warbler","Sylviidae","Birds"
"Falco subbuteo","Eurasian Hobby","Falconidae","Birds"
"Dicrurus macrocercus","Black Drongo","Dicruridae","Birds"
"Picus canus","Grey-Faced Woodpecker","Picidae","Birds"
"Lerwa lerwa","Snow Partridge","Phasianidae","Birds"
"Lanius bucephalus","Bull-Headed Shrike","Laniidae","Birds"
"Pyrrhocorax graculus","Yellow-Billed Chough","Corvidae","Birds"
"Prunella strophiata","Rufous-Breasted Accentor","Prunellidae","Birds"
"Paradoxornis fulvifrons","Fulvous-Fronted Parrotbill","Timaliidae","Birds"
"Niltava sundara","Rufous-Bellied Niltava","Muscicapidae","Birds"
"Anas formosa","Baikal Teal","Anatidae","Birds"
"Sturnus cineraceus","Grey Starling","Sturnidae","Birds"
"Hypsipetes leucocephalus","Asian Black Bulbul","Pycnonotidae","Birds"
"Bucephala clangula","Common Goldeneye","Anatidae","Birds"
"Carduelis sinica","Oriental Greenfinch","Fringillidae","Birds"
"Muscicapa muttui","Brown-Breasted Flycatcher","Muscicapidae","Birds"
"Urocissa erythrorhyncha","Red-Billed Blue Magpie","Corvidae","Birds"
"Yuhina gularis","Stripe-Throated Yuhina","Timaliidae","Birds"
"Phylloscopus reguloides","Blyth's Leaf-Warbler","Sylviidae","Birds"
"Accipiter nisus","Eurasian Sparrowhawk","Accipitridae","Birds"
"Hirundapus caudacutus","White-Throated Needletail","Apodidae","Birds"
"Collocalia brevirostris","Himalayan Swiftlet","Apodidae","Birds"
"Acrocephalus arundinaceus","Great Reed Warbler","Sylviidae","Birds"
"Buteo hemilasius","Upland Buzzard","Accipitridae","Birds"
"Ardeola bacchus","Chinese Pond-Heron","Ardeidae","Birds"
"Seicercus soror","Alstrom's Warbler","Sylviidae","Birds"
"Parus venustulus","Yellow-Bellied Tit","Paridae","Birds"
"Parus ater","Coal Tit","Paridae","Birds"
"Certhia hodgsoni","Hodgson's Treecreeper","Certhiidae","Birds"
"Pseudopodoces humilis","Tibetan Ground-Jay","Paridae","Birds"
"Aegolius funereus","Boreal Owl","Strigidae","Birds"
"Turnix tanki","Yellow-Legged Buttonquail","Turnicidae","Birds"
"Phylloscopus affinis","Tickell's Leaf-Warbler","Sylviidae","Birds"
"Acrocephalus aedon","Thick-Billed Warbler","Sylviidae","Birds"
"Phylloscopus subaffinis","Buff-Throated Warbler","Sylviidae","Birds"
"Delichon dasypus","Asian House Martin","Hirundinidae","Birds"
"Corvus corax","Common Raven","Corvidae","Birds"
"Regulus regulus","Goldcrest","Reguliidae","Birds"
"Anas zonorhyncha","Eastern Spot-Billed Duck","Anatidae","Birds"
"Enicurus schistaceus","Slaty-Backed Forktail","Muscicapidae","Birds"
"Zosterops japonicus","Japanese White-Eye","Zosteropidae","Birds"
"Conostoma oemodium","Great Parrotbill","Timaliidae","Birds"
"Tarsiger chrysaeus","Golden Bush-Robin","Muscicapidae","Birds"
"Ixobrychus cinnamomeus","Cinnamon Bittern","Ardeidae","Birds"
"Pucrasia macrolopha","Koklass Pheasant","Phasianidae","Birds"
"Lophophorus lhuysii","Chinese Monal","Phasianidae","Birds"
"Netta rufina","Red-Crested Pochard","Anatidae","Birds"
"Phoenicurus schisticeps","White-Throated Redstart","Muscicapidae","Birds"
"Alectoris magna","Przewalski's Partridge","Phasianidae","Birds"
"Anser cygnoides","Swan Goose","Anatidae","Birds"
"Hirundo rupestris","Eurasian Crag-Martin","Hirundinidae","Birds"
"Certhia himalayana","Bar-Tailed Treecreeper","Certhiidae","Birds"
"Enicurus leschenaulti","White-Crowned Forktail","Muscicapidae","Birds"
"Garrulax elliotii","Elliot's Laughingthrush","Timaliidae","Birds"
"Nucifraga caryocatactes","Spotted Nutcracker","Corvidae","Birds"
"Bradypterus tacsanowskius","Chinese Bush-Warbler","Sylviidae","Birds"
"Prunella collaris","Alpine Accentor","Prunellidae","Birds"
"Emberiza fucata","Chestnut-Eared Bunting","Emberizidae","Birds"
"Montifringilla davidiana","Small Snowfinch","Passeridae","Birds"
"Accipiter gentilis","Goshawk","Accipitridae","Birds"
"Brachypteryx montana","Blue Shortwing","Turdidae","Birds"
"Phylloscopus proregulus","Pallas's Leaf Warbler","Sylviidae","Birds"
"Enicurus scouleri","Little Forktail","Muscicapidae","Birds"
"Parus monticolus","Green-Backed Tit","Paridae","Birds"
"Serinus thibetanus","Tibetan Serin","Fringillidae","Birds"
"Aquila chrysaetos","Golden Eagle","Accipitridae","Birds"
"Riparia riparia","Sand Martin","Hirundinidae","Birds"
"Panurus biarmicus","Bearded Tit","Timaliidae","Birds"
"Emberiza aureola","Yellow-Breasted Bunting","Emberizidae","Birds"
"Rhyacornis fuliginosa","Plumbeous Water Redstart","Muscicapidae","Birds"
"Dicrurus hottentottus","Hair-Crested Drongo","Dicruridae","Birds"
"Calandrella cheleensis","Asian Short-Toed Lark","Alaudidae","Birds"
"Falco amurensis","Amur Falcon","Falconidae","Birds"
"Lanius sphenocercus","Chinese Grey Shrike","Laniidae","Birds"
"Sylvia communis","Whitethroat","Sylviidae","Birds"
"Sterna hirundo","Common Tern","Laridae","Birds"
"Vanellus vanellus","Lapwing","Charadriidae","Birds"
"Yuhina nigrimenta","Black-Chinned Yuhina","Timaliidae","Birds"
"Locustella fasciolata","Gray's Grasshopper-Warbler","Sylviidae","Birds"
"Petronia petronia","Rock Sparrow","Passeridae","Birds"
"Garrulax perspicillatus","Spectacled Laughingthrush","Timaliidae","Birds"
"Alcippe vinipectus","White-Browed Fulvetta","Timaliidae","Birds"
"Charadrius dubius","Little Ringed Plover","Charadriidae","Birds"
"Gallicrex cinerea","Watercock","Rallidae","Birds"
"Pica pica","Black-Billed Magpie","Corvidae","Birds"
"Streptopelia tranquebarica","Red-Collared Dove","Columbidae","Birds"
"Mergellus albellus","Smew","Anatidae","Birds"
"Ciconia nigra","Black Stork","Ciconiidae","Birds"
"Phylloscopus claudiae","Claudia's Warbler","Sylviidae","Birds"
"Alcippe cinereiceps","Grey-Hooded Fulvetta","Timaliidae","Birds"
"Terpsiphone paradisi","Asian Paradise-Flycatcher","Monarchidae","Birds"
"Anthus roseatus","Rosy Pipit","Motacillidae","Birds"
"Podiceps cristatus","Great Crested Grebe","Podicipedidae","Birds"
"Calandrella brachydactyla","Short-Toed Lark","Alaudidae","Birds"
"Megaceryle lugubris","Crested Kingfisher","Alcedinidae","Birds"
"Corvus macrorhynchos","Large-Billed Crow","Corvidae","Birds"
"Cinclus pallasii","Brown Dipper","Cinclidae","Birds"
"Dicaeum concolor","Plain Flowerpecker","Dicaeidae","Birds"
"Numenius arquata","Eurasian Curlew","Scolopacidae","Birds"
"Paradoxornis guttaticollis","Spot-Breasted Parrotbill","Timaliidae","Birds"
"Parus major","Great Tit","Paridae","Birds"
"Himantopus himantopus","Black-Winged Stilt","Recurvirostridae","Birds"
"Hirundo daurica","Red-Rumped Swallow","Hirundinidae","Birds"
"Fulica atra","Common Coot","Rallidae","Birds"
"Falco peregrinus","Peregrine Falcon","Falconidae","Birds"
"Pyrrhocorax pyrrhocorax","Red-Billed Chough","Corvidae","Birds"
"Circaetus gallicus","Short-Toed Eagle","Accipitridae","Birds"
"Aegypius monachus","Monk Vulture","Accipitridae","Birds"
"Passer montanus","Eurasian Tree Sparrow","Passeridae","Birds"
"Troglodytes troglodytes","Winter Wren","Troglodytidae","Birds"
"Streptopelia orientalis","Oriental Turtle Dove","Columbidae","Birds"
"Acrocephalus dumetorum","Blyth's Reed Warbler","Sylviidae","Birds"
"Zoothera dauma","Scaly Thrush","Turdidae","Birds"
"Gyps himalayensis","Himalayan Griifon","Accipitridae","Birds"
"Cuculus fugax","Fugitive Hawk-Cuckoo","Cuculidae","Birds"
"Eurystomus orientalis","Eastern Broad-Billed Roller","Coraciidae","Birds"
"Falco tinnunculus","Common Kestrel","Falconidae","Birds"
"Dendrocopos major","Great Spotted Woodpecker","Picidae","Birds"
"Platalea leucorodia","Eurasian Spoonbill","Threskiornithidae","Birds"
"Picumnus innominatus","Speckled Piculet","Picidae","Birds"
"Asio flammeus","Short-Eared Owl","Strigidae","Birds"
"Gallinago solitaria","Solitary Snipe","Scolopacidae","Birds"
"Anas poecilorhyncha","Spot-Billed Duck","Anatidae","Birds"
"Luscinia calliope","Siberian Rubythroat","Muscicapidae","Birds"
"Sitta leucopsis","White-Cheeked Nuthatch","Sittidae","Birds"
"Dendrocopos canicapillus","Grey-Capped Woodpecker","Picidae","Birds"
"Melanocorypha mongolica","Mongolian Lark","Alaudidae","Birds"
"Corvus dauuricus","Daurian Jackdaw","Corvidae","Birds"
"Cuculus sparverioides","Large Hawk-Cuckoo","Cuculidae","Birds"
"Anthus hodgsoni","Olive-Backed Pipit","Motacillidae","Birds"
"Bonasa sewerzowi","Severtzov's Grouse","Phasianidae","Birds"
"Egretta garzetta","Mascarene Reef-Egret","Ardeidae","Birds"
"Alcippe morrisonia","Grey-Cheeked Fulvetta","Timaliidae","Birds"
"Eumyias thalassinus","Verditer Flycatcher","Muscicapidae","Birds"
"Garrulax albogularis","White-Throated Laughingthrush","Timaliidae","Birds"
"Phoenicurus erythrogastrus","Güldenstädt's Redstart","Muscicapidae","Birds"
"Cyornis rubeculoides","Blue-Throated Flycatcher","Muscicapidae","Birds"
"Aethopyga gouldiae","Gould's Sunbird","Nectariniidae","Birds"
"Luscinia pectoralis","White-Tailed Rubythroat","Muscicapidae","Birds"
"Locustella naevia","Grasshopper Warbler","Sylviidae","Birds"
"Lanius schach","Long-Tailed Shrike","Laniidae","Birds"
"Paradoxornis paradoxus","Three-Toed Parrotbill","Timaliidae","Birds"
"Phylloscopus yunnanensis","Chinese Leaf Warbler","Sylviidae","Birds"
"Saxicola torquatus","Common Stonechat","Muscicapidae","Birds"
"Anthus godlewskii","Blyth's Pipit","Motacillidae","Birds"
"Lanius meridionalis","Southern Grey Shrike","Laniidae","Birds"
"Chlamydotis undulata","Houbara Bustard","Otididae","Birds"
"Tichodroma muraria","Wallcreeper","Sittidae","Birds"
"Pericrocotus cantonensis","Brown-Rumped Minivet","Campephagidae","Birds"
"Casmerodius albus","Great Egret","Ardeidae","Birds"
"Lanius cristatus","Brown Shrike","Laniidae","Birds"
"Caprimulgus indicus","Jungle Nightjar","Caprimulgidae","Birds"
"Carpodacus rubicilla","Caucasian Great Rosefinch","Fringillidae","Birds"
"Glareola maldivarum","Oriental Pratincole","Glareolidae","Birds"
"Carpodacus eos","Stresemann's Rosefinch","Fringillidae","Birds"
"Aegithalos fuliginosus","Sooty Tit","Aegithalidae","Birds"
"Cuculus canorus","Common Cuckoo","Cuculidae","Birds"
"Prunella himalayana","Himalayan Accentor","Prunellidae","Birds"
"Myophonus caeruleus","Himalayan Whistling-Thrush","Turdidae","Birds"
"Pyrrhula erythaca","Beavan's Bullfinch","Fringillidae","Birds"
"Emberiza rustica","Rustic Bunting","Emberizidae","Birds"
"Pycnonotus xanthorrhous","Anderson's Bulbul","Pycnonotidae","Birds"
"Coracina melaschistos","Black-Winged Cuckoo-Shrike","Campephagidae","Birds"
"Phylloscopus forresti","Sichuan Leaf Warbler","Sylviidae","Birds"
"Nettapus coromandelianus","Cotton Pygmy-Goose","Anatidae","Birds"
"Macropygia unchall","Bar-Tailed Cuckoo-Dove","Columbidae","Birds"
"Chlidonias hybrida","Whiskered Tern","Laridae","Birds"
"Cyanopica cyanus","Azure-Winged Magpie","Corvidae","Birds"
"Pomatorhinus ruficollis","Streak-Breasted Scimitar-Babbler","Timaliidae","Birds"
"Picoides tridactylus","Eurasian Three-Toed Woodpecker","Picidae","Birds"
"Cuculus poliocephalus","Lesser Cuckoo","Cuculidae","Birds"
"Aquila heliaca","Imperial Eagle","Accipitridae","Birds"
"Charadrius leschenaultii","Greater Sandplover","Charadriidae","Birds"
"Spizixos semitorques","Collared Finchbill","Pycnonotidae","Birds"
"Montifringilla taczanowskii","White-Rumped Snowfinch","Passeridae","Birds"
"Phoenicurus hodgsoni","Hodgson's Redstart","Muscicapidae","Birds"
"Luscinia pectardens","David's Rubythroat","Muscicapidae","Birds"
"Grus nigricollis","Black-Necked Crane","Gruidae","Birds"
"Carpodacus roborowskii","Tibetan Rosefinch","Fringillidae","Birds"
"Oenanthe oenanthe","Northern Wheatear","Muscicapidae","Birds"
"Oenanthe deserti","Desert Wheatear","Muscicapidae","Birds"
"Turdus kessleri","White-Backed Thrush","Turdidae","Birds"
"Stigmatopelia chinensis","Spotted Dove","Columbidae","Birds"
"Chrysolophus pictus","Golden Pheasant","Phasianidae","Birds"
"Motacilla flava","Yellow Wagtail","Motacillidae","Birds"
"Alcippe chrysotis","Golden-Breasted Fulvetta","Timaliidae","Birds"
"Sterna albifrons","Little Tern","Laridae","Birds"
"Otus bakkamoena","Collared Scops Owl","Strigidae","Birds"
"Bubulcus ibis","Cattle Egret","Ardeidae","Birds"
"Cettia canturians","Manchurian Bush Warbler","Sylviidae","Birds"
"Mergus squamatus","Chinese Merganser","Anatidae","Birds"
"Monticola rufiventris","Chestnut-Bellied Rock-Thrush","Muscicapidae","Birds"
"Oenanthe pleschanka","Pied Wheatear","Muscicapidae","Birds"
"Eophona migratoria","Yellow-Billed Grosbeak","Fringillidae","Birds"
"Tetraogallus altaicus","Altai Snowcock","Phasianidae","Birds"
"Rallus aquaticus","Water Rail","Rallidae","Birds"
"Grus virgo","Demoiselle Crane","Gruidae","Birds"
"Cettia brunnifrons","Grey-Sided Bush-Warbler","Sylviidae","Birds"
"Carpodacus trifasciatus","Three-Banded Rosefinch","Fringillidae","Birds"
"Amaurornis phoenicurus","White-Breasted Waterhen","Rallidae","Birds"
"Cygnus olor","Mute Swan","Anatidae","Birds"
"Carduelis spinus","Eurasian Siskin","Fringillidae","Birds"
"Spelaeornis troglodytoides","Bar-Winged Wren-Babbler","Timaliidae","Birds"
"Phylloscopus armandii","Yellow-Streaked Warbler","Sylviidae","Birds"
"Perdix dauurica","Daurian Partridge","Phasianidae","Birds"
"Podoces hendersoni","Henderson's Ground-Jay","Corvidae","Birds"
"Porzana paykullii","Band-Bellied Crake","Rallidae","Birds"
"Athene noctua","Little Owl","Strigidae","Birds"
"Phylloscopus inornatus","Yellow-Browed Warbler","Sylviidae","Birds"
"Parus dichrous","Grey-Crested Tit","Paridae","Birds"
"Turdus rubrocanus","Grey-Headed Thrush","Turdidae","Birds"
"Corvus monedula","Eurasian Jackdaw","Corvidae","Birds"
"Alcippe striaticollis","Chinese Fulvetta","Timaliidae","Birds"
"Jynx torquilla","Eurasian Wryneck","Picidae","Birds"
"Dendrocopos cathpharius","Crimson-Breasted Woodpecker","Picidae","Birds"
"Prunella rubeculoides","Robin Accentor","Prunellidae","Birds"
"Columba leuconota","Snow Pigeon","Columbidae","Birds"
"Columba hodgsonii","Speckled Wood-Pigeon","Columbidae","Birds"
"Sylvia minula","Small Whitethroat","Sylviidae","Birds"
"Nycticorax nycticorax","Black-Crowned Night-Heron","Ardeidae","Birds"
"Certhia tianquanensis","Sichuan Treecreeper","Certhiidae","Birds"
"Columba rupestris","Hill Pigeon","Columbidae","Birds"
"Ibidorhyncha struthersii","Ibisbill","Ibidorhynchidae","Birds"
"Montifringilla nivalis","White-Winged Snowfinch","Passeridae","Birds"
"Garrulax sukatschewi","Black-Fronted Laughingthrush","Timaliidae","Birds"
"Garrulax formosus","Crimson-Winged Laughingthrush","Timaliidae","Birds"
"Phylloscopus schwarzi","Radde's Warbler","Sylviidae","Birds"
"Turnix suscitator","Barred Buttonquail","Turnicidae","Birds"
"Sturnus sturninus","Daurian Starling","Sturnidae","Birds"
"Carpodacus pulcherrimus","Beautiful Rosefinch","Fringillidae","Birds"
"Paradoxornis conspicillatus","Spectacled Parrotbill","Timaliidae","Birds"
"Anser fabalis","Bean Goose","Anatidae","Birds"
"Anser indicus","Bar-Headed Goose","Anatidae","Birds"
"Emberiza elegans","Yellow-Headed Bunting","Emberizidae","Birds"
"Phalacrocorax carbo","Cormorant","Phalacrocoracidae","Birds"
"Montifringilla adamsi","Adams' Snowfinch","Passeridae","Birds"
"Garrulax lunulatus","Bar-Backed Laughingthrush","Timaliidae","Birds"
"Cettia major","Large Bush-Warbler","Sylviidae","Birds"
"Otus sunia","Oriental Scops Owl","Strigidae","Birds"
"Larus ichthyaetus","Pallas's Gull","Laridae","Birds"
"Ixobrychus sinensis","Yellow Bittern","Ardeidae","Birds"
"Perdix hodgsoniae","Tibetan Partridge","Phasianidae","Birds"
"Falco naumanni","Lesser Kestrel","Falconidae","Birds"
"Dendrocopos hyperythrus","Rufous-Bellied Woodpecker","Picidae","Birds"
"Minla ignotincta","Red-Tailed Minla","Timaliidae","Birds"
"Carpodacus synoicus","Pale Rosefinch","Fringillidae","Birds"
"Eremopsaltria mongolicus","Mongolian Finch","Fringillidae","Birds"
"Streptopelia decaocto","Collared Dove","Columbidae","Birds"
"Anthus richardi","Richard's Pipit","Motacillidae","Birds"
"Garrulax cineraceus","Ashy Laughingthrush","Timaliidae","Birds"
"Accipiter virgatus","Besra","Accipitridae","Birds"
"Garrulax maximus","Giant Laughingthrush","Timaliidae","Birds"
"Recurvirostra avosetta","Pied Avocet","Recurvirostridae","Birds"
"Loxia curvirostra","Red Crossbill","Fringillidae","Birds"
"Crossoptilon crossoptilon","White Eared-Pheasant","Phasianidae","Birds"
"Oriolus chinensis","Black-Naped Oriole","Oriolidae","Birds"
"Garrulax pectoralis","Greater Necklaced Laughingthrush","Timaliidae","Birds"
"Cygnus cygnus","Whooper Swan","Anatidae","Birds"
"Alcippe ruficapilla","Spectacled Fulvetta","Timaliidae","Birds"
"Dicaeum ignipectus","Green-Backed Flowerpecker","Dicaeidae","Birds"
"Tetraophasis szechenyii","Szecheny's Partridge","Phasianidae","Birds"
"Phylloscopus kansuensis","Gansu Leaf Warbler","Sylviidae","Birds"
"Copsychus saularis","Oriental Magpie-Robin","Muscicapidae","Birds"
"Corvus torquatus","Collared Crow","Corvidae","Birds"
"Cettia diphone","Japanese Bush-Warbler","Sylviidae","Birds"
"Pomatorhinus gravivox","Black Streaked Scimitar Babbler","Timaliidae","Birds"
"Fringilla montifringilla","Brambling","Fringillidae","Birds"
"Cinclus cinclus","Dipper","Cinclidae","Birds"
"Mergus merganser","Goosander","Anatidae","Birds"
"Motacilla citreola","Citrine Wagtail","Motacillidae","Birds"
"Zosterops erythropleurus","Chestnut-Flanked White-Eye","Zosteropidae","Birds"
"Aegithalos caudatus","Long-Tailed Tit","Aegithalidae","Birds"
"Corvus levaillantii","Jungle Crow","Corvidae","Birds"
"Luscinia svecica","Bluethroat","Muscicapidae","Birds"
"Tetraogallus himalayensis","Himalayan Snowcock","Phasianidae","Birds"
"Carpodacus erythrinus","Common Rosefinch","Fringillidae","Birds"
"Luscinia obscura","Black-Throated Blue Robin","Muscicapidae","Birds"
"Culicicapa ceylonensis","Grey-Headed Canary-Flycatcher","Muscicapidae","Birds"
"Clamator coromandus","Chestnut-Winged Cuckoo","Cuculidae","Birds"
"Leptopoecile elegans","Crested Tit-Warbler","Aegithalidae","Birds"
"Acrocephalus agricola","Paddyfield Warbler","Sylviidae","Birds"
"Phylloscopus magnirostris","Large-Billed Leaf-Warbler","Sylviidae","Birds"
"Caprimulgus europaeus","European Nightjar","Caprimulgidae","Birds"
"Calandrella acutirostris","Hume's Lark","Alaudidae","Birds"
"Lanius tephronotus","Grey-Backed Shrike","Laniidae","Birds"
"Ficedula tricolor","Slaty-Blue Flycatcher","Muscicapidae","Birds"
"Strix aluco","Tawny Owl","Strigidae","Birds"
"Emberiza godlewskii","Godlewski's Bunting","Emberizidae","Birds"
"Tragopan temminckii","Temminck's Tragopan","Phasianidae","Birds"
"Haliaeetus albicilla","White-Tailed Eagle","Accipitridae","Birds"
"Carpodacus rubicilloides","Eastern Great Rosefinch","Fringillidae","Birds"
"Anas falcata","Falcated Duck","Anatidae","Birds"
"Phylloscopus fuscatus","Dusky Warbler","Sylviidae","Birds"
"Babax lanceolatus","Chinese Babax","Timaliidae","Birds"
"Locustella certhiola","Pallas's Grasshopper Warbler","Sylviidae","Birds"
"Milvus migrans","Black Kite","Accipitridae","Birds"
"Lanius tigrinus","Tiger Shrike","Laniidae","Birds"
"Rhodopechys obsoletus","Desert Finch","Fringillidae","Birds"
"Ketupa flavipes","Tawny Fish-Owl","Strigidae","Birds"
"Aquila nipalensis","Steppe Eagle","Accipitridae","Birds"
"Galerida cristata","Crested Lark","Alaudidae","Birds"
"Chrysomma poecilotis","Rufous-Tailed Babbler","Timaliidae","Birds"
"Cettia acanthizoides","Yellowish Bellied Bush Warbler","Sylviidae","Birds"
"Parus davidi","Pere David's Tit","Paridae","Birds"
"Anser albifrons","Greater White-Fronted Goose","Anatidae","Birds"
"Perisoreus internigrans","Szechwan Jay","Corvidae","Birds"
"Cuculus saturatus","Oriental Cuckoo","Cuculidae","Birds"
"Passer rutilans","Cinnamon Sparrow","Passeridae","Birds"
"Aethopyga christinae","Fork-Tailed Sunbird","Nectariniidae","Birds"
"Ardea cinerea","Grey Heron","Ardeidae","Birds"
"Carduelis flammea","Common Redpoll","Fringillidae","Birds"
"Buteo buteo","Buzzard","Accipitridae","Birds"
"Dicrurus leucophaeus","Ashy Drongo","Dicruridae","Birds"
"Calandrella rufescens","Lesser Short-Toed Lark","Alaudidae","Birds"
"Pycnonotus sinensis","Chinese Bulbul","Pycnonotidae","Birds"
"Columba livia","Rock Dove","Columbidae","Birds"
"Yuhina diademata","White-Collared Yuhina","Timaliidae","Birds"
"Locustella lanceolata","Lanceolated Warbler","Sylviidae","Birds"
"Anthus spinoletta","Water Pipit","Motacillidae","Birds"
"Emberiza cioides","Meadow Bunting","Emberizidae","Birds"
"Prunella immaculata","Maroon-Backed Accentor","Prunellidae","Birds"
"Grandala coelicolor","Grandala","Muscicapidae","Birds"
"Alectoris chukar","Chukar","Phasianidae","Birds"
"Calcarius lapponicus","Lapland Longspur","Emberizidae","Birds"
"Carpodacus vinaceus","Vinaceous Rosefinch","Fringillidae","Birds"
"Strix davidi","Pere David's Owl","Strigidae","Birds"
"Mycerobas carnipes","White-Winged Grosbeak","Fringillidae","Birds"
"Luscinia brunnea","Indian Blue Robin","Muscicapidae","Birds"
"Leptopoecile sophiae","Severtzov's Tit-Warbler","Aegithalidae","Birds"
"Luscinia ruficeps","Rufous-Headed Robin","Muscicapidae","Birds"
"Sylvia nana","Asian Desert Warbler","Sylviidae","Birds"
"Eudynamys scolopaceus","Asian Koel","Cuculidae","Birds"
"Syrmaticus reevesii","Reeves's Pheasant","Phasianidae","Birds"
"Garrulax affinis","White-Whiskered Laughingthrush","Timaliidae","Birds"
"Ficedula sapphira","Sapphire-Headed Flycatcher","Muscicapidae","Birds"
"Passer ammodendri","Saxaul Sparrow","Passeridae","Birds"
"Carpodacus edwardsii","Dark-Rumped Rosefinch","Fringillidae","Birds"
"Gypaetus barbatus","Lammergeier","Accipitridae","Birds"
"Mycerobas melanozanthos","Spot-Winged Grosbeak","Fringillidae","Birds"
"Carpodacus roseus","Pallas's Rosefinch","Fringillidae","Birds"
"Motacilla alba","White Wagtail","Motacillidae","Birds"
"Pnoepyga pusilla","Pygmy Wren-Babbler","Timaliidae","Birds"
"Corvus frugilegus","Rook","Corvidae","Birds"
"Hippolais caligata","Booted Warbler","Sylviidae","Birds"
"Streptopelia turtur","Turtle Dove","Columbidae","Birds"
"Cettia flavolivacea","Aberrant Bush-Warbler","Sylviidae","Birds"
"Dendronanthus indicus","Forest Wagtail","Motacillidae","Birds"
"Garrulax davidi","David's Laughingthrush","Timaliidae","Birds"
"Mycerobas affinis","Allied Grosbeak","Fringillidae","Birds"
"Bradypterus thoracicus","Spotted Bush-Warbler","Sylviidae","Birds"
"Anas platyrhynchos","Mallard","Anatidae","Birds"
"Aegithalos concinnus","Black-Throated Tit","Aegithalidae","Birds"
"Cinclidium leucurum","White-Tailed Robin","Muscicapidae","Birds"
"Aythya nyroca","Ferruginous Pochard","Anatidae","Birds"
"Coturnix japonica","Japanese Quail","Phasianidae","Birds"
"Alauda arvensis","Skylark","Alaudidae","Birds"
"Carpodacus nipalensis","Dark-Breasted Rosefinch","Fringillidae","Birds"
"Phylloscopus trochiloides","Greenish Warbler","Sylviidae","Birds"
"Pernis ptilorhyncus","Oriental Honey-Buzzard","Accipitridae","Birds"
"Prinia crinigera","Striated Prinia","Cisticolidae","Birds"
"Butorides striata","Green-Backed Heron","Ardeidae","Birds"
"Bambusicola thoracicus","Chinese Bamboo Partridge","Phasianidae","Birds"
"Chaimarrornis leucocephalus","River Chat","Muscicapidae","Birds"
"Bubo bubo","Eurasian Eagle Owl","Strigidae","Birds"
"Sitta europaea","Wood Nuthatch","Sittidae","Birds"
"Halcyon pileata","Black-Capped Kingfisher","Alcedinidae","Birds"
"Asio otus","Long-Eared Owl","Strigidae","Birds"
"Montifringilla blanfordi","Blanford's Snowfinch","Passeridae","Birds"
"Cettia fortipes","Brownish-Flanked Bush-Warbler","Sylviidae","Birds"
"Garrulax berthemyi","Buffy Laughingthrush","Timaliidae","Birds"
"Montifringilla ruficollis","Rufous-Necked Snowfinch","Passeridae","Birds"
"Emberiza leucocephalos","Pine Bunting","Emberizidae","Birds"
"Eremophila alpestris","Horned Lark","Alaudidae","Birds"
"Larus relictus","Lönnberg's Gull","Laridae","Birds"
"Phoenicurus alaschanicus","Przewalski's Redstart","Muscicapidae","Birds"
"Ardea purpurea","Purple Heron","Ardeidae","Birds"
"Leucosticte nemoricola","Plain Mountain-Finch","Fringillidae","Birds"
"Lanius excubitor","Great Grey Shrike","Laniidae","Birds"
"Parus cyanus","Azure Tit","Paridae","Birds"
"Gallinula chloropus","Common Moorhen","Rallidae","Birds"
"Hirundo rustica","Barn Swallow","Hirundinidae","Birds"
"Emberiza spodocephala","Black-Faced Bunting","Emberizidae","Birds"
"Ithaginis cruentus","Blood Pheasant","Phasianidae","Birds"
"Paradoxornis verreauxi","Golden Parrotbill","Timaliidae","Birds"
"Acrocephalus concinens","Blunt-Winged Warbler","Sylviidae","Birds"
"Syrrhaptes tibetanus","Tibetan Sandgrouse","Pteroclididae","Birds"
"Upupa epops","Hoopoe","Upupidae","Birds"
"Ixobrychus eurhythmus","Schrenck's Bittern","Ardeidae","Birds"
"Aythya baeri","Baer's Pochard","Anatidae","Birds"
"Falco cherrug","Saker Falcon","Falconidae","Birds"
"Latoucheornis siemsseni","Slaty Bunting","Emberizidae","Birds"
"Paradoxornis przewalskii","Rusty-Throated Parrotbill","Timaliidae","Birds"
"Tarsiger indicus","White-Browed Bush-Robin","Muscicapidae","Birds"
"Carpodacus rubescens","Blanford's Rosefinch","Fringillidae","Birds"
"Alcippe brunnea","Dusky Fulvetta","Timaliidae","Birds"
"Phylloscopus griseolus","Sulphur-Bellied Warbler","Sylviidae","Birds"
"Garrulus glandarius","Eurasian Jay","Corvidae","Birds"
"Emberiza koslowi","Koslow's Bunting","Emberizidae","Birds"
"Hodgsonius phaenicuroides","White-Bellied Redstart","Muscicapidae","Birds"
"Pteruthius flaviscapis","White-Browed Shrike-Babbler","Timaliidae","Birds"
"Parus rubidiventris","Rufous-Vented Tit","Paridae","Birds"
"Tarsiger cyanurus","Red-Flanked Bluetail","Muscicapidae","Birds"
"Prunella fulvescens","Brown Accentor","Prunellidae","Birds"
"Carduelis flavirostris","Twite","Fringillidae","Birds"
"Pericrocotus ethologus","Long-Tailed Minivet","Campephagidae","Birds"
"Pandion haliaetus","Osprey","Accipitridae","Birds"
"Phoenicurus auroreus","Daurian Redstart","Muscicapidae","Birds"
"Carpodacus puniceus","Rose-Breasted Rosefinch","Fringillidae","Birds"
"Falco columbarius","Merlin","Falconidae","Birds"
"Tetraophasis obscurus","Verreaux's Monal Partridge","Phasianidae","Birds"
"Charadrius mongolus","Mongolian Plover","Charadriidae","Birds"
"Porzana pusilla","Baillon's Crake","Rallidae","Birds"
"Parus superciliosus","White-Browed Tit","Paridae","Birds"
"Dryocopus martius","Black Woodpecker","Picidae","Birds"
"Urocynchramus pylzowi","Przevalski's Rosefinch","Urocynchramidae","Birds"
"Phylloscopus coronatus","Temminck's Crowned Warbler","Sylviidae","Birds"
"Glaucidium cuculoides","Cuckoo Owlet","Strigidae","Birds"
"Rostratula benghalensis","Painted-Snipe","Rostratulidae","Birds"
"Acridotheres cristatellus","Chinese Jungle Myna","Sturnidae","Birds"
"Phylloscopus ricketti","Sulphur-Breasted Warbler","Sylviidae","Birds"
"Phoenicurus ochruros","Black Redstart","Muscicapidae","Birds"
"Tachybaptus ruficollis","Little Grebe","Podicipedidae","Birds"
"Crossoptilon auritum","Blue Eared-Pheasant","Phasianidae","Birds"
"Anser anser","Greylag Goose","Anatidae","Birds"
"Otis tarda","Great Bustard","Otididae","Birds"
"Pinicola subhimachala","Crimson-Browed Finch","Fringillidae","Birds"
"Sitta villosa","Snowy-Browed Nuthatch","Sittidae","Birds"
"Rattus nitidus","Himalayan Field Rat","Muridae","Mammals"
"Ochotona macrotis","Large-Eared Pika","Ochotonidae","Mammals"
"Capreolus pygargus","Siberian Roe Deer","Cervidae","Mammals"
"Arctonyx albogularis","null","Mustelidae","Mammals"
"Elaphodus cephalophus","Tufted Deer","Cervidae","Mammals"
"Cervus canadensis","null","Cervidae","Mammals"
"Cuon alpinus","Red Dog","Canidae","Mammals"
"Neodon irene","Irene's Mountain Vole","Cricetidae","Mammals"
"Naemorhedus griseus","Chinese Goral","Bovidae","Mammals"
"Lynx lynx","Lynx","Felidae","Mammals"
"Ochotona pallasii","null","Ochotonidae","Mammals"
"Sciurotamias davidianus","Pére David's Rock Squirrel","Sciuridae","Mammals"
"Macaca thibetana","Tibetan Macaque","Cercopithecidae","Mammals"
"Suncus murinus","House Shrew","Soricidae","Mammals"
"Eptesicus serotinus","Serotine","Vespertilionidae","Mammals"
"Ailuropoda melanoleuca","Giant Panda","Ursidae","Mammals"
"Blarinella griselda","Indochinese Short-Tailed Shrew","Soricidae","Mammals"
"Melogale moschata","Chinese Ferret Badger","Mustelidae","Mammals"
"Apodemus chevrieri","Chevrier's Field Mouse","Muridae","Mammals"
"Sorex cylindricauda","Greater Stripe Backed Shrew","Soricidae","Mammals"
"Petaurista alborufus","Red And White Giant Flying Squirrel","Sciuridae","Mammals"
"Rhinopithecus roxellana","Golden Snub Nosed Monkey","Cercopithecidae","Mammals"
"Rhinolophus pearsonii","Pearson's Horseshoe Bat","Rhinolophidae","Mammals"
"Allactaga balikunica","Balikun Jerboa","Dipodidae","Mammals"
"Phaiomys leucurus","Blyth's Vole","Cricetidae","Mammals"
"Equus kiang","Kiang","Equidae","Mammals"
"Leopoldamys edwardsi","Edward’S Rat","Muridae","Mammals"
"Trogopterus xanthipes","Complex Toothed Flying Squirrel","Sciuridae","Mammals"
"Capricornis milneedwardsii","Chinese Serow","Bovidae","Mammals"
"Muntiacus reevesi","Chinese Muntjac","Cervidae","Mammals"
"Bos mutus","Wild Yak","Bovidae","Mammals"
"Ochotona erythrotis","Chinese Red Pika","Ochotonidae","Mammals"
"Mesechinus dauuricus","Daurian Hedgehog","Erinaceidae","Mammals"
"Cansumys canus","Gansu Hamster","Cricetidae","Mammals"
"Eospalax fontanierii","Chinese Zokor","Spalacidae","Mammals"
"Vulpes ferrilata","Tibetan Fox","Canidae","Mammals"
"Allocricetulus curtatus","Mongolian Hamster","Cricetidae","Mammals"
"Salpingotus kozlovi","Kozlov's Pygmy Jerboa","Dipodidae","Mammals"
"Rhizomys sinensis","Chinese Bamboo Rat","Spalacidae","Mammals"
"Pipistrellus alaschanicus","Alashanian Pipistrelle","Vespertilionidae","Mammals"
"Myotis nipalensis","Nepal Myotis","Vespertilionidae","Mammals"
"Caryomys inez","Kolan Vole","Cricetidae","Mammals"
"Ochotona cansus","Gansu Pika","Ochotonidae","Mammals"
"Barbastella leucomelas","Asian Barbastelle","Vespertilionidae","Mammals"
"Petaurista xanthotis","Chinese Giant Flying Squirrel","Sciuridae","Mammals"
"Pseudois nayaur","Bharal","Bovidae","Mammals"
"Spermophilus brevicauda","Brandt's Ground Squirrel","Sciuridae","Mammals"
"Moschus berezovskii","Chinese Forest Musk Deer","Moschidae","Mammals"
"Marmota himalayana","Himalayan Marmot","Sciuridae","Mammals"
"Macaca mulatta","Rhesus Monkey","Cercopithecidae","Mammals"
"Camelus ferus","Bactrian Camel","Camelidae","Mammals"
"Brachiones przewalskii","Przewalski's Jird","Muridae","Mammals"
"Vulpes corsac","Corsac Fox","Canidae","Mammals"
"Pipistrellus pulveratus","Chinese Pipistrelle","Vespertilionidae","Mammals"
"Mustela kathiah","Yellow-Bellied Weasel","Mustelidae","Mammals"
"Scapanulus oweni","Gansu Mole","Talpidae","Mammals"
"Allactaga sibirica","Siberian Jerboa","Dipodidae","Mammals"
"Niviventer confucianus","Confucian Niviventer","Muridae","Mammals"
"Martes flavigula","Yellow Throated Marten","Mustelidae","Mammals"
"Chaerephon plicatus","Wrinkle-Lipped Bat","Molossidae","Mammals"
"Equus ferus","Wild Horse","Equidae","Mammals"
"Lepus oiostolus","Woolly Hare","Leporidae","Mammals"
"Aeretes melanopterus","North Chinese Flying Squirrel","Sciuridae","Mammals"
"Eospalax smithii","Smith's Zokor","Spalacidae","Mammals"
"Chimarrogale styani","Chinese Water Shrew","Soricidae","Mammals"
"Prionailurus bengalensis","Leopard Cat","Felidae","Mammals"
"Cervus albirostris","null","Cervidae","Mammals"
"Myotis formosus","Hodgson's Bat","Vespertilionidae","Mammals"
"Spermophilus alashanicus","Alashan Ground Squirrel","Sciuridae","Mammals"
"Martes foina","Stone Marten","Mustelidae","Mammals"
"Vormela peregusna","Marbled Polecat","Mustelidae","Mammals"
"Uropsilus soricipes","Chinese Shrew Mole","Talpidae","Mammals"
"Meriones tamariscinus","Tamarisk Jird","Muridae","Mammals"
"Ochotona thomasi","Thomas's Pika","Ochotonidae","Mammals"
"Myotis muricola","Nepalese Whiskered Bat","Vespertilionidae","Mammals"
"Neofelis nebulosa","Clouded Leopard","Felidae","Mammals"
"Phodopus campbelli","Campbell's Hamster","Cricetidae","Mammals"
"Viverricula indica","Small Indian Civet","Viverridae","Mammals"
"Nyctalus plancyi","Chinese Noctule","Vespertilionidae","Mammals"
"Ovis ammon","Argali","Bovidae","Mammals"
"Myotis laniger","Chinese Water Myotis","Vespertilionidae","Mammals"
"Moschus moschiferus","Siberian Musk Deer","Moschidae","Mammals"
"Catopuma temminckii","Temminck's Golden Cat","Felidae","Mammals"
"Lepus tolai","Tolai Hare","Leporidae","Mammals"
"Paguma larvata","Masked Palm Civet","Viverridae","Mammals"
"Cricetulus barabensis","Striped Dwarf Hamster","Cricetidae","Mammals"
"Dremomys pernyi","Servaline Genet","Sciuridae","Mammals"
"Rhinolophus sinicus","Chinese Horseshoe Bat","Rhinolophidae","Mammals"
"Sus scrofa","Wild Boar","Suidae","Mammals"
"Cervus nippon","Sika Deer","Cervidae","Mammals"
"Meriones unguiculatus","Mongolian Gerbil","Muridae","Mammals"
"Pteropus giganteus","Indian Flying Fox","Pteropodidae","Mammals"
"Gazella subgutturosa","Goitered Gazelle","Bovidae","Mammals"
"Rhinolophus ferrumequinum","Greater Horseshoe Bat","Rhinolophidae","Mammals"
"Ailurus fulgens","Red Panda","Ailuridae","Mammals"
"Allactaga bullata","Gobi Jerboa","Dipodidae","Mammals"
"Meriones meridianus","Mid Day Jird","Muridae","Mammals"
"Sicista concolor","Chinese Birch Mouse","Dipodidae","Mammals"
"Nyctereutes procyonoides","Racoon Dog","Canidae","Mammals"
"Mustela altaica","Mountain Weasel","Mustelidae","Mammals"
"Lepus tibetanus","Desert Hare","Leporidae","Mammals"
"Mustela eversmanii","Steppe Polecat","Mustelidae","Mammals"
"Myotis blythii","Lesser Mouse-Eared Bat","Vespertilionidae","Mammals"
"Mustela sibirica","Siberian Weasel","Mustelidae","Mammals"
"Caryomys eva","Eva's Red-Backed Vole","Cricetidae","Mammals"
"Myodes shanseius","Shanxi Red-Backed Vole","Cricetidae","Mammals"
"Callosciurus erythraeus","Pallas's Squirrel","Sciuridae","Mammals"
"Apodemus peninsulae","Korean Field Mouse","Muridae","Mammals"
"Apodemus draco","South China Field Mouse","Muridae","Mammals"
"Capra sibirica","Siberian Ibex","Bovidae","Mammals"
"Microtus limnophilus","Lacustrine Vole","Cricetidae","Mammals"
"Hipposideros armiger","Great Roundleaf Bat","Hipposideridae","Mammals"
"Nectogale elegans","Elegant Water Shrew","Soricidae","Mammals"
"Crocidura suaveolens","Lesser White-Toothed Shrew","Soricidae","Mammals"
"Vernaya fulva","Red Climbing Mouse","Muridae","Mammals"
"Eospalax rothschildi","Rothschild's Zokor","Spalacidae","Mammals"
"Chimarrogale himalayica","Himalayan Water Shrew","Soricidae","Mammals"
"Mustela erminea","Stoat","Mustelidae","Mammals"
"Crocidura sibirica","Siberian Shrew","Soricidae","Mammals"
"Cricetulus kamensis","Kam Dwarf Hamster","Cricetidae","Mammals"
"Chodsigoa hypsibia","De Winton's Shrew","Soricidae","Mammals"
"Petaurista philippensis","Indian Giant Flying Squirrel","Sciuridae","Mammals"
"Tamiops swinhoei","Swinhoe's Striped Squirrel","Sciuridae","Mammals"
"Mustela nivalis","Weasel","Mustelidae","Mammals"
"Ochotona dauurica","Daurian Pika","Ochotonidae","Mammals"
"Scaptochirus moschatus","Short-Faced Mole","Talpidae","Mammals"
"Micromys minutus","Harvest Mouse","Muridae","Mammals"
"Chodsigoa lamula","Lamulate Shrew","Soricidae","Mammals"
"Budorcas taxicolor","Takin","Bovidae","Mammals"
"Salpingotus crassicauda","Thick-Tailed Pygmy Jerboa","Dipodidae","Mammals"
"Felis bieti","Chinese Mountain Cat","Felidae","Mammals"
"Proedromys bedfordi","Duke Of Bedford's Vole","Cricetidae","Mammals"
"Panthera uncia","Snow Leopard","Felidae","Mammals"
"Apodemus latronum","Large-Eared Field Mouse","Muridae","Mammals"
"Rattus tanezumi","Oriental House Rat","Muridae","Mammals"
"Hystrix brachyura","Malayan Porcupine","Hystricidae","Mammals"
"Hemiechinus auritus","Long Eared Hedgehog","Erinaceidae","Mammals"
"Cricetulus longicaudatus","Long Tailed Dwarf Hamster","Cricetidae","Mammals"
"Euroscaptor longirostris","Long Nosed Mole","Talpidae","Mammals"
"Panthera pardus","Leopard","Felidae","Mammals"
"Euchoreutes naso","Long-Eared Jerboa","Dipodidae","Mammals"
"Eolagurus przewalskii","Przewalski's Steppe Lemming","Cricetidae","Mammals"
"Niviventer fulvescens","Indomalayan Niviventer","Muridae","Mammals"
"Cricetulus migratorius","Gray Dwarf Hamster","Cricetidae","Mammals"
"Erinaceus amurensis","Amur Hedgehog","Erinaceidae","Mammals"
"Myotis daubentonii","Daubenton's Bat","Vespertilionidae","Mammals"
"Sorex bedfordiae","Lesser Stripe-Backed Shrew","Soricidae","Mammals"
"Chaetocauda sichuanensis","Sichuan Dormouse","Gliridae","Mammals"
"Viverra zibetha","Large Indian Civet","Viverridae","Mammals"
"Equus hemionus","Asiatic Wild Ass","Equidae","Mammals"
"Tscherskia triton","Greater Long Tailed Hamster","Cricetidae","Mammals"
"Apodemus agrarius","Striped Field Mouse","Muridae","Mammals"
"Sorex thibetanus","Tibetan Shrew","Soricidae","Mammals"
"Ursus arctos","Grizzly Bear","Ursidae","Mammals"
"Ochotona thibetana","Moupin Pika","Ochotonidae","Mammals"
"Sorex cansulus","Gansu Shrew","Soricidae","Mammals"
"Moschus chrysogaster","Alpine Musk Deer","Moschidae","Mammals"
"Alticola stoliczkanus","Stoliczka's Mountain Vole","Cricetidae","Mammals"
"Crocidura shantungensis","Shantung Shrew","Soricidae","Mammals"
"Murina leucogaster","Greater Tube-Nosed Bat","Vespertilionidae","Mammals"
"Crocidura attenuata","Asian Gray Shrew","Soricidae","Mammals"
"Rhombomys opimus","Great Gerbil","Muridae","Mammals"
"Ondatra zibethicus","Musk Rat","Cricetidae","Mammals"
"Ochotona koslowi","Koslov's Pika","Ochotonidae","Mammals"
"Ochotona syrinx","null","Ochotonidae","Mammals"
"Ellobius tancrei","Zaisan Mole Vole","Cricetidae","Mammals"
"Microtus fortis","Reed Vole","Cricetidae","Mammals"
"Pipistrellus abramus","Japanese Pipistrelle","Vespertilionidae","Mammals"
"Eothenomys melanogaster","Pére David's Vole","Cricetidae","Mammals"
"Phodopus roborovskii","Desert Hamster","Cricetidae","Mammals"
"Alticola argentatus","Silver Mountain Vole","Cricetidae","Mammals"
"Dipus sagitta","Northern Three Toed Jerboa","Dipodidae","Mammals"
"Petaurista elegans","Spotted Giant Flying Squirrel","Sciuridae","Mammals"
"Eptesicus pachyotis","Thick Eared Bat","Vespertilionidae","Mammals"
"Ochotona curzoniae","Plateau Pika","Ochotonidae","Mammals"
"Mesechinus hughi","Hugh's Hedgehog","Erinaceidae","Mammals"
"Pygeretmus pumilio","Dwarf Fat-Tailed Jerboa","Dipodidae","Mammals"
"Felis silvestris","Wildcat","Felidae","Mammals"
"Eptesicus gobiensis","Gobi Big Brown Bat","Vespertilionidae","Mammals"
"Procapra picticaudata","Goa","Bovidae","Mammals"
"Anourosorex squamipes","Mole Shrew","Soricidae","Mammals"
"Cardiocranius paradoxus","Five-Toed Pygmy Jerboa","Dipodidae","Mammals"
"Spermophilus pallidicauda","Pallid Ground Squirrel","Sciuridae","Mammals"
"Lutra lutra","European Otter","Mustelidae","Mammals"
"Uropsilus gracilis","Gracile Shrew Mole","Talpidae","Mammals"
"Stylodipus andrewsi","Andrews's Three-Toed Jerboa","Dipodidae","Mammals"
"Ochotona gloveri","Glover's Pika","Ochotonidae","Mammals"
"Ursus thibetanus","Asian Black Bear","Ursidae","Mammals"
"Sorex sinalis","Chinese Shrew","Soricidae","Mammals"
"Scaptonyx fusicaudus","Long-Tailed Mole","Talpidae","Mammals"
"Myospalax psilurus","Transbaikal Zokor","Spalacidae","Mammals"
"Rusa unicolor","Sambar Deer","Cervidae","Mammals"
"Meles leucurus","Asian Badger","Mustelidae","Mammals"
"Ochotona ladacensis","Ladak Pika","Ochotonidae","Mammals"
"Eozapus setchuanus","Chinese Jumping Mouse","Dipodidae","Mammals"
"Elaphe bimaculata","Chinese Leopard Snake","Colubridae","Reptiles"
"Teratoscincus przewalskii","Przewalski's Wonder Gecko","Sphaerodactylidae","Reptiles"
"Amphiesma craspedogaster","Kuatun Keelback","Colubridae","Reptiles"
"Japalura flaviceps","Szechwan Japalure","Agamidae","Reptiles"
"Achalinus spinalis","Peters' Odd-Scaled Snake","Xenodermidae","Reptiles"
"Pareas boulengeri","Boulenger's Slug Snake","Pareidae","Reptiles"
"Scincella monticola","Mountainous Dwarf Skink","Scincidae","Reptiles"
"Phrynocephalus versicolor","null","Agamidae","Reptiles"
"Amphiesma sauteri","Kosempo Keelback","Colubridae","Reptiles"
"Alsophylax pipiens","Kaspischer Even-Fingered Gecko","Gekkonidae","Reptiles"
"Oligodon multizonatus","Luding Kukri Snake","Colubridae","Reptiles"
"Tenuidactylus elongatus","Yangihissar Gecko","Gekkonidae","Reptiles"
"Alsophylax przewalskii","Xinjiang Even-Fingered Gecko","Gekkonidae","Reptiles"
"Python bivittatus","Burmese Python","Pythonidae","Reptiles"
"Euprepiophis mandarinus","Mandarin Ratsnakes","Colubridae","Reptiles"
"Phrynocephalus przewalskii","Przewalski's Toadhead Agama","Agamidae","Reptiles"
"Sibynophis chinensis","Chinese Many-Tooth Snake","Colubridae","Reptiles"
"Pseudoxenodon macrops","Big-Eyed Bamboo Snake","Colubridae","Reptiles"
"Lycodon ruhstrati","Formosa Wolf Snake","Colubridae","Reptiles"
"Protobothrops mucrosquamatus","Brown Spotted Pitviper","Viperidae","Reptiles"
"Gekko swinhonis","Peking Gecko","Gekkonidae","Reptiles"
"Plagiopholis styani","Chinese Mountain Snake","Colubridae","Reptiles"
"Achalinus meiguensis","Szechwan Odd-Scaled Snake","Xenodermidae","Reptiles"
"Boiga kraepelini","Kelung Cat Snake","Colubridae","Reptiles"
"Phrynocephalus vlangalii","Ching Hai Toadhead Agama","Agamidae","Reptiles"
"Rhabdophis nuchalis","Hubei Keelback","Colubridae","Reptiles"
"Pelodiscus sinensis","Chinese Soft-Shelled Turtle","Trionychidae","Turtles (non-marine)"
"Microhyla fissipes","Ornamented Pygmy Frog","Microhylidae","Amphibians"
"Nanorana quadranus","Kwang-Yang Asian Frog","Dicroglossidae","Amphibians"
"Amolops mantzorum","Mouping Sucker Frog","Ranidae","Amphibians"
"Strauchbufo raddei","Tengger Desert Toad","Bufonidae","Amphibians"
"Amolops granulosus","Sichuan Sucker Frog","Ranidae","Amphibians"
"Odorrana schmackeri","Schmacker's Frog","Ranidae","Amphibians"
"Oreolalax popei","Pope's Lazy Toad","Megophryidae","Amphibians"
"Odorrana margaretae","Margareta's Frog","Ranidae","Amphibians"
"Kaloula rugifera","Szechwan Narrowmouth Toad","Microhylidae","Amphibians"
"Megophrys wushanensis","Wushan Horned Toad","Megophryidae","Amphibians"
"Batrachuperus pinchonii","Western Chinese Mountain Salamander","Hynobiidae","Amphibians"
"Microhyla mixtura","Chinese Rice Frog","Microhylidae","Amphibians"
"Scutiger liupanensis","Liupan Lazy Toad","Megophryidae","Amphibians"
"Quasipaa boulengeri","Boulenger's Paa Frog","Dicroglossidae","Amphibians"
"Bufo minshanicus","Chusan Island Toad","Bufonidae","Amphibians"
"Kaloula borealis","Manchurian Narrowmouth Toad","Microhylidae","Amphibians"
"Scutiger boulengeri","Boulenger's Lazy Toad","Megophryidae","Amphibians"
"Scutiger pingwuensis","Pingwu Lazy Toad","Megophryidae","Amphibians"
"Bufo andrewsi","Chusan Island Toad","Bufonidae","Amphibians"
"Rana omeimontis","Omei Brown Frog","Ranidae","Amphibians"
"Bufo gargarizans","Chusan Island Toad","Bufonidae","Amphibians"
"Nanorana pleskei","Songpan Slow Frog","Dicroglossidae","Amphibians"
"Batrachuperus tibetanus","Chiala Mountain Salamander","Hynobiidae","Amphibians"
"Fejervarya limnocharis","Indian Cricket Frog","Dicroglossidae","Amphibians"
"Amolops chunganensis","Chungan Sucker Frog","Ranidae","Amphibians"
"Scutiger mammatus","Tungsolo Lazy Toad","Megophryidae","Amphibians"
"Hyla tsinlingensis","Shensi Treefrog","Hylidae","Amphibians"
"Polypedates megacephalus","Hong Kong Whipping Frog","Rhacophoridae","Amphibians"
"Rana kukunoris","Plateau Brown Frog","Ranidae","Amphibians"
"Pelophylax nigromaculatus","Black-Spotted Frog","Ranidae","Amphibians"
"Microhyla pulchra","Guangdong Rice Frog","Microhylidae","Amphibians"
"Tylototriton wenxianensis","Wenxian Knobby Salamander","Salamandridae","Amphibians"
"Rana chensinensis","Far Eastern Wood Frog","Ranidae","Amphibians"
"Andrias davidianus","Chinese Giant Salamander","Cryptobranchidae","Amphibians"
"Neptis themis","null","Nymphalidae","Butterflies"
"Patsuia sinensis","null","Nymphalidae","Butterflies"
"Neptis andetria","null","Nymphalidae","Butterflies"
"Papilio sikkimensis","null","Papilionidae","Butterflies"
"Pieris mandarina","null","Pieridae","Butterflies"
"Neptis cydippe","null","Nymphalidae","Butterflies"
"Lethe gemina","null","Nymphalidae","Butterflies"
"Pieris extensa","null","Pieridae","Butterflies"
"Parasarpa albomaculata","null","Nymphalidae","Butterflies"
"Lethe labyrinthea","null","Nymphalidae","Butterflies"
"Tongeia potanini","null","Lycaenidae","Butterflies"
"Colias fieldii","null","Pieridae","Butterflies"
"Sibataniozephyrus lijinae","null","Lycaenidae","Butterflies"
"Lethe violaceopicta","null","Nymphalidae","Butterflies"
"Athyma jina","null","Nymphalidae","Butterflies"
"Neptis antilope","null","Nymphalidae","Butterflies"
"Aporia largeteaui","null","Pieridae","Butterflies"
"Euthalia alpherakyi","null","Nymphalidae","Butterflies"
"Anthocharis cardamines","Orange-Tip","Pieridae","Butterflies"
"Neptis alwina","null","Nymphalidae","Butterflies"
"Lethe syrcisi","null","Nymphalidae","Butterflies"
"Lethe satyrina","null","Nymphalidae","Butterflies"
"Athyma disjuncta","null","Nymphalidae","Butterflies"
"Chrysozephyrus linae","null","Lycaenidae","Butterflies"
"Lethe nigrifascia","null","Nymphalidae","Butterflies"
"Lethe laodamia","null","Nymphalidae","Butterflies"
"Ypthima conjuncta","null","Nymphalidae","Butterflies"
"Mandarinia regalis","null","Nymphalidae","Butterflies"
"Pontia daplidice","Bath White","Pieridae","Butterflies"
"Helcyra superba","null","Nymphalidae","Butterflies"
"Astictopterus jama","null","Hesperiidae","Butterflies"
"Chrysozephyrus gaoi","null","Lycaenidae","Butterflies"
"Gonepteryx amintha","null","Pieridae","Butterflies"
"Lethe manzorum","null","Nymphalidae","Butterflies"
"Lethe proxima","null","Nymphalidae","Butterflies"
"Bhutanitis thaidina","null","Papilionidae","Butterflies"
"Chitoria pallas","null","Nymphalidae","Butterflies"
"Teinopalpus imperialis","null","Papilionidae","Butterflies"
"Araragi sugiyamai","null","Lycaenidae","Butterflies"
"Chalinga pratti","null","Nymphalidae","Butterflies"
"Aporia bieti","null","Pieridae","Butterflies"
"Lethe monolifera","null","Nymphalidae","Butterflies"
"Euthalia kardama","null","Nymphalidae","Butterflies"
"Davidina armandi","null","Nymphalidae","Butterflies"
"Neptis beroe","null","Nymphalidae","Butterflies"
"Macroglossum stellatarum","Hummingbird Hawk-Moth","Sphingidae","Sphingid moths"
"Cephonodes hylas","null","Sphingidae","Sphingid moths"
"Rhagastis albomarginatus","null","Sphingidae","Sphingid moths"
"Sphinx oberthueri","null","Sphingidae","Sphingid moths"
"Marumba fenzelii","null","Sphingidae","Sphingid moths"
"Amplypterus panopus","null","Sphingidae","Sphingid moths"
"Dahira kitchingi","null","Sphingidae","Sphingid moths"
"Acosmeryx naga","null","Sphingidae","Sphingid moths"
"Rhodambulyx schnitzleri","null","Sphingidae","Sphingid moths"
"Rhodoprasina winbrechlini","null","Sphingidae","Sphingid moths"
"Hyles chamyla","null","Sphingidae","Sphingid moths"
"Cypa uniformis","null","Sphingidae","Sphingid moths"
"Phyllosphingia dissimilis","null","Sphingidae","Sphingid moths"
"Ambulyx japonica","null","Sphingidae","Sphingid moths"
"Parum colligata","null","Sphingidae","Sphingid moths"
"Marumba spectabilis","null","Sphingidae","Sphingid moths"
"Hemaris beresowskii","null","Sphingidae","Sphingid moths"
"Laothoe amurensis","null","Sphingidae","Sphingid moths"
"Angonyx testacea","null","Sphingidae","Sphingid moths"
"Macroglossum mitchellii","null","Sphingidae","Sphingid moths"
"Ambulyx kuangtungensis","null","Sphingidae","Sphingid moths"
"Ampelophaga khasiana","null","Sphingidae","Sphingid moths"
"Smerinthulus perversa","null","Sphingidae","Sphingid moths"
"Pentateucha stueningi","null","Sphingidae","Sphingid moths"
"Cechenena lineosa","null","Sphingidae","Sphingid moths"
"Ambulyx tobii","null","Sphingidae","Sphingid moths"
"Acherontia lachesis","Death's-Head Hawkmoth","Sphingidae","Sphingid moths"
"Nephele hespera","null","Sphingidae","Sphingid moths"
"Clanis titan","null","Sphingidae","Sphingid moths"
"Enpinanga assamensis","null","Sphingidae","Sphingid moths"
"Rhagastis gloriosa","null","Sphingidae","Sphingid moths"
"Hemaris fuciformis","Broad-Bordered Bee Hawkmoth","Sphingidae","Sphingid moths"
"Macroglossum sitiene","null","Sphingidae","Sphingid moths"
"Ambulyx ochracea","null","Sphingidae","Sphingid moths"
"Sphecodina caudata","null","Sphingidae","Sphingid moths"
"Acherontia styx","Death's-Head Hawk Moth","Sphingidae","Sphingid moths"
"Hyles gallii","Galium Sphinx","Sphingidae","Sphingid moths"
"Macroglossum saga","null","Sphingidae","Sphingid moths"
"Callambulyx sinjaevi","null","Sphingidae","Sphingid moths"
"Morwennius decoratus","null","Sphingidae","Sphingid moths"
"Smerinthus szechuanus","null","Sphingidae","Sphingid moths"
"Agrius convolvuli","Convolvulus Hawk","Sphingidae","Sphingid moths"
"Cypa enodis","null","Sphingidae","Sphingid moths"
"Marumba saishiuana","null","Sphingidae","Sphingid moths"
"Leucophlebia lineata","null","Sphingidae","Sphingid moths"
"Smerinthus planus","null","Sphingidae","Sphingid moths"
"Ambulyx sericeipennis","null","Sphingidae","Sphingid moths"
"Callambulyx poecilus","null","Sphingidae","Sphingid moths"
"Theretra tibetiana","null","Sphingidae","Sphingid moths"
"Hemaris radians","null","Sphingidae","Sphingid moths"
"Dahira niphaphylla","null","Sphingidae","Sphingid moths"
"Macroglossum pyrrhosticta","Hummingbird Hawk Moth","Sphingidae","Sphingid moths"
"Dolbina paraexacta","null","Sphingidae","Sphingid moths"
"Meganoton analis","null","Sphingidae","Sphingid moths"
"Laothoe habeli","null","Sphingidae","Sphingid moths"
"Hyles hippophaes","Seathorn Hawk-Moth","Sphingidae","Sphingid moths"
"Cechenena mirabilis","null","Sphingidae","Sphingid moths"
"Dahira rubiginosa","null","Sphingidae","Sphingid moths"
"Acosmeryx sinjaevi","null","Sphingidae","Sphingid moths"
"Marumba cristata","null","Sphingidae","Sphingid moths"
"Callambulyx sichangensis","null","Sphingidae","Sphingid moths"
"Rhagastis confusa","null","Sphingidae","Sphingid moths"
"Rhagastis olivacea","null","Sphingidae","Sphingid moths"
"Dahira yunnanfuana","null","Sphingidae","Sphingid moths"
"Marumba maackii","null","Sphingidae","Sphingid moths"
"Meganoton yunnanfuana","null","Sphingidae","Sphingid moths"
"Psilogramma increta","null","Sphingidae","Sphingid moths"
"Callambulyx tatarinovii","null","Sphingidae","Sphingid moths"
"Deilephila elpenor","Elephant Hawk-Moth","Sphingidae","Sphingid moths"
"Eupanacra perfecta","null","Sphingidae","Sphingid moths"
"Macroglossum corythus","null","Sphingidae","Sphingid moths"
"Theretra japonica","null","Sphingidae","Sphingid moths"
"Ambulyx liturata","null","Sphingidae","Sphingid moths"
"Hyles costata","null","Sphingidae","Sphingid moths"
"Pentateucha curiosa","null","Sphingidae","Sphingid moths"
"Smerinthus kindermannii","null","Sphingidae","Sphingid moths"
"Macroglossum belis","null","Sphingidae","Sphingid moths"
"Dahira uljanae","null","Sphingidae","Sphingid moths"
"Hyles nicaea","Mediterranean Hawk-Moth","Sphingidae","Sphingid moths"
"Dolbina inexacta","null","Sphingidae","Sphingid moths"
"Marumba sperchius","null","Sphingidae","Sphingid moths"
"Macroglossum bombylans","null","Sphingidae","Sphingid moths"
"Polyptychus chinensis","null","Sphingidae","Sphingid moths"
"Macroglossum neotroglodytus","null","Sphingidae","Sphingid moths"
"Ambulyx interplacida","null","Sphingidae","Sphingid moths"
"Theretra oldenlandiae","Impatiens Hawk Moth Larva","Sphingidae","Sphingid moths"
"Barbourion lemaii","null","Sphingidae","Sphingid moths"
"Clanis bilineata","null","Sphingidae","Sphingid moths"
"Ambulyx schauffelbergeri","null","Sphingidae","Sphingid moths"
"Rhodoprasina floralis","null","Sphingidae","Sphingid moths"
"Ampelophaga rubiginosa","null","Sphingidae","Sphingid moths"
"Sphingonaepiopsis pumilio","null","Sphingidae","Sphingid moths"
"Daphnis hypothous","null","Sphingidae","Sphingid moths"
"Marumba gaschkewitschii","null","Sphingidae","Sphingid moths"
"Neogurelca montana","null","Sphingidae","Sphingid moths"
"Hyles exilis","null","Sphingidae","Sphingid moths"
"Craspedortha porphyria","null","Sphingidae","Sphingid moths"
"Acosmeryx shervillii","null","Sphingidae","Sphingid moths"
"Clanis undulosa","null","Sphingidae","Sphingid moths"
"Hyles livornica","Striped Hawk-Moth","Sphingidae","Sphingid moths"
"Dahira plutenkoi","null","Sphingidae","Sphingid moths"
"Sphingulus mus","null","Sphingidae","Sphingid moths"
"Sphinx centrosinaria","null","Sphingidae","Sphingid moths"
"Kentrochrysalis sieversi","null","Sphingidae","Sphingid moths"
"Sataspes xylocoparis","null","Sphingidae","Sphingid moths"
"Callambulyx junonia","null","Sphingidae","Sphingid moths"
"Langia zenzeroides","null","Sphingidae","Sphingid moths"
"Rhodoprasina mateji","null","Sphingidae","Sphingid moths"
"Hippotion boerhaviae","Hippotion Sphinx Moth","Sphingidae","Sphingid moths"
"Marumba dyras","null","Sphingidae","Sphingid moths"
"Sataspes tagalica","null","Sphingidae","Sphingid moths"
"Degmaptera mirabilis","null","Sphingidae","Sphingid moths"
"Cypoides chinensis","null","Sphingidae","Sphingid moths"
"Rhodoprasina callantha","null","Sphingidae","Sphingid moths"
"Cechenena minor","null","Sphingidae","Sphingid moths"
"Smerinthus minor","null","Sphingidae","Sphingid moths"
"Clanis schwartzi","null","Sphingidae","Sphingid moths"
"Macroglossum nycteris","null","Sphingidae","Sphingid moths"
"Craspedortha montana","null","Sphingidae","Sphingid moths"
"Neogurelca himachala","null","Sphingidae","Sphingid moths"
"Ambulyx placida","null","Sphingidae","Sphingid moths"
"Sphinx caligineus","null","Sphingidae","Sphingid moths"
"Dahira hoenei","null","Sphingidae","Sphingid moths"
"Kentrochrysalis heberti","null","Sphingidae","Sphingid moths"
"Theretra alecto","null","Sphingidae","Sphingid moths"
"Hyles zygophylli","null","Sphingidae","Sphingid moths"
"Pinus henryi","Henry's Pine","Pinaceae","Conifers"
"Juniperus squamata","Flaky Juniper","Cupressaceae","Conifers"
"Picea neoveitchii","Veitch's Spruce","Pinaceae","Conifers"
"Pinus tabuliformis","Chinese Red Pine","Pinaceae","Conifers"
"Pinus massoniana","Masson's Pine","Pinaceae","Conifers"
"Abies chensiensis","Shensi Fir","Pinaceae","Conifers"
"Amentotaxus argotaenia","Catkin Yew","Taxaceae","Conifers"
"Abies recurvata","Min Fir","Pinaceae","Conifers"
"Abies fabri","Faber's Fir","Pinaceae","Conifers"
"Keteleeria davidiana","David's Keteleeria","Pinaceae","Conifers"
"Juniperus convallium","Juniper","Cupressaceae","Conifers"
"Juniperus saltuaria","Sichuan Juniper","Cupressaceae","Conifers"
"Tsuga chinensis","Chinese Hemlock","Pinaceae","Conifers"
"Cupressus funebris","Chinese Weeping Cypress","Cupressaceae","Conifers"
"Cupressus chengiana","Cheng's Cypress","Cupressaceae","Conifers"
"Larix potaninii","Chinese Larch","Pinaceae","Conifers"
"Juniperus pingii","Ping's Juniper","Cupressaceae","Conifers"
"Juniperus tibetica","Tibetan Juniper","Cupressaceae","Conifers"
"Torreya fargesii","Farges Nutmeg Tree","Taxaceae","Conifers"
"Cunninghamia lanceolata","Cunninghamia","Cupressaceae","Conifers"
"Pinus armandii","Chinese White Pine","Pinaceae","Conifers"
"Taxus chinensis","Chinese Yew","Taxaceae","Conifers"
"Abies fargesii","Farges's Fir","Pinaceae","Conifers"
"Abies squamata","Flaky Fir","Pinaceae","Conifers"
"Larix mastersiana","Masters's Larch","Pinaceae","Conifers"
"Juniperus przewalskii","Przewalsi Juniper","Cupressaceae","Conifers"
"Cephalotaxus fortunei","Fortune's Plum Yew","Taxaceae","Conifers"
"Thuja sutchuenensis","Sichuan Thuja","Cupressaceae","Conifers"
"Juniperus formosana","Formosan Juniper","Cupressaceae","Conifers"
"Juniperus chinensis","Chinese Juniper","Cupressaceae","Conifers"
"Pinus densata","Gaoshan Pine","Pinaceae","Conifers"
"Larix gmelinii","Dahurian Larch","Pinaceae","Conifers"
"Platycladus orientalis","Oriental-Arborvitae","Cupressaceae","Conifers"
"Picea purpurea","Purple Spruce","Pinaceae","Conifers"
"Juniperus sabina","Savin Juniper","Cupressaceae","Conifers"
"Picea crassifolia","Qinghai Yunshan","Pinaceae","Conifers"
"Taxus mairei","Maire's Yew","Taxaceae","Conifers"
"Cephalotaxus sinensis","Chinese Plum Yew","Taxaceae","Conifers"
"Juniperus komarovii","Komarov's Juniper","Cupressaceae","Conifers"
"Picea retroflexa","Tapao Shan Spruce","Pinaceae","Conifers"
"Picea brachytyla","Sargent's Spruce","Pinaceae","Conifers"
"Picea asperata","Dragon Spruce","Pinaceae","Conifers"
"Picea wilsonii","Wilson's Spruce","Pinaceae","Conifers"
"Pinus bungeana","Lacebark Pine","Pinaceae","Conifers"
