Downloaded from https://mol.org on Jun 23, 2022. Inclusive species list based on approximate intersections with Political boundary polygon for the Guangdong region. 


"Scientific Name","Common Name","Family","Taxonomic Group"
"Larus cachinnans","Caspian Gull","Laridae","Birds"
"Accipiter trivirgatus","Crested Goshawk","Accipitridae","Birds"
"Garrulax milnei","Red-Tailed Laughingthrush","Timaliidae","Birds"
"Ficedula mugimaki","Mugimaki Flycatcher","Muscicapidae","Birds"
"Cyornis unicolor","Pale Blue-Flycatcher","Muscicapidae","Birds"
"Microhierax melanoleucos","Pied Falconet","Falconidae","Birds"
"Pericrocotus roseus","Brown-Rumped Minivet","Campephagidae","Birds"
"Dendrocitta formosae","Grey Treepie","Corvidae","Birds"
"Amaurornis phoenicurus","White-Breasted Waterhen","Rallidae","Birds"
"Rallus aquaticus","Water Rail","Rallidae","Birds"
"Eophona migratoria","Yellow-Billed Grosbeak","Fringillidae","Birds"
"Hypsipetes mcclellandii","Mountain Bulbul","Pycnonotidae","Birds"
"Mergus squamatus","Chinese Merganser","Anatidae","Birds"
"Cettia canturians","Manchurian Bush Warbler","Sylviidae","Birds"
"Liocichla phoenicea","Red-Faced Liocichla","Timaliidae","Birds"
"Sterna albifrons","Little Tern","Laridae","Birds"
"Alcippe chrysotis","Golden-Breasted Fulvetta","Timaliidae","Birds"
"Phodilus badius","Bay Owl","Tytonidae","Birds"
"Seicercus valentini","Bianchi's Warbler","Sylviidae","Birds"
"Motacilla alba","White Wagtail","Motacillidae","Birds"
"Podiceps nigricollis","Black-Necked Grebe","Podicipedidae","Birds"
"Francolinus pintadeanus","Chinese Francolin","Phasianidae","Birds"
"Haematopus ostralegus","Eurasian Oystercatcher","Haematopodidae","Birds"
"Pitta soror","Blue-Rumped Pitta","Pittidae","Birds"
"Seicercus affinis","Allied Flycatcher-Warbler","Sylviidae","Birds"
"Calidris temminckii","Temminck's Stint","Scolopacidae","Birds"
"Coturnix chinensis","Blue Quail","Phasianidae","Birds"
"Pnoepyga pusilla","Pygmy Wren-Babbler","Timaliidae","Birds"
"Circus melanoleucos","Pied Harrier","Accipitridae","Birds"
"Abroscopus albogularis","Rufous-Faced Warbler","Sylviidae","Birds"
"Corvus frugilegus","Rook","Corvidae","Birds"
"Gallinago megala","Swinhoe's Snipe","Scolopacidae","Birds"
"Phylloscopus tenellipes","Pale-Legged Leaf-Warbler","Sylviidae","Birds"
"Luscinia cyane","Siberian Blue Robin","Muscicapidae","Birds"
"Haliaeetus leucogaster","White-Bellied Sea-Eagle","Accipitridae","Birds"
"Dendronanthus indicus","Forest Wagtail","Motacillidae","Birds"
"Surniculus lugubris","Drongo Cuckoo","Cuculidae","Birds"
"Anthus sylvanus","Upland Pipit","Motacillidae","Birds"
"Anas platyrhynchos","Mallard","Anatidae","Birds"
"Aegithalos concinnus","Black-Throated Tit","Aegithalidae","Birds"
"Cinclidium leucurum","White-Tailed Robin","Muscicapidae","Birds"
"Cisticola exilis","Gold-Capped Cisticola","Cisticolidae","Birds"
"Coturnix japonica","Japanese Quail","Phasianidae","Birds"
"Leptoptilos javanicus","Lesser Adjutant","Ciconiidae","Birds"
"Alauda arvensis","Skylark","Alaudidae","Birds"
"Phylloscopus trochiloides","Greenish Warbler","Sylviidae","Birds"
"Pernis ptilorhyncus","Oriental Honey-Buzzard","Accipitridae","Birds"
"Prinia crinigera","Striated Prinia","Cisticolidae","Birds"
"Pycnonotus aurigaster","Sooty-Headed Bulbul","Pycnonotidae","Birds"
"Butorides striata","Green-Backed Heron","Ardeidae","Birds"
"Bambusicola thoracicus","Chinese Bamboo Partridge","Phasianidae","Birds"
"Bubo bubo","Eurasian Eagle Owl","Strigidae","Birds"
"Halcyon pileata","Black-Capped Kingfisher","Alcedinidae","Birds"
"Asio otus","Long-Eared Owl","Strigidae","Birds"
"Sterna fuscata","Sooty Tern","Laridae","Birds"
"Stercorarius pomarinus","Pomarine Skua","Stercorariidae","Birds"
"Cettia fortipes","Brownish-Flanked Bush-Warbler","Sylviidae","Birds"
"Garrulax berthemyi","Buffy Laughingthrush","Timaliidae","Birds"
"Larus relictus","Lönnberg's Gull","Laridae","Birds"
"Oceanodroma monorhis","Swinhoe's Storm-Petrel","Hydrobatidae","Birds"
"Pluvialis squatarola","Grey Plover","Charadriidae","Birds"
"Ardea purpurea","Purple Heron","Ardeidae","Birds"
"Prinia flaviventris","Yellow-Bellied Prinia","Cisticolidae","Birds"
"Psittacula roseata","Blossom-Headed Parakeet","Psittacidae","Birds"
"Circus macrourus","Pallid Harrier","Accipitridae","Birds"
"Aethopyga siparaja","Crimson Sunbird","Nectariniidae","Birds"
"Nisaetus nipalensis","Mountain Hawk Eagle","Accipitridae","Birds"
"Gallinula chloropus","Common Moorhen","Rallidae","Birds"
"Tringa nebularia","Greenshank","Scolopacidae","Birds"
"Hirundo rustica","Barn Swallow","Hirundinidae","Birds"
"Tadorna tadorna","Common Shelduck","Anatidae","Birds"
"Asio flammeus","Short-Eared Owl","Strigidae","Birds"
"Emberiza spodocephala","Black-Faced Bunting","Emberizidae","Birds"
"Nectarinia jugularis","Olive-Backed Sunbird","Nectariniidae","Birds"
"Aythya marila","Greater Scaup","Anatidae","Birds"
"Paradoxornis verreauxi","Golden Parrotbill","Timaliidae","Birds"
"Merops philippinus","Blue-Tailed Bee-Eater","Meropidae","Birds"
"Gallinago gallinago","Common Snipe","Scolopacidae","Birds"
"Upupa epops","Hoopoe","Upupidae","Birds"
"Lymnocryptes minimus","Jack Snipe","Scolopacidae","Birds"
"Aythya baeri","Baer's Pochard","Anatidae","Birds"
"Latoucheornis siemsseni","Slaty Bunting","Emberizidae","Birds"
"Garrulus glandarius","Eurasian Jay","Corvidae","Birds"
"Artamus fuscus","Ashy Woodswallow","Artamidae","Birds"
"Pteruthius flaviscapis","White-Browed Shrike-Babbler","Timaliidae","Birds"
"Chlidonias leucopterus","White-Winged Black Tern","Laridae","Birds"
"Emberiza tristrami","Tristram's Bunting","Emberizidae","Birds"
"Phoenicurus auroreus","Daurian Redstart","Muscicapidae","Birds"
"Picus flavinucha","Greater Yellow-Naped Woodpecker","Picidae","Birds"
"Mycteria leucocephala","Painted Stork","Ciconiidae","Birds"
"Aythya ferina","Common Pochard","Anatidae","Birds"
"Porzana pusilla","Baillon's Crake","Rallidae","Birds"
"Lophura nycthemera","Silver Pheasant","Phasianidae","Birds"
"Falco severus","Oriental Hobby","Falconidae","Birds"
"Aythya fuligula","Tufted Duck","Anatidae","Birds"
"Culicicapa ceylonensis","Grey-Headed Canary-Flycatcher","Muscicapidae","Birds"
"Cacomantis merulinus","Grey-Bellied Cuckoo","Cuculidae","Birds"
"Clamator coromandus","Chestnut-Winged Cuckoo","Cuculidae","Birds"
"Seicercus castaniceps","Chestnut-Crowned Warbler","Sylviidae","Birds"
"Sturnus sinensis","White-Shouldered Starling","Sturnidae","Birds"
"Strix aluco","Tawny Owl","Strigidae","Birds"
"Tragopan temminckii","Temminck's Tragopan","Phasianidae","Birds"
"Haliaeetus albicilla","White-Tailed Eagle","Accipitridae","Birds"
"Phylloscopus emeiensis","Emei Leaf Warbler","Sylviidae","Birds"
"Ninox scutulata","Brown Hawk-Owl","Strigidae","Birds"
"Turdus chrysolaus","Red-Billed Thrush","Turdidae","Birds"
"Anas falcata","Falcated Duck","Anatidae","Birds"
"Phylloscopus fuscatus","Dusky Warbler","Sylviidae","Birds"
"Babax lanceolatus","Chinese Babax","Timaliidae","Birds"
"Locustella certhiola","Pallas's Grasshopper Warbler","Sylviidae","Birds"
"Pericrocotus flammeus","Scarlet Minivet","Campephagidae","Birds"
"Milvus migrans","Black Kite","Accipitridae","Birds"
"Lanius tigrinus","Tiger Shrike","Laniidae","Birds"
"Ketupa flavipes","Tawny Fish-Owl","Strigidae","Birds"
"Calidris alba","Sanderling","Scolopacidae","Birds"
"Cettia acanthizoides","Yellowish Bellied Bush Warbler","Sylviidae","Birds"
"Anser albifrons","Greater White-Fronted Goose","Anatidae","Birds"
"Picus chlorolophus","Lesser Yellownape","Picidae","Birds"
"Sturnus malabaricus","Ashy-Headed Starling","Sturnidae","Birds"
"Cuculus saturatus","Oriental Cuckoo","Cuculidae","Birds"
"Passer rutilans","Cinnamon Sparrow","Passeridae","Birds"
"Aethopyga christinae","Fork-Tailed Sunbird","Nectariniidae","Birds"
"Caprimulgus macrurus","Large-Tailed Nightjar","Caprimulgidae","Birds"
"Ardea cinerea","Grey Heron","Ardeidae","Birds"
"Spelaeornis formosus","Spotted Wren-Babbler","Timaliidae","Birds"
"Buteo buteo","Buzzard","Accipitridae","Birds"
"Pericrocotus divaricatus","Ashy Minivet","Campephagidae","Birds"
"Chloropsis hardwickii","Orange-Bellied Leafbird","Chloropseidae","Birds"
"Alophoixus pallidus","Olivaceous Bearded Bulbul","Pycnonotidae","Birds"
"Hydrophasianus chirurgus","Pheasant-Tailed Jacana","Jacanidae","Birds"
"Dicrurus leucophaeus","Ashy Drongo","Dicruridae","Birds"
"Fregata minor","Great Frigatebird","Fregatidae","Birds"
"Megalaima faiostricta","Green-Eared Barbet","Ramphastidae","Birds"
"Cypsiurus balasiensis","Asian Palm Swift","Apodidae","Birds"
"Alcippe variegaticeps","Gold-Fronted Fulvetta","Timaliidae","Birds"
"Melanitta fusca","White-Winged Scoter","Anatidae","Birds"
"Pycnonotus sinensis","Chinese Bulbul","Pycnonotidae","Birds"
"Columba livia","Rock Dove","Columbidae","Birds"
"Locustella lanceolata","Lanceolated Warbler","Sylviidae","Birds"
"Strix leptogrammica","Brown Wood-Owl","Strigidae","Birds"
"Buteo lagopus","Rough-Legged Buzzard","Accipitridae","Birds"
"Butastur indicus","Grey-Faced Buzzard","Accipitridae","Birds"
"Hemixos castanonotus","Chestnut Bulbul","Pycnonotidae","Birds"
"Anas crecca","Common Teal","Anatidae","Birds"
"Iole propinqua","Grey-Eyed Bulbul","Pycnonotidae","Birds"
"Dicrurus annectans","Crow-Billed Drongo","Dicruridae","Birds"
"Orthotomus sutorius","Common Tailorbird","Sylviidae","Birds"
"Threskiornis melanocephalus","Oriental Ibis","Threskiornithidae","Birds"
"Eudynamys scolopaceus","Asian Koel","Cuculidae","Birds"
"Pycnonotus jocosus","Red-Whiskered Bulbul","Pycnonotidae","Birds"
"Paradoxornis davidianus","David's Parrotbill","Timaliidae","Birds"
"Bulweria bulwerii","Bulwer's Petrel","Procellariidae","Birds"
"Circus spilonotus","Eastern Marsh-Harrier","Accipitridae","Birds"
"Mesophoyx intermedia","Intermediate Egret","Ardeidae","Birds"
"Monticola solitarius","Blue Rock Thrush","Muscicapidae","Birds"
"Tringa totanus","Common Redshank","Scolopacidae","Birds"
"Apus pacificus","Fork-Tailed Swift","Apodidae","Birds"
"Turdus merula","Blackbird","Turdidae","Birds"
"Minla cyanouroptera","Blue-Winged Minla","Timaliidae","Birds"
"Anthus cervinus","Red-Throated Pipit","Motacillidae","Birds"
"Spilornis cheela","Crested Serpent-Eagle","Accipitridae","Birds"
"Merops viridis","Chestnut-Headed Bee-Eater(S.3294)","Meropidae","Birds"
"Anas strepera","Gadwall","Anatidae","Birds"
"Garrulax canorus","Melodious Laughingthrush","Timaliidae","Birds"
"Paradoxornis webbianus","Brown-Winged Parrotbill","Timaliidae","Birds"
"Turdus hortulorum","Grey-Backed Thrush","Turdidae","Birds"
"Aviceda leuphotes","Black Baza","Accipitridae","Birds"
"Falco peregrinus","Peregrine Falcon","Falconidae","Birds"
"Porzana fusca","Ruddy-Breasted Crake","Rallidae","Birds"
"Alcedo atthis","Common Kingfisher","Alcedinidae","Birds"
"Aethopyga saturata","Black-Throated Sunbird","Nectariniidae","Birds"
"Celeus brachyurus","Rufous Woodpecker","Picidae","Birds"
"Podiceps cristatus","Great Crested Grebe","Podicipedidae","Birds"
"Accipiter soloensis","Chinese Goshawk","Accipitridae","Birds"
"Emberiza chrysophrys","Yellow-Browed Bunting","Emberizidae","Birds"
"Gallirallus striatus","Blue-Breasted Banded Rail","Rallidae","Birds"
"Psittacula alexandri","Red-Breasted Parakeet","Psittacidae","Birds"
"Chrysomma sinense","Yellow-Eyed Babbler","Timaliidae","Birds"
"Pelecanus crispus","Dalmatian Pelican","Pelecanidae","Birds"
"Terpsiphone paradisi","Asian Paradise-Flycatcher","Monarchidae","Birds"
"Ictinaetus malayensis","Indian Black Eagle","Accipitridae","Birds"
"Alcippe cinereiceps","Grey-Hooded Fulvetta","Timaliidae","Birds"
"Calidris ruficollis","Red-Necked Stint","Scolopacidae","Birds"
"Ciconia nigra","Black Stork","Ciconiidae","Birds"
"Mergellus albellus","Smew","Anatidae","Birds"
"Gorsachius melanolophus","Malayan Night-Heron","Ardeidae","Birds"
"Sterna caspia","Caspian Tern","Laridae","Birds"
"Aquila clanga","Greater Spotted Eagle","Accipitridae","Birds"
"Streptopelia tranquebarica","Red-Collared Dove","Columbidae","Birds"
"Pica pica","Black-Billed Magpie","Corvidae","Birds"
"Gallicrex cinerea","Watercock","Rallidae","Birds"
"Charadrius dubius","Little Ringed Plover","Charadriidae","Birds"
"Zosterops palpebrosus","Oriental White-Eye","Zosteropidae","Birds"
"Garrulax perspicillatus","Spectacled Laughingthrush","Timaliidae","Birds"
"Lonchura striata","White-Rumped Munia","Estrildidae","Birds"
"Chalcophaps indica","Emerald Dove","Columbidae","Birds"
"Phalacrocorax niger","Javanese Cormorant","Phalacrocoracidae","Birds"
"Serilophus lunatus","Silver-Breasted Broadbill","Eurylaimidae","Birds"
"Grus grus","Common Crane","Gruidae","Birds"
"Locustella fasciolata","Gray's Grasshopper-Warbler","Sylviidae","Birds"
"Phylloscopus davisoni","White-Tailed Leaf-Warbler","Sylviidae","Birds"
"Yuhina nigrimenta","Black-Chinned Yuhina","Timaliidae","Birds"
"Vanellus vanellus","Lapwing","Charadriidae","Birds"
"Pyrrhula nipalensis","Brown Bullfinch","Fringillidae","Birds"
"Lanius sphenocercus","Chinese Grey Shrike","Laniidae","Birds"
"Falco amurensis","Amur Falcon","Falconidae","Birds"
"Hypothymis azurea","Black-Naped Monarch","Monarchidae","Birds"
"Dicaeum cruentatum","Scarlet-Backed Flowerpecker","Dicaeidae","Birds"
"Fregata ariel","Lesser Frigatebird","Fregatidae","Birds"
"Ciconia boyciana","Oriental White Stork","Ciconiidae","Birds"
"Dicrurus hottentottus","Hair-Crested Drongo","Dicruridae","Birds"
"Tringa glareola","Wood Sandpiper","Scolopacidae","Birds"
"Calonectris leucomelas","Streaked Shearwater","Procellariidae","Birds"
"Rhyacornis fuliginosa","Plumbeous Water Redstart","Muscicapidae","Birds"
"Emberiza aureola","Yellow-Breasted Bunting","Emberizidae","Birds"
"Remiz consobrinus","Chinese Penduline Tit","Remizidae","Birds"
"Erithacus akahige","Japanese Robin","Muscicapidae","Birds"
"Anas acuta","Northern Pintail","Anatidae","Birds"
"Tesia cyaniventer","Grey-Bellied Tesia","Sylviidae","Birds"
"Grus vipio","White-Naped Crane","Gruidae","Birds"
"Enicurus scouleri","Little Forktail","Muscicapidae","Birds"
"Phylloscopus proregulus","Pallas's Leaf Warbler","Sylviidae","Birds"
"Sturnus nigricollis","Black-Collared Starling","Sturnidae","Birds"
"Limosa limosa","Black-Tailed Godwit","Scolopacidae","Birds"
"Brachypteryx montana","Blue Shortwing","Turdidae","Birds"
"Accipiter gentilis","Goshawk","Accipitridae","Birds"
"Grus leucogeranus","Siberian Crane","Gruidae","Birds"
"Emberiza fucata","Chestnut-Eared Bunting","Emberizidae","Birds"
"Lonchura malacca","Black-Headed Munia","Estrildidae","Birds"
"Urosphena squameiceps","Scaly-Headed Stubtail","Sylviidae","Birds"
"Bradypterus tacsanowskius","Chinese Bush-Warbler","Sylviidae","Birds"
"Anas querquedula","Garganey","Anatidae","Birds"
"Scolopax rusticola","Woodcock","Scolopacidae","Birds"
"Calidris ferruginea","Curlew Sandpiper","Scolopacidae","Birds"
"Enicurus leschenaulti","White-Crowned Forktail","Muscicapidae","Birds"
"Anser cygnoides","Swan Goose","Anatidae","Birds"
"Centropus bengalensis","Lesser Coucal","Cuculidae","Birds"
"Pucrasia macrolopha","Koklass Pheasant","Phasianidae","Birds"
"Ixobrychus cinnamomeus","Cinnamon Bittern","Ardeidae","Birds"
"Aix galericulata","Mandarin Duck","Anatidae","Birds"
"Treron sieboldii","Japanese Green-Pigeon","Columbidae","Birds"
"Zosterops japonicus","Japanese White-Eye","Zosteropidae","Birds"
"Enicurus schistaceus","Slaty-Backed Forktail","Muscicapidae","Birds"
"Anas zonorhyncha","Eastern Spot-Billed Duck","Anatidae","Birds"
"Oriolus mellianus","Silver Oriole","Oriolidae","Birds"
"Motacilla flava","Yellow Wagtail","Motacillidae","Birds"
"Actitis hypoleucos","Common Sandpiper","Scolopacidae","Birds"
"Ducula aenea","Green Imperial-Pigeon","Columbidae","Birds"
"Tringa erythropus","Spotted Redshank","Scolopacidae","Birds"
"Gavia stellata","Red-Throated Diver","Gaviidae","Birds"
"Sterna sumatrana","Black-Naped Tern","Laridae","Birds"
"Cuculus poliocephalus","Lesser Cuckoo","Cuculidae","Birds"
"Dicrurus aeneus","Bronzed Drongo","Dicruridae","Birds"
"Nettapus coromandelianus","Cotton Pygmy-Goose","Anatidae","Birds"
"Coracina melaschistos","Black-Winged Cuckoo-Shrike","Campephagidae","Birds"
"Emberiza rutila","Chestnut Bunting","Emberizidae","Birds"
"Pycnonotus xanthorrhous","Anderson's Bulbul","Pycnonotidae","Birds"
"Emberiza rustica","Rustic Bunting","Emberizidae","Birds"
"Pandion haliaetus","Osprey","Accipitridae","Birds"
"Myophonus caeruleus","Himalayan Whistling-Thrush","Turdidae","Birds"
"Cuculus canorus","Common Cuckoo","Cuculidae","Birds"
"Falco columbarius","Merlin","Falconidae","Birds"
"Glareola maldivarum","Oriental Pratincole","Glareolidae","Birds"
"Pycnonotus melanicterus","Black-Crested Bulbul","Pycnonotidae","Birds"
"Caprimulgus indicus","Jungle Nightjar","Caprimulgidae","Birds"
"Lanius cristatus","Brown Shrike","Laniidae","Birds"
"Urosphena subulata","Timor Stubtail","Sylviidae","Birds"
"Casmerodius albus","Great Egret","Ardeidae","Birds"
"Pericrocotus cantonensis","Brown-Rumped Minivet","Campephagidae","Birds"
"Melanitta nigra","Common Scoter","Anatidae","Birds"
"Pluvialis fulva","Pacific Golden Plover","Charadriidae","Birds"
"Pericrocotus brevirostris","Short-Billed Minivet","Campephagidae","Birds"
"Saxicola torquatus","Common Stonechat","Muscicapidae","Birds"
"Numenius phaeopus","Whimbrel","Scolopacidae","Birds"
"Phylloscopus yunnanensis","Chinese Leaf Warbler","Sylviidae","Birds"
"Anas penelope","Eurasian Wigeon","Anatidae","Birds"
"Lanius schach","Long-Tailed Shrike","Laniidae","Birds"
"Aethopyga gouldiae","Gould's Sunbird","Nectariniidae","Birds"
"Lonchura punctulata","Nutmeg Munia","Estrildidae","Birds"
"Pitta nympha","Fairy Pitta","Pittidae","Birds"
"Eumyias thalassinus","Verditer Flycatcher","Muscicapidae","Birds"
"Alcippe morrisonia","Grey-Cheeked Fulvetta","Timaliidae","Birds"
"Egretta garzetta","Mascarene Reef-Egret","Ardeidae","Birds"
"Anthus hodgsoni","Olive-Backed Pipit","Motacillidae","Birds"
"Cuculus sparverioides","Large Hawk-Cuckoo","Cuculidae","Birds"
"Corvus dauuricus","Daurian Jackdaw","Corvidae","Birds"
"Dendrocopos canicapillus","Grey-Capped Woodpecker","Picidae","Birds"
"Luscinia calliope","Siberian Rubythroat","Muscicapidae","Birds"
"Bradypterus luteoventris","Brown Bush-Warbler","Sylviidae","Birds"
"Anthus rubescens","Buff-Bellied Pipit","Motacillidae","Birds"
"Egretta eulophotes","Swinhoe's Egret","Ardeidae","Birds"
"Anas poecilorhyncha","Spot-Billed Duck","Anatidae","Birds"
"Gallinago solitaria","Solitary Snipe","Scolopacidae","Birds"
"Picumnus innominatus","Speckled Piculet","Picidae","Birds"
"Platalea leucorodia","Eurasian Spoonbill","Threskiornithidae","Birds"
"Dendrocopos major","Great Spotted Woodpecker","Picidae","Birds"
"Falco tinnunculus","Common Kestrel","Falconidae","Birds"
"Eurystomus orientalis","Eastern Broad-Billed Roller","Coraciidae","Birds"
"Prinia inornata","Plain Prinia","Cisticolidae","Birds"
"Cuculus fugax","Fugitive Hawk-Cuckoo","Cuculidae","Birds"
"Cyornis hainanus","Grant's Niltava","Muscicapidae","Birds"
"Zoothera dauma","Scaly Thrush","Turdidae","Birds"
"Mergus serrator","Red-Breasted Merganser","Anatidae","Birds"
"Streptopelia orientalis","Oriental Turtle Dove","Columbidae","Birds"
"Troglodytes troglodytes","Winter Wren","Troglodytidae","Birds"
"Passer montanus","Eurasian Tree Sparrow","Passeridae","Birds"
"Emberiza pusilla","Little Bunting","Emberizidae","Birds"
"Graminicola bengalensis","Rufous-Rumped Grassbird","Sylviidae","Birds"
"Fulica atra","Common Coot","Rallidae","Birds"
"Hirundo daurica","Red-Rumped Swallow","Hirundinidae","Birds"
"Himantopus himantopus","Black-Winged Stilt","Recurvirostridae","Birds"
"Sasia ochracea","White-Browed Piculet","Picidae","Birds"
"Parus major","Great Tit","Paridae","Birds"
"Paradoxornis guttaticollis","Spot-Breasted Parrotbill","Timaliidae","Birds"
"Numenius arquata","Eurasian Curlew","Scolopacidae","Birds"
"Dicaeum concolor","Plain Flowerpecker","Dicaeidae","Birds"
"Cinclus pallasii","Brown Dipper","Cinclidae","Birds"
"Corvus macrorhynchos","Large-Billed Crow","Corvidae","Birds"
"Zoothera citrina","Orange-Headed Thrush","Turdidae","Birds"
"Caprimulgus affinis","Savanna Nightjar","Caprimulgidae","Birds"
"Megaceryle lugubris","Crested Kingfisher","Alcedinidae","Birds"
"Carpodacus erythrinus","Common Rosefinch","Fringillidae","Birds"
"Pteruthius aenobarbus","Chestnut-Fronted Shrike-Babbler","Timaliidae","Birds"
"Luscinia svecica","Bluethroat","Muscicapidae","Birds"
"Erpornis zantholeuca","White Bellied Yuhina","Timaliidae","Birds"
"Zosterops erythropleurus","Chestnut-Flanked White-Eye","Zosteropidae","Birds"
"Bubulcus ibis","Cattle Egret","Ardeidae","Birds"
"Otus bakkamoena","Collared Scops Owl","Strigidae","Birds"
"Chrysolophus pictus","Golden Pheasant","Phasianidae","Birds"
"Stigmatopelia chinensis","Spotted Dove","Columbidae","Birds"
"Tringa ochropus","Green Sandpiper","Scolopacidae","Birds"
"Pericrocotus solaris","Grey-Chinned Minivet","Campephagidae","Birds"
"Zoothera sibirica","Siberian Thrush","Turdidae","Birds"
"Ixobrychus flavicollis","Black Bittern","Ardeidae","Birds"
"Spizixos semitorques","Collared Finchbill","Pycnonotidae","Birds"
"Calidris alpina","Dunlin","Scolopacidae","Birds"
"Aquila heliaca","Imperial Eagle","Accipitridae","Birds"
"Syrmaticus ellioti","Elliot's Pheasant","Phasianidae","Birds"
"Coturnicops exquisitus","Swinhoe's Rail","Rallidae","Birds"
"Pomatorhinus ruficollis","Streak-Breasted Scimitar-Babbler","Timaliidae","Birds"
"Chlidonias hybrida","Whiskered Tern","Laridae","Birds"
"Macropygia unchall","Bar-Tailed Cuckoo-Dove","Columbidae","Birds"
"Gavia arctica","Black-Throated Diver","Gaviidae","Birds"
"Limosa lapponica","Bar-Tailed Godwit","Scolopacidae","Birds"
"Sterna bergii","Great Crested-Tern","Laridae","Birds"
"Turdus pallidus","Pale Thrush","Turdidae","Birds"
"Acrocephalus bistrigiceps","Black-Browed Reed-Warbler","Sylviidae","Birds"
"Tarsiger cyanurus","Red-Flanked Bluetail","Muscicapidae","Birds"
"Alcippe brunnea","Dusky Fulvetta","Timaliidae","Birds"
"Monticola gularis","White-Throated Rock-Thrush","Muscicapidae","Birds"
"Ixobrychus eurhythmus","Schrenck's Bittern","Ardeidae","Birds"
"Acrocephalus concinens","Blunt-Winged Warbler","Sylviidae","Birds"
"Ficedula strophiata","Orange-Gorgetted Flycatcher","Muscicapidae","Birds"
"Emberiza pallasi","Pallas's Bunting","Emberizidae","Birds"
"Halcyon smyrnensis","White-Throated Kingfisher","Alcedinidae","Birds"
"Emberiza schoeniclus","Reed Bunting","Emberizidae","Birds"
"Larus ridibundus","Common Black-Headed Gull","Laridae","Birds"
"Larus crassirostris","Black-Tailed Gull","Laridae","Birds"
"Luscinia sibilans","Rufous-Tailed Robin","Muscicapidae","Birds"
"Cuculus micropterus","Short-Winged Cuckoo","Cuculidae","Birds"
"Numenius madagascariensis","Far Eastern Curlew","Scolopacidae","Birds"
"Emberiza sulphurata","Yellow Bunting","Emberizidae","Birds"
"Turnix sylvaticus","Small Buttonquail","Turnicidae","Birds"
"Glaucidium brodiei","Collared Owlet","Strigidae","Birds"
"Locustella pleskei","Styan's Grasshopper Warbler","Sylviidae","Birds"
"Larus canus","Common Gull","Laridae","Birds"
"Niltava davidi","Fukien Niltava","Muscicapidae","Birds"
"Circus cyaneus","Hen Harrier","Accipitridae","Birds"
"Muscicapa dauurica","Asian Brown Flycatcher","Muscicapidae","Birds"
"Ficedula albicilla","Taiga Flycatcher","Muscicapidae","Birds"
"Himantopus leucocephalus","Pied Stilt","Recurvirostridae","Birds"
"Gracula religiosa","Southern Grackle","Sturnidae","Birds"
"Arenaria interpres","Ruddy Turnstone","Scolopacidae","Birds"
"Garrulax sannio","White-Browed Laughingthrush","Timaliidae","Birds"
"Turdus naumanni","Dusky Thrush","Turdidae","Birds"
"Alauda gulgula","Oriental Skylark","Alaudidae","Birds"
"Corvus corone","Carrion Crow","Corvidae","Birds"
"Charadrius alexandrinus","Kentish Plover","Charadriidae","Birds"
"Tadorna ferruginea","Ruddy Shelduck","Anatidae","Birds"
"Vanellus cinereus","Grey-Headed Lapwing","Charadriidae","Birds"
"Gallinago stenura","Pintail Snipe","Scolopacidae","Birds"
"Amaurornis akool","Brown Crake","Rallidae","Birds"
"Anser anser","Greylag Goose","Anatidae","Birds"
"Tachybaptus ruficollis","Little Grebe","Podicipedidae","Birds"
"Rhipidura albicollis","White-Throated Fantail","Rhipiduridae","Birds"
"Cisticola juncidis","Zitting Cisticola","Cisticolidae","Birds"
"Otus lettia","Collared Scops Owl","Strigidae","Birds"
"Phylloscopus ricketti","Sulphur-Breasted Warbler","Sylviidae","Birds"
"Garrulax monileger","Leser Necklaced Laughingthrush","Timaliidae","Birds"
"Acridotheres cristatellus","Chinese Jungle Myna","Sturnidae","Birds"
"Rostratula benghalensis","Painted-Snipe","Rostratulidae","Birds"
"Melophus lathami","Crested Bunting","Emberizidae","Birds"
"Garrulax maesi","Grey Laughingthrush","Timaliidae","Birds"
"Gorsachius magnificus","White-Eared Night-Heron","Ardeidae","Birds"
"Megalaima asiatica","Blue-Throated Barbet","Ramphastidae","Birds"
"Glaucidium cuculoides","Cuckoo Owlet","Strigidae","Birds"
"Centropus sinensis","Common Coucal","Cuculidae","Birds"
"Grus monacha","Hooded Crane","Gruidae","Birds"
"Coracina macei","Javan Cuckoo-Shrike","Campephagidae","Birds"
"Phylloscopus coronatus","Temminck's Crowned Warbler","Sylviidae","Birds"
"Phaenicophaeus tristis","Green-Billed Malkoha","Cuculidae","Birds"
"Sterna bernsteini","Chinese Crested-Tern","Laridae","Birds"
"Phylloscopus goodsoni","Hartert's Warbler","Sylviidae","Birds"
"Phylloscopus schwarzi","Radde's Warbler","Sylviidae","Birds"
"Garrulax formosus","Crimson-Winged Laughingthrush","Timaliidae","Birds"
"Anser erythropus","Lesser White-Fronted Goose","Anatidae","Birds"
"Tragopan caboti","Cabot's Tragopan","Phasianidae","Birds"
"Nycticorax nycticorax","Black-Crowned Night-Heron","Ardeidae","Birds"
"Lanius collurioides","Burmese Shrike","Laniidae","Birds"
"Jynx torquilla","Eurasian Wryneck","Picidae","Birds"
"Ficedula hyperythra","Snowy-Browed Flycatcher","Muscicapidae","Birds"
"Phylloscopus inornatus","Yellow-Browed Warbler","Sylviidae","Birds"
"Anas clypeata","Northern Shoveler","Anatidae","Birds"
"Arborophila gingica","Rickett's Hill-Partridge","Phasianidae","Birds"
"Saxicola ferreus","Grey Bushchat","Muscicapidae","Birds"
"Carduelis spinus","Eurasian Siskin","Fringillidae","Birds"
"Rhinomyias brunneatus","Brown-Chested Jungle-Flycatcher","Muscicapidae","Birds"
"Sterna dougallii","Roseate Tern","Laridae","Birds"
"Prinia atrogularis","Hill Prinia","Cisticolidae","Birds"
"Monticola rufiventris","Chestnut-Bellied Rock-Thrush","Muscicapidae","Birds"
"Tyto longimembris","Eastern Grass Owl","Tytonidae","Birds"
"Emberiza yessoensis","Japanese Reed Bunting","Emberizidae","Birds"
"Ketupa zeylonensis","Brown Fish-Owl","Strigidae","Birds"
"Regulus regulus","Goldcrest","Reguliidae","Birds"
"Cygnus columbianus","Tundra Swan","Anatidae","Birds"
"Delichon dasypus","Asian House Martin","Hirundinidae","Birds"
"Phylloscopus subaffinis","Buff-Throated Warbler","Sylviidae","Birds"
"Acrocephalus aedon","Thick-Billed Warbler","Sylviidae","Birds"
"Turnix tanki","Yellow-Legged Buttonquail","Turnicidae","Birds"
"Sterna nilotica","Gull-Billed Tern","Laridae","Birds"
"Eophona personata","Japanese Grosbeak","Fringillidae","Birds"
"Parus venustulus","Yellow-Bellied Tit","Paridae","Birds"
"Seicercus soror","Alstrom's Warbler","Sylviidae","Birds"
"Coccothraustes coccothraustes","Hawfinch","Fringillidae","Birds"
"Ardeola bacchus","Chinese Pond-Heron","Ardeidae","Birds"
"Buteo hemilasius","Upland Buzzard","Accipitridae","Birds"
"Acrocephalus arundinaceus","Great Reed Warbler","Sylviidae","Birds"
"Accipiter nisus","Eurasian Sparrowhawk","Accipitridae","Birds"
"Phylloscopus reguloides","Blyth's Leaf-Warbler","Sylviidae","Birds"
"Urocissa erythrorhyncha","Red-Billed Blue Magpie","Corvidae","Birds"
"Muscicapa muttui","Brown-Breasted Flycatcher","Muscicapidae","Birds"
"Carduelis sinica","Oriental Greenfinch","Fringillidae","Birds"
"Bucephala clangula","Common Goldeneye","Anatidae","Birds"
"Hypsipetes leucocephalus","Asian Black Bulbul","Pycnonotidae","Birds"
"Sturnus cineraceus","Grey Starling","Sturnidae","Birds"
"Anas formosa","Baikal Teal","Anatidae","Birds"
"Otus spilocephalus","Mountain Scops-Owl","Strigidae","Birds"
"Gallus gallus","Red Junglefowl","Phasianidae","Birds"
"Puffinus pacificus","Wedge-Tailed Shearwater","Procellariidae","Birds"
"Lanius bucephalus","Bull-Headed Shrike","Laniidae","Birds"
"Picus canus","Grey-Faced Woodpecker","Picidae","Birds"
"Dicrurus macrocercus","Black Drongo","Dicruridae","Birds"
"Enicurus maculatus","Spotted Forktail","Muscicapidae","Birds"
"Locustella ochotensis","Middendorff's Warbler","Sylviidae","Birds"
"Tephrodornis gularis","Brown-Tailed Woodshrike","Campephagidae","Birds"
"Mirafra javanica","Australasian Bushlark","Alaudidae","Birds"
"Harpactes erythrocephalus","Red-Headed Trogon","Trogonidae","Birds"
"Falco subbuteo","Eurasian Hobby","Falconidae","Birds"
"Egretta sacra","Pacific Reef-Egret","Ardeidae","Birds"
"Phylloscopus ogilviegranti","Kloss's Leaf Warbler","Sylviidae","Birds"
"Larus brunnicephalus","Brown-Headed Gull","Laridae","Birds"
"Timalia pileata","Chestnut-Capped Babbler","Timaliidae","Birds"
"Brachypteryx leucophrys","Lesser Shortwing","Turdidae","Birds"
"Apus nipalensis","House Swift","Apodidae","Birds"
"Muscicapa sibirica","Siberian Flycatcher","Muscicapidae","Birds"
"Charadrius placidus","Long-Billed Plover","Charadriidae","Birds"
"Botaurus stellaris","Bittern","Ardeidae","Birds"
"Stachyris ruficeps","Rufous-Capped Babbler","Timaliidae","Birds"
"Gecinulus grantia","Pale Headed Woodpecker","Picidae","Birds"
"Phalacrocorax fuscicollis","Indian Cormorant","Phalacrocoracidae","Birds"
"Paradoxornis gularis","Grey-Headed Parrotbill","Timaliidae","Birds"
"Garrulax chinensis","Black-Throated Laughingthrush","Timaliidae","Birds"
"Motacilla cinerea","Grey Wagtail","Motacillidae","Birds"
"Pomatorhinus swinhoei","Grey-Sided Scimitar-Babbler","Timaliidae","Birds"
"Phasianus colchicus","Common Pheasant","Phasianidae","Birds"
"Sitta frontalis","Sulphur-Billed Nuthatch","Sittidae","Birds"
"Turdus cardis","Japanese Thrush","Turdidae","Birds"
"Blythipicus pyrrhotis","Bay Woodpecker","Picidae","Birds"
"Leiothrix lutea","Pekin Robin","Timaliidae","Birds"
"Motacilla citreola","Citrine Wagtail","Motacillidae","Birds"
"Larus saundersi","Saunder's Gull","Laridae","Birds"
"Mergus merganser","Goosander","Anatidae","Birds"
"Calidris subminuta","Long-Toed Stint","Scolopacidae","Birds"
"Accipiter gularis","Japanese Sparrowhawk","Accipitridae","Birds"
"Fringilla montifringilla","Brambling","Fringillidae","Birds"
"Cettia diphone","Japanese Bush-Warbler","Sylviidae","Birds"
"Corvus torquatus","Collared Crow","Corvidae","Birds"
"Turdus obscurus","Eyebrowed Thrush","Turdidae","Birds"
"Copsychus saularis","Oriental Magpie-Robin","Muscicapidae","Birds"
"Gorsachius goisagi","Japanese Night-Heron","Ardeidae","Birds"
"Phylloscopus borealoides","Sakhalin Leaf-Warbler","Sylviidae","Birds"
"Charadrius veredus","Eastern Sand Plover","Charadriidae","Birds"
"Dicaeum ignipectus","Green-Backed Flowerpecker","Dicaeidae","Birds"
"Elanus caeruleus","Black-Winged Kite","Accipitridae","Birds"
"Garrulax pectoralis","Greater Necklaced Laughingthrush","Timaliidae","Birds"
"Oriolus chinensis","Black-Naped Oriole","Oriolidae","Birds"
"Ceryle rudis","Pied Kingfisher","Alcedinidae","Birds"
"Recurvirostra avosetta","Pied Avocet","Recurvirostridae","Birds"
"Cissa hypoleuca","Yellow Breasted Magpie","Corvidae","Birds"
"Platalea minor","Black-Faced Spoonbill","Threskiornithidae","Birds"
"Accipiter virgatus","Besra","Accipitridae","Birds"
"Garrulax cineraceus","Ashy Laughingthrush","Timaliidae","Birds"
"Parus spilonotus","Chinese Yellow Tit","Paridae","Birds"
"Anthus richardi","Richard's Pipit","Motacillidae","Birds"
"Streptopelia decaocto","Collared Dove","Columbidae","Birds"
"Larus argentatus","Herring Gull","Laridae","Birds"
"Megalaima virens","Great Barbet","Ramphastidae","Birds"
"Minla ignotincta","Red-Tailed Minla","Timaliidae","Birds"
"Dendrocopos hyperythrus","Rufous-Bellied Woodpecker","Picidae","Birds"
"Niltava macgrigoriae","Small Niltava","Muscicapidae","Birds"
"Ixobrychus sinensis","Yellow Bittern","Ardeidae","Birds"
"Haliastur indus","Brahminy Kite","Accipitridae","Birds"
"Acridotheres tristis","Common Myna","Sturnidae","Birds"
"Lonchura atricapilla","Chestnut Munia","Estrildidae","Birds"
"Bradypterus mandelli","Russet Bush Warbler","Sylviidae","Birds"
"Otus sunia","Oriental Scops Owl","Strigidae","Birds"
"Sturnus sericeus","Silky Starling","Sturnidae","Birds"
"Phalacrocorax carbo","Cormorant","Phalacrocoracidae","Birds"
"Emberiza elegans","Yellow-Headed Bunting","Emberizidae","Birds"
"Anser fabalis","Bean Goose","Anatidae","Birds"
"Tringa guttifer","Spotted Greenshank","Scolopacidae","Birds"
"Sturnus sturninus","Daurian Starling","Sturnidae","Birds"
"Accipiter badius","Shikra","Accipitridae","Birds"
"Turnix suscitator","Barred Buttonquail","Turnicidae","Birds"
"Aquila fasciatus","Bonelli's Eagle","Accipitridae","Birds"
"Dendrocygna javanica","Lesser Whistling-Duck","Anatidae","Birds"
"Balaenoptera edeni","Bryde's Whale","Balaenopteridae","Mammals"
"Leopoldamys edwardsi","Edward’S Rat","Muridae","Mammals"
"Rhinolophus pearsonii","Pearson's Horseshoe Bat","Rhinolophidae","Mammals"
"Harpiocephalus harpia","Lesser Hairy-Winged Bat","Vespertilionidae","Mammals"
"Delphinus capensis","Long Beaked Common Dolphin","Delphinidae","Mammals"
"Balaenoptera musculus","Blue Whale","Balaenopteridae","Mammals"
"Pipistrellus ceylonicus","Kelaart's Pipistrelle","Vespertilionidae","Mammals"
"Petaurista alborufus","Red And White Giant Flying Squirrel","Sciuridae","Mammals"
"Grampus griseus","Risso's Dolphin","Delphinidae","Mammals"
"Aonyx cinereus","null","Mustelidae","Mammals"
"Neophocaena phocaenoides","Finless Porpoise","Phocoenidae","Mammals"
"Melogale moschata","Chinese Ferret Badger","Mustelidae","Mammals"
"Physeter macrocephalus","Sperm Whale","Physeteridae","Mammals"
"Eptesicus serotinus","Serotine","Vespertilionidae","Mammals"
"Macaca thibetana","Tibetan Macaque","Cercopithecidae","Mammals"
"Myotis chinensis","Large Myotis","Vespertilionidae","Mammals"
"Elaphodus cephalophus","Tufted Deer","Cervidae","Mammals"
"Arctonyx albogularis","null","Mustelidae","Mammals"
"Berylmys bowersi","Bower's White-Toothed Rat","Muridae","Mammals"
"Myotis fimbriatus","Fringed Long-Footed Myotis","Vespertilionidae","Mammals"
"Eschrichtius robustus","Gray Whale","Eschrichtiidae","Mammals"
"Mesoplodon ginkgodens","Ginkgo Toothed Whale","Ziphiidae","Mammals"
"Macaca mulatta","Rhesus Monkey","Cercopithecidae","Mammals"
"Cynopterus brachyotis","Lesser Short Nosed Fruit Bat","Pteropodidae","Mammals"
"Moschus berezovskii","Chinese Forest Musk Deer","Moschidae","Mammals"
"Kerivoula hardwickii","Hardwicke's Woolly Bat","Vespertilionidae","Mammals"
"Myotis frater","Fraternal Myotis","Vespertilionidae","Mammals"
"Vulpes vulpes","Red Fox","Canidae","Mammals"
"Stenella coeruleoalba","Striped Dolphin","Delphinidae","Mammals"
"Muntiacus vaginalis","Northern Red Muntjac","Cervidae","Mammals"
"Rhizomys sinensis","Chinese Bamboo Rat","Spalacidae","Mammals"
"Typhlomys cinereus","Chinese Pygmy Dormouse","Platacanthomyidae","Mammals"
"Ziphius cavirostris","Cuvier's Beaked Whale","Ziphiidae","Mammals"
"Mus musculus","House Mouse","Muridae","Mammals"
"Dugong dugon","Sea Cow","Dugongidae","Mammals"
"Rhinolophus rex","King Horseshoe Bat","Rhinolophidae","Mammals"
"Muntiacus reevesi","Chinese Muntjac","Cervidae","Mammals"
"Rattus losea","Losea Rat","Muridae","Mammals"
"Mesoplodon densirostris","Blainville's Beaked Whale","Ziphiidae","Mammals"
"Capricornis milneedwardsii","Chinese Serow","Bovidae","Mammals"
"Rhinolophus macrotis","Big Eared Horseshoe Bat","Rhinolophidae","Mammals"
"Sus scrofa","Wild Boar","Suidae","Mammals"
"Dremomys pernyi","Servaline Genet","Sciuridae","Mammals"
"Lagenodelphis hosei","Fraser's Dolphin","Delphinidae","Mammals"
"Herpestes auropunctatus","Small Indian Mongoose","Herpestidae","Mammals"
"Neophocaena asiaeorientalis","null","Phocoenidae","Mammals"
"Viverricula indica","Small Indian Civet","Viverridae","Mammals"
"Neofelis nebulosa","Clouded Leopard","Felidae","Mammals"
"Lepus sinensis","Chinese Hare","Leporidae","Mammals"
"Rattus andamanensis","Indochinese Forest Rat","Muridae","Mammals"
"Tadarida insignis","East Asian Free-Tailed Bat","Molossidae","Mammals"
"Prionailurus bengalensis","Leopard Cat","Felidae","Mammals"
"Manis pentadactyla","Chinese Pangolin","Manidae","Mammals"
"Rhinolophus shortridgei","Shortridge's Horseshoe Bat","Rhinolophidae","Mammals"
"Sousa chinensis","Chinese White Dolphin","Delphinidae","Mammals"
"Orcinus orca","Killer Whale","Delphinidae","Mammals"
"Tamiops maritimus","Maritime Striped Squirrel","Sciuridae","Mammals"
"Chaerephon plicatus","Wrinkle-Lipped Bat","Molossidae","Mammals"
"Martes flavigula","Yellow Throated Marten","Mustelidae","Mammals"
"Niviventer confucianus","Confucian Niviventer","Muridae","Mammals"
"Rhinolophus luctus","Great Woolly Horsehoe Bat","Rhinolophidae","Mammals"
"Mustela kathiah","Yellow-Bellied Weasel","Mustelidae","Mammals"
"Pipistrellus pulveratus","Chinese Pipistrelle","Vespertilionidae","Mammals"
"Hipposideros pratti","Pratt's Roundleaf Bat","Hipposideridae","Mammals"
"Indopacetus pacificus","Tropical Bottlenose Whale","Ziphiidae","Mammals"
"Scotophilus heathii","Greater Asiatic Yellow House Bat","Vespertilionidae","Mammals"
"Rattus rattus","Black Rat","Muridae","Mammals"
"Herpestes urva","Crab Eating Mongoose","Herpestidae","Mammals"
"Steno bredanensis","Rough Toothed Dolphin","Delphinidae","Mammals"
"Micromys minutus","Harvest Mouse","Muridae","Mammals"
"Balaenoptera physalus","Fin Whale","Balaenopteridae","Mammals"
"Hipposideros pomona","Pomona Roundleaf Bat","Hipposideridae","Mammals"
"Petaurista philippensis","Indian Giant Flying Squirrel","Sciuridae","Mammals"
"Chimarrogale himalayica","Himalayan Water Shrew","Soricidae","Mammals"
"Hipposideros armiger","Great Roundleaf Bat","Hipposideridae","Mammals"
"Pseudorca crassidens","False Killer Whale","Delphinidae","Mammals"
"Cynopterus sphinx","Greater Shortnosed Fruit Bat","Pteropodidae","Mammals"
"Chiropodomys gliroides","Pencil-Tailed Tree Mouse","Muridae","Mammals"
"Apodemus draco","South China Field Mouse","Muridae","Mammals"
"Globicephala macrorhynchus","Short Finned Pilot Whale","Delphinidae","Mammals"
"Callosciurus erythraeus","Pallas's Squirrel","Sciuridae","Mammals"
"Pipistrellus pipistrellus","Common Pipistrelle","Vespertilionidae","Mammals"
"Eonycteris spelaea","Dawn Bat","Pteropodidae","Mammals"
"Megaderma lyra","Greater False Vampire Bat","Megadermatidae","Mammals"
"Apodemus agrarius","Striped Field Mouse","Muridae","Mammals"
"Herpestes javanicus","Small Asian Mongoose","Herpestidae","Mammals"
"Viverra zibetha","Large Indian Civet","Viverridae","Mammals"
"Macaca assamensis","Assam Macaque","Cercopithecidae","Mammals"
"Balaenoptera borealis","Sei Whale","Balaenopteridae","Mammals"
"Erinaceus amurensis","Amur Hedgehog","Erinaceidae","Mammals"
"Myotis horsfieldii","Horsfield's Bat","Vespertilionidae","Mammals"
"Macaca arctoides","Bear Macaque","Cercopithecidae","Mammals"
"Niviventer fulvescens","Indomalayan Niviventer","Muridae","Mammals"
"Kogia breviceps","Pygmy Sperm Whale","Physeteridae","Mammals"
"Paradoxurus hermaphroditus","Asian Palm Civet","Viverridae","Mammals"
"Rhinolophus pusillus","Least Horseshoe Bat","Rhinolophidae","Mammals"
"Kogia sima","Dwarf Sperm Whale","Physeteridae","Mammals"
"Panthera pardus","Leopard","Felidae","Mammals"
"Euroscaptor longirostris","Long Nosed Mole","Talpidae","Mammals"
"Taphozous melanopogon","Black-Bearded Tomb Bat","Emballonuridae","Mammals"
"Hystrix brachyura","Malayan Porcupine","Hystricidae","Mammals"
"Rattus tanezumi","Oriental House Rat","Muridae","Mammals"
"Dremomys pyrrhomerus","Red-Hipped Squirrel","Sciuridae","Mammals"
"Rusa unicolor","Sambar Deer","Cervidae","Mammals"
"Miniopterus pusillus","Small Bent Winged Bat","Vespertilionidae","Mammals"
"Meles leucurus","Asian Badger","Mustelidae","Mammals"
"Pipistrellus abramus","Japanese Pipistrelle","Vespertilionidae","Mammals"
"Eothenomys melanogaster","Pére David's Vole","Cricetidae","Mammals"
"Rattus nitidus","Himalayan Field Rat","Muridae","Mammals"
"Microtus fortis","Reed Vole","Cricetidae","Mammals"
"Peponocephala electra","Melon-Headed Whale","Delphinidae","Mammals"
"Miniopterus magnater","Western Bent Winged Bat","Vespertilionidae","Mammals"
"Crocidura attenuata","Asian Gray Shrew","Soricidae","Mammals"
"Murina leucogaster","Greater Tube-Nosed Bat","Vespertilionidae","Mammals"
"Stenella attenuata","Pantropical Spotted Dolphin","Delphinidae","Mammals"
"Scotomanes ornatus","Harlequin Bat","Vespertilionidae","Mammals"
"Rousettus leschenaultii","Leschenault's Rousette","Pteropodidae","Mammals"
"Scotophilus kuhlii","Lesser Asiatic Yellow Bat","Vespertilionidae","Mammals"
"Prionodon pardicolor","Spotted Linsang","Viverridae","Mammals"
"Myotis pilosus","Rickett's Big-Footed Myotis","Vespertilionidae","Mammals"
"Bandicota indica","Greater Bandicoot Rat","Muridae","Mammals"
"Nyctereutes procyonoides","Racoon Dog","Canidae","Mammals"
"Arctictis binturong","Bearcat","Viverridae","Mammals"
"Feresa attenuata","Pygmy Killer Whale","Delphinidae","Mammals"
"Mus caroli","Ryukyu Mouse","Muridae","Mammals"
"Cervus nippon","Sika Deer","Cervidae","Mammals"
"Rhinolophus sinicus","Chinese Horseshoe Bat","Rhinolophidae","Mammals"
"Paguma larvata","Masked Palm Civet","Viverridae","Mammals"
"Catopuma temminckii","Temminck's Golden Cat","Felidae","Mammals"
"Myotis laniger","Chinese Water Myotis","Vespertilionidae","Mammals"
"Nyctalus plancyi","Chinese Noctule","Vespertilionidae","Mammals"
"Tursiops truncatus","Bottlenose Dolphin","Delphinidae","Mammals"
"Rhizomys pruinosus","Hoary Bamboo Rat","Spalacidae","Mammals"
"Stenella longirostris","Spinner Dolphin","Delphinidae","Mammals"
"Petaurista elegans","Spotted Giant Flying Squirrel","Sciuridae","Mammals"
"Megaptera novaeangliae","Humpback Whale","Balaenopteridae","Mammals"
"Tursiops aduncus","Indian Ocean Bottlenose Dolphin","Delphinidae","Mammals"
"Balaenoptera acutorostrata","Common Minke Whale","Balaenopteridae","Mammals"
"Lutra lutra","European Otter","Mustelidae","Mammals"
"Coelops frithii","Tail-Less Leaf-Nosed Bat","Hipposideridae","Mammals"
"Belomys pearsonii","Hairy Footed Flying Squirrel","Sciuridae","Mammals"
"Ursus thibetanus","Asian Black Bear","Ursidae","Mammals"
"Kerivoula picta","Painted Bat","Vespertilionidae","Mammals"
"Tupaia belangeri","Northern Treeshrew","Tupaiidae","Mammals"
"Suncus murinus","House Shrew","Soricidae","Mammals"
"Rhinolophus affinis","Intermediate Horseshoe Bat","Rhinolophidae","Mammals"
"Naemorhedus griseus","Chinese Goral","Bovidae","Mammals"
"Melogale personata","Burmese Ferret Badger","Mustelidae","Mammals"
"Dremomys rufigenis","Asian Red-Cheeked Squirrel","Sciuridae","Mammals"
"Mustela sibirica","Siberian Weasel","Mustelidae","Mammals"
"Myotis altarium","Szechwan Myotis","Vespertilionidae","Mammals"
"Mogera insularis","Insular Mole","Talpidae","Mammals"
"Tylonycteris pachypus","Lesser Bamboo Bat","Vespertilionidae","Mammals"
"Sibynophis chinensis","Chinese Many-Tooth Snake","Colubridae","Reptiles"
"Amphiesma atemporale","Tonkin Keelback","Colubridae","Reptiles"
"Cyclophiops multicinctus","Many-Banded Green Snake","Colubridae","Reptiles"
"Enhydris chinensis","Chinese Water Snake","Homalopsidae","Reptiles"
"Takydromus sexlineatus","Asian Grass Lizard","Lacertidae","Reptiles"
"Pseudoxenodon karlschmidti","Chinese Bamboo Snake","Colubridae","Reptiles"
"Lepidochelys olivacea","Pacific Ridley","Cheloniidae","Reptiles"
"Sinonatrix aequifasciata","Asiatic Water Snake","Colubridae","Reptiles"
"Bungarus multicinctus","Many-Banded Krait","Elapidae","Reptiles"
"Opisthotropis kuatunensis","Chinese Mountain Keelback","Colubridae","Reptiles"
"Enhydris bennettii","Bennett's Water Snake","Homalopsidae","Reptiles"
"Amphiesma boulengeri","Tai-Yong Keelback","Colubridae","Reptiles"
"Protobothrops jerdonii","Jerdon’S Pitviper","Viperidae","Reptiles"
"Cryptelytrops albolabris","Trimeresurus Albolabris","Viperidae","Reptiles"
"Amphiesmoides ornaticeps","Werner's Ornate Snake","Colubridae","Reptiles"
"Emydocephalus ijimae","Turtlehead Sea Snake","Elapidae","Reptiles"
"Macropisthodon rudis","False Habu","Colubridae","Reptiles"
"Pareas boulengeri","Boulenger's Slug Snake","Pareidae","Reptiles"
"Enhydris plumbea","Rice Paddy Snake","Homalopsidae","Reptiles"
"Gekko hokouensis","Kwangsi Gecko","Gekkonidae","Reptiles"
"Oligodon chinensis","Chinese Kukri Snake","Colubridae","Reptiles"
"Gekko chinensis","Gray's Chinese Gecko","Gekkonidae","Reptiles"
"Opisthotropis maculosa","Yellow-Spotted Mountain Stream Snake","Colubridae","Reptiles"
"Hydrophis gracilis","Graceful Small-Headed Seasnake","Elapidae","Reptiles"
"Achalinus spinalis","Peters' Odd-Scaled Snake","Xenodermidae","Reptiles"
"Achalinus rufescens","Boulenger's Odd-Scaled Snake","Xenodermidae","Reptiles"
"Acalyptophis peronii","Horned Sea Snake","Elapidae","Reptiles"
"Lycodon subcinctus","Malayan Banded Wolf Snake","Colubridae","Reptiles"
"Astrotia stokesii","Stoke's Seasnake","Elapidae","Reptiles"
"Python bivittatus","Burmese Python","Pythonidae","Reptiles"
"Opisthotropis cheni","null","Colubridae","Reptiles"
"Dermochelys coriacea","Leatherback Sea Turtle","Dermochelyidae","Reptiles"
"Acrochordus granulatus","Little Filesnake","Acrochordidae","Reptiles"
"Calamaria pavimentata","Collared Reed Snake","Colubridae","Reptiles"
"Amphiesma sauteri","Kosempo Keelback","Colubridae","Reptiles"
"Hemidactylus frenatus","Bridled House Gecko","Gekkonidae","Reptiles"
"Cyclophiops major","Chinese Green Snake","Colubridae","Reptiles"
"Eretmochelys imbricata","Hawksbill","Cheloniidae","Reptiles"
"Hydrophis melanocephalus","Slender-Necked Seasnake","Elapidae","Reptiles"
"Rhabdophis subminiatus","Red-Necked Keelback","Colubridae","Reptiles"
"Laticauda laticaudata","Blue-Lipped Sea Krait","Elapidae","Reptiles"
"Pareas stanleyi","Stanley's Slug Snake","Pareidae","Reptiles"
"Pelamis platura","Yellowbelly Sea Snake","Elapidae","Reptiles"
"Pseudocalotes brevipes","Vietnam False Bloodsucker","Agamidae","Reptiles"
"Caretta caretta","Loggerhead","Cheloniidae","Reptiles"
"Varanus salvator","Common Water Monitor","Varanidae","Reptiles"
"Calamaria septentrionalis","Hong Kong Dwarf Snake","Colubridae","Reptiles"
"Lycodon futsingensis","null","Colubridae","Reptiles"
"Lycodon ruhstrati","Formosa Wolf Snake","Colubridae","Reptiles"
"Thalassophina viperina","Viperine Sea Snake","Elapidae","Reptiles"
"Lapemis curtus","Shaw's Sea Snake","Elapidae","Reptiles"
"Kerilia jerdoni","Jerdon's Sea Snake","Elapidae","Reptiles"
"Pseudoxenodon macrops","Big-Eyed Bamboo Snake","Colubridae","Reptiles"
"Opisthotropis lateralis","Tonkin Mountain Keelback","Colubridae","Reptiles"
"Japalura fasciata","Banded Japalure","Agamidae","Reptiles"
"Lycodon flavozonatus","Big-Tooth Snake","Colubridae","Reptiles"
"Opisthotropis latouchii","Sichuan Mountain Keelback","Colubridae","Reptiles"
"Sinomicrurus kelloggi","Kellogg's Coral Snake","Elapidae","Reptiles"
"Amphiesma popei","Pope's Keelback","Colubridae","Reptiles"
"Hydrophis ornatus","Ornate Reef Seasnake","Elapidae","Reptiles"
"Oocatochus rufodorsatus","Frog-Eating Rat Snake","Colubridae","Reptiles"
"Orthriophis moellendorfi","null","Colubridae","Reptiles"
"Pseudoxenodon bambusicola","Bamboo Snake","Colubridae","Reptiles"
"Takydromus kuehnei","Kuhne’S Grass Lizard","Lacertidae","Reptiles"
"Boiga kraepelini","Kelung Cat Snake","Colubridae","Reptiles"
"Plagiopholis styani","Chinese Mountain Snake","Colubridae","Reptiles"
"Naja atra","Chinese Cobra","Elapidae","Reptiles"
"Opisthotropis maxwelli","Maxwell's Mountain Keelback","Colubridae","Reptiles"
"Opisthotropis andersonii","Anderson's Mountain Keelback","Colubridae","Reptiles"
"Hydrophis cyanocinctus","Annulated Sea Snake","Elapidae","Reptiles"
"Xenopeltis hainanensis","null","Xenopeltidae","Reptiles"
"Protobothrops mucrosquamatus","Brown Spotted Pitviper","Viperidae","Reptiles"
"Lycodon capucinus","Common Wolf Snake","Colubridae","Reptiles"
"Cylindrophis ruffus","Red Cylinder Snake","Cylindrophiidae","Reptiles"
"Oligodon ornatus","Ornate Kukri Snake","Colubridae","Reptiles"
"Hydrophis torquatus","West Coast Black-Headed Sea Snake","Elapidae","Reptiles"
"Oligodon formosanus","Formosa Kukri Snake","Colubridae","Reptiles"
"Opisthotropis guangxiensis","Guangxi Mountain Keelback","Colubridae","Reptiles"
"Ophiophagus hannah","King Cobra","Elapidae","Reptiles"
"Ahaetulla prasina","Asian Vine Snake","Colubridae","Reptiles"
"Draco maculatus","Spotted Flying Dragon","Agamidae","Reptiles"
"Varanus bengalensis","Bengal Monitor","Varanidae","Reptiles"
"Oligodon lungshenensis","null","Colubridae","Reptiles"
"Ovophis monticola","Chinese Mountain Pit Viper","Viperidae","Reptiles"
"Dibamus bourreti","Bourret's Blind Skink","Dibamidae","Reptiles"
"Rhabdophis nuchalis","Hubei Keelback","Colubridae","Reptiles"
"Xenochrophis flavipunctatus","Yellow-Spotted Keelback","Colubridae","Reptiles"
"Euprepiophis mandarinus","Mandarin Ratsnakes","Colubridae","Reptiles"
"Hydrophis caerulescens","Dwarf Seasnake","Elapidae","Reptiles"
"Laticauda semifasciata","Chinese Sea Snake","Elapidae","Reptiles"
"Acanthosaura lepidogaster","Brown Pricklenape","Agamidae","Reptiles"
"Pareas margaritophorus","Mountain Slug Snake","Pareidae","Reptiles"
"Amphiesma craspedogaster","Kuatun Keelback","Colubridae","Reptiles"
"Oligodon cinereus","Günther's Kukri Snake","Colubridae","Reptiles"
"Oligodon eberhardti","Eberhardt's Kukri Snake","Colubridae","Reptiles"
"Xenopeltis unicolor","Sunbeam Snake","Xenopeltidae","Reptiles"
"Sinonatrix percarinata","Olive Keelback","Colubridae","Reptiles"
"Palea steindachneri","Wattle-Necked Soft-Shelled Turtle","Trionychidae","Turtles (non-marine)"
"Mauremys sinensis","Chinese Striped-Necked Turtle","Geoemydidae","Turtles (non-marine)"
"Sacalia bealei","Beal's Four-Eyed Turtle","Geoemydidae","Turtles (non-marine)"
"Cuora flavomarginata","Snake-Eating Turtle","Geoemydidae","Turtles (non-marine)"
"Mauremys reevesii","Big-Headed Reeves' Turtle","Geoemydidae","Turtles (non-marine)"
"Pelochelys cantorii","Asian Giant Soft-Shelled Turtle","Trionychidae","Turtles (non-marine)"
"Sacalia quadriocellata","Four-Eyed Turtle","Geoemydidae","Turtles (non-marine)"
"Cuora trifasciata","Three-Banded Box Turtle","Geoemydidae","Turtles (non-marine)"
"Platysternon megacephalum","Big-Headed Turtle","Platysternidae","Turtles (non-marine)"
"Mauremys mutica","Yellowpond Turtle","Geoemydidae","Turtles (non-marine)"
"Pelodiscus sinensis","Chinese Soft-Shelled Turtle","Trionychidae","Turtles (non-marine)"
"Geoemyda spengleri","Black-Breasted Leaf Turtle","Geoemydidae","Turtles (non-marine)"
"Bufo cryptotympanicus","Earless Toad","Bufonidae","Amphibians"
"Odorrana margaretae","Margareta's Frog","Ranidae","Amphibians"
"Pseudorana sangzhiensis","Sangzhi Frog","Ranidae","Amphibians"
"Ichthyophis bannanicus","Mengla County Caecilian","Ichthyophiidae","Amphibians"
"Hylarana macrodactyla","Guangdong Frog","Ranidae","Amphibians"
"Odorrana schmackeri","Schmacker's Frog","Ranidae","Amphibians"
"Amolops ricketti","Chinese Sucker Frog","Ranidae","Amphibians"
"Ophryophryne microstoma","Asian Mountain Toad","Megophryidae","Amphibians"
"Kurixalus odontotarsus","Serrate-Legged Small Treefrog","Rhacophoridae","Amphibians"
"Hoplobatrachus rugulosus","Asian Peters Frog","Dicroglossidae","Amphibians"
"Quasipaa shini","Chinese Paa Frog","Dicroglossidae","Amphibians"
"Paramesotriton fuzhongensis","Wanggao Warty Newt","Salamandridae","Amphibians"
"Kaloula pulchra","Digging Frog","Microhylidae","Amphibians"
"Kalophrynus interlineatus","Piebald Narrowmouthed Frog","Microhylidae","Amphibians"
"Duttaphrynus melanostictus","Doubtful Toad","Bufonidae","Amphibians"
"Rhacophorus omeimontis","Omei Whipping Frog","Rhacophoridae","Amphibians"
"Quasipaa exilispinosa","Hong Kong Spiny Frog","Dicroglossidae","Amphibians"
"Hylarana latouchii","Kuatun Frog","Ranidae","Amphibians"
"Cynops orientalis","Fuding Fire-Bellied Newt","Salamandridae","Amphibians"
"Microhyla heymonsi","Taiwan Rice Frog","Microhylidae","Amphibians"
"Occidozyga martensii","Marten’S Oriental Frog","Dicroglossidae","Amphibians"
"Pelophylax fukienensis","Futsing Hsien Frog","Ranidae","Amphibians"
"Rana zhenhaiensis","Zhenhai Brown Frog","Ranidae","Amphibians"
"Rhacophorus dennysi","Blanford's Whipping Frog","Rhacophoridae","Amphibians"
"Occidozyga lima","Lurid Houlema","Dicroglossidae","Amphibians"
"Amolops daiyunensis","Daiyun Torrent Frog","Ranidae","Amphibians"
"Microhyla fissipes","Ornamented Pygmy Frog","Microhylidae","Amphibians"
"Quasipaa spinosa","Chinese Spiny Frog","Dicroglossidae","Amphibians"
"Gracixalus jinxiuensis","Jinxiu Bubble-Nest Frog","Rhacophoridae","Amphibians"
"Odorrana chloronota","Chloronate Huia Frog","Ranidae","Amphibians"
"Megophrys brachykolos","Peak Spadefoot Toad","Megophryidae","Amphibians"
"Amolops hongkongensis","Hong Kong Sucker Frog","Ranidae","Amphibians"
"Odorrana leporipes","null","Ranidae","Amphibians"
"Bufo gargarizans","Chusan Island Toad","Bufonidae","Amphibians"
"Leptolalax liui","Fujian Asian Toad","Megophryidae","Amphibians"
"Odorrana versabilis","Kwangsi Frog","Ranidae","Amphibians"
"Megophrys minor","Kwangshien Spadefoot Toad","Megophryidae","Amphibians"
"Pelophylax hubeiensis","Hubei Frog","Ranidae","Amphibians"
"Tylototriton asperrimus","Mount Yao Newt","Salamandridae","Amphibians"
"Amolops chunganensis","Chungan Sucker Frog","Ranidae","Amphibians"
"Fejervarya limnocharis","Indian Cricket Frog","Dicroglossidae","Amphibians"
"Limnonectes fujianensis","Fujian Large-Headed Frog","Dicroglossidae","Amphibians"
"Brachytarsophrys platyparietus","Karin Hills Frog","Megophryidae","Amphibians"
"Hyla chinensis","Common Chinese Treefrog","Hylidae","Amphibians"
"Microhyla butleri","Butler's Rice Frog","Microhylidae","Amphibians"
"Paramesotriton caudopunctatus","Guizhou Warty Newt","Salamandridae","Amphibians"
"Andrias davidianus","Chinese Giant Salamander","Cryptobranchidae","Amphibians"
"Megophrys boettgeri","Boettger's Spadefoot Toad","Megophryidae","Amphibians"
"Odorrana lungshengensis","Lung-Shen-Hsien Frog","Ranidae","Amphibians"
"Hyla simplex","Annam Treefrog","Hylidae","Amphibians"
"Microhyla pulchra","Guangdong Rice Frog","Microhylidae","Amphibians"
"Fejervarya cancrivora","Java Wart Frog","Dicroglossidae","Amphibians"
"Megophrys kuatunensis","Kuatun Spadefoot Toad","Megophryidae","Amphibians"
"Babina adenopleura","Olive Frog","Ranidae","Amphibians"
"Pelophylax nigromaculatus","Black-Spotted Frog","Ranidae","Amphibians"
"Ophryophryne pachyproctus","Zhushihe Mountain Toad","Megophryidae","Amphibians"
"Paramesotriton chinensis","Chinese Warty Newt","Salamandridae","Amphibians"
"Theloderma rhododiscus","Chinese Bubble-Nest Frog","Rhacophoridae","Amphibians"
"Paramesotriton hongkongensis","Hong Kong Warty Newt","Salamandridae","Amphibians"
"Hylarana guentheri","Gunther's Amoy Frog","Ranidae","Amphibians"
"Polypedates megacephalus","Hong Kong Whipping Frog","Rhacophoridae","Amphibians"
"Odorrana exiliversabilis","Fujian Bamboo-Leaf Frog","Ranidae","Amphibians"
"Megophrys mangshanensis","Mangshan Spadefoot Toad","Megophryidae","Amphibians"
"Cynops orphicus","Dayang Newt","Salamandridae","Amphibians"
"Pachytriton brevipes","Tsitou Newt","Salamandridae","Amphibians"
"Hylarana cubitalis","Siam Frog","Ranidae","Amphibians"
"Leptobrachium liui","Pope's Spiny Toad","Megophryidae","Amphibians"
"Liuixalus romeri","Romer's Bubble-Nest Frog","Rhacophoridae","Amphibians"
"Hyla sanchiangensis","San Chiang Treefrog","Hylidae","Amphibians"
"Hylarana taipehensis","Taipei Frog","Ranidae","Amphibians"
"Bufo andrewsi","Chusan Island Toad","Bufonidae","Amphibians"
"Polypedates mutus","Burmese Whipping Frog","Rhacophoridae","Amphibians"
"Pachytriton labiatus","Pingchi's Newt","Salamandridae","Amphibians"
"Fejervarya multistriata","Paddy Frog","Dicroglossidae","Amphibians"
"Sibataniozephyrus lijinae","null","Lycaenidae","Butterflies"
"Lethe syrcisi","null","Nymphalidae","Butterflies"
"Euthalia alpherakyi","null","Nymphalidae","Butterflies"
"Aporia largeteaui","null","Pieridae","Butterflies"
"Yamamotozephyrus kwangtungensis","null","Lycaenidae","Butterflies"
"Neptis armandia","null","Nymphalidae","Butterflies"
"Athyma zeroca","null","Nymphalidae","Butterflies"
"Coelites nothis","null","Nymphalidae","Butterflies"
"Howarthia cheni","null","Lycaenidae","Butterflies"
"Nosea hainanensis","null","Nymphalidae","Butterflies"
"Lethe gemina","null","Nymphalidae","Butterflies"
"Polyura nepenthes","null","Nymphalidae","Butterflies"
"Astictopterus jama","null","Hesperiidae","Butterflies"
"Mycalesis misenus","null","Nymphalidae","Butterflies"
"Neptis sankara","null","Nymphalidae","Butterflies"
"Neptis themis","null","Nymphalidae","Butterflies"
"Neptis andetria","null","Nymphalidae","Butterflies"
"Lasiommata deidamia","null","Nymphalidae","Butterflies"
"Satarupa valentini","null","Hesperiidae","Butterflies"
"Chrysozephyrus rarasanus","null","Lycaenidae","Butterflies"
"Colias fieldii","null","Pieridae","Butterflies"
"Limenitis misuji","null","Nymphalidae","Butterflies"
"Howarthia melli","null","Lycaenidae","Butterflies"
"Leucantigius atayalicus","null","Lycaenidae","Butterflies"
"Tongeia potanini","null","Lycaenidae","Butterflies"
"Anthocharis cardamines","Orange-Tip","Pieridae","Butterflies"
"Neptis antilope","null","Nymphalidae","Butterflies"
"Athyma jina","null","Nymphalidae","Butterflies"
"Ravenna nivea","null","Lycaenidae","Butterflies"
"Lethe trimacula","null","Nymphalidae","Butterflies"
"Athyma opalina","null","Nymphalidae","Butterflies"
"Pantoporia bieti","null","Nymphalidae","Butterflies"
"Ypthima conjuncta","null","Nymphalidae","Butterflies"
"Lethe lanaris","null","Nymphalidae","Butterflies"
"Lethe laodamia","null","Nymphalidae","Butterflies"
"Chrysozephyrus nigroapicalis","null","Lycaenidae","Butterflies"
"Neorina patria","null","Nymphalidae","Butterflies"
"Sasakia funebris","null","Nymphalidae","Butterflies"
"Euthalia themistocles","null","Nymphalidae","Butterflies"
"Lethe satyrina","null","Nymphalidae","Butterflies"
"Lethe helena","null","Nymphalidae","Butterflies"
"Caltoris cahira","null","Hesperiidae","Butterflies"
"Lethe manzorum","null","Nymphalidae","Butterflies"
"Gonepteryx amintha","null","Pieridae","Butterflies"
"Hestinalis nama","null","Nymphalidae","Butterflies"
"Euthalia rickettsi","null","Nymphalidae","Butterflies"
"Helcyra superba","null","Nymphalidae","Butterflies"
"Pontia daplidice","Bath White","Pieridae","Butterflies"
"Mandarinia regalis","null","Nymphalidae","Butterflies"
"Neptis beroe","null","Nymphalidae","Butterflies"
"Celaenorrhinus ratna","null","Hesperiidae","Butterflies"
"Seseria dohertyi","null","Hesperiidae","Butterflies"
"Neptis manasa","null","Nymphalidae","Butterflies"
"Lethe monolifera","null","Nymphalidae","Butterflies"
"Euthalia kosempona","null","Nymphalidae","Butterflies"
"Bibasis miracula","null","Hesperiidae","Butterflies"
"Teinopalpus aureus","null","Papilionidae","Butterflies"
"Athyma ranga","null","Nymphalidae","Butterflies"
"Herona marathus","null","Nymphalidae","Butterflies"
"Lethe siderea","null","Nymphalidae","Butterflies"
"Acosmerycoides harterti","null","Sphingidae","Sphingid moths"
"Angonyx testacea","null","Sphingidae","Sphingid moths"
"Macroglossum mitchellii","null","Sphingidae","Sphingid moths"
"Smerinthulus perversa","null","Sphingidae","Sphingid moths"
"Cechenena aegrota","null","Sphingidae","Sphingid moths"
"Macroglossum aquila","null","Sphingidae","Sphingid moths"
"Macroglossum neotroglodytus","null","Sphingidae","Sphingid moths"
"Ambulyx interplacida","null","Sphingidae","Sphingid moths"
"Theretra oldenlandiae","Impatiens Hawk Moth Larva","Sphingidae","Sphingid moths"
"Hippotion rosetta","Vine Hawk Moth","Sphingidae","Sphingid moths"
"Acosmeryx sericeus","null","Sphingidae","Sphingid moths"
"Clanis bilineata","null","Sphingidae","Sphingid moths"
"Theretra pallicosta","null","Sphingidae","Sphingid moths"
"Ambulyx liturata","null","Sphingidae","Sphingid moths"
"Macroglossum passalus","null","Sphingidae","Sphingid moths"
"Amplypterus mansoni","null","Sphingidae","Sphingid moths"
"Macroglossum obscura","null","Sphingidae","Sphingid moths"
"Ambulyx moorei","null","Sphingidae","Sphingid moths"
"Theretra latreillii","Pale Brown Hawk Moth","Sphingidae","Sphingid moths"
"Macroglossum belis","null","Sphingidae","Sphingid moths"
"Hayesiana farintaenia","null","Sphingidae","Sphingid moths"
"Macroglossum bombylans","null","Sphingidae","Sphingid moths"
"Megacorma obliqua","null","Sphingidae","Sphingid moths"
"Theretra suffusa","null","Sphingidae","Sphingid moths"
"Polyptychus trilineatus","null","Sphingidae","Sphingid moths"
"Eupanacra busiris","null","Sphingidae","Sphingid moths"
"Ampelophaga dolichoides","null","Sphingidae","Sphingid moths"
"Marumba sperchius","null","Sphingidae","Sphingid moths"
"Dolbina inexacta","null","Sphingidae","Sphingid moths"
"Ampelophaga nikolae","null","Sphingidae","Sphingid moths"
"Cizara sculpta","null","Sphingidae","Sphingid moths"
"Marumba fenzelii","null","Sphingidae","Sphingid moths"
"Amplypterus panopus","null","Sphingidae","Sphingid moths"
"Apocalypsis velox","null","Sphingidae","Sphingid moths"
"Elibia dolichus","null","Sphingidae","Sphingid moths"
"Acosmeryx anceus","null","Sphingidae","Sphingid moths"
"Phyllosphingia dissimilis","null","Sphingidae","Sphingid moths"
"Ambulyx japonica","null","Sphingidae","Sphingid moths"
"Parum colligata","null","Sphingidae","Sphingid moths"
"Dahira obliquifascia","null","Sphingidae","Sphingid moths"
"Meganoton rubescens","null","Sphingidae","Sphingid moths"
"Acosmeryx sinjaevi","null","Sphingidae","Sphingid moths"
"Marumba cristata","null","Sphingidae","Sphingid moths"
"Macroglossum poecilum","null","Sphingidae","Sphingid moths"
"Cechenena minor","null","Sphingidae","Sphingid moths"
"Theretra clotho","null","Sphingidae","Sphingid moths"
"Hayesiana triopus","null","Sphingidae","Sphingid moths"
"Theretra nessus","Yam Hawk Moth","Sphingidae","Sphingid moths"
"Clanis schwartzi","null","Sphingidae","Sphingid moths"
"Macroglossum nycteris","null","Sphingidae","Sphingid moths"
"Callambulyx kitchingi","null","Sphingidae","Sphingid moths"
"Polyptychus chinensis","null","Sphingidae","Sphingid moths"
"Hippotion rafflesii","null","Sphingidae","Sphingid moths"
"Ambulyx schauffelbergeri","null","Sphingidae","Sphingid moths"
"Ampelophaga rubiginosa","null","Sphingidae","Sphingid moths"
"Sphingonaepiopsis pumilio","null","Sphingidae","Sphingid moths"
"Gnathothlibus erotus","White-Browed Hawkmoth","Sphingidae","Sphingid moths"
"Daphnis hypothous","null","Sphingidae","Sphingid moths"
"Rhodoprasina viksinjaevi","null","Sphingidae","Sphingid moths"
"Macroglossum faro","null","Sphingidae","Sphingid moths"
"Marumba gaschkewitschii","null","Sphingidae","Sphingid moths"
"Macroglossum prometheus","null","Sphingidae","Sphingid moths"
"Craspedortha porphyria","null","Sphingidae","Sphingid moths"
"Rhagastis castor","null","Sphingidae","Sphingid moths"
"Acosmeryx shervillii","null","Sphingidae","Sphingid moths"
"Hippotion celerio","Silver-Striped Hawk-Moth","Sphingidae","Sphingid moths"
"Clanis undulosa","null","Sphingidae","Sphingid moths"
"Hyles livornica","Striped Hawk-Moth","Sphingidae","Sphingid moths"
"Eupanacra automedon","null","Sphingidae","Sphingid moths"
"Sphingulus mus","null","Sphingidae","Sphingid moths"
"Macroglossum mediovitta","null","Sphingidae","Sphingid moths"
"Rhagastis confusa","null","Sphingidae","Sphingid moths"
"Rhagastis olivacea","null","Sphingidae","Sphingid moths"
"Macroglossum fritzei","null","Sphingidae","Sphingid moths"
"Psilogramma increta","null","Sphingidae","Sphingid moths"
"Eupanacra mydon","null","Sphingidae","Sphingid moths"
"Callambulyx tatarinovii","null","Sphingidae","Sphingid moths"
"Dahira svetsinjaevae","null","Sphingidae","Sphingid moths"
"Deilephila elpenor","Elephant Hawk-Moth","Sphingidae","Sphingid moths"
"Hippotion velox","null","Sphingidae","Sphingid moths"
"Dahira viksinjaevi","null","Sphingidae","Sphingid moths"
"Macroglossum corythus","null","Sphingidae","Sphingid moths"
"Theretra japonica","null","Sphingidae","Sphingid moths"
"Smerinthus szechuanus","null","Sphingidae","Sphingid moths"
"Opistoclanis hawkeri","null","Sphingidae","Sphingid moths"
"Agrius convolvuli","Convolvulus Hawk","Sphingidae","Sphingid moths"
"Cypa enodis","null","Sphingidae","Sphingid moths"
"Macroglossum hemichroma","null","Sphingidae","Sphingid moths"
"Marumba saishiuana","null","Sphingidae","Sphingid moths"
"Leucophlebia lineata","null","Sphingidae","Sphingid moths"
"Smerinthus planus","null","Sphingidae","Sphingid moths"
"Ambulyx sericeipennis","null","Sphingidae","Sphingid moths"
"Rhodoprasina nanlingensis","null","Sphingidae","Sphingid moths"
"Theretra tibetiana","null","Sphingidae","Sphingid moths"
"Cechenena helops","null","Sphingidae","Sphingid moths"
"Ambulyx substrigilis","null","Sphingidae","Sphingid moths"
"Macroglossum pyrrhosticta","Hummingbird Hawk Moth","Sphingidae","Sphingid moths"
"Hippotion echeclus","null","Sphingidae","Sphingid moths"
"Meganoton nyctiphanes","null","Sphingidae","Sphingid moths"
"Meganoton analis","null","Sphingidae","Sphingid moths"
"Psilogramma discistriga","null","Sphingidae","Sphingid moths"
"Dahira rubiginosa","null","Sphingidae","Sphingid moths"
"Acosmeryx pseudomissa","null","Sphingidae","Sphingid moths"
"Ambulyx kuangtungensis","null","Sphingidae","Sphingid moths"
"Pentateucha stueningi","null","Sphingidae","Sphingid moths"
"Neogurelca hyas","null","Sphingidae","Sphingid moths"
"Cechenena lineosa","null","Sphingidae","Sphingid moths"
"Ambulyx tobii","null","Sphingidae","Sphingid moths"
"Acherontia lachesis","Death's-Head Hawkmoth","Sphingidae","Sphingid moths"
"Nephele hespera","null","Sphingidae","Sphingid moths"
"Clanis titan","null","Sphingidae","Sphingid moths"
"Anambulyx elwesi","null","Sphingidae","Sphingid moths"
"Enpinanga assamensis","null","Sphingidae","Sphingid moths"
"Macroglossum sitiene","null","Sphingidae","Sphingid moths"
"Ambulyx ochracea","null","Sphingidae","Sphingid moths"
"Eupanacra variolosa","null","Sphingidae","Sphingid moths"
"Pergesa acteus","null","Sphingidae","Sphingid moths"
"Sphecodina caudata","null","Sphingidae","Sphingid moths"
"Acherontia styx","Death's-Head Hawk Moth","Sphingidae","Sphingid moths"
"Macroglossum saga","null","Sphingidae","Sphingid moths"
"Acosmeryx castanea","null","Sphingidae","Sphingid moths"
"Neogurelca himachala","null","Sphingidae","Sphingid moths"
"Theretra silhetensis","Brown-Banded Hunter Hawkmoth","Sphingidae","Sphingid moths"
"Dahira nili","null","Sphingidae","Sphingid moths"
"Macroglossum vacillans","null","Sphingidae","Sphingid moths"
"Macroglossum troglodytus","null","Sphingidae","Sphingid moths"
"Sphinx caligineus","null","Sphingidae","Sphingid moths"
"Theretra alecto","null","Sphingidae","Sphingid moths"
"Daphnusa sinocontinentalis","null","Sphingidae","Sphingid moths"
"Macroglossum stellatarum","Hummingbird Hawk-Moth","Sphingidae","Sphingid moths"
"Cephonodes hylas","null","Sphingidae","Sphingid moths"
"Rhagastis albomarginatus","null","Sphingidae","Sphingid moths"
"Rhodoprasina minoris","null","Sphingidae","Sphingid moths"
"Macroglossum variegatum","null","Sphingidae","Sphingid moths"
"Theretra boisduvalii","null","Sphingidae","Sphingid moths"
"Daphnis placida","null","Sphingidae","Sphingid moths"
"Acosmeryx naga","null","Sphingidae","Sphingid moths"
"Cypa uniformis","null","Sphingidae","Sphingid moths"
"Acosmeryx pseudonaga","null","Sphingidae","Sphingid moths"
"Marumba spectabilis","null","Sphingidae","Sphingid moths"
"Callambulyx rubricosa","null","Sphingidae","Sphingid moths"
"Macroglossum divergens","null","Sphingidae","Sphingid moths"
"Hemaris staudingeri","null","Sphingidae","Sphingid moths"
"Sataspes xylocoparis","null","Sphingidae","Sphingid moths"
"Micracosmeryx chaochauensis","null","Sphingidae","Sphingid moths"
"Eurypteryx dianae","null","Sphingidae","Sphingid moths"
"Macroglossum gyrans","null","Sphingidae","Sphingid moths"
"Callambulyx junonia","null","Sphingidae","Sphingid moths"
"Langia zenzeroides","null","Sphingidae","Sphingid moths"
"Macroglossum glaucoptera","null","Sphingidae","Sphingid moths"
"Hippotion boerhaviae","Hippotion Sphinx Moth","Sphingidae","Sphingid moths"
"Marumba dyras","null","Sphingidae","Sphingid moths"
"Griseosphinx marchandi","null","Sphingidae","Sphingid moths"
"Sataspes tagalica","null","Sphingidae","Sphingid moths"
"Degmaptera mirabilis","null","Sphingidae","Sphingid moths"
"Cypoides chinensis","null","Sphingidae","Sphingid moths"
"Daphnis nerii","Oleander Hawkmoth","Sphingidae","Sphingid moths"
"Pinus latteri","Tenasserim Pine","Pinaceae","Conifers"
"Pseudotaxus chienii","White-Berry Yew","Taxaceae","Conifers"
"Pinus massoniana","Masson's Pine","Pinaceae","Conifers"
"Cathaya argyrophylla","Cathaya","Pinaceae","Conifers"
"Podocarpus neriifolius","Oleander Podocarp","Podocarpaceae","Conifers"
"Amentotaxus argotaenia","Catkin Yew","Taxaceae","Conifers"
"Tsuga chinensis","Chinese Hemlock","Pinaceae","Conifers"
"Keteleeria fortunei","Fortune's Keteleeria","Pinaceae","Conifers"
"Glyptostrobus pensilis","Chinese Swamp Cypress","Cupressaceae","Conifers"
"Podocarpus macrophyllus","Kusamaki","Podocarpaceae","Conifers"
"Nothotsuga longibracteata","Bristlecone Hemlock","Pinaceae","Conifers"
"Nageia nagi","Nagi","Podocarpaceae","Conifers"
"Cunninghamia lanceolata","Cunninghamia","Cupressaceae","Conifers"
"Pinus fenzeliana","Fenzel's White Pine","Pinaceae","Conifers"
"Cephalotaxus oliveri","Oliver's Plum Yew","Taxaceae","Conifers"
"Taxus chinensis","Chinese Yew","Taxaceae","Conifers"
"Nageia fleuryi","null","Podocarpaceae","Conifers"
"Pinus hwangshanensis","Huangshan Pine","Pinaceae","Conifers"
"Torreya grandis","Chinese Nutmeg-Yew","Taxaceae","Conifers"
"Fokienia hodginsii","Fujian Cypress","Cupressaceae","Conifers"
"Juniperus formosana","Formosan Juniper","Cupressaceae","Conifers"
"Cephalotaxus fortunei","Fortune's Plum Yew","Taxaceae","Conifers"
"Podocarpus pilgeri","null","Podocarpaceae","Conifers"
"Cephalotaxus sinensis","Chinese Plum Yew","Taxaceae","Conifers"
"Taxus mairei","Maire's Yew","Taxaceae","Conifers"
"Cephalotaxus mannii","Mann's Yew Plum","Taxaceae","Conifers"
