Downloaded from https://mol.org on Jun 23, 2022. Inclusive species list based on approximate intersections with Political boundary polygon for the Hainan region. 


"Scientific Name","Common Name","Family","Taxonomic Group"
"Motacilla flava","Yellow Wagtail","Motacillidae","Birds"
"Actitis hypoleucos","Common Sandpiper","Scolopacidae","Birds"
"Stigmatopelia chinensis","Spotted Dove","Columbidae","Birds"
"Ducula aenea","Green Imperial-Pigeon","Columbidae","Birds"
"Temnurus temnurus","Ratched-Tailed Treepie","Corvidae","Birds"
"Tringa ochropus","Green Sandpiper","Scolopacidae","Birds"
"Pericrocotus solaris","Grey-Chinned Minivet","Campephagidae","Birds"
"Zoothera sibirica","Siberian Thrush","Turdidae","Birds"
"Ixobrychus flavicollis","Black Bittern","Ardeidae","Birds"
"Tringa erythropus","Spotted Redshank","Scolopacidae","Birds"
"Gavia stellata","Red-Throated Diver","Gaviidae","Birds"
"Calidris alpina","Dunlin","Scolopacidae","Birds"
"Copsychus malabaricus","White-Rumped Shama","Muscicapidae","Birds"
"Sula leucogaster","Brown Booby","Sulidae","Birds"
"Sterna sumatrana","Black-Naped Tern","Laridae","Birds"
"Cuculus poliocephalus","Lesser Cuckoo","Cuculidae","Birds"
"Pomatorhinus ruficollis","Streak-Breasted Scimitar-Babbler","Timaliidae","Birds"
"Dicrurus aeneus","Bronzed Drongo","Dicruridae","Birds"
"Macropygia unchall","Bar-Tailed Cuckoo-Dove","Columbidae","Birds"
"Nettapus coromandelianus","Cotton Pygmy-Goose","Anatidae","Birds"
"Coracina melaschistos","Black-Winged Cuckoo-Shrike","Campephagidae","Birds"
"Pandion haliaetus","Osprey","Accipitridae","Birds"
"Hirundapus cochinchinensis","White-Vented Needletail","Apodidae","Birds"
"Cuculus canorus","Common Cuckoo","Cuculidae","Birds"
"Glareola maldivarum","Oriental Pratincole","Glareolidae","Birds"
"Caprimulgus indicus","Jungle Nightjar","Caprimulgidae","Birds"
"Lanius cristatus","Brown Shrike","Laniidae","Birds"
"Casmerodius albus","Great Egret","Ardeidae","Birds"
"Pluvialis fulva","Pacific Golden Plover","Charadriidae","Birds"
"Treron sphenurus","Wedge Tailed Green Pigeon","Columbidae","Birds"
"Collocalia germani","German's Swiftlet","Apodidae","Birds"
"Saxicola torquatus","Common Stonechat","Muscicapidae","Birds"
"Numenius phaeopus","Whimbrel","Scolopacidae","Birds"
"Ixobrychus cinnamomeus","Cinnamon Bittern","Ardeidae","Birds"
"Centropus bengalensis","Lesser Coucal","Cuculidae","Birds"
"Enicurus leschenaulti","White-Crowned Forktail","Muscicapidae","Birds"
"Calidris ferruginea","Curlew Sandpiper","Scolopacidae","Birds"
"Scolopax rusticola","Woodcock","Scolopacidae","Birds"
"Anas querquedula","Garganey","Anatidae","Birds"
"Bradypterus tacsanowskius","Chinese Bush-Warbler","Sylviidae","Birds"
"Urosphena squameiceps","Scaly-Headed Stubtail","Sylviidae","Birds"
"Lonchura malacca","Black-Headed Munia","Estrildidae","Birds"
"Ducula badia","Mountain Imperial-Pigeon","Columbidae","Birds"
"Emberiza fucata","Chestnut-Eared Bunting","Emberizidae","Birds"
"Accipiter gentilis","Goshawk","Accipitridae","Birds"
"Brachypteryx montana","Blue Shortwing","Turdidae","Birds"
"Limosa limosa","Black-Tailed Godwit","Scolopacidae","Birds"
"Enicurus scouleri","Little Forktail","Muscicapidae","Birds"
"Emberiza aureola","Yellow-Breasted Bunting","Emberizidae","Birds"
"Rhyacornis fuliginosa","Plumbeous Water Redstart","Muscicapidae","Birds"
"Calonectris leucomelas","Streaked Shearwater","Procellariidae","Birds"
"Tringa glareola","Wood Sandpiper","Scolopacidae","Birds"
"Fregata ariel","Lesser Frigatebird","Fregatidae","Birds"
"Dicaeum cruentatum","Scarlet-Backed Flowerpecker","Dicaeidae","Birds"
"Hypothymis azurea","Black-Naped Monarch","Monarchidae","Birds"
"Locustella fasciolata","Gray's Grasshopper-Warbler","Sylviidae","Birds"
"Grus grus","Common Crane","Gruidae","Birds"
"Serilophus lunatus","Silver-Breasted Broadbill","Eurylaimidae","Birds"
"Amandava amandava","Red Munia","Estrildidae","Birds"
"Chalcophaps indica","Emerald Dove","Columbidae","Birds"
"Lonchura striata","White-Rumped Munia","Estrildidae","Birds"
"Charadrius dubius","Little Ringed Plover","Charadriidae","Birds"
"Gallicrex cinerea","Watercock","Rallidae","Birds"
"Pica pica","Black-Billed Magpie","Corvidae","Birds"
"Streptopelia tranquebarica","Red-Collared Dove","Columbidae","Birds"
"Sterna caspia","Caspian Tern","Laridae","Birds"
"Gorsachius melanolophus","Malayan Night-Heron","Ardeidae","Birds"
"Calidris ruficollis","Red-Necked Stint","Scolopacidae","Birds"
"Terpsiphone paradisi","Asian Paradise-Flycatcher","Monarchidae","Birds"
"Psittacula alexandri","Red-Breasted Parakeet","Psittacidae","Birds"
"Gallirallus striatus","Blue-Breasted Banded Rail","Rallidae","Birds"
"Accipiter soloensis","Chinese Goshawk","Accipitridae","Birds"
"Celeus brachyurus","Rufous Woodpecker","Picidae","Birds"
"Megaceryle lugubris","Crested Kingfisher","Alcedinidae","Birds"
"Caprimulgus affinis","Savanna Nightjar","Caprimulgidae","Birds"
"Zoothera citrina","Orange-Headed Thrush","Turdidae","Birds"
"Corvus macrorhynchos","Large-Billed Crow","Corvidae","Birds"
"Cinclus pallasii","Brown Dipper","Cinclidae","Birds"
"Dicaeum concolor","Plain Flowerpecker","Dicaeidae","Birds"
"Numenius arquata","Eurasian Curlew","Scolopacidae","Birds"
"Parus major","Great Tit","Paridae","Birds"
"Himantopus himantopus","Black-Winged Stilt","Recurvirostridae","Birds"
"Hirundo daurica","Red-Rumped Swallow","Hirundinidae","Birds"
"Fulica atra","Common Coot","Rallidae","Birds"
"Graminicola bengalensis","Rufous-Rumped Grassbird","Sylviidae","Birds"
"Passer montanus","Eurasian Tree Sparrow","Passeridae","Birds"
"Troglodytes troglodytes","Winter Wren","Troglodytidae","Birds"
"Streptopelia orientalis","Oriental Turtle Dove","Columbidae","Birds"
"Cyornis hainanus","Grant's Niltava","Muscicapidae","Birds"
"Sitta solangiae","Lilac Nuthatch","Sittidae","Birds"
"Megalaima faber","Chinese Barbet","Ramphastidae","Birds"
"Cuculus fugax","Fugitive Hawk-Cuckoo","Cuculidae","Birds"
"Prinia inornata","Plain Prinia","Cisticolidae","Birds"
"Eurystomus orientalis","Eastern Broad-Billed Roller","Coraciidae","Birds"
"Falco tinnunculus","Common Kestrel","Falconidae","Birds"
"Dendrocopos major","Great Spotted Woodpecker","Picidae","Birds"
"Aviceda jerdoni","Jerdon's Baza","Accipitridae","Birds"
"Picumnus innominatus","Speckled Piculet","Picidae","Birds"
"Stachyris striolata","Spot-Necked Babbler","Timaliidae","Birds"
"Egretta eulophotes","Swinhoe's Egret","Ardeidae","Birds"
"Anthus rubescens","Buff-Bellied Pipit","Motacillidae","Birds"
"Luscinia calliope","Siberian Rubythroat","Muscicapidae","Birds"
"Dendrocopos canicapillus","Grey-Capped Woodpecker","Picidae","Birds"
"Cuculus sparverioides","Large Hawk-Cuckoo","Cuculidae","Birds"
"Anthus hodgsoni","Olive-Backed Pipit","Motacillidae","Birds"
"Egretta garzetta","Mascarene Reef-Egret","Ardeidae","Birds"
"Alcippe morrisonia","Grey-Cheeked Fulvetta","Timaliidae","Birds"
"Lonchura punctulata","Nutmeg Munia","Estrildidae","Birds"
"Lanius schach","Long-Tailed Shrike","Laniidae","Birds"
"Anas penelope","Eurasian Wigeon","Anatidae","Birds"
"Harpactes erythrocephalus","Red-Headed Trogon","Trogonidae","Birds"
"Egretta sacra","Pacific Reef-Egret","Ardeidae","Birds"
"Pomatorhinus hypoleucos","Large Scimitar-Babbler","Timaliidae","Birds"
"Picus chlorolophus","Lesser Yellownape","Picidae","Birds"
"Larus brunnicephalus","Brown-Headed Gull","Laridae","Birds"
"Milvus migrans","Black Kite","Accipitridae","Birds"
"Apus nipalensis","House Swift","Apodidae","Birds"
"Muscicapa sibirica","Siberian Flycatcher","Muscicapidae","Birds"
"Pericrocotus flammeus","Scarlet Minivet","Campephagidae","Birds"
"Phylloscopus fuscatus","Dusky Warbler","Sylviidae","Birds"
"Anas falcata","Falcated Duck","Anatidae","Birds"
"Turdus chrysolaus","Red-Billed Thrush","Turdidae","Birds"
"Ninox scutulata","Brown Hawk-Owl","Strigidae","Birds"
"Stachyris ruficeps","Rufous-Capped Babbler","Timaliidae","Birds"
"Lophotriorchis kienerii","Rufous-Bellied Eagle","Accipitridae","Birds"
"Phalacrocorax fuscicollis","Indian Cormorant","Phalacrocoracidae","Birds"
"Paradoxornis gularis","Grey-Headed Parrotbill","Timaliidae","Birds"
"Garrulax chinensis","Black-Throated Laughingthrush","Timaliidae","Birds"
"Motacilla cinerea","Grey Wagtail","Motacillidae","Birds"
"Columba punicea","Pale-Capped Pigeon","Columbidae","Birds"
"Turdus cardis","Japanese Thrush","Turdidae","Birds"
"Blythipicus pyrrhotis","Bay Woodpecker","Picidae","Birds"
"Sturnus sinensis","White-Shouldered Starling","Sturnidae","Birds"
"Mesophoyx intermedia","Intermediate Egret","Ardeidae","Birds"
"Monticola solitarius","Blue Rock Thrush","Muscicapidae","Birds"
"Tringa totanus","Common Redshank","Scolopacidae","Birds"
"Oriolus traillii","Maroon Oriole","Oriolidae","Birds"
"Turdus merula","Blackbird","Turdidae","Birds"
"Clamator coromandus","Chestnut-Winged Cuckoo","Cuculidae","Birds"
"Minla cyanouroptera","Blue-Winged Minla","Timaliidae","Birds"
"Cacomantis merulinus","Grey-Bellied Cuckoo","Cuculidae","Birds"
"Anthus cervinus","Red-Throated Pipit","Motacillidae","Birds"
"Spilornis cheela","Crested Serpent-Eagle","Accipitridae","Birds"
"Merops viridis","Chestnut-Headed Bee-Eater(S.3294)","Meropidae","Birds"
"Carpodacus erythrinus","Common Rosefinch","Fringillidae","Birds"
"Pteruthius aenobarbus","Chestnut-Fronted Shrike-Babbler","Timaliidae","Birds"
"Erpornis zantholeuca","White Bellied Yuhina","Timaliidae","Birds"
"Garrulax canorus","Melodious Laughingthrush","Timaliidae","Birds"
"Aviceda leuphotes","Black Baza","Accipitridae","Birds"
"Larus saundersi","Saunder's Gull","Laridae","Birds"
"Falco peregrinus","Peregrine Falcon","Falconidae","Birds"
"Calidris subminuta","Long-Toed Stint","Scolopacidae","Birds"
"Accipiter gularis","Japanese Sparrowhawk","Accipitridae","Birds"
"Alcedo atthis","Common Kingfisher","Alcedinidae","Birds"
"Esacus recurvirostris","Great Stone-Plover","Burhinidae","Birds"
"Corvus torquatus","Collared Crow","Corvidae","Birds"
"Turdus obscurus","Eyebrowed Thrush","Turdidae","Birds"
"Halcyon smyrnensis","White-Throated Kingfisher","Alcedinidae","Birds"
"Copsychus saularis","Oriental Magpie-Robin","Muscicapidae","Birds"
"Larus ridibundus","Common Black-Headed Gull","Laridae","Birds"
"Luscinia sibilans","Rufous-Tailed Robin","Muscicapidae","Birds"
"Muscicapa ferruginea","Ferruginous Flycatcher","Muscicapidae","Birds"
"Cuculus micropterus","Short-Winged Cuckoo","Cuculidae","Birds"
"Dicaeum ignipectus","Green-Backed Flowerpecker","Dicaeidae","Birds"
"Melanochlora sultanea","Sultan Tit","Paridae","Birds"
"Turnix sylvaticus","Small Buttonquail","Turnicidae","Birds"
"Glaucidium brodiei","Collared Owlet","Strigidae","Birds"
"Garrulax pectoralis","Greater Necklaced Laughingthrush","Timaliidae","Birds"
"Larus canus","Common Gull","Laridae","Birds"
"Oriolus chinensis","Black-Naped Oriole","Oriolidae","Birds"
"Niltava davidi","Fukien Niltava","Muscicapidae","Birds"
"Ceryle rudis","Pied Kingfisher","Alcedinidae","Birds"
"Muscicapa dauurica","Asian Brown Flycatcher","Muscicapidae","Birds"
"Cissa hypoleuca","Yellow Breasted Magpie","Corvidae","Birds"
"Ficedula albicilla","Taiga Flycatcher","Muscicapidae","Birds"
"Ficedula narcissina","Narcissus Flycatcher","Muscicapidae","Birds"
"Gracula religiosa","Southern Grackle","Sturnidae","Birds"
"Platalea minor","Black-Faced Spoonbill","Threskiornithidae","Birds"
"Accipiter virgatus","Besra","Accipitridae","Birds"
"Turdus naumanni","Dusky Thrush","Turdidae","Birds"
"Alauda gulgula","Oriental Skylark","Alaudidae","Birds"
"Anthus richardi","Richard's Pipit","Motacillidae","Birds"
"Charadrius alexandrinus","Kentish Plover","Charadriidae","Birds"
"Polyplectron katsumatae","Hainan Peacock Pheasant","Phasianidae","Birds"
"Gallinago stenura","Pintail Snipe","Scolopacidae","Birds"
"Treron bicinctus","Orange Breasted Green Pigeon","Columbidae","Birds"
"Anser anser","Greylag Goose","Anatidae","Birds"
"Tachybaptus ruficollis","Little Grebe","Podicipedidae","Birds"
"Larus argentatus","Herring Gull","Laridae","Birds"
"Rhipidura albicollis","White-Throated Fantail","Rhipiduridae","Birds"
"Cisticola juncidis","Zitting Cisticola","Cisticolidae","Birds"
"Otus lettia","Collared Scops Owl","Strigidae","Birds"
"Phylloscopus ricketti","Sulphur-Breasted Warbler","Sylviidae","Birds"
"Garrulax monileger","Leser Necklaced Laughingthrush","Timaliidae","Birds"
"Acridotheres cristatellus","Chinese Jungle Myna","Sturnidae","Birds"
"Ixobrychus sinensis","Yellow Bittern","Ardeidae","Birds"
"Rostratula benghalensis","Painted-Snipe","Rostratulidae","Birds"
"Acridotheres tristis","Common Myna","Sturnidae","Birds"
"Lonchura atricapilla","Chestnut Munia","Estrildidae","Birds"
"Gorsachius magnificus","White-Eared Night-Heron","Ardeidae","Birds"
"Glaucidium cuculoides","Cuckoo Owlet","Strigidae","Birds"
"Sturnus sericeus","Silky Starling","Sturnidae","Birds"
"Centropus sinensis","Common Coucal","Cuculidae","Birds"
"Phalacrocorax carbo","Cormorant","Phalacrocoracidae","Birds"
"Tringa guttifer","Spotted Greenshank","Scolopacidae","Birds"
"Coracina macei","Javan Cuckoo-Shrike","Campephagidae","Birds"
"Phylloscopus coronatus","Temminck's Crowned Warbler","Sylviidae","Birds"
"Phaenicophaeus tristis","Green-Billed Malkoha","Cuculidae","Birds"
"Sturnus sturninus","Daurian Starling","Sturnidae","Birds"
"Accipiter badius","Shikra","Accipitridae","Birds"
"Phylloscopus goodsoni","Hartert's Warbler","Sylviidae","Birds"
"Turnix suscitator","Barred Buttonquail","Turnicidae","Birds"
"Nycticorax nycticorax","Black-Crowned Night-Heron","Ardeidae","Birds"
"Dendrocygna javanica","Lesser Whistling-Duck","Anatidae","Birds"
"Dicrurus paradiseus","Greater Racket-Tailed Drongo","Dicruridae","Birds"
"Coracias benghalensis","Indian Roller","Coraciidae","Birds"
"Accipiter trivirgatus","Crested Goshawk","Accipitridae","Birds"
"Jynx torquilla","Eurasian Wryneck","Picidae","Birds"
"Ficedula hyperythra","Snowy-Browed Flycatcher","Muscicapidae","Birds"
"Phylloscopus inornatus","Yellow-Browed Warbler","Sylviidae","Birds"
"Ficedula mugimaki","Mugimaki Flycatcher","Muscicapidae","Birds"
"Anas clypeata","Northern Shoveler","Anatidae","Birds"
"Cyornis unicolor","Pale Blue-Flycatcher","Muscicapidae","Birds"
"Dendrocitta formosae","Grey Treepie","Corvidae","Birds"
"Amaurornis phoenicurus","White-Breasted Waterhen","Rallidae","Birds"
"Rallus aquaticus","Water Rail","Rallidae","Birds"
"Treron curvirostra","Thick-Billed Pigeon","Columbidae","Birds"
"Aythya fuligula","Tufted Duck","Anatidae","Birds"
"Falco severus","Oriental Hobby","Falconidae","Birds"
"Lophura nycthemera","Silver Pheasant","Phasianidae","Birds"
"Arborophila ardens","Hainan Partridge","Phasianidae","Birds"
"Limosa lapponica","Bar-Tailed Godwit","Scolopacidae","Birds"
"Aythya ferina","Common Pochard","Anatidae","Birds"
"Mycteria leucocephala","Painted Stork","Ciconiidae","Birds"
"Picus flavinucha","Greater Yellow-Naped Woodpecker","Picidae","Birds"
"Sterna bergii","Great Crested-Tern","Laridae","Birds"
"Phoenicurus auroreus","Daurian Redstart","Muscicapidae","Birds"
"Tarsiger cyanurus","Red-Flanked Bluetail","Muscicapidae","Birds"
"Chlidonias leucopterus","White-Winged Black Tern","Laridae","Birds"
"Pteruthius flaviscapis","White-Browed Shrike-Babbler","Timaliidae","Birds"
"Artamus fuscus","Ashy Woodswallow","Artamidae","Birds"
"Alcippe brunnea","Dusky Fulvetta","Timaliidae","Birds"
"Ixobrychus eurhythmus","Schrenck's Bittern","Ardeidae","Birds"
"Upupa epops","Hoopoe","Upupidae","Birds"
"Gallinago gallinago","Common Snipe","Scolopacidae","Birds"
"Merops philippinus","Blue-Tailed Bee-Eater","Meropidae","Birds"
"Garrulax castanotis","Rufous-Cheeked Laughingthrush","Timaliidae","Birds"
"Nectarinia jugularis","Olive-Backed Sunbird","Nectariniidae","Birds"
"Emberiza spodocephala","Black-Faced Bunting","Emberizidae","Birds"
"Asio flammeus","Short-Eared Owl","Strigidae","Birds"
"Hirundo rustica","Barn Swallow","Hirundinidae","Birds"
"Tringa nebularia","Greenshank","Scolopacidae","Birds"
"Gallinula chloropus","Common Moorhen","Rallidae","Birds"
"Nisaetus nipalensis","Mountain Hawk Eagle","Accipitridae","Birds"
"Circus macrourus","Pallid Harrier","Accipitridae","Birds"
"Prinia flaviventris","Yellow-Bellied Prinia","Cisticolidae","Birds"
"Ardea purpurea","Purple Heron","Ardeidae","Birds"
"Pluvialis squatarola","Grey Plover","Charadriidae","Birds"
"Oceanodroma monorhis","Swinhoe's Storm-Petrel","Hydrobatidae","Birds"
"Larus relictus","Lönnberg's Gull","Laridae","Birds"
"Stercorarius pomarinus","Pomarine Skua","Stercorariidae","Birds"
"Sterna fuscata","Sooty Tern","Laridae","Birds"
"Asio otus","Long-Eared Owl","Strigidae","Birds"
"Halcyon pileata","Black-Capped Kingfisher","Alcedinidae","Birds"
"Butorides striata","Green-Backed Heron","Ardeidae","Birds"
"Pernis ptilorhyncus","Oriental Honey-Buzzard","Accipitridae","Birds"
"Phylloscopus trochiloides","Greenish Warbler","Sylviidae","Birds"
"Leptoptilos javanicus","Lesser Adjutant","Ciconiidae","Birds"
"Coturnix japonica","Japanese Quail","Phasianidae","Birds"
"Cinclidium leucurum","White-Tailed Robin","Muscicapidae","Birds"
"Rallina eurizonoides","Slaty-Legged Crake","Rallidae","Birds"
"Aegithalos concinnus","Black-Throated Tit","Aegithalidae","Birds"
"Surniculus lugubris","Drongo Cuckoo","Cuculidae","Birds"
"Dendronanthus indicus","Forest Wagtail","Motacillidae","Birds"
"Haliaeetus leucogaster","White-Bellied Sea-Eagle","Accipitridae","Birds"
"Phylloscopus tenellipes","Pale-Legged Leaf-Warbler","Sylviidae","Birds"
"Ceyx erithaca","Black Backed Kingfisher","Alcedinidae","Birds"
"Gallinago megala","Swinhoe's Snipe","Scolopacidae","Birds"
"Abroscopus albogularis","Rufous-Faced Warbler","Sylviidae","Birds"
"Circus melanoleucos","Pied Harrier","Accipitridae","Birds"
"Pnoepyga pusilla","Pygmy Wren-Babbler","Timaliidae","Birds"
"Motacilla alba","White Wagtail","Motacillidae","Birds"
"Podiceps nigricollis","Black-Necked Grebe","Podicipedidae","Birds"
"Francolinus pintadeanus","Chinese Francolin","Phasianidae","Birds"
"Pitta soror","Blue-Rumped Pitta","Pittidae","Birds"
"Calidris temminckii","Temminck's Stint","Scolopacidae","Birds"
"Coturnix chinensis","Blue Quail","Phasianidae","Birds"
"Circus spilonotus","Eastern Marsh-Harrier","Accipitridae","Birds"
"Bulweria bulwerii","Bulwer's Petrel","Procellariidae","Birds"
"Cyanoptila cyanomelana","Blue-And-White Flycatcher","Muscicapidae","Birds"
"Alcedo hercules","Blyth's Kingfisher","Alcedinidae","Birds"
"Pycnonotus jocosus","Red-Whiskered Bulbul","Pycnonotidae","Birds"
"Eudynamys scolopaceus","Asian Koel","Cuculidae","Birds"
"Threskiornis melanocephalus","Oriental Ibis","Threskiornithidae","Birds"
"Treron sieboldii","Japanese Green-Pigeon","Columbidae","Birds"
"Zosterops japonicus","Japanese White-Eye","Zosteropidae","Birds"
"Orthotomus sutorius","Common Tailorbird","Sylviidae","Birds"
"Ketupa zeylonensis","Brown Fish-Owl","Strigidae","Birds"
"Dicrurus annectans","Crow-Billed Drongo","Dicruridae","Birds"
"Anas crecca","Common Teal","Anatidae","Birds"
"Hemixos castanonotus","Chestnut Bulbul","Pycnonotidae","Birds"
"Butastur indicus","Grey-Faced Buzzard","Accipitridae","Birds"
"Sterna nilotica","Gull-Billed Tern","Laridae","Birds"
"Napothera epilepidota","Eyebrowed Wren-Babbler","Timaliidae","Birds"
"Strix leptogrammica","Brown Wood-Owl","Strigidae","Birds"
"Locustella lanceolata","Lanceolated Warbler","Sylviidae","Birds"
"Seicercus soror","Alstrom's Warbler","Sylviidae","Birds"
"Ardeola bacchus","Chinese Pond-Heron","Ardeidae","Birds"
"Urocissa whiteheadi","White-Winged Magpie","Corvidae","Birds"
"Columba livia","Rock Dove","Columbidae","Birds"
"Nyctyornis athertoni","Blue-Bearded Bee-Eater","Meropidae","Birds"
"Pycnonotus sinensis","Chinese Bulbul","Pycnonotidae","Birds"
"Melanitta fusca","White-Winged Scoter","Anatidae","Birds"
"Accipiter nisus","Eurasian Sparrowhawk","Accipitridae","Birds"
"Cypsiurus balasiensis","Asian Palm Swift","Apodidae","Birds"
"Phylloscopus reguloides","Blyth's Leaf-Warbler","Sylviidae","Birds"
"Urocissa erythrorhyncha","Red-Billed Blue Magpie","Corvidae","Birds"
"Fregata minor","Great Frigatebird","Fregatidae","Birds"
"Dicrurus leucophaeus","Ashy Drongo","Dicruridae","Birds"
"Hydrophasianus chirurgus","Pheasant-Tailed Jacana","Jacanidae","Birds"
"Ichthyophaga humilis","Lesser Fish-Eagle","Accipitridae","Birds"
"Alophoixus pallidus","Olivaceous Bearded Bulbul","Pycnonotidae","Birds"
"Chloropsis hardwickii","Orange-Bellied Leafbird","Chloropseidae","Birds"
"Hypsipetes leucocephalus","Asian Black Bulbul","Pycnonotidae","Birds"
"Sturnus cineraceus","Grey Starling","Sturnidae","Birds"
"Buteo buteo","Buzzard","Accipitridae","Birds"
"Anas formosa","Baikal Teal","Anatidae","Birds"
"Otus spilocephalus","Mountain Scops-Owl","Strigidae","Birds"
"Gallus gallus","Red Junglefowl","Phasianidae","Birds"
"Ardea cinerea","Grey Heron","Ardeidae","Birds"
"Picus canus","Grey-Faced Woodpecker","Picidae","Birds"
"Dicrurus macrocercus","Black Drongo","Dicruridae","Birds"
"Caprimulgus macrurus","Large-Tailed Nightjar","Caprimulgidae","Birds"
"Aethopyga christinae","Fork-Tailed Sunbird","Nectariniidae","Birds"
"Tephrodornis gularis","Brown-Tailed Woodshrike","Campephagidae","Birds"
"Mirafra javanica","Australasian Bushlark","Alaudidae","Birds"
"Cuculus saturatus","Oriental Cuckoo","Cuculidae","Birds"
"Hypsipetes mcclellandii","Mountain Bulbul","Pycnonotidae","Birds"
"Tyto longimembris","Eastern Grass Owl","Tytonidae","Birds"
"Cettia canturians","Manchurian Bush Warbler","Sylviidae","Birds"
"Bubulcus ibis","Cattle Egret","Ardeidae","Birds"
"Otus bakkamoena","Collared Scops Owl","Strigidae","Birds"
"Phylloscopus hainanus","Hainan Leaf-Warbler","Sylviidae","Birds"
"Chrysococcyx maculatus","Asian Emerald Cuckoo","Cuculidae","Birds"
"Phodilus badius","Bay Owl","Tytonidae","Birds"
"Tursiops aduncus","Indian Ocean Bottlenose Dolphin","Delphinidae","Mammals"
"Crocidura rapax","Chinese White-Toothed Shrew","Soricidae","Mammals"
"Megaderma lyra","Greater False Vampire Bat","Megadermatidae","Mammals"
"Herpestes javanicus","Small Asian Mongoose","Herpestidae","Mammals"
"Viverra zibetha","Large Indian Civet","Viverridae","Mammals"
"Balaenoptera borealis","Sei Whale","Balaenopteridae","Mammals"
"Balaenoptera edeni","Bryde's Whale","Balaenopteridae","Mammals"
"Myotis horsfieldii","Horsfield's Bat","Vespertilionidae","Mammals"
"Niviventer fulvescens","Indomalayan Niviventer","Muridae","Mammals"
"Kogia breviceps","Pygmy Sperm Whale","Physeteridae","Mammals"
"Paradoxurus hermaphroditus","Asian Palm Civet","Viverridae","Mammals"
"Rhinolophus pusillus","Least Horseshoe Bat","Rhinolophidae","Mammals"
"Kogia sima","Dwarf Sperm Whale","Physeteridae","Mammals"
"Taphozous melanopogon","Black-Bearded Tomb Bat","Emballonuridae","Mammals"
"Hystrix brachyura","Malayan Porcupine","Hystricidae","Mammals"
"Rattus tanezumi","Oriental House Rat","Muridae","Mammals"
"Hipposideros pratti","Pratt's Roundleaf Bat","Hipposideridae","Mammals"
"Indopacetus pacificus","Tropical Bottlenose Whale","Ziphiidae","Mammals"
"Scotophilus heathii","Greater Asiatic Yellow House Bat","Vespertilionidae","Mammals"
"Herpestes urva","Crab Eating Mongoose","Herpestidae","Mammals"
"Steno bredanensis","Rough Toothed Dolphin","Delphinidae","Mammals"
"Lepus hainanus","Hainan Hare","Leporidae","Mammals"
"Balaenoptera physalus","Fin Whale","Balaenopteridae","Mammals"
"Hipposideros pomona","Pomona Roundleaf Bat","Hipposideridae","Mammals"
"Petaurista philippensis","Indian Giant Flying Squirrel","Sciuridae","Mammals"
"Hipposideros armiger","Great Roundleaf Bat","Hipposideridae","Mammals"
"Pseudorca crassidens","False Killer Whale","Delphinidae","Mammals"
"Cynopterus sphinx","Greater Shortnosed Fruit Bat","Pteropodidae","Mammals"
"Chiropodomys gliroides","Pencil-Tailed Tree Mouse","Muridae","Mammals"
"Globicephala macrorhynchus","Short Finned Pilot Whale","Delphinidae","Mammals"
"Callosciurus erythraeus","Pallas's Squirrel","Sciuridae","Mammals"
"Mogera insularis","Insular Mole","Talpidae","Mammals"
"Pipistrellus tenuis","Least Pipistrelle","Vespertilionidae","Mammals"
"Feresa attenuata","Pygmy Killer Whale","Delphinidae","Mammals"
"Mus caroli","Ryukyu Mouse","Muridae","Mammals"
"Sus scrofa","Wild Boar","Suidae","Mammals"
"Rhinolophus sinicus","Chinese Horseshoe Bat","Rhinolophidae","Mammals"
"Lagenodelphis hosei","Fraser's Dolphin","Delphinidae","Mammals"
"Paguma larvata","Masked Palm Civet","Viverridae","Mammals"
"Herpestes auropunctatus","Small Indian Mongoose","Herpestidae","Mammals"
"Atherurus macrourus","Asiatic Brush-Tailed Porcupine","Hystricidae","Mammals"
"Hylopetes phayrei","Indochinese Flying Squirrel","Sciuridae","Mammals"
"Tursiops truncatus","Bottlenose Dolphin","Delphinidae","Mammals"
"Viverricula indica","Small Indian Civet","Viverridae","Mammals"
"Stenella longirostris","Spinner Dolphin","Delphinidae","Mammals"
"Rattus andamanensis","Indochinese Forest Rat","Muridae","Mammals"
"Prionailurus bengalensis","Leopard Cat","Felidae","Mammals"
"Manis pentadactyla","Chinese Pangolin","Manidae","Mammals"
"Megaptera novaeangliae","Humpback Whale","Balaenopteridae","Mammals"
"Sousa chinensis","Chinese White Dolphin","Delphinidae","Mammals"
"Balaenoptera acutorostrata","Common Minke Whale","Balaenopteridae","Mammals"
"Orcinus orca","Killer Whale","Delphinidae","Mammals"
"Lutra lutra","European Otter","Mustelidae","Mammals"
"Coelops frithii","Tail-Less Leaf-Nosed Bat","Hipposideridae","Mammals"
"Tamiops maritimus","Maritime Striped Squirrel","Sciuridae","Mammals"
"Hylopetes alboniger","African Linsang","Sciuridae","Mammals"
"Belomys pearsonii","Hairy Footed Flying Squirrel","Sciuridae","Mammals"
"Ursus thibetanus","Asian Black Bear","Ursidae","Mammals"
"Kerivoula picta","Painted Bat","Vespertilionidae","Mammals"
"Tupaia belangeri","Northern Treeshrew","Tupaiidae","Mammals"
"Chaerephon plicatus","Wrinkle-Lipped Bat","Molossidae","Mammals"
"Martes flavigula","Yellow Throated Marten","Mustelidae","Mammals"
"Rhinolophus luctus","Great Woolly Horsehoe Bat","Rhinolophidae","Mammals"
"Dremomys pyrrhomerus","Red-Hipped Squirrel","Sciuridae","Mammals"
"Rusa unicolor","Sambar Deer","Cervidae","Mammals"
"Mustela kathiah","Yellow-Bellied Weasel","Mustelidae","Mammals"
"Miniopterus pusillus","Small Bent Winged Bat","Vespertilionidae","Mammals"
"Murina cyclotis","Round Eared Tube Nosed Bat","Vespertilionidae","Mammals"
"Pipistrellus pulveratus","Chinese Pipistrelle","Vespertilionidae","Mammals"
"Pipistrellus abramus","Japanese Pipistrelle","Vespertilionidae","Mammals"
"Rattus nitidus","Himalayan Field Rat","Muridae","Mammals"
"Eschrichtius robustus","Gray Whale","Eschrichtiidae","Mammals"
"Mesoplodon ginkgodens","Ginkgo Toothed Whale","Ziphiidae","Mammals"
"Hapalomys delacouri","Lesser Marmoset Rat","Muridae","Mammals"
"Macaca mulatta","Rhesus Monkey","Cercopithecidae","Mammals"
"Ratufa bicolor","Black Giant Squirrel","Sciuridae","Mammals"
"Peponocephala electra","Melon-Headed Whale","Delphinidae","Mammals"
"Kerivoula hardwickii","Hardwicke's Woolly Bat","Vespertilionidae","Mammals"
"Stenella coeruleoalba","Striped Dolphin","Delphinidae","Mammals"
"Miniopterus magnater","Western Bent Winged Bat","Vespertilionidae","Mammals"
"Crocidura attenuata","Asian Gray Shrew","Soricidae","Mammals"
"Rucervus eldii","Eld's Deer","Cervidae","Mammals"
"Muntiacus vaginalis","Northern Red Muntjac","Cervidae","Mammals"
"Stenella attenuata","Pantropical Spotted Dolphin","Delphinidae","Mammals"
"Ziphius cavirostris","Cuvier's Beaked Whale","Ziphiidae","Mammals"
"Scotomanes ornatus","Harlequin Bat","Vespertilionidae","Mammals"
"Neohylomys hainanensis","Hainan Gymnure","Erinaceidae","Mammals"
"Rousettus leschenaultii","Leschenault's Rousette","Pteropodidae","Mammals"
"Scotophilus kuhlii","Lesser Asiatic Yellow Bat","Vespertilionidae","Mammals"
"Myotis pilosus","Rickett's Big-Footed Myotis","Vespertilionidae","Mammals"
"Dugong dugon","Sea Cow","Dugongidae","Mammals"
"Crocidura wuchihensis","Hainan Island Shrew","Soricidae","Mammals"
"Rattus losea","Losea Rat","Muridae","Mammals"
"Mesoplodon densirostris","Blainville's Beaked Whale","Ziphiidae","Mammals"
"Leopoldamys edwardsi","Edward’S Rat","Muridae","Mammals"
"Delphinus capensis","Long Beaked Common Dolphin","Delphinidae","Mammals"
"Balaenoptera musculus","Blue Whale","Balaenopteridae","Mammals"
"Pipistrellus ceylonicus","Kelaart's Pipistrelle","Vespertilionidae","Mammals"
"Grampus griseus","Risso's Dolphin","Delphinidae","Mammals"
"Nomascus hainanus","Hainan Gibbon","Hylobatidae","Mammals"
"Aonyx cinereus","null","Mustelidae","Mammals"
"Neophocaena phocaenoides","Finless Porpoise","Phocoenidae","Mammals"
"Melogale moschata","Chinese Ferret Badger","Mustelidae","Mammals"
"Physeter macrocephalus","Sperm Whale","Physeteridae","Mammals"
"Suncus murinus","House Shrew","Soricidae","Mammals"
"Rhinolophus affinis","Intermediate Horseshoe Bat","Rhinolophidae","Mammals"
"Hipposideros larvatus","Intermediate Roundleaf Bat","Hipposideridae","Mammals"
"Niviventer tenaster","Indochinese Mountain Niviventer","Muridae","Mammals"
"Myotis siligorensis","Himalayan Whiskered Bat","Vespertilionidae","Mammals"
"Myotis chinensis","Large Myotis","Vespertilionidae","Mammals"
"Enhydrina schistosa","Common Or Beaked Seasnake","Elapidae","Reptiles"
"Enhydris plumbea","Rice Paddy Snake","Homalopsidae","Reptiles"
"Lycodon capucinus","Common Wolf Snake","Colubridae","Reptiles"
"Cylindrophis ruffus","Red Cylinder Snake","Cylindrophiidae","Reptiles"
"Oligodon chinensis","Chinese Kukri Snake","Colubridae","Reptiles"
"Gekko chinensis","Gray's Chinese Gecko","Gekkonidae","Reptiles"
"Hydrophis gracilis","Graceful Small-Headed Seasnake","Elapidae","Reptiles"
"Thalassophina viperina","Viperine Sea Snake","Elapidae","Reptiles"
"Sinonatrix percarinata","Olive Keelback","Colubridae","Reptiles"
"Cyclophiops multicinctus","Many-Banded Green Snake","Colubridae","Reptiles"
"Lapemis curtus","Shaw's Sea Snake","Elapidae","Reptiles"
"Kerilia jerdoni","Jerdon's Sea Snake","Elapidae","Reptiles"
"Pseudoxenodon macrops","Big-Eyed Bamboo Snake","Colubridae","Reptiles"
"Sibynophis chinensis","Chinese Many-Tooth Snake","Colubridae","Reptiles"
"Enhydris chinensis","Chinese Water Snake","Homalopsidae","Reptiles"
"Takydromus sexlineatus","Asian Grass Lizard","Lacertidae","Reptiles"
"Lycodon flavozonatus","Big-Tooth Snake","Colubridae","Reptiles"
"Pseudoxenodon karlschmidti","Chinese Bamboo Snake","Colubridae","Reptiles"
"Lepidochelys olivacea","Pacific Ridley","Cheloniidae","Reptiles"
"Rhadinophis prasina","null","Colubridae","Reptiles"
"Sinonatrix aequifasciata","Asiatic Water Snake","Colubridae","Reptiles"
"Bungarus multicinctus","Many-Banded Krait","Elapidae","Reptiles"
"Sinomicrurus kelloggi","Kellogg's Coral Snake","Elapidae","Reptiles"
"Rhabdophis callichroma","Bavi Keelback","Colubridae","Reptiles"
"Amphiesma popei","Pope's Keelback","Colubridae","Reptiles"
"Hydrophis ornatus","Ornate Reef Seasnake","Elapidae","Reptiles"
"Enhydris bennettii","Bennett's Water Snake","Homalopsidae","Reptiles"
"Amphiesma boulengeri","Tai-Yong Keelback","Colubridae","Reptiles"
"Cryptelytrops albolabris","Trimeresurus Albolabris","Viperidae","Reptiles"
"Pareas hamptoni","Hampton's Slug Snake","Pareidae","Reptiles"
"Hemidactylus frenatus","Bridled House Gecko","Gekkonidae","Reptiles"
"Euprepiophis mandarinus","Mandarin Ratsnakes","Colubridae","Reptiles"
"Rhabdophis adleri","null","Colubridae","Reptiles"
"Cyclophiops major","Chinese Green Snake","Colubridae","Reptiles"
"Eretmochelys imbricata","Hawksbill","Cheloniidae","Reptiles"
"Hydrophis melanocephalus","Slender-Necked Seasnake","Elapidae","Reptiles"
"Rhabdophis subminiatus","Red-Necked Keelback","Colubridae","Reptiles"
"Laticauda laticaudata","Blue-Lipped Sea Krait","Elapidae","Reptiles"
"Pelamis platura","Yellowbelly Sea Snake","Elapidae","Reptiles"
"Caretta caretta","Loggerhead","Cheloniidae","Reptiles"
"Varanus salvator","Common Water Monitor","Varanidae","Reptiles"
"Calamaria septentrionalis","Hong Kong Dwarf Snake","Colubridae","Reptiles"
"Achalinus rufescens","Boulenger's Odd-Scaled Snake","Xenodermidae","Reptiles"
"Acalyptophis peronii","Horned Sea Snake","Elapidae","Reptiles"
"Achalinus hainanensis","null","Xenodermidae","Reptiles"
"Astrotia stokesii","Stoke's Seasnake","Elapidae","Reptiles"
"Python bivittatus","Burmese Python","Pythonidae","Reptiles"
"Dermochelys coriacea","Leatherback Sea Turtle","Dermochelyidae","Reptiles"
"Acrochordus granulatus","Little Filesnake","Acrochordidae","Reptiles"
"Calamaria pavimentata","Collared Reed Snake","Colubridae","Reptiles"
"Ophisaurus hainanensis","null","Anguidae","Reptiles"
"Amphiesma sauteri","Kosempo Keelback","Colubridae","Reptiles"
"Hydrophis caerulescens","Dwarf Seasnake","Elapidae","Reptiles"
"Acanthosaura lepidogaster","Brown Pricklenape","Agamidae","Reptiles"
"Pareas margaritophorus","Mountain Slug Snake","Pareidae","Reptiles"
"Lycodon rosozonatus","Rose Big-Tooth Snake","Colubridae","Reptiles"
"Hydrophis torquatus","West Coast Black-Headed Sea Snake","Elapidae","Reptiles"
"Oligodon cinereus","Günther's Kukri Snake","Colubridae","Reptiles"
"Oligodon formosanus","Formosa Kukri Snake","Colubridae","Reptiles"
"Ophiophagus hannah","King Cobra","Elapidae","Reptiles"
"Draco maculatus","Spotted Flying Dragon","Agamidae","Reptiles"
"Xenochrophis flavipunctatus","Yellow-Spotted Keelback","Colubridae","Reptiles"
"Pseudoxenodon bambusicola","Bamboo Snake","Colubridae","Reptiles"
"Takydromus kuehnei","Kuhne’S Grass Lizard","Lacertidae","Reptiles"
"Boiga kraepelini","Kelung Cat Snake","Colubridae","Reptiles"
"Naja atra","Chinese Cobra","Elapidae","Reptiles"
"Cuora galbinifrons","Indochinese Box Turtle","Geoemydidae","Reptiles"
"Amphiesmoides ornaticeps","Werner's Ornate Snake","Colubridae","Reptiles"
"Hydrophis cyanocinctus","Annulated Sea Snake","Elapidae","Reptiles"
"Rhynchophis boulengeri","Rhinoceros Snake","Colubridae","Reptiles"
"Xenopeltis hainanensis","null","Xenopeltidae","Reptiles"
"Protobothrops mucrosquamatus","Brown Spotted Pitviper","Viperidae","Reptiles"
"Aipysurus eydouxii","Spine-Tailed Seasnake","Elapidae","Reptiles"
"Mauremys mutica","Yellowpond Turtle","Geoemydidae","Turtles (non-marine)"
"Sacalia quadriocellata","Four-Eyed Turtle","Geoemydidae","Turtles (non-marine)"
"Pelodiscus sinensis","Chinese Soft-Shelled Turtle","Trionychidae","Turtles (non-marine)"
"Cuora galbinifrons","Indochinese Box Turtle","Geoemydidae","Turtles (non-marine)"
"Platysternon megacephalum","Big-Headed Turtle","Platysternidae","Turtles (non-marine)"
"Mauremys sinensis","Chinese Striped-Necked Turtle","Geoemydidae","Turtles (non-marine)"
"Sacalia bealei","Beal's Four-Eyed Turtle","Geoemydidae","Turtles (non-marine)"
"Cuora trifasciata","Three-Banded Box Turtle","Geoemydidae","Turtles (non-marine)"
"Palea steindachneri","Wattle-Necked Soft-Shelled Turtle","Trionychidae","Turtles (non-marine)"
"Cuora mouhotii","Keeled Box Turtle","Geoemydidae","Turtles (non-marine)"
"Parapelophryne scalpta","Hainan Flathead Toad","Bufonidae","Amphibians"
"Hylarana macrodactyla","Guangdong Frog","Ranidae","Amphibians"
"Hylarana spinulosa","Spiny Frog","Ranidae","Amphibians"
"Chiromantis doriae","Doria's Asian Treefrog","Rhacophoridae","Amphibians"
"Microhyla butleri","Butler's Rice Frog","Microhylidae","Amphibians"
"Kurixalus odontotarsus","Serrate-Legged Small Treefrog","Rhacophoridae","Amphibians"
"Hoplobatrachus rugulosus","Asian Peters Frog","Dicroglossidae","Amphibians"
"Limnonectes fragilis","Fragile Wart Frog","Dicroglossidae","Amphibians"
"Microhyla fissipes","Ornamented Pygmy Frog","Microhylidae","Amphibians"
"Hylarana cubitalis","Siam Frog","Ranidae","Amphibians"
"Odorrana hainanensis","Hainan Odorous Frog","Ranidae","Amphibians"
"Odorrana graminea","Large Odorous Frog","Ranidae","Amphibians"
"Amolops hainanensis","Hainan Sucker Frog","Ranidae","Amphibians"
"Odorrana chloronota","Chloronate Huia Frog","Ranidae","Amphibians"
"Hylarana taipehensis","Taipei Frog","Ranidae","Amphibians"
"Rana johnsi","John's Groove-Toed Frog","Ranidae","Amphibians"
"Rhacophorus rhodopus","Orange-Webbed Treefrog","Rhacophoridae","Amphibians"
"Polypedates mutus","Burmese Whipping Frog","Rhacophoridae","Amphibians"
"Liuixalus hainanus","Hainan Small Treefrog","Rhacophoridae","Amphibians"
"Microhyla heymonsi","Taiwan Rice Frog","Microhylidae","Amphibians"
"Occidozyga martensii","Marten’S Oriental Frog","Dicroglossidae","Amphibians"
"Odorrana nasuta","Hainan Bamboo-Leaf Frog","Ranidae","Amphibians"
"Rhacophorus dennysi","Blanford's Whipping Frog","Rhacophoridae","Amphibians"
"Occidozyga lima","Lurid Houlema","Dicroglossidae","Amphibians"
"Buergeria oxycephala","Red-Headed Flying Frog","Rhacophoridae","Amphibians"
"Kaloula pulchra","Digging Frog","Microhylidae","Amphibians"
"Kalophrynus interlineatus","Piebald Narrowmouthed Frog","Microhylidae","Amphibians"
"Duttaphrynus melanostictus","Doubtful Toad","Bufonidae","Amphibians"
"Liuixalus ocellatus","Ocellated Bubble-Nest Frog","Rhacophoridae","Amphibians"
"Leptobrachium hainanense","Hainan Pseudomoustache Toad","Megophryidae","Amphibians"
"Amolops torrentis","Torrent Sucker Frog","Ranidae","Amphibians"
"Feihyla vittata","Two-Striped Pigmy Tree Frog","Rhacophoridae","Amphibians"
"Hyla simplex","Annam Treefrog","Hylidae","Amphibians"
"Microhyla pulchra","Guangdong Rice Frog","Microhylidae","Amphibians"
"Fejervarya cancrivora","Java Wart Frog","Dicroglossidae","Amphibians"
"Tylototriton hainanensis","Hainan Knobby Newt","Salamandridae","Amphibians"
"Babina adenopleura","Olive Frog","Ranidae","Amphibians"
"Hylarana guentheri","Gunther's Amoy Frog","Ranidae","Amphibians"
"Polypedates megacephalus","Hong Kong Whipping Frog","Rhacophoridae","Amphibians"
"Rhacophorus yinggelingensis","Yinggelin Treefrog","Rhacophoridae","Amphibians"
"Fejervarya limnocharis","Indian Cricket Frog","Dicroglossidae","Amphibians"
"Polyura nepenthes","null","Nymphalidae","Butterflies"
"Yamamotozephyrus kwangtungensis","null","Lycaenidae","Butterflies"
"Seseria dohertyi","null","Hesperiidae","Butterflies"
"Teinopalpus aureus","null","Papilionidae","Butterflies"
"Athyma ranga","null","Nymphalidae","Butterflies"
"Herona marathus","null","Nymphalidae","Butterflies"
"Caltoris cahira","null","Hesperiidae","Butterflies"
"Astictopterus jama","null","Hesperiidae","Butterflies"
"Hestinalis nama","null","Nymphalidae","Butterflies"
"Lasiommata deidamia","null","Nymphalidae","Butterflies"
"Mandarinia regalis","null","Nymphalidae","Butterflies"
"Pantoporia bieti","null","Nymphalidae","Butterflies"
"Ypthima conjuncta","null","Nymphalidae","Butterflies"
"Lethe lanaris","null","Nymphalidae","Butterflies"
"Athyma zeroca","null","Nymphalidae","Butterflies"
"Coelites nothis","null","Nymphalidae","Butterflies"
"Nosea hainanensis","null","Nymphalidae","Butterflies"
"Athyma opalina","null","Nymphalidae","Butterflies"
"Leucantigius atayalicus","null","Lycaenidae","Butterflies"
"Macroglossum sitiene","null","Sphingidae","Sphingid moths"
"Macroglossum neotroglodytus","null","Sphingidae","Sphingid moths"
"Theretra oldenlandiae","Impatiens Hawk Moth Larva","Sphingidae","Sphingid moths"
"Hippotion rafflesii","null","Sphingidae","Sphingid moths"
"Hippotion rosetta","Vine Hawk Moth","Sphingidae","Sphingid moths"
"Acosmeryx sericeus","null","Sphingidae","Sphingid moths"
"Clanis bilineata","null","Sphingidae","Sphingid moths"
"Ambulyx schauffelbergeri","null","Sphingidae","Sphingid moths"
"Ampelophaga rubiginosa","null","Sphingidae","Sphingid moths"
"Sphingonaepiopsis pumilio","null","Sphingidae","Sphingid moths"
"Gnathothlibus erotus","White-Browed Hawkmoth","Sphingidae","Sphingid moths"
"Daphnis hypothous","null","Sphingidae","Sphingid moths"
"Macroglossum faro","null","Sphingidae","Sphingid moths"
"Marumba gaschkewitschii","null","Sphingidae","Sphingid moths"
"Macroglossum prometheus","null","Sphingidae","Sphingid moths"
"Craspedortha porphyria","null","Sphingidae","Sphingid moths"
"Acosmeryx shervillii","null","Sphingidae","Sphingid moths"
"Clanis undulosa","null","Sphingidae","Sphingid moths"
"Hyles livornica","Striped Hawk-Moth","Sphingidae","Sphingid moths"
"Hippotion celerio","Silver-Striped Hawk-Moth","Sphingidae","Sphingid moths"
"Callambulyx rubricosa","null","Sphingidae","Sphingid moths"
"Macroglossum divergens","null","Sphingidae","Sphingid moths"
"Macroglossum semifasciata","null","Sphingidae","Sphingid moths"
"Sataspes xylocoparis","null","Sphingidae","Sphingid moths"
"Micracosmeryx chaochauensis","null","Sphingidae","Sphingid moths"
"Macroglossum gyrans","null","Sphingidae","Sphingid moths"
"Callambulyx junonia","null","Sphingidae","Sphingid moths"
"Langia zenzeroides","null","Sphingidae","Sphingid moths"
"Acosmeryx sinjaevi","null","Sphingidae","Sphingid moths"
"Macroglossum glaucoptera","null","Sphingidae","Sphingid moths"
"Marumba cristata","null","Sphingidae","Sphingid moths"
"Macroglossum poecilum","null","Sphingidae","Sphingid moths"
"Theretra lycetus","null","Sphingidae","Sphingid moths"
"Acosmerycoides harterti","null","Sphingidae","Sphingid moths"
"Hippotion boerhaviae","Hippotion Sphinx Moth","Sphingidae","Sphingid moths"
"Marumba dyras","null","Sphingidae","Sphingid moths"
"Macroglossum mediovitta","null","Sphingidae","Sphingid moths"
"Sataspes tagalica","null","Sphingidae","Sphingid moths"
"Macroglossum fritzei","null","Sphingidae","Sphingid moths"
"Psilogramma increta","null","Sphingidae","Sphingid moths"
"Cypoides chinensis","null","Sphingidae","Sphingid moths"
"Eupanacra mydon","null","Sphingidae","Sphingid moths"
"Deilephila elpenor","Elephant Hawk-Moth","Sphingidae","Sphingid moths"
"Daphnis nerii","Oleander Hawkmoth","Sphingidae","Sphingid moths"
"Cechenena minor","null","Sphingidae","Sphingid moths"
"Theretra clotho","null","Sphingidae","Sphingid moths"
"Theretra nessus","Yam Hawk Moth","Sphingidae","Sphingid moths"
"Clanis schwartzi","null","Sphingidae","Sphingid moths"
"Hippotion velox","null","Sphingidae","Sphingid moths"
"Callambulyx kitchingi","null","Sphingidae","Sphingid moths"
"Macroglossum corythus","null","Sphingidae","Sphingid moths"
"Theretra silhetensis","Brown-Banded Hunter Hawkmoth","Sphingidae","Sphingid moths"
"Macroglossum vacillans","null","Sphingidae","Sphingid moths"
"Macroglossum vicinum","null","Sphingidae","Sphingid moths"
"Macroglossum troglodytus","null","Sphingidae","Sphingid moths"
"Theretra pallicosta","null","Sphingidae","Sphingid moths"
"Ambulyx liturata","null","Sphingidae","Sphingid moths"
"Macroglossum passalus","null","Sphingidae","Sphingid moths"
"Macroglossum obscura","null","Sphingidae","Sphingid moths"
"Ambulyx moorei","null","Sphingidae","Sphingid moths"
"Theretra latreillii","Pale Brown Hawk Moth","Sphingidae","Sphingid moths"
"Macroglossum belis","null","Sphingidae","Sphingid moths"
"Macroglossum bombylans","null","Sphingidae","Sphingid moths"
"Theretra alecto","null","Sphingidae","Sphingid moths"
"Daphnusa sinocontinentalis","null","Sphingidae","Sphingid moths"
"Megacorma obliqua","null","Sphingidae","Sphingid moths"
"Cephonodes hylas","null","Sphingidae","Sphingid moths"
"Theretra suffusa","null","Sphingidae","Sphingid moths"
"Polyptychus trilineatus","null","Sphingidae","Sphingid moths"
"Eupanacra busiris","null","Sphingidae","Sphingid moths"
"Rhagastis albomarginatus","null","Sphingidae","Sphingid moths"
"Rhodambulyx hainanensis","null","Sphingidae","Sphingid moths"
"Ampelophaga dolichoides","null","Sphingidae","Sphingid moths"
"Marumba sperchius","null","Sphingidae","Sphingid moths"
"Dolbina inexacta","null","Sphingidae","Sphingid moths"
"Cizara sculpta","null","Sphingidae","Sphingid moths"
"Ambulyx tattina","null","Sphingidae","Sphingid moths"
"Macroglossum variegatum","null","Sphingidae","Sphingid moths"
"Theretra boisduvalii","null","Sphingidae","Sphingid moths"
"Daphnis placida","null","Sphingidae","Sphingid moths"
"Amplypterus panopus","null","Sphingidae","Sphingid moths"
"Acosmeryx naga","null","Sphingidae","Sphingid moths"
"Elibia dolichus","null","Sphingidae","Sphingid moths"
"Cypa uniformis","null","Sphingidae","Sphingid moths"
"Acosmeryx pseudonaga","null","Sphingidae","Sphingid moths"
"Acosmeryx anceus","null","Sphingidae","Sphingid moths"
"Phyllosphingia dissimilis","null","Sphingidae","Sphingid moths"
"Parum colligata","null","Sphingidae","Sphingid moths"
"Marumba spectabilis","null","Sphingidae","Sphingid moths"
"Meganoton rubescens","null","Sphingidae","Sphingid moths"
"Angonyx testacea","null","Sphingidae","Sphingid moths"
"Macroglossum mitchellii","null","Sphingidae","Sphingid moths"
"Ambulyx kuangtungensis","null","Sphingidae","Sphingid moths"
"Smerinthulus perversa","null","Sphingidae","Sphingid moths"
"Cechenena aegrota","null","Sphingidae","Sphingid moths"
"Macroglossum aquila","null","Sphingidae","Sphingid moths"
"Neogurelca hyas","null","Sphingidae","Sphingid moths"
"Eupanacra malayana","null","Sphingidae","Sphingid moths"
"Cechenena lineosa","null","Sphingidae","Sphingid moths"
"Acherontia lachesis","Death's-Head Hawkmoth","Sphingidae","Sphingid moths"
"Nephele hespera","null","Sphingidae","Sphingid moths"
"Anambulyx elwesi","null","Sphingidae","Sphingid moths"
"Theretra sumatrensis","null","Sphingidae","Sphingid moths"
"Enpinanga assamensis","null","Sphingidae","Sphingid moths"
"Agrius convolvuli","Convolvulus Hawk","Sphingidae","Sphingid moths"
"Cypa enodis","null","Sphingidae","Sphingid moths"
"Leucophlebia lineata","null","Sphingidae","Sphingid moths"
"Ambulyx sericeipennis","null","Sphingidae","Sphingid moths"
"Callambulyx poecilus","null","Sphingidae","Sphingid moths"
"Theretra tibetiana","null","Sphingidae","Sphingid moths"
"Cechenena helops","null","Sphingidae","Sphingid moths"
"Ambulyx substrigilis","null","Sphingidae","Sphingid moths"
"Macroglossum pyrrhosticta","Hummingbird Hawk Moth","Sphingidae","Sphingid moths"
"Hippotion echeclus","null","Sphingidae","Sphingid moths"
"Meganoton nyctiphanes","null","Sphingidae","Sphingid moths"
"Meganoton analis","null","Sphingidae","Sphingid moths"
"Psilogramma discistriga","null","Sphingidae","Sphingid moths"
"Dahira rubiginosa","null","Sphingidae","Sphingid moths"
"Ambulyx ochracea","null","Sphingidae","Sphingid moths"
"Eupanacra variolosa","null","Sphingidae","Sphingid moths"
"Pergesa acteus","null","Sphingidae","Sphingid moths"
"Acherontia styx","Death's-Head Hawk Moth","Sphingidae","Sphingid moths"
"Macroglossum saga","null","Sphingidae","Sphingid moths"
"Acosmeryx castanea","null","Sphingidae","Sphingid moths"
"Opistoclanis hawkeri","null","Sphingidae","Sphingid moths"
"Pinus fenzeliana","Fenzel's White Pine","Pinaceae","Conifers"
"Cephalotaxus sinensis","Chinese Plum Yew","Taxaceae","Conifers"
"Cephalotaxus hainanensis","Hainan Plum Yew","Taxaceae","Conifers"
"Dacrycarpus imbricatus","Malayan Yellowwood","Podocarpaceae","Conifers"
"Cephalotaxus mannii","Mann's Yew Plum","Taxaceae","Conifers"
"Calocedrus macrolepis","Chinese Incense-Cedar","Cupressaceae","Conifers"
"Nageia nagi","Nagi","Podocarpaceae","Conifers"
"Cunninghamia lanceolata","Cunninghamia","Cupressaceae","Conifers"
"Pinus massoniana","Masson's Pine","Pinaceae","Conifers"
"Keteleeria evelyniana","Evelyn's Keteleeria","Pinaceae","Conifers"
"Podocarpus neriifolius","Oleander Podocarp","Podocarpaceae","Conifers"
"Dacrydium pectinatum","null","Podocarpaceae","Conifers"
"Pinus latteri","Tenasserim Pine","Pinaceae","Conifers"
"Podocarpus pilgeri","null","Podocarpaceae","Conifers"
