Downloaded from https://mol.org on Jun 23, 2022. Inclusive species list based on approximate intersections with Political boundary polygon for the Jiangxi region. 


"Scientific Name","Common Name","Family","Taxonomic Group"
"Actitis hypoleucos","Common Sandpiper","Scolopacidae","Birds"
"Phaenicophaeus tristis","Green-Billed Malkoha","Cuculidae","Birds"
"Phylloscopus coronatus","Temminck's Crowned Warbler","Sylviidae","Birds"
"Coracina macei","Javan Cuckoo-Shrike","Campephagidae","Birds"
"Grus monacha","Hooded Crane","Gruidae","Birds"
"Centropus sinensis","Common Coucal","Cuculidae","Birds"
"Glaucidium cuculoides","Cuckoo Owlet","Strigidae","Birds"
"Gorsachius magnificus","White-Eared Night-Heron","Ardeidae","Birds"
"Garrulax maesi","Grey Laughingthrush","Timaliidae","Birds"
"Melophus lathami","Crested Bunting","Emberizidae","Birds"
"Rostratula benghalensis","Painted-Snipe","Rostratulidae","Birds"
"Acridotheres cristatellus","Chinese Jungle Myna","Sturnidae","Birds"
"Garrulax monileger","Leser Necklaced Laughingthrush","Timaliidae","Birds"
"Phylloscopus ricketti","Sulphur-Breasted Warbler","Sylviidae","Birds"
"Otus lettia","Collared Scops Owl","Strigidae","Birds"
"Cisticola juncidis","Zitting Cisticola","Cisticolidae","Birds"
"Tachybaptus ruficollis","Little Grebe","Podicipedidae","Birds"
"Anser anser","Greylag Goose","Anatidae","Birds"
"Amaurornis akool","Brown Crake","Rallidae","Birds"
"Gallinago stenura","Pintail Snipe","Scolopacidae","Birds"
"Vanellus cinereus","Grey-Headed Lapwing","Charadriidae","Birds"
"Tadorna ferruginea","Ruddy Shelduck","Anatidae","Birds"
"Charadrius alexandrinus","Kentish Plover","Charadriidae","Birds"
"Corvus corone","Carrion Crow","Corvidae","Birds"
"Alauda gulgula","Oriental Skylark","Alaudidae","Birds"
"Turdus naumanni","Dusky Thrush","Turdidae","Birds"
"Garrulax sannio","White-Browed Laughingthrush","Timaliidae","Birds"
"Arenaria interpres","Ruddy Turnstone","Scolopacidae","Birds"
"Pteruthius xanthochlorus","Green Shrike-Babbler","Timaliidae","Birds"
"Ficedula albicilla","Taiga Flycatcher","Muscicapidae","Birds"
"Circus cyaneus","Hen Harrier","Accipitridae","Birds"
"Niltava davidi","Fukien Niltava","Muscicapidae","Birds"
"Larus canus","Common Gull","Laridae","Birds"
"Glaucidium brodiei","Collared Owlet","Strigidae","Birds"
"Cuculus micropterus","Short-Winged Cuckoo","Cuculidae","Birds"
"Luscinia sibilans","Rufous-Tailed Robin","Muscicapidae","Birds"
"Larus ridibundus","Common Black-Headed Gull","Laridae","Birds"
"Emberiza schoeniclus","Reed Bunting","Emberizidae","Birds"
"Halcyon smyrnensis","White-Throated Kingfisher","Alcedinidae","Birds"
"Emberiza pallasi","Pallas's Bunting","Emberizidae","Birds"
"Alcedo atthis","Common Kingfisher","Alcedinidae","Birds"
"Porzana fusca","Ruddy-Breasted Crake","Rallidae","Birds"
"Paradoxornis heudei","Heude's Parrotbill","Timaliidae","Birds"
"Falco peregrinus","Peregrine Falcon","Falconidae","Birds"
"Aviceda leuphotes","Black Baza","Accipitridae","Birds"
"Turdus hortulorum","Grey-Backed Thrush","Turdidae","Birds"
"Paradoxornis webbianus","Brown-Winged Parrotbill","Timaliidae","Birds"
"Garrulax canorus","Melodious Laughingthrush","Timaliidae","Birds"
"Anas strepera","Gadwall","Anatidae","Birds"
"Merops viridis","Chestnut-Headed Bee-Eater(S.3294)","Meropidae","Birds"
"Spilornis cheela","Crested Serpent-Eagle","Accipitridae","Birds"
"Anthus cervinus","Red-Throated Pipit","Motacillidae","Birds"
"Minla cyanouroptera","Blue-Winged Minla","Timaliidae","Birds"
"Turdus merula","Blackbird","Turdidae","Birds"
"Apus pacificus","Fork-Tailed Swift","Apodidae","Birds"
"Tringa totanus","Common Redshank","Scolopacidae","Birds"
"Monticola solitarius","Blue Rock Thrush","Muscicapidae","Birds"
"Mesophoyx intermedia","Intermediate Egret","Ardeidae","Birds"
"Leiothrix lutea","Pekin Robin","Timaliidae","Birds"
"Blythipicus pyrrhotis","Bay Woodpecker","Picidae","Birds"
"Turdus cardis","Japanese Thrush","Turdidae","Birds"
"Phasianus colchicus","Common Pheasant","Phasianidae","Birds"
"Pomatorhinus swinhoei","Grey-Sided Scimitar-Babbler","Timaliidae","Birds"
"Motacilla cinerea","Grey Wagtail","Motacillidae","Birds"
"Paradoxornis gularis","Grey-Headed Parrotbill","Timaliidae","Birds"
"Gecinulus grantia","Pale Headed Woodpecker","Picidae","Birds"
"Stachyris ruficeps","Rufous-Capped Babbler","Timaliidae","Birds"
"Botaurus stellaris","Bittern","Ardeidae","Birds"
"Charadrius placidus","Long-Billed Plover","Charadriidae","Birds"
"Muscicapa sibirica","Siberian Flycatcher","Muscicapidae","Birds"
"Apus nipalensis","House Swift","Apodidae","Birds"
"Brachypteryx leucophrys","Lesser Shortwing","Turdidae","Birds"
"Ficedula zanthopygia","Yellow-Rumped Flycatcher","Muscicapidae","Birds"
"Phylloscopus ogilviegranti","Kloss's Leaf Warbler","Sylviidae","Birds"
"Falco subbuteo","Eurasian Hobby","Falconidae","Birds"
"Harpactes erythrocephalus","Red-Headed Trogon","Trogonidae","Birds"
"Tephrodornis gularis","Brown-Tailed Woodshrike","Campephagidae","Birds"
"Enicurus maculatus","Spotted Forktail","Muscicapidae","Birds"
"Dicrurus macrocercus","Black Drongo","Dicruridae","Birds"
"Picus canus","Grey-Faced Woodpecker","Picidae","Birds"
"Lanius bucephalus","Bull-Headed Shrike","Laniidae","Birds"
"Otus spilocephalus","Mountain Scops-Owl","Strigidae","Birds"
"Anas formosa","Baikal Teal","Anatidae","Birds"
"Sturnus cineraceus","Grey Starling","Sturnidae","Birds"
"Hypsipetes leucocephalus","Asian Black Bulbul","Pycnonotidae","Birds"
"Bucephala clangula","Common Goldeneye","Anatidae","Birds"
"Carduelis sinica","Oriental Greenfinch","Fringillidae","Birds"
"Urocissa erythrorhyncha","Red-Billed Blue Magpie","Corvidae","Birds"
"Phylloscopus reguloides","Blyth's Leaf-Warbler","Sylviidae","Birds"
"Accipiter nisus","Eurasian Sparrowhawk","Accipitridae","Birds"
"Collocalia brevirostris","Himalayan Swiftlet","Apodidae","Birds"
"Acrocephalus arundinaceus","Great Reed Warbler","Sylviidae","Birds"
"Buteo hemilasius","Upland Buzzard","Accipitridae","Birds"
"Ardeola bacchus","Chinese Pond-Heron","Ardeidae","Birds"
"Coccothraustes coccothraustes","Hawfinch","Fringillidae","Birds"
"Seicercus soror","Alstrom's Warbler","Sylviidae","Birds"
"Parus venustulus","Yellow-Bellied Tit","Paridae","Birds"
"Grus japonensis","Red-Crowned Crane","Gruidae","Birds"
"Eophona personata","Japanese Grosbeak","Fringillidae","Birds"
"Sterna nilotica","Gull-Billed Tern","Laridae","Birds"
"Turnix tanki","Yellow-Legged Buttonquail","Turnicidae","Birds"
"Acrocephalus aedon","Thick-Billed Warbler","Sylviidae","Birds"
"Phylloscopus subaffinis","Buff-Throated Warbler","Sylviidae","Birds"
"Delichon dasypus","Asian House Martin","Hirundinidae","Birds"
"Cygnus columbianus","Tundra Swan","Anatidae","Birds"
"Regulus regulus","Goldcrest","Reguliidae","Birds"
"Anas zonorhyncha","Eastern Spot-Billed Duck","Anatidae","Birds"
"Enicurus schistaceus","Slaty-Backed Forktail","Muscicapidae","Birds"
"Zosterops japonicus","Japanese White-Eye","Zosteropidae","Birds"
"Treron sieboldii","Japanese Green-Pigeon","Columbidae","Birds"
"Aix galericulata","Mandarin Duck","Anatidae","Birds"
"Ixobrychus cinnamomeus","Cinnamon Bittern","Ardeidae","Birds"
"Pucrasia macrolopha","Koklass Pheasant","Phasianidae","Birds"
"Centropus bengalensis","Lesser Coucal","Cuculidae","Birds"
"Anser cygnoides","Swan Goose","Anatidae","Birds"
"Enicurus leschenaulti","White-Crowned Forktail","Muscicapidae","Birds"
"Scolopax rusticola","Woodcock","Scolopacidae","Birds"
"Sylviparus modestus","Yellow-Browed Tit","Paridae","Birds"
"Anas querquedula","Garganey","Anatidae","Birds"
"Bradypterus tacsanowskius","Chinese Bush-Warbler","Sylviidae","Birds"
"Urosphena squameiceps","Scaly-Headed Stubtail","Sylviidae","Birds"
"Emberiza fucata","Chestnut-Eared Bunting","Emberizidae","Birds"
"Grus leucogeranus","Siberian Crane","Gruidae","Birds"
"Accipiter gentilis","Goshawk","Accipitridae","Birds"
"Brachypteryx montana","Blue Shortwing","Turdidae","Birds"
"Limosa limosa","Black-Tailed Godwit","Scolopacidae","Birds"
"Sturnus nigricollis","Black-Collared Starling","Sturnidae","Birds"
"Phylloscopus proregulus","Pallas's Leaf Warbler","Sylviidae","Birds"
"Enicurus scouleri","Little Forktail","Muscicapidae","Birds"
"Grus vipio","White-Naped Crane","Gruidae","Birds"
"Tesia cyaniventer","Grey-Bellied Tesia","Sylviidae","Birds"
"Anas acuta","Northern Pintail","Anatidae","Birds"
"Aquila chrysaetos","Golden Eagle","Accipitridae","Birds"
"Erithacus akahige","Japanese Robin","Muscicapidae","Birds"
"Remiz consobrinus","Chinese Penduline Tit","Remizidae","Birds"
"Riparia riparia","Sand Martin","Hirundinidae","Birds"
"Rhyacornis fuliginosa","Plumbeous Water Redstart","Muscicapidae","Birds"
"Tringa glareola","Wood Sandpiper","Scolopacidae","Birds"
"Dicrurus hottentottus","Hair-Crested Drongo","Dicruridae","Birds"
"Ciconia boyciana","Oriental White Stork","Ciconiidae","Birds"
"Dicaeum cruentatum","Scarlet-Backed Flowerpecker","Dicaeidae","Birds"
"Hypothymis azurea","Black-Naped Monarch","Monarchidae","Birds"
"Falco amurensis","Amur Falcon","Falconidae","Birds"
"Lanius sphenocercus","Chinese Grey Shrike","Laniidae","Birds"
"Pyrrhula nipalensis","Brown Bullfinch","Fringillidae","Birds"
"Vanellus vanellus","Lapwing","Charadriidae","Birds"
"Yuhina nigrimenta","Black-Chinned Yuhina","Timaliidae","Birds"
"Phylloscopus davisoni","White-Tailed Leaf-Warbler","Sylviidae","Birds"
"Locustella fasciolata","Gray's Grasshopper-Warbler","Sylviidae","Birds"
"Grus grus","Common Crane","Gruidae","Birds"
"Lonchura striata","White-Rumped Munia","Estrildidae","Birds"
"Garrulax perspicillatus","Spectacled Laughingthrush","Timaliidae","Birds"
"Charadrius dubius","Little Ringed Plover","Charadriidae","Birds"
"Gallicrex cinerea","Watercock","Rallidae","Birds"
"Pica pica","Black-Billed Magpie","Corvidae","Birds"
"Streptopelia tranquebarica","Red-Collared Dove","Columbidae","Birds"
"Aquila clanga","Greater Spotted Eagle","Accipitridae","Birds"
"Sterna caspia","Caspian Tern","Laridae","Birds"
"Mergellus albellus","Smew","Anatidae","Birds"
"Ciconia nigra","Black Stork","Ciconiidae","Birds"
"Calidris ruficollis","Red-Necked Stint","Scolopacidae","Birds"
"Alcippe cinereiceps","Grey-Hooded Fulvetta","Timaliidae","Birds"
"Ictinaetus malayensis","Indian Black Eagle","Accipitridae","Birds"
"Terpsiphone paradisi","Asian Paradise-Flycatcher","Monarchidae","Birds"
"Pelecanus crispus","Dalmatian Pelican","Pelecanidae","Birds"
"Chrysomma sinense","Yellow-Eyed Babbler","Timaliidae","Birds"
"Gallirallus striatus","Blue-Breasted Banded Rail","Rallidae","Birds"
"Emberiza chrysophrys","Yellow-Browed Bunting","Emberizidae","Birds"
"Accipiter soloensis","Chinese Goshawk","Accipitridae","Birds"
"Podiceps cristatus","Great Crested Grebe","Podicipedidae","Birds"
"Celeus brachyurus","Rufous Woodpecker","Picidae","Birds"
"Megaceryle lugubris","Crested Kingfisher","Alcedinidae","Birds"
"Caprimulgus affinis","Savanna Nightjar","Caprimulgidae","Birds"
"Zoothera citrina","Orange-Headed Thrush","Turdidae","Birds"
"Corvus macrorhynchos","Large-Billed Crow","Corvidae","Birds"
"Cinclus pallasii","Brown Dipper","Cinclidae","Birds"
"Dicaeum concolor","Plain Flowerpecker","Dicaeidae","Birds"
"Numenius arquata","Eurasian Curlew","Scolopacidae","Birds"
"Paradoxornis guttaticollis","Spot-Breasted Parrotbill","Timaliidae","Birds"
"Parus major","Great Tit","Paridae","Birds"
"Himantopus himantopus","Black-Winged Stilt","Recurvirostridae","Birds"
"Hirundo daurica","Red-Rumped Swallow","Hirundinidae","Birds"
"Fulica atra","Common Coot","Rallidae","Birds"
"Graminicola bengalensis","Rufous-Rumped Grassbird","Sylviidae","Birds"
"Emberiza pusilla","Little Bunting","Emberizidae","Birds"
"Passer montanus","Eurasian Tree Sparrow","Passeridae","Birds"
"Troglodytes troglodytes","Winter Wren","Troglodytidae","Birds"
"Streptopelia orientalis","Oriental Turtle Dove","Columbidae","Birds"
"Zoothera dauma","Scaly Thrush","Turdidae","Birds"
"Cyornis hainanus","Grant's Niltava","Muscicapidae","Birds"
"Cuculus fugax","Fugitive Hawk-Cuckoo","Cuculidae","Birds"
"Prinia inornata","Plain Prinia","Cisticolidae","Birds"
"Eurystomus orientalis","Eastern Broad-Billed Roller","Coraciidae","Birds"
"Falco tinnunculus","Common Kestrel","Falconidae","Birds"
"Dendrocopos major","Great Spotted Woodpecker","Picidae","Birds"
"Platalea leucorodia","Eurasian Spoonbill","Threskiornithidae","Birds"
"Picumnus innominatus","Speckled Piculet","Picidae","Birds"
"Gallinago solitaria","Solitary Snipe","Scolopacidae","Birds"
"Anas poecilorhyncha","Spot-Billed Duck","Anatidae","Birds"
"Anthus rubescens","Buff-Bellied Pipit","Motacillidae","Birds"
"Bradypterus luteoventris","Brown Bush-Warbler","Sylviidae","Birds"
"Luscinia calliope","Siberian Rubythroat","Muscicapidae","Birds"
"Dendrocopos canicapillus","Grey-Capped Woodpecker","Picidae","Birds"
"Corvus dauuricus","Daurian Jackdaw","Corvidae","Birds"
"Cuculus sparverioides","Large Hawk-Cuckoo","Cuculidae","Birds"
"Anthus hodgsoni","Olive-Backed Pipit","Motacillidae","Birds"
"Egretta garzetta","Mascarene Reef-Egret","Ardeidae","Birds"
"Alcippe morrisonia","Grey-Cheeked Fulvetta","Timaliidae","Birds"
"Eumyias thalassinus","Verditer Flycatcher","Muscicapidae","Birds"
"Pitta nympha","Fairy Pitta","Pittidae","Birds"
"Garrulax albogularis","White-Throated Laughingthrush","Timaliidae","Birds"
"Lonchura punctulata","Nutmeg Munia","Estrildidae","Birds"
"Aethopyga gouldiae","Gould's Sunbird","Nectariniidae","Birds"
"Lanius schach","Long-Tailed Shrike","Laniidae","Birds"
"Anas penelope","Eurasian Wigeon","Anatidae","Birds"
"Saxicola torquatus","Common Stonechat","Muscicapidae","Birds"
"Pericrocotus brevirostris","Short-Billed Minivet","Campephagidae","Birds"
"Tichodroma muraria","Wallcreeper","Sittidae","Birds"
"Pluvialis fulva","Pacific Golden Plover","Charadriidae","Birds"
"Pericrocotus cantonensis","Brown-Rumped Minivet","Campephagidae","Birds"
"Casmerodius albus","Great Egret","Ardeidae","Birds"
"Urosphena subulata","Timor Stubtail","Sylviidae","Birds"
"Lanius cristatus","Brown Shrike","Laniidae","Birds"
"Caprimulgus indicus","Jungle Nightjar","Caprimulgidae","Birds"
"Glareola maldivarum","Oriental Pratincole","Glareolidae","Birds"
"Falco columbarius","Merlin","Falconidae","Birds"
"Cuculus canorus","Common Cuckoo","Cuculidae","Birds"
"Myophonus caeruleus","Himalayan Whistling-Thrush","Turdidae","Birds"
"Dendrocopos leucotos","White-Backed Woodpecker","Picidae","Birds"
"Pandion haliaetus","Osprey","Accipitridae","Birds"
"Emberiza rustica","Rustic Bunting","Emberizidae","Birds"
"Pycnonotus xanthorrhous","Anderson's Bulbul","Pycnonotidae","Birds"
"Emberiza rutila","Chestnut Bunting","Emberizidae","Birds"
"Coracina melaschistos","Black-Winged Cuckoo-Shrike","Campephagidae","Birds"
"Nettapus coromandelianus","Cotton Pygmy-Goose","Anatidae","Birds"
"Macropygia unchall","Bar-Tailed Cuckoo-Dove","Columbidae","Birds"
"Chlidonias hybrida","Whiskered Tern","Laridae","Birds"
"Cyanopica cyanus","Azure-Winged Magpie","Corvidae","Birds"
"Pomatorhinus ruficollis","Streak-Breasted Scimitar-Babbler","Timaliidae","Birds"
"Coturnicops exquisitus","Swinhoe's Rail","Rallidae","Birds"
"Cuculus poliocephalus","Lesser Cuckoo","Cuculidae","Birds"
"Sterna sumatrana","Black-Naped Tern","Laridae","Birds"
"Syrmaticus ellioti","Elliot's Pheasant","Phasianidae","Birds"
"Aquila heliaca","Imperial Eagle","Accipitridae","Birds"
"Calidris alpina","Dunlin","Scolopacidae","Birds"
"Spizixos semitorques","Collared Finchbill","Pycnonotidae","Birds"
"Tringa erythropus","Spotted Redshank","Scolopacidae","Birds"
"Ixobrychus flavicollis","Black Bittern","Ardeidae","Birds"
"Zoothera sibirica","Siberian Thrush","Turdidae","Birds"
"Pericrocotus solaris","Grey-Chinned Minivet","Campephagidae","Birds"
"Tringa ochropus","Green Sandpiper","Scolopacidae","Birds"
"Stigmatopelia chinensis","Spotted Dove","Columbidae","Birds"
"Chrysolophus pictus","Golden Pheasant","Phasianidae","Birds"
"Motacilla flava","Yellow Wagtail","Motacillidae","Birds"
"Seicercus valentini","Bianchi's Warbler","Sylviidae","Birds"
"Chrysococcyx maculatus","Asian Emerald Cuckoo","Cuculidae","Birds"
"Sterna albifrons","Little Tern","Laridae","Birds"
"Otus bakkamoena","Collared Scops Owl","Strigidae","Birds"
"Bubulcus ibis","Cattle Egret","Ardeidae","Birds"
"Emberiza yessoensis","Japanese Reed Bunting","Emberizidae","Birds"
"Cettia canturians","Manchurian Bush Warbler","Sylviidae","Birds"
"Tyto longimembris","Eastern Grass Owl","Tytonidae","Birds"
"Mergus squamatus","Chinese Merganser","Anatidae","Birds"
"Monticola rufiventris","Chestnut-Bellied Rock-Thrush","Muscicapidae","Birds"
"Prinia atrogularis","Hill Prinia","Cisticolidae","Birds"
"Hypsipetes mcclellandii","Mountain Bulbul","Pycnonotidae","Birds"
"Eophona migratoria","Yellow-Billed Grosbeak","Fringillidae","Birds"
"Rallus aquaticus","Water Rail","Rallidae","Birds"
"Sterna dougallii","Roseate Tern","Laridae","Birds"
"Rhinomyias brunneatus","Brown-Chested Jungle-Flycatcher","Muscicapidae","Birds"
"Amaurornis phoenicurus","White-Breasted Waterhen","Rallidae","Birds"
"Dendrocitta formosae","Grey Treepie","Corvidae","Birds"
"Carduelis spinus","Eurasian Siskin","Fringillidae","Birds"
"Microhierax melanoleucos","Pied Falconet","Falconidae","Birds"
"Phylloscopus armandii","Yellow-Streaked Warbler","Sylviidae","Birds"
"Arborophila gingica","Rickett's Hill-Partridge","Phasianidae","Birds"
"Porzana paykullii","Band-Bellied Crake","Rallidae","Birds"
"Anas clypeata","Northern Shoveler","Anatidae","Birds"
"Ficedula mugimaki","Mugimaki Flycatcher","Muscicapidae","Birds"
"Phylloscopus inornatus","Yellow-Browed Warbler","Sylviidae","Birds"
"Garrulax milnei","Red-Tailed Laughingthrush","Timaliidae","Birds"
"Jynx torquilla","Eurasian Wryneck","Picidae","Birds"
"Columba leuconota","Snow Pigeon","Columbidae","Birds"
"Dendrocygna javanica","Lesser Whistling-Duck","Anatidae","Birds"
"Lanius collurioides","Burmese Shrike","Laniidae","Birds"
"Nycticorax nycticorax","Black-Crowned Night-Heron","Ardeidae","Birds"
"Tragopan caboti","Cabot's Tragopan","Phasianidae","Birds"
"Anser erythropus","Lesser White-Fronted Goose","Anatidae","Birds"
"Columba rupestris","Hill Pigeon","Columbidae","Birds"
"Aquila fasciatus","Bonelli's Eagle","Accipitridae","Birds"
"Phylloscopus schwarzi","Radde's Warbler","Sylviidae","Birds"
"Turnix suscitator","Barred Buttonquail","Turnicidae","Birds"
"Phylloscopus goodsoni","Hartert's Warbler","Sylviidae","Birds"
"Sturnus sturninus","Daurian Starling","Sturnidae","Birds"
"Anser fabalis","Bean Goose","Anatidae","Birds"
"Emberiza elegans","Yellow-Headed Bunting","Emberizidae","Birds"
"Phalacrocorax carbo","Cormorant","Phalacrocoracidae","Birds"
"Sturnus sericeus","Silky Starling","Sturnidae","Birds"
"Otus sunia","Oriental Scops Owl","Strigidae","Birds"
"Bradypterus mandelli","Russet Bush Warbler","Sylviidae","Birds"
"Haliastur indus","Brahminy Kite","Accipitridae","Birds"
"Ixobrychus sinensis","Yellow Bittern","Ardeidae","Birds"
"Dendrocopos hyperythrus","Rufous-Bellied Woodpecker","Picidae","Birds"
"Minla ignotincta","Red-Tailed Minla","Timaliidae","Birds"
"Megalaima virens","Great Barbet","Ramphastidae","Birds"
"Larus argentatus","Herring Gull","Laridae","Birds"
"Streptopelia decaocto","Collared Dove","Columbidae","Birds"
"Anthus richardi","Richard's Pipit","Motacillidae","Birds"
"Parus spilonotus","Chinese Yellow Tit","Paridae","Birds"
"Garrulax cineraceus","Ashy Laughingthrush","Timaliidae","Birds"
"Accipiter virgatus","Besra","Accipitridae","Birds"
"Recurvirostra avosetta","Pied Avocet","Recurvirostridae","Birds"
"Loxia curvirostra","Red Crossbill","Fringillidae","Birds"
"Ceryle rudis","Pied Kingfisher","Alcedinidae","Birds"
"Oriolus chinensis","Black-Naped Oriole","Oriolidae","Birds"
"Garrulax pectoralis","Greater Necklaced Laughingthrush","Timaliidae","Birds"
"Cygnus cygnus","Whooper Swan","Anatidae","Birds"
"Melanochlora sultanea","Sultan Tit","Paridae","Birds"
"Elanus caeruleus","Black-Winged Kite","Accipitridae","Birds"
"Dicaeum ignipectus","Green-Backed Flowerpecker","Dicaeidae","Birds"
"Garrulax courtoisi","Blue-Crowned Laughingthrush","Timaliidae","Birds"
"Charadrius veredus","Eastern Sand Plover","Charadriidae","Birds"
"Gorsachius goisagi","Japanese Night-Heron","Ardeidae","Birds"
"Copsychus saularis","Oriental Magpie-Robin","Muscicapidae","Birds"
"Turdus obscurus","Eyebrowed Thrush","Turdidae","Birds"
"Corvus torquatus","Collared Crow","Corvidae","Birds"
"Cettia diphone","Japanese Bush-Warbler","Sylviidae","Birds"
"Fringilla montifringilla","Brambling","Fringillidae","Birds"
"Accipiter gularis","Japanese Sparrowhawk","Accipitridae","Birds"
"Mergus merganser","Goosander","Anatidae","Birds"
"Motacilla citreola","Citrine Wagtail","Motacillidae","Birds"
"Saxicola ferreus","Grey Bushchat","Muscicapidae","Birds"
"Zosterops erythropleurus","Chestnut-Flanked White-Eye","Zosteropidae","Birds"
"Erpornis zantholeuca","White Bellied Yuhina","Timaliidae","Birds"
"Aegithalos caudatus","Long-Tailed Tit","Aegithalidae","Birds"
"Luscinia svecica","Bluethroat","Muscicapidae","Birds"
"Carpodacus erythrinus","Common Rosefinch","Fringillidae","Birds"
"Cacomantis merulinus","Grey-Bellied Cuckoo","Cuculidae","Birds"
"Clamator coromandus","Chestnut-Winged Cuckoo","Cuculidae","Birds"
"Seicercus castaniceps","Chestnut-Crowned Warbler","Sylviidae","Birds"
"Sturnus sinensis","White-Shouldered Starling","Sturnidae","Birds"
"Strix aluco","Tawny Owl","Strigidae","Birds"
"Tragopan temminckii","Temminck's Tragopan","Phasianidae","Birds"
"Haliaeetus albicilla","White-Tailed Eagle","Accipitridae","Birds"
"Ninox scutulata","Brown Hawk-Owl","Strigidae","Birds"
"Anas falcata","Falcated Duck","Anatidae","Birds"
"Phylloscopus fuscatus","Dusky Warbler","Sylviidae","Birds"
"Babax lanceolatus","Chinese Babax","Timaliidae","Birds"
"Locustella certhiola","Pallas's Grasshopper Warbler","Sylviidae","Birds"
"Pericrocotus flammeus","Scarlet Minivet","Campephagidae","Birds"
"Milvus migrans","Black Kite","Accipitridae","Birds"
"Lanius tigrinus","Tiger Shrike","Laniidae","Birds"
"Ketupa flavipes","Tawny Fish-Owl","Strigidae","Birds"
"Calidris alba","Sanderling","Scolopacidae","Birds"
"Cettia acanthizoides","Yellowish Bellied Bush Warbler","Sylviidae","Birds"
"Anser albifrons","Greater White-Fronted Goose","Anatidae","Birds"
"Picus chlorolophus","Lesser Yellownape","Picidae","Birds"
"Sturnus malabaricus","Ashy-Headed Starling","Sturnidae","Birds"
"Cuculus saturatus","Oriental Cuckoo","Cuculidae","Birds"
"Passer rutilans","Cinnamon Sparrow","Passeridae","Birds"
"Aethopyga christinae","Fork-Tailed Sunbird","Nectariniidae","Birds"
"Ardea cinerea","Grey Heron","Ardeidae","Birds"
"Spelaeornis formosus","Spotted Wren-Babbler","Timaliidae","Birds"
"Buteo buteo","Buzzard","Accipitridae","Birds"
"Pericrocotus divaricatus","Ashy Minivet","Campephagidae","Birds"
"Chloropsis hardwickii","Orange-Bellied Leafbird","Chloropseidae","Birds"
"Hydrophasianus chirurgus","Pheasant-Tailed Jacana","Jacanidae","Birds"
"Dicrurus leucophaeus","Ashy Drongo","Dicruridae","Birds"
"Pycnonotus sinensis","Chinese Bulbul","Pycnonotidae","Birds"
"Locustella lanceolata","Lanceolated Warbler","Sylviidae","Birds"
"Anthus spinoletta","Water Pipit","Motacillidae","Birds"
"Emberiza cioides","Meadow Bunting","Emberizidae","Birds"
"Strix leptogrammica","Brown Wood-Owl","Strigidae","Birds"
"Buteo lagopus","Rough-Legged Buzzard","Accipitridae","Birds"
"Butastur indicus","Grey-Faced Buzzard","Accipitridae","Birds"
"Hemixos castanonotus","Chestnut Bulbul","Pycnonotidae","Birds"
"Anas crecca","Common Teal","Anatidae","Birds"
"Orthotomus sutorius","Common Tailorbird","Sylviidae","Birds"
"Threskiornis melanocephalus","Oriental Ibis","Threskiornithidae","Birds"
"Eudynamys scolopaceus","Asian Koel","Cuculidae","Birds"
"Pycnonotus jocosus","Red-Whiskered Bulbul","Pycnonotidae","Birds"
"Syrmaticus reevesii","Reeves's Pheasant","Phasianidae","Birds"
"Paradoxornis davidianus","David's Parrotbill","Timaliidae","Birds"
"Locustella pryeri","Marsh Grassbird","Sylviidae","Birds"
"Circus spilonotus","Eastern Marsh-Harrier","Accipitridae","Birds"
"Coturnix chinensis","Blue Quail","Phasianidae","Birds"
"Seicercus affinis","Allied Flycatcher-Warbler","Sylviidae","Birds"
"Haematopus ostralegus","Eurasian Oystercatcher","Haematopodidae","Birds"
"Francolinus pintadeanus","Chinese Francolin","Phasianidae","Birds"
"Carpodacus roseus","Pallas's Rosefinch","Fringillidae","Birds"
"Podiceps nigricollis","Black-Necked Grebe","Podicipedidae","Birds"
"Motacilla alba","White Wagtail","Motacillidae","Birds"
"Pnoepyga pusilla","Pygmy Wren-Babbler","Timaliidae","Birds"
"Circus melanoleucos","Pied Harrier","Accipitridae","Birds"
"Abroscopus albogularis","Rufous-Faced Warbler","Sylviidae","Birds"
"Corvus frugilegus","Rook","Corvidae","Birds"
"Gallinago megala","Swinhoe's Snipe","Scolopacidae","Birds"
"Phylloscopus tenellipes","Pale-Legged Leaf-Warbler","Sylviidae","Birds"
"Luscinia cyane","Siberian Blue Robin","Muscicapidae","Birds"
"Haliaeetus leucogaster","White-Bellied Sea-Eagle","Accipitridae","Birds"
"Dendronanthus indicus","Forest Wagtail","Motacillidae","Birds"
"Surniculus lugubris","Drongo Cuckoo","Cuculidae","Birds"
"Anthus sylvanus","Upland Pipit","Motacillidae","Birds"
"Anas platyrhynchos","Mallard","Anatidae","Birds"
"Aegithalos concinnus","Black-Throated Tit","Aegithalidae","Birds"
"Cisticola exilis","Gold-Capped Cisticola","Cisticolidae","Birds"
"Aythya nyroca","Ferruginous Pochard","Anatidae","Birds"
"Coturnix japonica","Japanese Quail","Phasianidae","Birds"
"Alauda arvensis","Skylark","Alaudidae","Birds"
"Phylloscopus trochiloides","Greenish Warbler","Sylviidae","Birds"
"Pernis ptilorhyncus","Oriental Honey-Buzzard","Accipitridae","Birds"
"Prinia crinigera","Striated Prinia","Cisticolidae","Birds"
"Pycnonotus aurigaster","Sooty-Headed Bulbul","Pycnonotidae","Birds"
"Butorides striata","Green-Backed Heron","Ardeidae","Birds"
"Bambusicola thoracicus","Chinese Bamboo Partridge","Phasianidae","Birds"
"Chaimarrornis leucocephalus","River Chat","Muscicapidae","Birds"
"Bubo bubo","Eurasian Eagle Owl","Strigidae","Birds"
"Sitta europaea","Wood Nuthatch","Sittidae","Birds"
"Halcyon pileata","Black-Capped Kingfisher","Alcedinidae","Birds"
"Asio otus","Long-Eared Owl","Strigidae","Birds"
"Cettia fortipes","Brownish-Flanked Bush-Warbler","Sylviidae","Birds"
"Garrulax berthemyi","Buffy Laughingthrush","Timaliidae","Birds"
"Pluvialis squatarola","Grey Plover","Charadriidae","Birds"
"Ardea purpurea","Purple Heron","Ardeidae","Birds"
"Prinia flaviventris","Yellow-Bellied Prinia","Cisticolidae","Birds"
"Circus macrourus","Pallid Harrier","Accipitridae","Birds"
"Nisaetus nipalensis","Mountain Hawk Eagle","Accipitridae","Birds"
"Gallinula chloropus","Common Moorhen","Rallidae","Birds"
"Sitta nagaensis","Chestnut-Vented Nuthatch","Sittidae","Birds"
"Tringa nebularia","Greenshank","Scolopacidae","Birds"
"Hirundo rustica","Barn Swallow","Hirundinidae","Birds"
"Tadorna tadorna","Common Shelduck","Anatidae","Birds"
"Asio flammeus","Short-Eared Owl","Strigidae","Birds"
"Emberiza spodocephala","Black-Faced Bunting","Emberizidae","Birds"
"Aythya marila","Greater Scaup","Anatidae","Birds"
"Paradoxornis verreauxi","Golden Parrotbill","Timaliidae","Birds"
"Acrocephalus concinens","Blunt-Winged Warbler","Sylviidae","Birds"
"Gallinago gallinago","Common Snipe","Scolopacidae","Birds"
"Upupa epops","Hoopoe","Upupidae","Birds"
"Ixobrychus eurhythmus","Schrenck's Bittern","Ardeidae","Birds"
"Aythya baeri","Baer's Pochard","Anatidae","Birds"
"Latoucheornis siemsseni","Slaty Bunting","Emberizidae","Birds"
"Monticola gularis","White-Throated Rock-Thrush","Muscicapidae","Birds"
"Alcippe brunnea","Dusky Fulvetta","Timaliidae","Birds"
"Garrulus glandarius","Eurasian Jay","Corvidae","Birds"
"Pteruthius flaviscapis","White-Browed Shrike-Babbler","Timaliidae","Birds"
"Chlidonias leucopterus","White-Winged Black Tern","Laridae","Birds"
"Emberiza tristrami","Tristram's Bunting","Emberizidae","Birds"
"Tarsiger cyanurus","Red-Flanked Bluetail","Muscicapidae","Birds"
"Bubo coromandus","Dusky Eagle-Owl","Strigidae","Birds"
"Phoenicurus auroreus","Daurian Redstart","Muscicapidae","Birds"
"Acrocephalus bistrigiceps","Black-Browed Reed-Warbler","Sylviidae","Birds"
"Turdus pallidus","Pale Thrush","Turdidae","Birds"
"Picus flavinucha","Greater Yellow-Naped Woodpecker","Picidae","Birds"
"Mycteria leucocephala","Painted Stork","Ciconiidae","Birds"
"Aythya ferina","Common Pochard","Anatidae","Birds"
"Porzana pusilla","Baillon's Crake","Rallidae","Birds"
"Limosa lapponica","Bar-Tailed Godwit","Scolopacidae","Birds"
"Lophura nycthemera","Silver Pheasant","Phasianidae","Birds"
"Aythya fuligula","Tufted Duck","Anatidae","Birds"
"Paguma larvata","Masked Palm Civet","Viverridae","Mammals"
"Cricetulus barabensis","Striped Dwarf Hamster","Cricetidae","Mammals"
"Dremomys pernyi","Servaline Genet","Sciuridae","Mammals"
"Rhinolophus sinicus","Chinese Horseshoe Bat","Rhinolophidae","Mammals"
"Sus scrofa","Wild Boar","Suidae","Mammals"
"Cervus nippon","Sika Deer","Cervidae","Mammals"
"Mus caroli","Ryukyu Mouse","Muridae","Mammals"
"Pipistrellus tenuis","Least Pipistrelle","Vespertilionidae","Mammals"
"Rhinolophus ferrumequinum","Greater Horseshoe Bat","Rhinolophidae","Mammals"
"Nyctereutes procyonoides","Racoon Dog","Canidae","Mammals"
"Hydropotes inermis","Chinese Water Deer","Cervidae","Mammals"
"Mogera insularis","Insular Mole","Talpidae","Mammals"
"Myotis altarium","Szechwan Myotis","Vespertilionidae","Mammals"
"Pipistrellus pipistrellus","Common Pipistrelle","Vespertilionidae","Mammals"
"Mustela sibirica","Siberian Weasel","Mustelidae","Mammals"
"Callosciurus erythraeus","Pallas's Squirrel","Sciuridae","Mammals"
"Apodemus draco","South China Field Mouse","Muridae","Mammals"
"Hipposideros armiger","Great Roundleaf Bat","Hipposideridae","Mammals"
"Chimarrogale himalayica","Himalayan Water Shrew","Soricidae","Mammals"
"Petaurista philippensis","Indian Giant Flying Squirrel","Sciuridae","Mammals"
"Micromys minutus","Harvest Mouse","Muridae","Mammals"
"Herpestes urva","Crab Eating Mongoose","Herpestidae","Mammals"
"Rattus rattus","Black Rat","Muridae","Mammals"
"Hipposideros pratti","Pratt's Roundleaf Bat","Hipposideridae","Mammals"
"Rattus tanezumi","Oriental House Rat","Muridae","Mammals"
"Hystrix brachyura","Malayan Porcupine","Hystricidae","Mammals"
"Euroscaptor longirostris","Long Nosed Mole","Talpidae","Mammals"
"Panthera pardus","Leopard","Felidae","Mammals"
"Rhinolophus pusillus","Least Horseshoe Bat","Rhinolophidae","Mammals"
"Niviventer fulvescens","Indomalayan Niviventer","Muridae","Mammals"
"Erinaceus amurensis","Amur Hedgehog","Erinaceidae","Mammals"
"Myotis daubentonii","Daubenton's Bat","Vespertilionidae","Mammals"
"Viverra zibetha","Large Indian Civet","Viverridae","Mammals"
"Tscherskia triton","Greater Long Tailed Hamster","Cricetidae","Mammals"
"Apodemus agrarius","Striped Field Mouse","Muridae","Mammals"
"Bandicota indica","Greater Bandicoot Rat","Muridae","Mammals"
"Myotis pilosus","Rickett's Big-Footed Myotis","Vespertilionidae","Mammals"
"Prionodon pardicolor","Spotted Linsang","Viverridae","Mammals"
"Scotophilus kuhlii","Lesser Asiatic Yellow Bat","Vespertilionidae","Mammals"
"Rousettus leschenaultii","Leschenault's Rousette","Pteropodidae","Mammals"
"Scotomanes ornatus","Harlequin Bat","Vespertilionidae","Mammals"
"Crocidura shantungensis","Shantung Shrew","Soricidae","Mammals"
"Myotis montivagus","Burmese Whiskered Myotis","Vespertilionidae","Mammals"
"Murina leucogaster","Greater Tube-Nosed Bat","Vespertilionidae","Mammals"
"Melogale moschata","Chinese Ferret Badger","Mustelidae","Mammals"
"Eptesicus serotinus","Serotine","Vespertilionidae","Mammals"
"Suncus murinus","House Shrew","Soricidae","Mammals"
"Macaca thibetana","Tibetan Macaque","Cercopithecidae","Mammals"
"Sciurotamias davidianus","Pére David's Rock Squirrel","Sciuridae","Mammals"
"Rhinolophus affinis","Intermediate Horseshoe Bat","Rhinolophidae","Mammals"
"Petaurista petaurista","Red Giant Flying Squirrel","Sciuridae","Mammals"
"Naemorhedus griseus","Chinese Goral","Bovidae","Mammals"
"Myotis siligorensis","Himalayan Whiskered Bat","Vespertilionidae","Mammals"
"Myotis chinensis","Large Myotis","Vespertilionidae","Mammals"
"Muntiacus crinifrons","Black Muntjac","Cervidae","Mammals"
"Elaphodus cephalophus","Tufted Deer","Cervidae","Mammals"
"Arctonyx albogularis","null","Mustelidae","Mammals"
"Berylmys bowersi","Bower's White-Toothed Rat","Muridae","Mammals"
"Dremomys rufigenis","Asian Red-Cheeked Squirrel","Sciuridae","Mammals"
"Mus musculus","House Mouse","Muridae","Mammals"
"Typhlomys cinereus","Chinese Pygmy Dormouse","Platacanthomyidae","Mammals"
"Rhizomys sinensis","Chinese Bamboo Rat","Spalacidae","Mammals"
"Pipistrellus alaschanicus","Alashanian Pipistrelle","Vespertilionidae","Mammals"
"Muntiacus vaginalis","Northern Red Muntjac","Cervidae","Mammals"
"Barbastella leucomelas","Asian Barbastelle","Vespertilionidae","Mammals"
"Rhinolophus macrotis","Big Eared Horseshoe Bat","Rhinolophidae","Mammals"
"Vulpes vulpes","Red Fox","Canidae","Mammals"
"Myotis frater","Fraternal Myotis","Vespertilionidae","Mammals"
"Kerivoula hardwickii","Hardwicke's Woolly Bat","Vespertilionidae","Mammals"
"Moschus berezovskii","Chinese Forest Musk Deer","Moschidae","Mammals"
"Macaca mulatta","Rhesus Monkey","Cercopithecidae","Mammals"
"Myotis fimbriatus","Fringed Long-Footed Myotis","Vespertilionidae","Mammals"
"Pipistrellus pulveratus","Chinese Pipistrelle","Vespertilionidae","Mammals"
"Murina cyclotis","Round Eared Tube Nosed Bat","Vespertilionidae","Mammals"
"Mustela kathiah","Yellow-Bellied Weasel","Mustelidae","Mammals"
"Rhinolophus luctus","Great Woolly Horsehoe Bat","Rhinolophidae","Mammals"
"Niviventer confucianus","Confucian Niviventer","Muridae","Mammals"
"Leopoldamys edwardsi","Edward’S Rat","Muridae","Mammals"
"Ia io","Great Evening Bat","Vespertilionidae","Mammals"
"Rhinolophus pearsonii","Pearson's Horseshoe Bat","Rhinolophidae","Mammals"
"Harpiocephalus harpia","Lesser Hairy-Winged Bat","Vespertilionidae","Mammals"
"Petaurista alborufus","Red And White Giant Flying Squirrel","Sciuridae","Mammals"
"Aonyx cinereus","null","Mustelidae","Mammals"
"Rattus losea","Losea Rat","Muridae","Mammals"
"Muntiacus reevesi","Chinese Muntjac","Cervidae","Mammals"
"Lipotes vexillifer","Changjiang Dolphin","Iniidae","Mammals"
"Capricornis milneedwardsii","Chinese Serow","Bovidae","Mammals"
"Lutra lutra","European Otter","Mustelidae","Mammals"
"Ursus thibetanus","Asian Black Bear","Ursidae","Mammals"
"Dremomys pyrrhomerus","Red-Hipped Squirrel","Sciuridae","Mammals"
"Rusa unicolor","Sambar Deer","Cervidae","Mammals"
"Meles leucurus","Asian Badger","Mustelidae","Mammals"
"Pipistrellus abramus","Japanese Pipistrelle","Vespertilionidae","Mammals"
"Eothenomys melanogaster","Pére David's Vole","Cricetidae","Mammals"
"Rattus nitidus","Himalayan Field Rat","Muridae","Mammals"
"Microtus fortis","Reed Vole","Cricetidae","Mammals"
"Crocidura attenuata","Asian Gray Shrew","Soricidae","Mammals"
"Martes flavigula","Yellow Throated Marten","Mustelidae","Mammals"
"Hylopetes alboniger","African Linsang","Sciuridae","Mammals"
"Tamiops maritimus","Maritime Striped Squirrel","Sciuridae","Mammals"
"Rhinolophus shortridgei","Shortridge's Horseshoe Bat","Rhinolophidae","Mammals"
"Manis pentadactyla","Chinese Pangolin","Manidae","Mammals"
"Prionailurus bengalensis","Leopard Cat","Felidae","Mammals"
"Tadarida insignis","East Asian Free-Tailed Bat","Molossidae","Mammals"
"Lepus sinensis","Chinese Hare","Leporidae","Mammals"
"Myotis formosus","Hodgson's Bat","Vespertilionidae","Mammals"
"Murina huttoni","Hutton's Tube Nosed Bat","Vespertilionidae","Mammals"
"Neofelis nebulosa","Clouded Leopard","Felidae","Mammals"
"Viverricula indica","Small Indian Civet","Viverridae","Mammals"
"Rhizomys pruinosus","Hoary Bamboo Rat","Spalacidae","Mammals"
"Neophocaena asiaeorientalis","null","Phocoenidae","Mammals"
"Nyctalus plancyi","Chinese Noctule","Vespertilionidae","Mammals"
"Crocidura tanakae","Taiwanese Gray Shrew","Soricidae","Mammals"
"Myotis laniger","Chinese Water Myotis","Vespertilionidae","Mammals"
"Catopuma temminckii","Temminck's Golden Cat","Felidae","Mammals"
"Lepus tolai","Tolai Hare","Leporidae","Mammals"
"Amphiesma popei","Pope's Keelback","Colubridae","Reptiles"
"Opisthotropis kuatunensis","Chinese Mountain Keelback","Colubridae","Reptiles"
"Bungarus multicinctus","Many-Banded Krait","Elapidae","Reptiles"
"Sinonatrix aequifasciata","Asiatic Water Snake","Colubridae","Reptiles"
"Enhydris chinensis","Chinese Water Snake","Homalopsidae","Reptiles"
"Sinonatrix percarinata","Olive Keelback","Colubridae","Reptiles"
"Achalinus spinalis","Peters' Odd-Scaled Snake","Xenodermidae","Reptiles"
"Gekko chinensis","Gray's Chinese Gecko","Gekkonidae","Reptiles"
"Oligodon chinensis","Chinese Kukri Snake","Colubridae","Reptiles"
"Gekko hokouensis","Kwangsi Gecko","Gekkonidae","Reptiles"
"Gloydius saxatilis","Rock Mamushi","Viperidae","Reptiles"
"Enhydris plumbea","Rice Paddy Snake","Homalopsidae","Reptiles"
"Pareas boulengeri","Boulenger's Slug Snake","Pareidae","Reptiles"
"Macropisthodon rudis","False Habu","Colubridae","Reptiles"
"Amphiesmoides ornaticeps","Werner's Ornate Snake","Colubridae","Reptiles"
"Amphiesma sauteri","Kosempo Keelback","Colubridae","Reptiles"
"Calamaria pavimentata","Collared Reed Snake","Colubridae","Reptiles"
"Python bivittatus","Burmese Python","Pythonidae","Reptiles"
"Lycodon subcinctus","Malayan Banded Wolf Snake","Colubridae","Reptiles"
"Achalinus rufescens","Boulenger's Odd-Scaled Snake","Xenodermidae","Reptiles"
"Lycodon futsingensis","null","Colubridae","Reptiles"
"Calamaria septentrionalis","Hong Kong Dwarf Snake","Colubridae","Reptiles"
"Pareas stanleyi","Stanley's Slug Snake","Pareidae","Reptiles"
"Rhabdophis subminiatus","Red-Necked Keelback","Colubridae","Reptiles"
"Cyclophiops major","Chinese Green Snake","Colubridae","Reptiles"
"Euprepiophis mandarinus","Mandarin Ratsnakes","Colubridae","Reptiles"
"Cryptelytrops albolabris","Trimeresurus Albolabris","Viperidae","Reptiles"
"Protobothrops jerdonii","Jerdon’S Pitviper","Viperidae","Reptiles"
"Oocatochus rufodorsatus","Frog-Eating Rat Snake","Colubridae","Reptiles"
"Amphiesma boulengeri","Tai-Yong Keelback","Colubridae","Reptiles"
"Pseudoxenodon stejnegeri","Stejneger's Bamboo Snake","Colubridae","Reptiles"
"Sinomicrurus kelloggi","Kellogg's Coral Snake","Elapidae","Reptiles"
"Opisthotropis latouchii","Sichuan Mountain Keelback","Colubridae","Reptiles"
"Lycodon flavozonatus","Big-Tooth Snake","Colubridae","Reptiles"
"Sibynophis chinensis","Chinese Many-Tooth Snake","Colubridae","Reptiles"
"Pseudoxenodon macrops","Big-Eyed Bamboo Snake","Colubridae","Reptiles"
"Achalinus jinggangensis","Zong's Odd-Scaled Snake","Xenodermidae","Reptiles"
"Lycodon ruhstrati","Formosa Wolf Snake","Colubridae","Reptiles"
"Cylindrophis ruffus","Red Cylinder Snake","Cylindrophiidae","Reptiles"
"Lycodon capucinus","Common Wolf Snake","Colubridae","Reptiles"
"Protobothrops mucrosquamatus","Brown Spotted Pitviper","Viperidae","Reptiles"
"Xenopeltis hainanensis","null","Xenopeltidae","Reptiles"
"Opisthotropis maxwelli","Maxwell's Mountain Keelback","Colubridae","Reptiles"
"Naja atra","Chinese Cobra","Elapidae","Reptiles"
"Plagiopholis styani","Chinese Mountain Snake","Colubridae","Reptiles"
"Boiga kraepelini","Kelung Cat Snake","Colubridae","Reptiles"
"Maculophis bella","null","Colubridae","Reptiles"
"Takydromus kuehnei","Kuhne’S Grass Lizard","Lacertidae","Reptiles"
"Pseudoxenodon bambusicola","Bamboo Snake","Colubridae","Reptiles"
"Xenochrophis flavipunctatus","Yellow-Spotted Keelback","Colubridae","Reptiles"
"Ovophis monticola","Chinese Mountain Pit Viper","Viperidae","Reptiles"
"Ophiophagus hannah","King Cobra","Elapidae","Reptiles"
"Elaphe bimaculata","Chinese Leopard Snake","Colubridae","Reptiles"
"Oligodon formosanus","Formosa Kukri Snake","Colubridae","Reptiles"
"Oligodon eberhardti","Eberhardt's Kukri Snake","Colubridae","Reptiles"
"Oligodon cinereus","Günther's Kukri Snake","Colubridae","Reptiles"
"Amphiesma craspedogaster","Kuatun Keelback","Colubridae","Reptiles"
"Oligodon ornatus","Ornate Kukri Snake","Colubridae","Reptiles"
"Acanthosaura lepidogaster","Brown Pricklenape","Agamidae","Reptiles"
"Sacalia bealei","Beal's Four-Eyed Turtle","Geoemydidae","Turtles (non-marine)"
"Pelodiscus sinensis","Chinese Soft-Shelled Turtle","Trionychidae","Turtles (non-marine)"
"Mauremys reevesii","Big-Headed Reeves' Turtle","Geoemydidae","Turtles (non-marine)"
"Platysternon megacephalum","Big-Headed Turtle","Platysternidae","Turtles (non-marine)"
"Sacalia quadriocellata","Four-Eyed Turtle","Geoemydidae","Turtles (non-marine)"
"Mauremys sinensis","Chinese Striped-Necked Turtle","Geoemydidae","Turtles (non-marine)"
"Brachytarsophrys platyparietus","Karin Hills Frog","Megophryidae","Amphibians"
"Hyla chinensis","Common Chinese Treefrog","Hylidae","Amphibians"
"Microhyla butleri","Butler's Rice Frog","Microhylidae","Amphibians"
"Microhyla fissipes","Ornamented Pygmy Frog","Microhylidae","Amphibians"
"Quasipaa spinosa","Chinese Spiny Frog","Dicroglossidae","Amphibians"
"Odorrana chloronota","Chloronate Huia Frog","Ranidae","Amphibians"
"Hyla sanchiangensis","San Chiang Treefrog","Hylidae","Amphibians"
"Bufo gargarizans","Chusan Island Toad","Bufonidae","Amphibians"
"Hyla japonica","Far Eastern Treefrog","Hylidae","Amphibians"
"Odorrana exiliversabilis","Fujian Bamboo-Leaf Frog","Ranidae","Amphibians"
"Quasipaa exilispinosa","Hong Kong Spiny Frog","Dicroglossidae","Amphibians"
"Hylarana latouchii","Kuatun Frog","Ranidae","Amphibians"
"Cynops orientalis","Fuding Fire-Bellied Newt","Salamandridae","Amphibians"
"Glandirana tientaiensis","Tiantai Frog","Ranidae","Amphibians"
"Microhyla heymonsi","Taiwan Rice Frog","Microhylidae","Amphibians"
"Feihyla vittata","Two-Striped Pigmy Tree Frog","Rhacophoridae","Amphibians"
"Quasipaa jiulongensis","Jiulong Paa Frog","Dicroglossidae","Amphibians"
"Pelophylax fukienensis","Futsing Hsien Frog","Ranidae","Amphibians"
"Rana zhenhaiensis","Zhenhai Brown Frog","Ranidae","Amphibians"
"Rhacophorus dennysi","Blanford's Whipping Frog","Rhacophoridae","Amphibians"
"Occidozyga lima","Lurid Houlema","Dicroglossidae","Amphibians"
"Quasipaa boulengeri","Boulenger's Paa Frog","Dicroglossidae","Amphibians"
"Duttaphrynus melanostictus","Doubtful Toad","Bufonidae","Amphibians"
"Pachytriton labiatus","Pingchi's Newt","Salamandridae","Amphibians"
"Rhacophorus chenfui","Chinese Whipping Frog","Rhacophoridae","Amphibians"
"Odorrana schmackeri","Schmacker's Frog","Ranidae","Amphibians"
"Amolops ricketti","Chinese Sucker Frog","Ranidae","Amphibians"
"Ophryophryne microstoma","Asian Mountain Toad","Megophryidae","Amphibians"
"Hoplobatrachus rugulosus","Asian Peters Frog","Dicroglossidae","Amphibians"
"Hyla immaculata","Spotless Tree Toad","Hylidae","Amphibians"
"Leptobrachium liui","Pope's Spiny Toad","Megophryidae","Amphibians"
"Odorrana graminea","Large Odorous Frog","Ranidae","Amphibians"
"Pelophylax plancyi","Peking Frog","Ranidae","Amphibians"
"Odorrana versabilis","Kwangsi Frog","Ranidae","Amphibians"
"Leptolalax liui","Fujian Asian Toad","Megophryidae","Amphibians"
"Polypedates megacephalus","Hong Kong Whipping Frog","Rhacophoridae","Amphibians"
"Hylarana guentheri","Gunther's Amoy Frog","Ranidae","Amphibians"
"Theloderma rhododiscus","Chinese Bubble-Nest Frog","Rhacophoridae","Amphibians"
"Paramesotriton chinensis","Chinese Warty Newt","Salamandridae","Amphibians"
"Pelophylax nigromaculatus","Black-Spotted Frog","Ranidae","Amphibians"
"Babina adenopleura","Olive Frog","Ranidae","Amphibians"
"Megophrys kuatunensis","Kuatun Spadefoot Toad","Megophryidae","Amphibians"
"Microhyla pulchra","Guangdong Rice Frog","Microhylidae","Amphibians"
"Pachytriton brevipes","Tsitou Newt","Salamandridae","Amphibians"
"Megophrys boettgeri","Boettger's Spadefoot Toad","Megophryidae","Amphibians"
"Odorrana tormota","Anhui Sucker Frog","Ranidae","Amphibians"
"Limnonectes fujianensis","Fujian Large-Headed Frog","Dicroglossidae","Amphibians"
"Pelophylax hubeiensis","Hubei Frog","Ranidae","Amphibians"
"Andrias davidianus","Chinese Giant Salamander","Cryptobranchidae","Amphibians"
"Amolops chunganensis","Chungan Sucker Frog","Ranidae","Amphibians"
"Fejervarya limnocharis","Indian Cricket Frog","Dicroglossidae","Amphibians"
"Megophrys mangshanensis","Mangshan Spadefoot Toad","Megophryidae","Amphibians"
"Amolops wuyiensis","Sanchiang Sucker Frog","Ranidae","Amphibians"
"Hynobius chinensis","Chinese Salamander","Hynobiidae","Amphibians"
"Lethe monolifera","null","Nymphalidae","Butterflies"
"Lethe gemina","null","Nymphalidae","Butterflies"
"Neptis cydippe","null","Nymphalidae","Butterflies"
"Nosea hainanensis","null","Nymphalidae","Butterflies"
"Howarthia cheni","null","Lycaenidae","Butterflies"
"Athyma zeroca","null","Nymphalidae","Butterflies"
"Pieris mandarina","null","Pieridae","Butterflies"
"Araschnia doris","null","Nymphalidae","Butterflies"
"Argynnis nerippe","null","Nymphalidae","Butterflies"
"Satarupa valentini","null","Hesperiidae","Butterflies"
"Lasiommata deidamia","null","Nymphalidae","Butterflies"
"Chrysozephyrus zoa","null","Lycaenidae","Butterflies"
"Neptis andetria","null","Nymphalidae","Butterflies"
"Argynnis childreni","null","Nymphalidae","Butterflies"
"Pachliopta aristolochiae","null","Papilionidae","Butterflies"
"Argynnis zenobia","null","Nymphalidae","Butterflies"
"Neptis themis","null","Nymphalidae","Butterflies"
"Neptis sankara","null","Nymphalidae","Butterflies"
"Mycalesis misenus","null","Nymphalidae","Butterflies"
"Astictopterus jama","null","Hesperiidae","Butterflies"
"Anthocharis cardamines","Orange-Tip","Pieridae","Butterflies"
"Abrota ganga","null","Nymphalidae","Butterflies"
"Lethe labyrinthea","null","Nymphalidae","Butterflies"
"Lethe baucis","null","Nymphalidae","Butterflies"
"Araschnia dolis","null","Nymphalidae","Butterflies"
"Ariadne ariadne","null","Nymphalidae","Butterflies"
"Tongeia potanini","null","Lycaenidae","Butterflies"
"Leucantigius atayalicus","null","Lycaenidae","Butterflies"
"Howarthia melli","null","Lycaenidae","Butterflies"
"Papilio nephelus","null","Papilionidae","Butterflies"
"Colias fieldii","null","Pieridae","Butterflies"
"Heliophorus ila","null","Lycaenidae","Butterflies"
"Aemona amathusia","null","Nymphalidae","Butterflies"
"Athyma opalina","null","Nymphalidae","Butterflies"
"Graphium sarpedon","Blue Triangle","Papilionidae","Butterflies"
"Lethe trimacula","null","Nymphalidae","Butterflies"
"Athyma whitei","null","Nymphalidae","Butterflies"
"Lethe violaceopicta","null","Nymphalidae","Butterflies"
"Ravenna nivea","null","Lycaenidae","Butterflies"
"Athyma jina","null","Nymphalidae","Butterflies"
"Neptis antilope","null","Nymphalidae","Butterflies"
"Athyma punctata","null","Nymphalidae","Butterflies"
"Aporia largeteaui","null","Pieridae","Butterflies"
"Euthalia alpherakyi","null","Nymphalidae","Butterflies"
"Argynnis paphia","Silver-Washed Fritillary","Nymphalidae","Butterflies"
"Lethe syrcisi","null","Nymphalidae","Butterflies"
"Graphium antiphates","null","Papilionidae","Butterflies"
"Argynnis laodice","Eastern Silverstripe","Nymphalidae","Butterflies"
"Lethe helena","null","Nymphalidae","Butterflies"
"Lethe satyrina","null","Nymphalidae","Butterflies"
"Papilio polytes","null","Papilionidae","Butterflies"
"Calinaga davidis","null","Nymphalidae","Butterflies"
"Euthalia themistocles","null","Nymphalidae","Butterflies"
"Argynnis hyperbius","null","Nymphalidae","Butterflies"
"Polyura nepenthes","null","Nymphalidae","Butterflies"
"Sasakia funebris","null","Nymphalidae","Butterflies"
"Neorina patria","null","Nymphalidae","Butterflies"
"Athyma perius","null","Nymphalidae","Butterflies"
"Argynnis adippe","High Brown Fritillary","Nymphalidae","Butterflies"
"Athyma asura","null","Nymphalidae","Butterflies"
"Lethe laodamia","null","Nymphalidae","Butterflies"
"Apatura ilia","Lesser Purple Emperor","Nymphalidae","Butterflies"
"Satyrium inouei","null","Lycaenidae","Butterflies"
"Lethe lanaris","null","Nymphalidae","Butterflies"
"Ypthima conjuncta","null","Nymphalidae","Butterflies"
"Pantoporia bieti","null","Nymphalidae","Butterflies"
"Aglais urticae","Small Tortiseshell","Nymphalidae","Butterflies"
"Argynnis ruslana","null","Nymphalidae","Butterflies"
"Mandarinia regalis","null","Nymphalidae","Butterflies"
"Pontia daplidice","Bath White","Pieridae","Butterflies"
"Helcyra superba","null","Nymphalidae","Butterflies"
"Euthalia rickettsi","null","Nymphalidae","Butterflies"
"Gonepteryx amintha","null","Pieridae","Butterflies"
"Lethe manzorum","null","Nymphalidae","Butterflies"
"Caltoris cahira","null","Hesperiidae","Butterflies"
"Lethe siderea","null","Nymphalidae","Butterflies"
"Athyma ranga","null","Nymphalidae","Butterflies"
"Argynnis anadyomene","null","Nymphalidae","Butterflies"
"Chalinga pratti","null","Nymphalidae","Butterflies"
"Teinopalpus aureus","null","Papilionidae","Butterflies"
"Bhagadatta austenia","null","Nymphalidae","Butterflies"
"Anthocharis bambusarum","null","Pieridae","Butterflies"
"Bibasis miracula","null","Hesperiidae","Butterflies"
"Athyma fortuna","null","Nymphalidae","Butterflies"
"Athyma selenophora","null","Nymphalidae","Butterflies"
"Euthalia kosempona","null","Nymphalidae","Butterflies"
"Auzakia danava","null","Nymphalidae","Butterflies"
"Euthalia kardama","null","Nymphalidae","Butterflies"
"Argynnis sagana","null","Nymphalidae","Butterflies"
"Neptis armandia","null","Nymphalidae","Butterflies"
"Neptis manasa","null","Nymphalidae","Butterflies"
"Seseria dohertyi","null","Hesperiidae","Butterflies"
"Celaenorrhinus ratna","null","Hesperiidae","Butterflies"
"Aemona oberthueri","null","Nymphalidae","Butterflies"
"Yamamotozephyrus kwangtungensis","null","Lycaenidae","Butterflies"
"Acraea issoria","null","Nymphalidae","Butterflies"
"Neptis beroe","null","Nymphalidae","Butterflies"
"Amplypterus mansoni","null","Sphingidae","Sphingid moths"
"Macroglossum neotroglodytus","null","Sphingidae","Sphingid moths"
"Ambulyx interplacida","null","Sphingidae","Sphingid moths"
"Theretra oldenlandiae","Impatiens Hawk Moth Larva","Sphingidae","Sphingid moths"
"Hippotion rafflesii","null","Sphingidae","Sphingid moths"
"Hippotion rosetta","Vine Hawk Moth","Sphingidae","Sphingid moths"
"Acosmeryx sericeus","null","Sphingidae","Sphingid moths"
"Clanis bilineata","null","Sphingidae","Sphingid moths"
"Ambulyx schauffelbergeri","null","Sphingidae","Sphingid moths"
"Ampelophaga rubiginosa","null","Sphingidae","Sphingid moths"
"Sphingonaepiopsis pumilio","null","Sphingidae","Sphingid moths"
"Daphnis hypothous","null","Sphingidae","Sphingid moths"
"Rhodoprasina viksinjaevi","null","Sphingidae","Sphingid moths"
"Macroglossum faro","null","Sphingidae","Sphingid moths"
"Marumba gaschkewitschii","null","Sphingidae","Sphingid moths"
"Craspedortha porphyria","null","Sphingidae","Sphingid moths"
"Rhagastis castor","null","Sphingidae","Sphingid moths"
"Acosmeryx shervillii","null","Sphingidae","Sphingid moths"
"Clanis undulosa","null","Sphingidae","Sphingid moths"
"Hyles livornica","Striped Hawk-Moth","Sphingidae","Sphingid moths"
"Eupanacra automedon","null","Sphingidae","Sphingid moths"
"Sphingulus mus","null","Sphingidae","Sphingid moths"
"Hippotion celerio","Silver-Striped Hawk-Moth","Sphingidae","Sphingid moths"
"Macroglossum divergens","null","Sphingidae","Sphingid moths"
"Hemaris staudingeri","null","Sphingidae","Sphingid moths"
"Sataspes xylocoparis","null","Sphingidae","Sphingid moths"
"Micracosmeryx chaochauensis","null","Sphingidae","Sphingid moths"
"Callambulyx junonia","null","Sphingidae","Sphingid moths"
"Rhagastis mongoliana","null","Sphingidae","Sphingid moths"
"Langia zenzeroides","null","Sphingidae","Sphingid moths"
"Macroglossum glaucoptera","null","Sphingidae","Sphingid moths"
"Marumba dyras","null","Sphingidae","Sphingid moths"
"Sataspes tagalica","null","Sphingidae","Sphingid moths"
"Degmaptera mirabilis","null","Sphingidae","Sphingid moths"
"Cypoides chinensis","null","Sphingidae","Sphingid moths"
"Daphnis nerii","Oleander Hawkmoth","Sphingidae","Sphingid moths"
"Cechenena minor","null","Sphingidae","Sphingid moths"
"Hayesiana triopus","null","Sphingidae","Sphingid moths"
"Theretra nessus","Yam Hawk Moth","Sphingidae","Sphingid moths"
"Clanis schwartzi","null","Sphingidae","Sphingid moths"
"Macroglossum nycteris","null","Sphingidae","Sphingid moths"
"Callambulyx kitchingi","null","Sphingidae","Sphingid moths"
"Neogurelca himachala","null","Sphingidae","Sphingid moths"
"Theretra silhetensis","Brown-Banded Hunter Hawkmoth","Sphingidae","Sphingid moths"
"Macroglossum troglodytus","null","Sphingidae","Sphingid moths"
"Sphinx caligineus","null","Sphingidae","Sphingid moths"
"Theretra alecto","null","Sphingidae","Sphingid moths"
"Macroglossum stellatarum","Hummingbird Hawk-Moth","Sphingidae","Sphingid moths"
"Cephonodes hylas","null","Sphingidae","Sphingid moths"
"Rhagastis albomarginatus","null","Sphingidae","Sphingid moths"
"Ampelophaga nikolae","null","Sphingidae","Sphingid moths"
"Cizara sculpta","null","Sphingidae","Sphingid moths"
"Theretra boisduvalii","null","Sphingidae","Sphingid moths"
"Marumba fenzelii","null","Sphingidae","Sphingid moths"
"Amplypterus panopus","null","Sphingidae","Sphingid moths"
"Acosmeryx naga","null","Sphingidae","Sphingid moths"
"Cypa uniformis","null","Sphingidae","Sphingid moths"
"Acosmeryx pseudonaga","null","Sphingidae","Sphingid moths"
"Phyllosphingia dissimilis","null","Sphingidae","Sphingid moths"
"Ambulyx japonica","null","Sphingidae","Sphingid moths"
"Parum colligata","null","Sphingidae","Sphingid moths"
"Marumba spectabilis","null","Sphingidae","Sphingid moths"
"Dahira obliquifascia","null","Sphingidae","Sphingid moths"
"Meganoton rubescens","null","Sphingidae","Sphingid moths"
"Laothoe amurensis","null","Sphingidae","Sphingid moths"
"Angonyx testacea","null","Sphingidae","Sphingid moths"
"Macroglossum mitchellii","null","Sphingidae","Sphingid moths"
"Ambulyx kuangtungensis","null","Sphingidae","Sphingid moths"
"Smerinthulus perversa","null","Sphingidae","Sphingid moths"
"Macroglossum aquila","null","Sphingidae","Sphingid moths"
"Pentateucha stueningi","null","Sphingidae","Sphingid moths"
"Neogurelca hyas","null","Sphingidae","Sphingid moths"
"Rhodambulyx davidi","null","Sphingidae","Sphingid moths"
"Cechenena lineosa","null","Sphingidae","Sphingid moths"
"Ambulyx tobii","null","Sphingidae","Sphingid moths"
"Acherontia lachesis","Death's-Head Hawkmoth","Sphingidae","Sphingid moths"
"Nephele hespera","null","Sphingidae","Sphingid moths"
"Clanis titan","null","Sphingidae","Sphingid moths"
"Anambulyx elwesi","null","Sphingidae","Sphingid moths"
"Enpinanga assamensis","null","Sphingidae","Sphingid moths"
"Macroglossum sitiene","null","Sphingidae","Sphingid moths"
"Ambulyx ochracea","null","Sphingidae","Sphingid moths"
"Pergesa acteus","null","Sphingidae","Sphingid moths"
"Sphecodina caudata","null","Sphingidae","Sphingid moths"
"Acherontia styx","Death's-Head Hawk Moth","Sphingidae","Sphingid moths"
"Macroglossum saga","null","Sphingidae","Sphingid moths"
"Acosmeryx castanea","null","Sphingidae","Sphingid moths"
"Smerinthus szechuanus","null","Sphingidae","Sphingid moths"
"Agrius convolvuli","Convolvulus Hawk","Sphingidae","Sphingid moths"
"Marumba saishiuana","null","Sphingidae","Sphingid moths"
"Leucophlebia lineata","null","Sphingidae","Sphingid moths"
"Smerinthus planus","null","Sphingidae","Sphingid moths"
"Ambulyx sericeipennis","null","Sphingidae","Sphingid moths"
"Rhodoprasina nanlingensis","null","Sphingidae","Sphingid moths"
"Theretra tibetiana","null","Sphingidae","Sphingid moths"
"Hemaris radians","null","Sphingidae","Sphingid moths"
"Cechenena helops","null","Sphingidae","Sphingid moths"
"Ambulyx substrigilis","null","Sphingidae","Sphingid moths"
"Macroglossum pyrrhosticta","Hummingbird Hawk Moth","Sphingidae","Sphingid moths"
"Meganoton analis","null","Sphingidae","Sphingid moths"
"Psilogramma discistriga","null","Sphingidae","Sphingid moths"
"Dahira rubiginosa","null","Sphingidae","Sphingid moths"
"Acosmeryx pseudomissa","null","Sphingidae","Sphingid moths"
"Acosmeryx sinjaevi","null","Sphingidae","Sphingid moths"
"Marumba cristata","null","Sphingidae","Sphingid moths"
"Macroglossum poecilum","null","Sphingidae","Sphingid moths"
"Acosmerycoides harterti","null","Sphingidae","Sphingid moths"
"Rhagastis olivacea","null","Sphingidae","Sphingid moths"
"Macroglossum fritzei","null","Sphingidae","Sphingid moths"
"Psilogramma increta","null","Sphingidae","Sphingid moths"
"Eupanacra mydon","null","Sphingidae","Sphingid moths"
"Callambulyx tatarinovii","null","Sphingidae","Sphingid moths"
"Deilephila elpenor","Elephant Hawk-Moth","Sphingidae","Sphingid moths"
"Dahira viksinjaevi","null","Sphingidae","Sphingid moths"
"Macroglossum corythus","null","Sphingidae","Sphingid moths"
"Theretra japonica","null","Sphingidae","Sphingid moths"
"Theretra pallicosta","null","Sphingidae","Sphingid moths"
"Ambulyx liturata","null","Sphingidae","Sphingid moths"
"Macroglossum passalus","null","Sphingidae","Sphingid moths"
"Polyptychus chinensis","null","Sphingidae","Sphingid moths"
"Theretra latreillii","Pale Brown Hawk Moth","Sphingidae","Sphingid moths"
"Macroglossum belis","null","Sphingidae","Sphingid moths"
"Hayesiana farintaenia","null","Sphingidae","Sphingid moths"
"Macroglossum bombylans","null","Sphingidae","Sphingid moths"
"Theretra suffusa","null","Sphingidae","Sphingid moths"
"Polyptychus trilineatus","null","Sphingidae","Sphingid moths"
"Eupanacra busiris","null","Sphingidae","Sphingid moths"
"Ampelophaga dolichoides","null","Sphingidae","Sphingid moths"
"Marumba sperchius","null","Sphingidae","Sphingid moths"
"Dolbina inexacta","null","Sphingidae","Sphingid moths"
"Cephalotaxus oliveri","Oliver's Plum Yew","Taxaceae","Conifers"
"Pseudolarix amabilis","Golden Larch","Pinaceae","Conifers"
"Cephalotaxus fortunei","Fortune's Plum Yew","Taxaceae","Conifers"
"Juniperus formosana","Formosan Juniper","Cupressaceae","Conifers"
"Fokienia hodginsii","Fujian Cypress","Cupressaceae","Conifers"
"Torreya grandis","Chinese Nutmeg-Yew","Taxaceae","Conifers"
"Juniperus chinensis","Chinese Juniper","Cupressaceae","Conifers"
"Pinus hwangshanensis","Huangshan Pine","Pinaceae","Conifers"
"Nageia nagi","Nagi","Podocarpaceae","Conifers"
"Cryptomeria japonica","Japanese Red-Cedar","Cupressaceae","Conifers"
"Pseudotaxus chienii","White-Berry Yew","Taxaceae","Conifers"
"Taxus mairei","Maire's Yew","Taxaceae","Conifers"
"Torreya jackii","Jack's Nutmeg Tree","Taxaceae","Conifers"
"Podocarpus macrophyllus","Kusamaki","Podocarpaceae","Conifers"
"Cephalotaxus sinensis","Chinese Plum Yew","Taxaceae","Conifers"
"Abies ziyuanensis","Ziyuan Fir","Pinaceae","Conifers"
"Pseudotsuga sinensis","Chinese Douglas-Fir","Pinaceae","Conifers"
"Amentotaxus argotaenia","Catkin Yew","Taxaceae","Conifers"
"Podocarpus neriifolius","Oleander Podocarp","Podocarpaceae","Conifers"
"Pinus massoniana","Masson's Pine","Pinaceae","Conifers"
"Juniperus squamata","Flaky Juniper","Cupressaceae","Conifers"
"Glyptostrobus pensilis","Chinese Swamp Cypress","Cupressaceae","Conifers"
"Keteleeria fortunei","Fortune's Keteleeria","Pinaceae","Conifers"
"Tsuga chinensis","Chinese Hemlock","Pinaceae","Conifers"
"Nothotsuga longibracteata","Bristlecone Hemlock","Pinaceae","Conifers"
"Pinus fenzeliana","Fenzel's White Pine","Pinaceae","Conifers"
"Cunninghamia lanceolata","Cunninghamia","Cupressaceae","Conifers"
"Taxus chinensis","Chinese Yew","Taxaceae","Conifers"
