Downloaded from https://mol.org on Jun 23, 2022. Inclusive species list based on approximate intersections with Political boundary polygon for the Nei Mongol region. 


"Scientific Name","Common Name","Family","Taxonomic Group"
"Anser indicus","Bar-Headed Goose","Anatidae","Birds"
"Sylvia curruca","Lesser Whitethroat","Sylviidae","Birds"
"Ficedula zanthopygia","Yellow-Rumped Flycatcher","Muscicapidae","Birds"
"Larus brunnicephalus","Brown-Headed Gull","Laridae","Birds"
"Phylloscopus pulcher","Buff-Barred Warbler","Sylviidae","Birds"
"Falco subbuteo","Eurasian Hobby","Falconidae","Birds"
"Crossoptilon mantchuricum","Brown Eared-Pheasant","Phasianidae","Birds"
"Dicrurus macrocercus","Black Drongo","Dicruridae","Birds"
"Picus canus","Grey-Faced Woodpecker","Picidae","Birds"
"Lanius bucephalus","Bull-Headed Shrike","Laniidae","Birds"
"Pyrrhocorax graculus","Yellow-Billed Chough","Corvidae","Birds"
"Prunella strophiata","Rufous-Breasted Accentor","Prunellidae","Birds"
"Anas formosa","Baikal Teal","Anatidae","Birds"
"Sturnus cineraceus","Grey Starling","Sturnidae","Birds"
"Bucephala clangula","Common Goldeneye","Anatidae","Birds"
"Carduelis sinica","Oriental Greenfinch","Fringillidae","Birds"
"Urocissa erythrorhyncha","Red-Billed Blue Magpie","Corvidae","Birds"
"Accipiter nisus","Eurasian Sparrowhawk","Accipitridae","Birds"
"Muscicapa griseisticta","Grey-Streaked Flycatcher","Muscicapidae","Birds"
"Hirundapus caudacutus","White-Throated Needletail","Apodidae","Birds"
"Acrocephalus arundinaceus","Great Reed Warbler","Sylviidae","Birds"
"Buteo hemilasius","Upland Buzzard","Accipitridae","Birds"
"Ardeola bacchus","Chinese Pond-Heron","Ardeidae","Birds"
"Coccothraustes coccothraustes","Hawfinch","Fringillidae","Birds"
"Parus venustulus","Yellow-Bellied Tit","Paridae","Birds"
"Parus ater","Coal Tit","Paridae","Birds"
"Grus japonensis","Red-Crowned Crane","Gruidae","Birds"
"Podiceps auritus","Horned Grebe","Podicipedidae","Birds"
"Sterna nilotica","Gull-Billed Tern","Laridae","Birds"
"Bombycilla garrulus","Bohemian Waxwing","Bombycillidae","Birds"
"Aegolius funereus","Boreal Owl","Strigidae","Birds"
"Turnix tanki","Yellow-Legged Buttonquail","Turnicidae","Birds"
"Acrocephalus aedon","Thick-Billed Warbler","Sylviidae","Birds"
"Phylloscopus subaffinis","Buff-Throated Warbler","Sylviidae","Birds"
"Delichon dasypus","Asian House Martin","Hirundinidae","Birds"
"Corvus corax","Common Raven","Corvidae","Birds"
"Cygnus columbianus","Tundra Swan","Anatidae","Birds"
"Regulus regulus","Goldcrest","Reguliidae","Birds"
"Turdus feae","Grey-Sided Thrush","Turdidae","Birds"
"Anas zonorhyncha","Eastern Spot-Billed Duck","Anatidae","Birds"
"Ketupa blakistoni","Blakiston's Fish-Owl","Strigidae","Birds"
"Dendrocopos minor","Lesser Spotted Woodpecker","Picidae","Birds"
"Aix galericulata","Mandarin Duck","Anatidae","Birds"
"Ixobrychus cinnamomeus","Cinnamon Bittern","Ardeidae","Birds"
"Pucrasia macrolopha","Koklass Pheasant","Phasianidae","Birds"
"Netta rufina","Red-Crested Pochard","Anatidae","Birds"
"Phoenicurus schisticeps","White-Throated Redstart","Muscicapidae","Birds"
"Alectoris magna","Przewalski's Partridge","Phasianidae","Birds"
"Anser cygnoides","Swan Goose","Anatidae","Birds"
"Hirundo rupestris","Eurasian Crag-Martin","Hirundinidae","Birds"
"Parus palustris","Black-Bibbed Tit","Paridae","Birds"
"Garrulax elliotii","Elliot's Laughingthrush","Timaliidae","Birds"
"Tetrao parvirostris","Black-Billed Capercaillie","Phasianidae","Birds"
"Scolopax rusticola","Woodcock","Scolopacidae","Birds"
"Nucifraga caryocatactes","Spotted Nutcracker","Corvidae","Birds"
"Anas querquedula","Garganey","Anatidae","Birds"
"Bradypterus tacsanowskius","Chinese Bush-Warbler","Sylviidae","Birds"
"Prunella collaris","Alpine Accentor","Prunellidae","Birds"
"Urosphena squameiceps","Scaly-Headed Stubtail","Sylviidae","Birds"
"Emberiza fucata","Chestnut-Eared Bunting","Emberizidae","Birds"
"Montifringilla davidiana","Small Snowfinch","Passeridae","Birds"
"Accipiter gentilis","Goshawk","Accipitridae","Birds"
"Podiceps grisegena","Red-Necked Grebe","Podicipedidae","Birds"
"Limosa limosa","Black-Tailed Godwit","Scolopacidae","Birds"
"Phylloscopus borealis","Arctic Warbler","Sylviidae","Birds"
"Phylloscopus proregulus","Pallas's Leaf Warbler","Sylviidae","Birds"
"Grus vipio","White-Naped Crane","Gruidae","Birds"
"Anas acuta","Northern Pintail","Anatidae","Birds"
"Aquila chrysaetos","Golden Eagle","Accipitridae","Birds"
"Remiz consobrinus","Chinese Penduline Tit","Remizidae","Birds"
"Riparia riparia","Sand Martin","Hirundinidae","Birds"
"Tringa stagnatilis","Marsh Sandpiper","Scolopacidae","Birds"
"Panurus biarmicus","Bearded Tit","Timaliidae","Birds"
"Emberiza aureola","Yellow-Breasted Bunting","Emberizidae","Birds"
"Rhyacornis fuliginosa","Plumbeous Water Redstart","Muscicapidae","Birds"
"Tringa glareola","Wood Sandpiper","Scolopacidae","Birds"
"Calandrella cheleensis","Asian Short-Toed Lark","Alaudidae","Birds"
"Ciconia boyciana","Oriental White Stork","Ciconiidae","Birds"
"Falco amurensis","Amur Falcon","Falconidae","Birds"
"Lanius sphenocercus","Chinese Grey Shrike","Laniidae","Birds"
"Sylvia communis","Whitethroat","Sylviidae","Birds"
"Sterna hirundo","Common Tern","Laridae","Birds"
"Vanellus vanellus","Lapwing","Charadriidae","Birds"
"Locustella fasciolata","Gray's Grasshopper-Warbler","Sylviidae","Birds"
"Grus grus","Common Crane","Gruidae","Birds"
"Petronia petronia","Rock Sparrow","Passeridae","Birds"
"Charadrius dubius","Little Ringed Plover","Charadriidae","Birds"
"Gallicrex cinerea","Watercock","Rallidae","Birds"
"Pica pica","Black-Billed Magpie","Corvidae","Birds"
"Streptopelia tranquebarica","Red-Collared Dove","Columbidae","Birds"
"Aquila clanga","Greater Spotted Eagle","Accipitridae","Birds"
"Sterna caspia","Caspian Tern","Laridae","Birds"
"Mergellus albellus","Smew","Anatidae","Birds"
"Ciconia nigra","Black Stork","Ciconiidae","Birds"
"Phylloscopus claudiae","Claudia's Warbler","Sylviidae","Birds"
"Alcippe cinereiceps","Grey-Hooded Fulvetta","Timaliidae","Birds"
"Terpsiphone paradisi","Asian Paradise-Flycatcher","Monarchidae","Birds"
"Pelecanus crispus","Dalmatian Pelican","Pelecanidae","Birds"
"Anthus roseatus","Rosy Pipit","Motacillidae","Birds"
"Podiceps cristatus","Great Crested Grebe","Podicipedidae","Birds"
"Calandrella brachydactyla","Short-Toed Lark","Alaudidae","Birds"
"Megaceryle lugubris","Crested Kingfisher","Alcedinidae","Birds"
"Corvus macrorhynchos","Large-Billed Crow","Corvidae","Birds"
"Cinclus pallasii","Brown Dipper","Cinclidae","Birds"
"Numenius arquata","Eurasian Curlew","Scolopacidae","Birds"
"Parus major","Great Tit","Paridae","Birds"
"Himantopus himantopus","Black-Winged Stilt","Recurvirostridae","Birds"
"Hirundo daurica","Red-Rumped Swallow","Hirundinidae","Birds"
"Fulica atra","Common Coot","Rallidae","Birds"
"Falco peregrinus","Peregrine Falcon","Falconidae","Birds"
"Pyrrhocorax pyrrhocorax","Red-Billed Chough","Corvidae","Birds"
"Circaetus gallicus","Short-Toed Eagle","Accipitridae","Birds"
"Aegypius monachus","Monk Vulture","Accipitridae","Birds"
"Passer montanus","Eurasian Tree Sparrow","Passeridae","Birds"
"Troglodytes troglodytes","Winter Wren","Troglodytidae","Birds"
"Streptopelia orientalis","Oriental Turtle Dove","Columbidae","Birds"
"Mergus serrator","Red-Breasted Merganser","Anatidae","Birds"
"Zoothera dauma","Scaly Thrush","Turdidae","Birds"
"Gyps himalayensis","Himalayan Griifon","Accipitridae","Birds"
"Cuculus fugax","Fugitive Hawk-Cuckoo","Cuculidae","Birds"
"Eurystomus orientalis","Eastern Broad-Billed Roller","Coraciidae","Birds"
"Falco tinnunculus","Common Kestrel","Falconidae","Birds"
"Dendrocopos major","Great Spotted Woodpecker","Picidae","Birds"
"Platalea leucorodia","Eurasian Spoonbill","Threskiornithidae","Birds"
"Asio flammeus","Short-Eared Owl","Strigidae","Birds"
"Gallinago solitaria","Solitary Snipe","Scolopacidae","Birds"
"Anas poecilorhyncha","Spot-Billed Duck","Anatidae","Birds"
"Egretta eulophotes","Swinhoe's Egret","Ardeidae","Birds"
"Anthus rubescens","Buff-Bellied Pipit","Motacillidae","Birds"
"Luscinia calliope","Siberian Rubythroat","Muscicapidae","Birds"
"Sitta leucopsis","White-Cheeked Nuthatch","Sittidae","Birds"
"Dendrocopos canicapillus","Grey-Capped Woodpecker","Picidae","Birds"
"Melanocorypha mongolica","Mongolian Lark","Alaudidae","Birds"
"Corvus dauuricus","Daurian Jackdaw","Corvidae","Birds"
"Cuculus sparverioides","Large Hawk-Cuckoo","Cuculidae","Birds"
"Anthus hodgsoni","Olive-Backed Pipit","Motacillidae","Birds"
"Loxia leucoptera","White-Winged Crossbill","Fringillidae","Birds"
"Delichon urbicum","Northern House Martin","Hirundinidae","Birds"
"Phoenicurus erythrogastrus","Güldenstädt's Redstart","Muscicapidae","Birds"
"Luscinia pectoralis","White-Tailed Rubythroat","Muscicapidae","Birds"
"Lanius schach","Long-Tailed Shrike","Laniidae","Birds"
"Anas penelope","Eurasian Wigeon","Anatidae","Birds"
"Phylloscopus yunnanensis","Chinese Leaf Warbler","Sylviidae","Birds"
"Saxicola torquatus","Common Stonechat","Muscicapidae","Birds"
"Anthus godlewskii","Blyth's Pipit","Motacillidae","Birds"
"Lanius meridionalis","Southern Grey Shrike","Laniidae","Birds"
"Chlamydotis undulata","Houbara Bustard","Otididae","Birds"
"Tichodroma muraria","Wallcreeper","Sittidae","Birds"
"Casmerodius albus","Great Egret","Ardeidae","Birds"
"Lanius cristatus","Brown Shrike","Laniidae","Birds"
"Caprimulgus indicus","Jungle Nightjar","Caprimulgidae","Birds"
"Glareola maldivarum","Oriental Pratincole","Glareolidae","Birds"
"Cuculus canorus","Common Cuckoo","Cuculidae","Birds"
"Prunella himalayana","Himalayan Accentor","Prunellidae","Birds"
"Pinicola enucleator","Pine Grosbeak","Fringillidae","Birds"
"Myophonus caeruleus","Himalayan Whistling-Thrush","Turdidae","Birds"
"Pyrrhula erythaca","Beavan's Bullfinch","Fringillidae","Birds"
"Dendrocopos leucotos","White-Backed Woodpecker","Picidae","Birds"
"Emberiza rustica","Rustic Bunting","Emberizidae","Birds"
"Emberiza rutila","Chestnut Bunting","Emberizidae","Birds"
"Chlidonias hybrida","Whiskered Tern","Laridae","Birds"
"Cyanopica cyanus","Azure-Winged Magpie","Corvidae","Birds"
"Picoides tridactylus","Eurasian Three-Toed Woodpecker","Picidae","Birds"
"Coturnicops exquisitus","Swinhoe's Rail","Rallidae","Birds"
"Cuculus poliocephalus","Lesser Cuckoo","Cuculidae","Birds"
"Aquila heliaca","Imperial Eagle","Accipitridae","Birds"
"Charadrius leschenaultii","Greater Sandplover","Charadriidae","Birds"
"Gavia stellata","Red-Throated Diver","Gaviidae","Birds"
"Larus minutus","Little Gull","Laridae","Birds"
"Montifringilla taczanowskii","White-Rumped Snowfinch","Passeridae","Birds"
"Phoenicurus hodgsoni","Hodgson's Redstart","Muscicapidae","Birds"
"Luscinia pectardens","David's Rubythroat","Muscicapidae","Birds"
"Zoothera sibirica","Siberian Thrush","Turdidae","Birds"
"Oenanthe oenanthe","Northern Wheatear","Muscicapidae","Birds"
"Tringa ochropus","Green Sandpiper","Scolopacidae","Birds"
"Glaucidium passerinum","Eurasian Pygmy-Owl","Strigidae","Birds"
"Oenanthe deserti","Desert Wheatear","Muscicapidae","Birds"
"Turdus kessleri","White-Backed Thrush","Turdidae","Birds"
"Actitis hypoleucos","Common Sandpiper","Scolopacidae","Birds"
"Motacilla flava","Yellow Wagtail","Motacillidae","Birds"
"Sterna albifrons","Little Tern","Laridae","Birds"
"Calidris acuminata","Sharp-Tailed Sandpiper","Scolopacidae","Birds"
"Otus bakkamoena","Collared Scops Owl","Strigidae","Birds"
"Emberiza yessoensis","Japanese Reed Bunting","Emberizidae","Birds"
"Cettia canturians","Manchurian Bush Warbler","Sylviidae","Birds"
"Mergus squamatus","Chinese Merganser","Anatidae","Birds"
"Oenanthe pleschanka","Pied Wheatear","Muscicapidae","Birds"
"Eophona migratoria","Yellow-Billed Grosbeak","Fringillidae","Birds"
"Tetraogallus altaicus","Altai Snowcock","Phasianidae","Birds"
"Strix nebulosa","Great Grey Owl","Strigidae","Birds"
"Rallus aquaticus","Water Rail","Rallidae","Birds"
"Grus virgo","Demoiselle Crane","Gruidae","Birds"
"Larus schistisagus","Slaty-Backed Gull","Laridae","Birds"
"Cygnus olor","Mute Swan","Anatidae","Birds"
"Carduelis spinus","Eurasian Siskin","Fringillidae","Birds"
"Phylloscopus armandii","Yellow-Streaked Warbler","Sylviidae","Birds"
"Perdix dauurica","Daurian Partridge","Phasianidae","Birds"
"Podoces hendersoni","Henderson's Ground-Jay","Corvidae","Birds"
"Porzana paykullii","Band-Bellied Crake","Rallidae","Birds"
"Athene noctua","Little Owl","Strigidae","Birds"
"Anas clypeata","Northern Shoveler","Anatidae","Birds"
"Ficedula mugimaki","Mugimaki Flycatcher","Muscicapidae","Birds"
"Phylloscopus inornatus","Yellow-Browed Warbler","Sylviidae","Birds"
"Turdus rubrocanus","Grey-Headed Thrush","Turdidae","Birds"
"Strix uralensis","Ural Owl","Strigidae","Birds"
"Pyrrhula pyrrhula","Common Bullfinch","Fringillidae","Birds"
"Corvus monedula","Eurasian Jackdaw","Corvidae","Birds"
"Jynx torquilla","Eurasian Wryneck","Picidae","Birds"
"Columba leuconota","Snow Pigeon","Columbidae","Birds"
"Larus cachinnans","Caspian Gull","Laridae","Birds"
"Columba hodgsonii","Speckled Wood-Pigeon","Columbidae","Birds"
"Sylvia minula","Small Whitethroat","Sylviidae","Birds"
"Nycticorax nycticorax","Black-Crowned Night-Heron","Ardeidae","Birds"
"Anser erythropus","Lesser White-Fronted Goose","Anatidae","Birds"
"Columba rupestris","Hill Pigeon","Columbidae","Birds"
"Ibidorhyncha struthersii","Ibisbill","Ibidorhynchidae","Birds"
"Montifringilla nivalis","White-Winged Snowfinch","Passeridae","Birds"
"Phylloscopus schwarzi","Radde's Warbler","Sylviidae","Birds"
"Sturnus sturninus","Daurian Starling","Sturnidae","Birds"
"Carpodacus pulcherrimus","Beautiful Rosefinch","Fringillidae","Birds"
"Muscicapa striata","Spotted Flycatcher","Muscicapidae","Birds"
"Urocynchramus pylzowi","Przevalski's Rosefinch","Urocynchramidae","Birds"
"Phylloscopus coronatus","Temminck's Crowned Warbler","Sylviidae","Birds"
"Anser fabalis","Bean Goose","Anatidae","Birds"
"Grus monacha","Hooded Crane","Gruidae","Birds"
"Emberiza elegans","Yellow-Headed Bunting","Emberizidae","Birds"
"Phalacrocorax carbo","Cormorant","Phalacrocoracidae","Birds"
"Bonasa bonasia","Hazel Grouse","Phasianidae","Birds"
"Surnia ulula","Northern Hawk Owl","Strigidae","Birds"
"Otus sunia","Oriental Scops Owl","Strigidae","Birds"
"Rostratula benghalensis","Painted-Snipe","Rostratulidae","Birds"
"Ixobrychus sinensis","Yellow Bittern","Ardeidae","Birds"
"Otus lettia","Collared Scops Owl","Strigidae","Birds"
"Perdix hodgsoniae","Tibetan Partridge","Phasianidae","Birds"
"Falco naumanni","Lesser Kestrel","Falconidae","Birds"
"Phoenicurus ochruros","Black Redstart","Muscicapidae","Birds"
"Circus cyaneus","Hen Harrier","Accipitridae","Birds"
"Dendrocopos hyperythrus","Rufous-Bellied Woodpecker","Picidae","Birds"
"Larus argentatus","Herring Gull","Laridae","Birds"
"Tachybaptus ruficollis","Little Grebe","Podicipedidae","Birds"
"Crossoptilon auritum","Blue Eared-Pheasant","Phasianidae","Birds"
"Anser anser","Greylag Goose","Anatidae","Birds"
"Carpodacus synoicus","Pale Rosefinch","Fringillidae","Birds"
"Otis tarda","Great Bustard","Otididae","Birds"
"Eremopsaltria mongolicus","Mongolian Finch","Fringillidae","Birds"
"Sitta villosa","Snowy-Browed Nuthatch","Sittidae","Birds"
"Gallinago stenura","Pintail Snipe","Scolopacidae","Birds"
"Vanellus cinereus","Grey-Headed Lapwing","Charadriidae","Birds"
"Tadorna ferruginea","Ruddy Shelduck","Anatidae","Birds"
"Phoenicurus frontalis","Blue-Fronted Redstart","Muscicapidae","Birds"
"Charadrius alexandrinus","Kentish Plover","Charadriidae","Birds"
"Streptopelia decaocto","Collared Dove","Columbidae","Birds"
"Anthus richardi","Richard's Pipit","Motacillidae","Birds"
"Corvus corone","Carrion Crow","Corvidae","Birds"
"Dendrocopos kizuki","Pygmy Woodpecker","Picidae","Birds"
"Alauda gulgula","Oriental Skylark","Alaudidae","Birds"
"Turdus mupinensis","Chinese Thrush","Turdidae","Birds"
"Turdus naumanni","Dusky Thrush","Turdidae","Birds"
"Bradypterus davidi","Baikal Bush Warbler","Sylviidae","Birds"
"Lagopus lagopus","Willow Ptarmigan","Phasianidae","Birds"
"Platalea minor","Black-Faced Spoonbill","Threskiornithidae","Birds"
"Ficedula narcissina","Narcissus Flycatcher","Muscicapidae","Birds"
"Turdus ruficollis","Dark-Throated Thrush","Turdidae","Birds"
"Ficedula albicilla","Taiga Flycatcher","Muscicapidae","Birds"
"Recurvirostra avosetta","Pied Avocet","Recurvirostridae","Birds"
"Muscicapa dauurica","Asian Brown Flycatcher","Muscicapidae","Birds"
"Loxia curvirostra","Red Crossbill","Fringillidae","Birds"
"Apus apus","Common Swift","Apodidae","Birds"
"Oriolus chinensis","Black-Naped Oriole","Oriolidae","Birds"
"Larus canus","Common Gull","Laridae","Birds"
"Cygnus cygnus","Whooper Swan","Anatidae","Birds"
"Sylvia nisoria","Barred Warbler","Sylviidae","Birds"
"Numenius madagascariensis","Far Eastern Curlew","Scolopacidae","Birds"
"Charadrius veredus","Eastern Sand Plover","Charadriidae","Birds"
"Phylloscopus kansuensis","Gansu Leaf Warbler","Sylviidae","Birds"
"Turdus obscurus","Eyebrowed Thrush","Turdidae","Birds"
"Falco rusticolus","Gyr Falcon","Falconidae","Birds"
"Cettia diphone","Japanese Bush-Warbler","Sylviidae","Birds"
"Pomatorhinus gravivox","Black Streaked Scimitar Babbler","Timaliidae","Birds"
"Fringilla montifringilla","Brambling","Fringillidae","Birds"
"Accipiter gularis","Japanese Sparrowhawk","Accipitridae","Birds"
"Cinclus cinclus","Dipper","Cinclidae","Birds"
"Mergus merganser","Goosander","Anatidae","Birds"
"Motacilla citreola","Citrine Wagtail","Motacillidae","Birds"
"Zosterops erythropleurus","Chestnut-Flanked White-Eye","Zosteropidae","Birds"
"Aegithalos caudatus","Long-Tailed Tit","Aegithalidae","Birds"
"Luscinia svecica","Bluethroat","Muscicapidae","Birds"
"Carpodacus erythrinus","Common Rosefinch","Fringillidae","Birds"
"Branta bernicla","Brant","Anatidae","Birds"
"Phylloscopus magnirostris","Large-Billed Leaf-Warbler","Sylviidae","Birds"
"Caprimulgus europaeus","European Nightjar","Caprimulgidae","Birds"
"Phylloscopus trochilus","Willow Warbler","Sylviidae","Birds"
"Lanius tephronotus","Grey-Backed Shrike","Laniidae","Birds"
"Astrapia rothschildi","Huon Astrapia","Paradisaeidae","Birds"
"Strix aluco","Tawny Owl","Strigidae","Birds"
"Emberiza godlewskii","Godlewski's Bunting","Emberizidae","Birds"
"Haliaeetus albicilla","White-Tailed Eagle","Accipitridae","Birds"
"Ninox scutulata","Brown Hawk-Owl","Strigidae","Birds"
"Carpodacus rubicilloides","Eastern Great Rosefinch","Fringillidae","Birds"
"Anas falcata","Falcated Duck","Anatidae","Birds"
"Phylloscopus fuscatus","Dusky Warbler","Sylviidae","Birds"
"Locustella certhiola","Pallas's Grasshopper Warbler","Sylviidae","Birds"
"Milvus migrans","Black Kite","Accipitridae","Birds"
"Lanius tigrinus","Tiger Shrike","Laniidae","Birds"
"Rhodopechys obsoletus","Desert Finch","Fringillidae","Birds"
"Aquila nipalensis","Steppe Eagle","Accipitridae","Birds"
"Galerida cristata","Crested Lark","Alaudidae","Birds"
"Anser albifrons","Greater White-Fronted Goose","Anatidae","Birds"
"Passer rutilans","Cinnamon Sparrow","Passeridae","Birds"
"Ardea cinerea","Grey Heron","Ardeidae","Birds"
"Carduelis flammea","Common Redpoll","Fringillidae","Birds"
"Buteo buteo","Buzzard","Accipitridae","Birds"
"Prunella koslowi","Mongolian Accentor","Prunellidae","Birds"
"Pericrocotus divaricatus","Ashy Minivet","Campephagidae","Birds"
"Dicrurus leucophaeus","Ashy Drongo","Dicruridae","Birds"
"Calandrella rufescens","Lesser Short-Toed Lark","Alaudidae","Birds"
"Tetrao urogallus","Capercaillie","Phasianidae","Birds"
"Melanitta fusca","White-Winged Scoter","Anatidae","Birds"
"Pycnonotus sinensis","Chinese Bulbul","Pycnonotidae","Birds"
"Columba livia","Rock Dove","Columbidae","Birds"
"Locustella lanceolata","Lanceolated Warbler","Sylviidae","Birds"
"Anthus spinoletta","Water Pipit","Motacillidae","Birds"
"Acrocephalus sorghophilus","Speckled Reed-Warbler","Sylviidae","Birds"
"Emberiza cioides","Meadow Bunting","Emberizidae","Birds"
"Buteo lagopus","Rough-Legged Buzzard","Accipitridae","Birds"
"Butastur indicus","Grey-Faced Buzzard","Accipitridae","Birds"
"Grandala coelicolor","Grandala","Muscicapidae","Birds"
"Alectoris chukar","Chukar","Phasianidae","Birds"
"Calcarius lapponicus","Lapland Longspur","Emberizidae","Birds"
"Anas crecca","Common Teal","Anatidae","Birds"
"Carpodacus vinaceus","Vinaceous Rosefinch","Fringillidae","Birds"
"Mycerobas carnipes","White-Winged Grosbeak","Fringillidae","Birds"
"Threskiornis melanocephalus","Oriental Ibis","Threskiornithidae","Birds"
"Sylvia nana","Asian Desert Warbler","Sylviidae","Birds"
"Syrmaticus reevesii","Reeves's Pheasant","Phasianidae","Birds"
"Locustella pryeri","Marsh Grassbird","Sylviidae","Birds"
"Lagopus muta","Rock Ptarmigan","Phasianidae","Birds"
"Cyanoptila cyanomelana","Blue-And-White Flycatcher","Muscicapidae","Birds"
"Circus spilonotus","Eastern Marsh-Harrier","Accipitridae","Birds"
"Passer ammodendri","Saxaul Sparrow","Passeridae","Birds"
"Cuculus optatus","Oriental Cuckoo","Cuculidae","Birds"
"Haematopus ostralegus","Eurasian Oystercatcher","Haematopodidae","Birds"
"Gypaetus barbatus","Lammergeier","Accipitridae","Birds"
"Carpodacus roseus","Pallas's Rosefinch","Fringillidae","Birds"
"Podiceps nigricollis","Black-Necked Grebe","Podicipedidae","Birds"
"Motacilla alba","White Wagtail","Motacillidae","Birds"
"Circus melanoleucos","Pied Harrier","Accipitridae","Birds"
"Hieraaetus pennatus","Booted Eagle","Accipitridae","Birds"
"Corvus frugilegus","Rook","Corvidae","Birds"
"Gallinago megala","Swinhoe's Snipe","Scolopacidae","Birds"
"Phylloscopus tenellipes","Pale-Legged Leaf-Warbler","Sylviidae","Birds"
"Luscinia cyane","Siberian Blue Robin","Muscicapidae","Birds"
"Hippolais caligata","Booted Warbler","Sylviidae","Birds"
"Dendragapus falcipennis","Siberian Grouse","Phasianidae","Birds"
"Streptopelia turtur","Turtle Dove","Columbidae","Birds"
"Dendronanthus indicus","Forest Wagtail","Motacillidae","Birds"
"Garrulax davidi","David's Laughingthrush","Timaliidae","Birds"
"Bradypterus thoracicus","Spotted Bush-Warbler","Sylviidae","Birds"
"Anas platyrhynchos","Mallard","Anatidae","Birds"
"Aythya nyroca","Ferruginous Pochard","Anatidae","Birds"
"Coturnix japonica","Japanese Quail","Phasianidae","Birds"
"Alauda arvensis","Skylark","Alaudidae","Birds"
"Phylloscopus trochiloides","Greenish Warbler","Sylviidae","Birds"
"Pernis ptilorhyncus","Oriental Honey-Buzzard","Accipitridae","Birds"
"Bombycilla japonica","Japanese Waxwing","Bombycillidae","Birds"
"Butorides striata","Green-Backed Heron","Ardeidae","Birds"
"Chaimarrornis leucocephalus","River Chat","Muscicapidae","Birds"
"Bubo bubo","Eurasian Eagle Owl","Strigidae","Birds"
"Sitta europaea","Wood Nuthatch","Sittidae","Birds"
"Halcyon pileata","Black-Capped Kingfisher","Alcedinidae","Birds"
"Asio otus","Long-Eared Owl","Strigidae","Birds"
"Montifringilla blanfordi","Blanford's Snowfinch","Passeridae","Birds"
"Leucosticte arctoa","Rosy Finch","Fringillidae","Birds"
"Montifringilla ruficollis","Rufous-Necked Snowfinch","Passeridae","Birds"
"Emberiza leucocephalos","Pine Bunting","Emberizidae","Birds"
"Eremophila alpestris","Horned Lark","Alaudidae","Birds"
"Larus relictus","Lönnberg's Gull","Laridae","Birds"
"Phoenicurus alaschanicus","Przewalski's Redstart","Muscicapidae","Birds"
"Ardea purpurea","Purple Heron","Ardeidae","Birds"
"Leucosticte nemoricola","Plain Mountain-Finch","Fringillidae","Birds"
"Lanius excubitor","Great Grey Shrike","Laniidae","Birds"
"Parus cyanus","Azure Tit","Paridae","Birds"
"Gallinula chloropus","Common Moorhen","Rallidae","Birds"
"Tringa nebularia","Greenshank","Scolopacidae","Birds"
"Hirundo rustica","Barn Swallow","Hirundinidae","Birds"
"Tadorna tadorna","Common Shelduck","Anatidae","Birds"
"Emberiza spodocephala","Black-Faced Bunting","Emberizidae","Birds"
"Ithaginis cruentus","Blood Pheasant","Phasianidae","Birds"
"Histrionicus histrionicus","Harlequin Duck","Anatidae","Birds"
"Acrocephalus concinens","Blunt-Winged Warbler","Sylviidae","Birds"
"Syrrhaptes tibetanus","Tibetan Sandgrouse","Pteroclididae","Birds"
"Gallinago gallinago","Common Snipe","Scolopacidae","Birds"
"Upupa epops","Hoopoe","Upupidae","Birds"
"Ixobrychus eurhythmus","Schrenck's Bittern","Ardeidae","Birds"
"Tetrao tetrix","Black Grouse","Phasianidae","Birds"
"Aythya baeri","Baer's Pochard","Anatidae","Birds"
"Falco cherrug","Saker Falcon","Falconidae","Birds"
"Emberiza jankowskii","Jankowski's Bunting","Emberizidae","Birds"
"Monticola gularis","White-Throated Rock-Thrush","Muscicapidae","Birds"
"Carpodacus rubescens","Blanford's Rosefinch","Fringillidae","Birds"
"Phylloscopus griseolus","Sulphur-Bellied Warbler","Sylviidae","Birds"
"Garrulus glandarius","Eurasian Jay","Corvidae","Birds"
"Turdus pilaris","Fieldfare","Turdidae","Birds"
"Hodgsonius phaenicuroides","White-Bellied Redstart","Muscicapidae","Birds"
"Chlidonias leucopterus","White-Winged Black Tern","Laridae","Birds"
"Parus rubidiventris","Rufous-Vented Tit","Paridae","Birds"
"Tarsiger cyanurus","Red-Flanked Bluetail","Muscicapidae","Birds"
"Prunella fulvescens","Brown Accentor","Prunellidae","Birds"
"Carduelis flavirostris","Twite","Fringillidae","Birds"
"Pericrocotus ethologus","Long-Tailed Minivet","Campephagidae","Birds"
"Pandion haliaetus","Osprey","Accipitridae","Birds"
"Phoenicurus auroreus","Daurian Redstart","Muscicapidae","Birds"
"Passer domesticus","House Sparrow","Passeridae","Birds"
"Carpodacus puniceus","Rose-Breasted Rosefinch","Fringillidae","Birds"
"Falco columbarius","Merlin","Falconidae","Birds"
"Acrocephalus bistrigiceps","Black-Browed Reed-Warbler","Sylviidae","Birds"
"Calidris minutilla","Least Sandpiper","Scolopacidae","Birds"
"Acrocephalus tangorum","Manchurian Reed Warbler","Sylviidae","Birds"
"Tetraophasis obscurus","Verreaux's Monal Partridge","Phasianidae","Birds"
"Perisoreus infaustus","Siberian Jay","Corvidae","Birds"
"Aythya ferina","Common Pochard","Anatidae","Birds"
"Charadrius mongolus","Mongolian Plover","Charadriidae","Birds"
"Porzana pusilla","Baillon's Crake","Rallidae","Birds"
"Parus superciliosus","White-Browed Tit","Paridae","Birds"
"Dryocopus martius","Black Woodpecker","Picidae","Birds"
"Limnodromus semipalmatus","Asian Dowitcher","Scolopacidae","Birds"
"Gavia arctica","Black-Throated Diver","Gaviidae","Birds"
"Aythya fuligula","Tufted Duck","Anatidae","Birds"
"Prunella montanella","Siberian Accentor","Prunellidae","Birds"
"Cuculus micropterus","Short-Winged Cuckoo","Cuculidae","Birds"
"Uragus sibiricus","Long-Tailed Rosefinch","Fringillidae","Birds"
"Luscinia sibilans","Rufous-Tailed Robin","Muscicapidae","Birds"
"Larus ridibundus","Common Black-Headed Gull","Laridae","Birds"
"Lanius isabellinus","Isabelline Shrike","Laniidae","Birds"
"Emberiza schoeniclus","Reed Bunting","Emberizidae","Birds"
"Emberiza pallasi","Pallas's Bunting","Emberizidae","Birds"
"Monticola saxatilis","Rufous-Tailed Rock Thrush","Muscicapidae","Birds"
"Alcedo atthis","Common Kingfisher","Alcedinidae","Birds"
"Porzana fusca","Ruddy-Breasted Crake","Rallidae","Birds"
"Paradoxornis heudei","Heude's Parrotbill","Timaliidae","Birds"
"Turdus hortulorum","Grey-Backed Thrush","Turdidae","Birds"
"Paradoxornis webbianus","Brown-Winged Parrotbill","Timaliidae","Birds"
"Anas strepera","Gadwall","Anatidae","Birds"
"Carpodacus thura","White-Browed Rosefinch","Fringillidae","Birds"
"Apus pacificus","Fork-Tailed Swift","Apodidae","Birds"
"Tringa totanus","Common Redshank","Scolopacidae","Birds"
"Monticola solitarius","Blue Rock Thrush","Muscicapidae","Birds"
"Rhopophilus pekinensis","White-Browed Chinese Warbler","Cisticolidae","Birds"
"Leiothrix lutea","Pekin Robin","Timaliidae","Birds"
"Haliaeetus leucoryphus","Pallas Sea-Eagle","Accipitridae","Birds"
"Phasianus colchicus","Common Pheasant","Phasianidae","Birds"
"Motacilla cinerea","Grey Wagtail","Motacillidae","Birds"
"Oenanthe isabellina","Isabelline Wheatear","Muscicapidae","Birds"
"Parus montanus","Willow Tit","Paridae","Birds"
"Certhia familiaris","Eurasian Treecreeper","Certhiidae","Birds"
"Botaurus stellaris","Bittern","Ardeidae","Birds"
"Syrrhaptes paradoxus","Pallas's Sandgrouse","Pteroclididae","Birds"
"Charadrius placidus","Long-Billed Plover","Charadriidae","Birds"
"Carduelis hornemanni","Arctic Redpoll","Fringillidae","Birds"
"Muscicapa sibirica","Siberian Flycatcher","Muscicapidae","Birds"
"Moschus moschiferus","Siberian Musk Deer","Moschidae","Mammals"
"Felis silvestris","Wildcat","Felidae","Mammals"
"Gulo gulo","Wolverine","Mustelidae","Mammals"
"Prionailurus bengalensis","Leopard Cat","Felidae","Mammals"
"Eptesicus gobiensis","Gobi Big Brown Bat","Vespertilionidae","Mammals"
"Alces alces","Eurasian Elk","Cervidae","Mammals"
"Procapra picticaudata","Goa","Bovidae","Mammals"
"Cardiocranius paradoxus","Five-Toed Pygmy Jerboa","Dipodidae","Mammals"
"Spermophilus pallidicauda","Pallid Ground Squirrel","Sciuridae","Mammals"
"Lutra lutra","European Otter","Mustelidae","Mammals"
"Chaerephon plicatus","Wrinkle-Lipped Bat","Molossidae","Mammals"
"Martes flavigula","Yellow Throated Marten","Mustelidae","Mammals"
"Niviventer confucianus","Confucian Niviventer","Muridae","Mammals"
"Allactaga sibirica","Siberian Jerboa","Dipodidae","Mammals"
"Crocidura lasiura","Ussuri Shrew","Soricidae","Mammals"
"Vulpes corsac","Corsac Fox","Canidae","Mammals"
"Vespertilio sinensis","Asian Particolored Bat","Vespertilionidae","Mammals"
"Brachiones przewalskii","Przewalski's Jird","Muridae","Mammals"
"Camelus ferus","Bactrian Camel","Camelidae","Mammals"
"Sorex roboratus","Flat-Skulled Shrew","Soricidae","Mammals"
"Barbastella leucomelas","Asian Barbastelle","Vespertilionidae","Mammals"
"Mogera robusta","Large Mole","Talpidae","Mammals"
"Petaurista xanthotis","Chinese Giant Flying Squirrel","Sciuridae","Mammals"
"Vulpes vulpes","Red Fox","Canidae","Mammals"
"Pseudois nayaur","Bharal","Bovidae","Mammals"
"Myotis brandtii","Brandt's Bat","Vespertilionidae","Mammals"
"Ochotona macrotis","Large-Eared Pika","Ochotonidae","Mammals"
"Pteromys volans","Flying Squirrel","Sciuridae","Mammals"
"Capreolus pygargus","Siberian Roe Deer","Cervidae","Mammals"
"Vespertilio murinus","Parti-Coloured Bat","Vespertilionidae","Mammals"
"Arctonyx albogularis","null","Mustelidae","Mammals"
"Spermophilus erythrogenys","Red-Cheeked Ground Squirrel","Sciuridae","Mammals"
"Cervus canadensis","null","Cervidae","Mammals"
"Naemorhedus griseus","Chinese Goral","Bovidae","Mammals"
"Myotis ikonnikovi","Ikonnikov's Bat","Vespertilionidae","Mammals"
"Microtus gregalis","Narrow Headed Vole","Cricetidae","Mammals"
"Lynx lynx","Lynx","Felidae","Mammals"
"Ochotona pallasii","null","Ochotonidae","Mammals"
"Sorex tundrensis","Tundra Shrew","Soricidae","Mammals"
"Lasiopodomys mandarinus","Mandarin Vole","Cricetidae","Mammals"
"Sciurotamias davidianus","Pére David's Rock Squirrel","Sciuridae","Mammals"
"Microtus maximowiczii","Maximowicz's Vole","Cricetidae","Mammals"
"Eptesicus serotinus","Serotine","Vespertilionidae","Mammals"
"Sorex minutissimus","Eurasian Least Shrew","Soricidae","Mammals"
"Myodes rutilus","Northern Red-Backed Vole","Cricetidae","Mammals"
"Ochotona argentata","Silver Pika","Ochotonidae","Mammals"
"Myopus schisticolor","Wood Lemming","Cricetidae","Mammals"
"Sorex daphaenodon","Large Toothed Siberian Shrew","Soricidae","Mammals"
"Ochotona hyperborea","Northern Pika","Ochotonidae","Mammals"
"Allactaga balikunica","Balikun Jerboa","Dipodidae","Mammals"
"Cricetulus sokolovi","Sokolov's Dwarf Hamster","Cricetidae","Mammals"
"Marmota himalayana","Himalayan Marmot","Sciuridae","Mammals"
"Martes zibellina","Sable","Mustelidae","Mammals"
"Canis lupus","Wolf","Canidae","Mammals"
"Alticola barakshin","Gobi Altai Mountain Vole","Cricetidae","Mammals"
"Marmota sibirica","Mongolian Marmot","Sciuridae","Mammals"
"Murina hilgendorfi","Greater Tube-Nosed Bat","Vespertilionidae","Mammals"
"Ochotona erythrotis","Chinese Red Pika","Ochotonidae","Mammals"
"Mesechinus dauuricus","Daurian Hedgehog","Erinaceidae","Mammals"
"Mus musculus","House Mouse","Muridae","Mammals"
"Microtus mongolicus","Mongolian Vole","Cricetidae","Mammals"
"Eospalax fontanierii","Chinese Zokor","Spalacidae","Mammals"
"Allocricetulus curtatus","Mongolian Hamster","Cricetidae","Mammals"
"Salpingotus kozlovi","Kozlov's Pygmy Jerboa","Dipodidae","Mammals"
"Pipistrellus alaschanicus","Alashanian Pipistrelle","Vespertilionidae","Mammals"
"Ochotona cansus","Gansu Pika","Ochotonidae","Mammals"
"Stylodipus andrewsi","Andrews's Three-Toed Jerboa","Dipodidae","Mammals"
"Myotis davidii","David's Myotis","Vespertilionidae","Mammals"
"Ursus thibetanus","Asian Black Bear","Ursidae","Mammals"
"Sorex unguiculatus","Long-Clawed Shrew","Soricidae","Mammals"
"Myospalax psilurus","Transbaikal Zokor","Spalacidae","Mammals"
"Meles leucurus","Asian Badger","Mustelidae","Mammals"
"Pipistrellus abramus","Japanese Pipistrelle","Vespertilionidae","Mammals"
"Phodopus roborovskii","Desert Hamster","Cricetidae","Mammals"
"Rattus nitidus","Himalayan Field Rat","Muridae","Mammals"
"Microtus fortis","Reed Vole","Cricetidae","Mammals"
"Lepus mandshuricus","Manchurian Hare","Leporidae","Mammals"
"Ellobius tancrei","Zaisan Mole Vole","Cricetidae","Mammals"
"Neomys fodiens","Eurasian Water Shrew","Soricidae","Mammals"
"Ondatra zibethicus","Musk Rat","Cricetidae","Mammals"
"Rhombomys opimus","Great Gerbil","Muridae","Mammals"
"Crocidura shantungensis","Shantung Shrew","Soricidae","Mammals"
"Alticola stoliczkanus","Stoliczka's Mountain Vole","Cricetidae","Mammals"
"Moschus chrysogaster","Alpine Musk Deer","Moschidae","Mammals"
"Rattus norvegicus","Brown Rat","Muridae","Mammals"
"Ursus arctos","Grizzly Bear","Ursidae","Mammals"
"Apodemus agrarius","Striped Field Mouse","Muridae","Mammals"
"Tscherskia triton","Greater Long Tailed Hamster","Cricetidae","Mammals"
"Sciurus vulgaris","Red Squirrel","Sciuridae","Mammals"
"Equus hemionus","Asiatic Wild Ass","Equidae","Mammals"
"Myodes rufocanus","Grey Red Backed Vole","Cricetidae","Mammals"
"Lasiopodomys brandtii","Brandt's Vole","Cricetidae","Mammals"
"Lepus timidus","Mountain Hare","Leporidae","Mammals"
"Myotis daubentonii","Daubenton's Bat","Vespertilionidae","Mammals"
"Erinaceus amurensis","Amur Hedgehog","Erinaceidae","Mammals"
"Cricetulus migratorius","Gray Dwarf Hamster","Cricetidae","Mammals"
"Eolagurus przewalskii","Przewalski's Steppe Lemming","Cricetidae","Mammals"
"Euchoreutes naso","Long-Eared Jerboa","Dipodidae","Mammals"
"Procapra gutturosa","Mongolian Gazelle","Bovidae","Mammals"
"Panthera pardus","Leopard","Felidae","Mammals"
"Cricetulus longicaudatus","Long Tailed Dwarf Hamster","Cricetidae","Mammals"
"Hemiechinus auritus","Long Eared Hedgehog","Erinaceidae","Mammals"
"Tadarida latouchei","La Touche's Free-Tailed Bat","Molossidae","Mammals"
"Rattus tanezumi","Oriental House Rat","Muridae","Mammals"
"Panthera uncia","Snow Leopard","Felidae","Mammals"
"Felis bieti","Chinese Mountain Cat","Felidae","Mammals"
"Lemmus amurensis","Amur Lemming","Cricetidae","Mammals"
"Salpingotus crassicauda","Thick-Tailed Pygmy Jerboa","Dipodidae","Mammals"
"Rattus rattus","Black Rat","Muridae","Mammals"
"Alticola semicanus","Mongolian Silver Vole","Cricetidae","Mammals"
"Micromys minutus","Harvest Mouse","Muridae","Mammals"
"Myotis bombinus","Far Eastern Myotis","Vespertilionidae","Mammals"
"Myospalax aspalax","False Zokor","Spalacidae","Mammals"
"Scaptochirus moschatus","Short-Faced Mole","Talpidae","Mammals"
"Ochotona dauurica","Daurian Pika","Ochotonidae","Mammals"
"Mustela nivalis","Weasel","Mustelidae","Mammals"
"Cricetulus kamensis","Kam Dwarf Hamster","Cricetidae","Mammals"
"Crocidura sibirica","Siberian Shrew","Soricidae","Mammals"
"Mustela erminea","Stoat","Mustelidae","Mammals"
"Chimarrogale himalayica","Himalayan Water Shrew","Soricidae","Mammals"
"Crocidura suaveolens","Lesser White-Toothed Shrew","Soricidae","Mammals"
"Ochotona mantchurica","null","Ochotonidae","Mammals"
"Microtus limnophilus","Lacustrine Vole","Cricetidae","Mammals"
"Capra sibirica","Siberian Ibex","Bovidae","Mammals"
"Apodemus peninsulae","Korean Field Mouse","Muridae","Mammals"
"Sorex isodon","Taiga Shrew","Soricidae","Mammals"
"Myodes shanseius","Shanxi Red-Backed Vole","Cricetidae","Mammals"
"Mustela sibirica","Siberian Weasel","Mustelidae","Mammals"
"Myotis blythii","Lesser Mouse-Eared Bat","Vespertilionidae","Mammals"
"Mustela eversmanii","Steppe Polecat","Mustelidae","Mammals"
"Lepus tibetanus","Desert Hare","Leporidae","Mammals"
"Mustela altaica","Mountain Weasel","Mustelidae","Mammals"
"Nyctereutes procyonoides","Racoon Dog","Canidae","Mammals"
"Sicista concolor","Chinese Birch Mouse","Dipodidae","Mammals"
"Meriones meridianus","Mid Day Jird","Muridae","Mammals"
"Allactaga bullata","Gobi Jerboa","Dipodidae","Mammals"
"Rhinolophus ferrumequinum","Greater Horseshoe Bat","Rhinolophidae","Mammals"
"Gazella subgutturosa","Goitered Gazelle","Bovidae","Mammals"
"Meriones unguiculatus","Mongolian Gerbil","Muridae","Mammals"
"Sus scrofa","Wild Boar","Suidae","Mammals"
"Spermophilus dauricus","Daurian Ground Squirrel","Sciuridae","Mammals"
"Cricetulus barabensis","Striped Dwarf Hamster","Cricetidae","Mammals"
"Lepus tolai","Tolai Hare","Leporidae","Mammals"
"Ovis ammon","Argali","Bovidae","Mammals"
"Phodopus campbelli","Campbell's Hamster","Cricetidae","Mammals"
"Ochotona thomasi","Thomas's Pika","Ochotonidae","Mammals"
"Sorex caecutiens","Masked Shrew","Soricidae","Mammals"
"Meriones tamariscinus","Tamarisk Jird","Muridae","Mammals"
"Dipus sagitta","Northern Three Toed Jerboa","Dipodidae","Mammals"
"Vormela peregusna","Marbled Polecat","Mustelidae","Mammals"
"Martes foina","Stone Marten","Mustelidae","Mammals"
"Spermophilus alashanicus","Alashan Ground Squirrel","Sciuridae","Mammals"
"Eptesicus pachyotis","Thick Eared Bat","Vespertilionidae","Mammals"
"Plecotus ognevi","null","Vespertilionidae","Mammals"
"Cervus albirostris","null","Cervidae","Mammals"
"Pygeretmus pumilio","Dwarf Fat-Tailed Jerboa","Dipodidae","Mammals"
"Phrynocephalus przewalskii","Przewalski's Toadhead Agama","Agamidae","Reptiles"
"Protobothrops mucrosquamatus","Brown Spotted Pitviper","Viperidae","Reptiles"
"Gekko swinhonis","Peking Gecko","Gekkonidae","Reptiles"
"Phrynocephalus vlangalii","Ching Hai Toadhead Agama","Agamidae","Reptiles"
"Elaphe bimaculata","Chinese Leopard Snake","Colubridae","Reptiles"
"Zootoca vivipara","European Common Lizard","Lacertidae","Reptiles"
"Teratoscincus przewalskii","Przewalski's Wonder Gecko","Sphaerodactylidae","Reptiles"
"Oocatochus rufodorsatus","Frog-Eating Rat Snake","Colubridae","Reptiles"
"Phrynocephalus versicolor","null","Agamidae","Reptiles"
"Alsophylax pipiens","Kaspischer Even-Fingered Gecko","Gekkonidae","Reptiles"
"Euprepiophis mandarinus","Mandarin Ratsnakes","Colubridae","Reptiles"
"Pelodiscus sinensis","Chinese Soft-Shelled Turtle","Trionychidae","Turtles (non-marine)"
"Hyla japonica","Far Eastern Treefrog","Hylidae","Amphibians"
"Salamandrella keyserlingii","Dybowski's Salamander","Hynobiidae","Amphibians"
"Kaloula borealis","Manchurian Narrowmouth Toad","Microhylidae","Amphibians"
"Rana amurensis","Khabarovsk Frog","Ranidae","Amphibians"
"Duttaphrynus melanostictus","Doubtful Toad","Bufonidae","Amphibians"
"Strauchbufo raddei","Tengger Desert Toad","Bufonidae","Amphibians"
"Pelophylax tenggerensis","Yellow River Frog","Ranidae","Amphibians"
"Pelophylax nigromaculatus","Black-Spotted Frog","Ranidae","Amphibians"
"Rana kukunoris","Plateau Brown Frog","Ranidae","Amphibians"
"Bufo gargarizans","Chusan Island Toad","Bufonidae","Amphibians"
"Bombina orientalis","Oriental Firebelly Toad","Bombinatoridae","Amphibians"
"Hyla immaculata","Spotless Tree Toad","Hylidae","Amphibians"
"Rana chensinensis","Far Eastern Wood Frog","Ranidae","Amphibians"
"Polyommatus cyane","null","Lycaenidae","Butterflies"
"Oeneis lederi","null","Nymphalidae","Butterflies"
"Colias heos","null","Pieridae","Butterflies"
"Pieris mandarina","null","Pieridae","Butterflies"
"Erebia embla","Lapland Ringlet","Nymphalidae","Butterflies"
"Satyrium prunoides","null","Lycaenidae","Butterflies"
"Callophrys rubi","Green Hairstreak","Lycaenidae","Butterflies"
"Pyrgus alveus","Large Grizzled Skipper","Hesperiidae","Butterflies"
"Vanessa indica","Indian Red Admiral","Nymphalidae","Butterflies"
"Thecla betulae","Brown Hairstreak","Lycaenidae","Butterflies"
"Hesperia florinda","null","Hesperiidae","Butterflies"
"Lopinga achine","Woodland Brown","Nymphalidae","Butterflies"
"Neptis andetria","null","Nymphalidae","Butterflies"
"Erynnis popoviana","null","Hesperiidae","Butterflies"
"Limenitis helmanni","null","Nymphalidae","Butterflies"
"Parnassius eversmanni","Eversmann's Parnassian","Papilionidae","Butterflies"
"Lycaena hippothoe","Purple-Edged Copper","Lycaenidae","Butterflies"
"Clossiana thore","Thor's Fritillary","Nymphalidae","Butterflies"
"Lycaena alciphron","Purple-Shot Copper","Lycaenidae","Butterflies"
"Anthocharis cardamines","Orange-Tip","Pieridae","Butterflies"
"Polyommatus artaxerxes","null","Lycaenidae","Butterflies"
"Colias erate","Eastern Pale Clouded Yellow","Pieridae","Butterflies"
"Clossiana euphrosyne","Pearl-Bordered Fritillary","Nymphalidae","Butterflies"
"Nymphalis xanthomelas","Scarce Tortoiseshell","Nymphalidae","Butterflies"
"Triphysa dohrnii","null","Nymphalidae","Butterflies"
"Melitaea phoebe","Knapweed Fritillary","Nymphalidae","Butterflies"
"Oeneis nanna","null","Nymphalidae","Butterflies"
"Polygonia c-album","Comma","Nymphalidae","Butterflies"
"Maculinea teleius","Scarce Large Blue","Lycaenidae","Butterflies"
"Gonepteryx rhamni","Brimstone","Pieridae","Butterflies"
"Inachis io","European Peacock","Nymphalidae","Butterflies"
"Pontia callidice","Peak White","Pieridae","Butterflies"
"Polyommatus chinensis","null","Lycaenidae","Butterflies"
"Clossiana angarensis","null","Nymphalidae","Butterflies"
"Colias fieldii","null","Pieridae","Butterflies"
"Celastrina argiolus","Spring/Summer Azure","Lycaenidae","Butterflies"
"Melitaea diamina","False-Heath Fritillary","Nymphalidae","Butterflies"
"Carterocephalus dieckmanni","null","Hesperiidae","Butterflies"
"Plebeius argus","Silver-Studded Blue","Lycaenidae","Butterflies"
"Maculinea cyanecula","null","Lycaenidae","Butterflies"
"Parnassius tenedius","null","Papilionidae","Butterflies"
"Melitaea sutschana","null","Nymphalidae","Butterflies"
"Argynnis aglaja","Dark Green Fritillary","Nymphalidae","Butterflies"
"Neptis rivularis","Hungarian Glider","Nymphalidae","Butterflies"
"Clossiana selene","Silver-Bordered Fritillary","Nymphalidae","Butterflies"
"Hipparchia autonoe","Russian Grayling","Nymphalidae","Butterflies"
"Argynnis niobe","Niobe Fritillary","Nymphalidae","Butterflies"
"Scolitantides orion","Chequered Blue","Lycaenidae","Butterflies"
"Clossiana selenis","null","Nymphalidae","Butterflies"
"Nymphalis vaualbum","Compton Tortoiseshell","Nymphalidae","Butterflies"
"Papilio maackii","Alpine Black Swallowtail","Papilionidae","Butterflies"
"Lopinga deidamia","null","Nymphalidae","Butterflies"
"Erebia cyclopius","null","Nymphalidae","Butterflies"
"Leptidea morsei","Fenton's Wood White","Pieridae","Butterflies"
"Cupido minimus","Little Blue","Lycaenidae","Butterflies"
"Lycaena violaceus","null","Lycaenidae","Butterflies"
"Neptis thisbe","null","Nymphalidae","Butterflies"
"Leptidea amurensis","null","Pieridae","Butterflies"
"Lycaena virgaureae","Scarce Copper","Lycaenidae","Butterflies"
"Pyrgus malvae","Grizzled Skipper","Hesperiidae","Butterflies"
"Pieris brassicae","Large White","Pieridae","Butterflies"
"Pieris napi","Gray-Veined White","Pieridae","Butterflies"
"Heteropterus morpheus","Large Chequered Skipper","Hesperiidae","Butterflies"
"Argynnis paphia","Silver-Washed Fritillary","Nymphalidae","Butterflies"
"Neptis alwina","null","Nymphalidae","Butterflies"
"Oeneis magna","null","Nymphalidae","Butterflies"
"Lethe syrcisi","null","Nymphalidae","Butterflies"
"Kirinia epimenides","null","Nymphalidae","Butterflies"
"Erebia edda","null","Nymphalidae","Butterflies"
"Argynnis laodice","Eastern Silverstripe","Nymphalidae","Butterflies"
"Nymphalis antiopa","Mourning Cloak","Nymphalidae","Butterflies"
"Melitaea britomartis","Assmann's Fritillary","Nymphalidae","Butterflies"
"Melitaea cinxia","Glanville Fritillary","Nymphalidae","Butterflies"
"Carterocephalus argyrostigma","null","Hesperiidae","Butterflies"
"Aphantopus hyperantus","Ringlet","Nymphalidae","Butterflies"
"Limenitis populi","Poplar Admiral","Nymphalidae","Butterflies"
"Melitaea romanovi","null","Nymphalidae","Butterflies"
"Plebejus subsolanus","null","Lycaenidae","Butterflies"
"Oeneis sculda","null","Nymphalidae","Butterflies"
"Polyommatus glandon","null","Lycaenidae","Butterflies"
"Lycaena helle","Violet Copper","Lycaenidae","Butterflies"
"Colias palaeno","Palaeno Sulphur","Pieridae","Butterflies"
"Papilio machaon","Swallowtail","Papilionidae","Butterflies"
"Araschnia levana","European Map","Nymphalidae","Butterflies"
"Erebia medusa","Woodland Ringlet","Nymphalidae","Butterflies"
"Melitaea arcesia","Blackvein Fritillary","Nymphalidae","Butterflies"
"Thymelicus lineola","Essex Skipper","Hesperiidae","Butterflies"
"Plebeius argyrognomon","Northern Blue Butterfly","Lycaenidae","Butterflies"
"Oeneis jutta","Jutta Arctic","Nymphalidae","Butterflies"
"Lycaena dispar","Large Copper","Lycaenidae","Butterflies"
"Melitaea didymoides","null","Nymphalidae","Butterflies"
"Coenonympha hero","Scarce Heath","Nymphalidae","Butterflies"
"Satyrus dryas","Dryad","Nymphalidae","Butterflies"
"Limenitis sydyi","null","Nymphalidae","Butterflies"
"Pyrgus speyeri","null","Hesperiidae","Butterflies"
"Argynnis adippe","High Brown Fritillary","Nymphalidae","Butterflies"
"Muschampia cribrellum","null","Hesperiidae","Butterflies"
"Erynnis tages","Dingy Skipper","Hesperiidae","Butterflies"
"Melitaea plotina","null","Nymphalidae","Butterflies"
"Ochlodes sylvanus","Large Skipper","Hesperiidae","Butterflies"
"Melanargia halimede","null","Nymphalidae","Butterflies"
"Euphydryas sibirica","null","Nymphalidae","Butterflies"
"Melitaea ambigua","null","Nymphalidae","Butterflies"
"Parnassius nomion","null","Papilionidae","Butterflies"
"Hesperia comma","Common Branded Skipper","Hesperiidae","Butterflies"
"Vanessa cardui","Painted Lady","Nymphalidae","Butterflies"
"Aporia crataegi","Black-Veined White","Pieridae","Butterflies"
"Coenonympha glycerion","Chestnut Heath","Nymphalidae","Butterflies"
"Glaucopsyche lycormas","null","Lycaenidae","Butterflies"
"Euphydryas ichnea","null","Nymphalidae","Butterflies"
"Oeneis tarpeia","null","Nymphalidae","Butterflies"
"Parnassius bremeri","null","Papilionidae","Butterflies"
"Pontia chloridice","Small Bath White","Pieridae","Butterflies"
"Apatura ilia","Lesser Purple Emperor","Nymphalidae","Butterflies"
"Muschampia tessellum","Tesselated Skipper","Hesperiidae","Butterflies"
"Clossiana tritonia","null","Nymphalidae","Butterflies"
"Aglais urticae","Small Tortiseshell","Nymphalidae","Butterflies"
"Maculinea alcon","Alcon Blue","Lycaenidae","Butterflies"
"Colias hyale","Pale Clouded Yellow","Pieridae","Butterflies"
"Plebejus lucifera","null","Lycaenidae","Butterflies"
"Colias hecla","Hecla Sulphur","Pieridae","Butterflies"
"Neptis sappho","Pallas' Sailer","Nymphalidae","Butterflies"
"Pontia daplidice","Bath White","Pieridae","Butterflies"
"Satyrium pruni","Black Hairstreak","Lycaenidae","Butterflies"
"Pyrgus maculatus","null","Hesperiidae","Butterflies"
"Brenthis ino","Lesser Marbled Fritillary","Nymphalidae","Butterflies"
"Neozephyrus japonicus","null","Lycaenidae","Butterflies"
"Clossiana titania","Titania's Fritillary","Nymphalidae","Butterflies"
"Brenthis daphne","Marbled Fritillary","Nymphalidae","Butterflies"
"Polyommatus icarus","Common Blue","Lycaenidae","Butterflies"
"Triphysa nervosa","null","Nymphalidae","Butterflies"
"Everes argiades","Short-Tailed Blue","Lycaenidae","Butterflies"
"Erebia neriene","null","Nymphalidae","Butterflies"
"Satyrium herzi","null","Lycaenidae","Butterflies"
"Apatura iris","Purple Emperor","Nymphalidae","Butterflies"
"Tongeia fischeri","null","Lycaenidae","Butterflies"
"Polyommatus eumedon","null","Lycaenidae","Butterflies"
"Neolycaena davidi","null","Lycaenidae","Butterflies"
"Clossiana oscarus","null","Nymphalidae","Butterflies"
"Aporia hippia","null","Pieridae","Butterflies"
"Spialia orbifer","Orbed Red-Underwing Skipper","Hesperiidae","Butterflies"
"Polyommatus erotides","null","Lycaenidae","Butterflies"
"Chalinga pratti","null","Nymphalidae","Butterflies"
"Hyponephele lycaon","Dusky Meadow Brown Butterfly","Nymphalidae","Butterflies"
"Euphydryas maturna","Scarce Fritillary","Nymphalidae","Butterflies"
"Oeneis urda","null","Nymphalidae","Butterflies"
"Colias tyche","Booth's Sulphur","Pieridae","Butterflies"
"Satyrium spini","Blue Spot Hairstreak","Lycaenidae","Butterflies"
"Lycaena phlaeas","Small Copper","Lycaenidae","Butterflies"
"Clossiana eunomia","Bog Fritillary","Nymphalidae","Butterflies"
"Melitaea centralasiae","null","Nymphalidae","Butterflies"
"Coenonympha oedippus","False Ringlet","Nymphalidae","Butterflies"
"Apatura metis","Freyer's Purple Emperor","Nymphalidae","Butterflies"
"Coenonympha amaryllis","null","Nymphalidae","Butterflies"
"Niphanda fusca","null","Lycaenidae","Butterflies"
"Papilio xuthus","Chinese Swallowtail","Papilionidae","Butterflies"
"Erebia discoidalis","Red-Disked Alpine","Nymphalidae","Butterflies"
"Polyommatus optilete","null","Lycaenidae","Butterflies"
"Polyommatus orbitulus","null","Lycaenidae","Butterflies"
"Colias chrysotheme","Lesser Clouded Yellow Butterfly","Pieridae","Butterflies"
"Argynnis sagana","null","Nymphalidae","Butterflies"
"Pieris rapae","Cabbage White","Pieridae","Butterflies"
"Polyommatus semiargus","Mazarine Blue","Lycaenidae","Butterflies"
"Polyommatus amandus","Amanda's Blue","Lycaenidae","Butterflies"
"Satyrus ferula","Great Sooty Satyr","Nymphalidae","Butterflies"
"Neozephyrus taxila","null","Lycaenidae","Butterflies"
"Clossiana freija","Freija Fritillary","Nymphalidae","Butterflies"
"Parnassius stubbendorfii","null","Papilionidae","Butterflies"
"Carterocephalus silvicola","Northern Chequered Skipper","Hesperiidae","Butterflies"
"Sphinx ligustri","Privet Hawk Moth","Sphingidae","Sphingid moths"
"Clanis bilineata","null","Sphingidae","Sphingid moths"
"Ambulyx schauffelbergeri","null","Sphingidae","Sphingid moths"
"Ampelophaga rubiginosa","null","Sphingidae","Sphingid moths"
"Marumba gaschkewitschii","null","Sphingidae","Sphingid moths"
"Neogurelca montana","null","Sphingidae","Sphingid moths"
"Hyles exilis","null","Sphingidae","Sphingid moths"
"Clanis undulosa","null","Sphingidae","Sphingid moths"
"Hyles livornica","Striped Hawk-Moth","Sphingidae","Sphingid moths"
"Mimas christophi","null","Sphingidae","Sphingid moths"
"Smerinthus caecus","null","Sphingidae","Sphingid moths"
"Sphingulus mus","null","Sphingidae","Sphingid moths"
"Hemaris ottonis","null","Sphingidae","Sphingid moths"
"Sphinx centrosinaria","null","Sphingidae","Sphingid moths"
"Kentrochrysalis sieversi","null","Sphingidae","Sphingid moths"
"Hemaris staudingeri","null","Sphingidae","Sphingid moths"
"Deilephila askoldensis","null","Sphingidae","Sphingid moths"
"Rhagastis mongoliana","null","Sphingidae","Sphingid moths"
"Theretra japonica","null","Sphingidae","Sphingid moths"
"Clanis schwartzi","null","Sphingidae","Sphingid moths"
"Neogurelca himachala","null","Sphingidae","Sphingid moths"
"Smerinthus kindermannii","null","Sphingidae","Sphingid moths"
"Hemaris affinis","null","Sphingidae","Sphingid moths"
"Kentrochrysalis heberti","null","Sphingidae","Sphingid moths"
"Macroglossum bombylans","null","Sphingidae","Sphingid moths"
"Hyles zygophylli","null","Sphingidae","Sphingid moths"
"Macroglossum stellatarum","Hummingbird Hawk-Moth","Sphingidae","Sphingid moths"
"Hyles nicaea","Mediterranean Hawk-Moth","Sphingidae","Sphingid moths"
"Marumba sperchius","null","Sphingidae","Sphingid moths"
"Sphinx oberthueri","null","Sphingidae","Sphingid moths"
"Acosmeryx naga","null","Sphingidae","Sphingid moths"
"Hyles chamyla","null","Sphingidae","Sphingid moths"
"Phyllosphingia dissimilis","null","Sphingidae","Sphingid moths"
"Ambulyx japonica","null","Sphingidae","Sphingid moths"
"Dolbina tancrei","null","Sphingidae","Sphingid moths"
"Hemaris beresowskii","null","Sphingidae","Sphingid moths"
"Kentrochrysalis streckeri","null","Sphingidae","Sphingid moths"
"Laothoe amurensis","null","Sphingidae","Sphingid moths"
"Ambulyx kuangtungensis","null","Sphingidae","Sphingid moths"
"Ambulyx tobii","null","Sphingidae","Sphingid moths"
"Hemaris fuciformis","Broad-Bordered Bee Hawkmoth","Sphingidae","Sphingid moths"
"Marumba jankowskii","null","Sphingidae","Sphingid moths"
"Sphecodina caudata","null","Sphingidae","Sphingid moths"
"Acherontia styx","Death's-Head Hawk Moth","Sphingidae","Sphingid moths"
"Hyles gallii","Galium Sphinx","Sphingidae","Sphingid moths"
"Leucophlebia lineata","null","Sphingidae","Sphingid moths"
"Smerinthus planus","null","Sphingidae","Sphingid moths"
"Hemaris radians","null","Sphingidae","Sphingid moths"
"Macroglossum pyrrhosticta","Hummingbird Hawk Moth","Sphingidae","Sphingid moths"
"Dolbina paraexacta","null","Sphingidae","Sphingid moths"
"Meganoton analis","null","Sphingidae","Sphingid moths"
"Hyles hippophaes","Seathorn Hawk-Moth","Sphingidae","Sphingid moths"
"Dahira yunnanfuana","null","Sphingidae","Sphingid moths"
"Marumba maackii","null","Sphingidae","Sphingid moths"
"Psilogramma increta","null","Sphingidae","Sphingid moths"
"Callambulyx tatarinovii","null","Sphingidae","Sphingid moths"
"Deilephila elpenor","Elephant Hawk-Moth","Sphingidae","Sphingid moths"
"Sphinx morio","Larch Hawk Moth","Sphingidae","Sphingid moths"
"Dolbina exacta","null","Sphingidae","Sphingid moths"
"Hyles costata","null","Sphingidae","Sphingid moths"
"Juniperus przewalskii","Przewalsi Juniper","Cupressaceae","Conifers"
"Pinus sylvestris","Scots Pine","Pinaceae","Conifers"
"Juniperus communis","Common Juniper","Cupressaceae","Conifers"
"Juniperus rigida","Temple Juniper","Cupressaceae","Conifers"
"Picea meyeri","Meyer's Spruce","Pinaceae","Conifers"
"Pinus tabuliformis","Chinese Red Pine","Pinaceae","Conifers"
"Pinus pumila","Dwarf Siberian Pine","Pinaceae","Conifers"
"Picea wilsonii","Wilson's Spruce","Pinaceae","Conifers"
"Picea asperata","Dragon Spruce","Pinaceae","Conifers"
"Abies nephrolepis","Khinghan Fir","Pinaceae","Conifers"
"Picea crassifolia","Qinghai Yunshan","Pinaceae","Conifers"
"Juniperus sabina","Savin Juniper","Cupressaceae","Conifers"
"Larix gmelinii","Dahurian Larch","Pinaceae","Conifers"
"Abies sibirica","Siberian Fir","Pinaceae","Conifers"
"Pinus densiflora","Japanese Red Pine","Pinaceae","Conifers"
"Juniperus chinensis","Chinese Juniper","Cupressaceae","Conifers"
"Picea obovata","Siberian Spruce","Pinaceae","Conifers"
