Downloaded from https://mol.org on Jun 23, 2022. Inclusive species list based on approximate intersections with Political boundary polygon for the Shaanxi region. 


"Scientific Name","Common Name","Family","Taxonomic Group"
"Garrulax lunulatus","Bar-Backed Laughingthrush","Timaliidae","Birds"
"Monticola saxatilis","Rufous-Tailed Rock Thrush","Muscicapidae","Birds"
"Melanocorypha maxima","Long-Billed Calandra Lark","Alaudidae","Birds"
"Alcedo atthis","Common Kingfisher","Alcedinidae","Birds"
"Porzana fusca","Ruddy-Breasted Crake","Rallidae","Birds"
"Aviceda leuphotes","Black Baza","Accipitridae","Birds"
"Paradoxornis webbianus","Brown-Winged Parrotbill","Timaliidae","Birds"
"Garrulax canorus","Melodious Laughingthrush","Timaliidae","Birds"
"Anas strepera","Gadwall","Anatidae","Birds"
"Minla cyanouroptera","Blue-Winged Minla","Timaliidae","Birds"
"Carpodacus thura","White-Browed Rosefinch","Fringillidae","Birds"
"Turdus merula","Blackbird","Turdidae","Birds"
"Garrulax ocellatus","White-Spotted Laughingthrush","Timaliidae","Birds"
"Apus pacificus","Fork-Tailed Swift","Apodidae","Birds"
"Tringa totanus","Common Redshank","Scolopacidae","Birds"
"Monticola solitarius","Blue Rock Thrush","Muscicapidae","Birds"
"Rhopophilus pekinensis","White-Browed Chinese Warbler","Cisticolidae","Birds"
"Leiothrix lutea","Pekin Robin","Timaliidae","Birds"
"Turdus cardis","Japanese Thrush","Turdidae","Birds"
"Haliaeetus leucoryphus","Pallas Sea-Eagle","Accipitridae","Birds"
"Phasianus colchicus","Common Pheasant","Phasianidae","Birds"
"Motacilla cinerea","Grey Wagtail","Motacillidae","Birds"
"Oenanthe isabellina","Isabelline Wheatear","Muscicapidae","Birds"
"Stachyris ruficeps","Rufous-Capped Babbler","Timaliidae","Birds"
"Parus montanus","Willow Tit","Paridae","Birds"
"Pnoepyga albiventer","Scaly-Breasted Wren-Babbler","Timaliidae","Birds"
"Certhia familiaris","Eurasian Treecreeper","Certhiidae","Birds"
"Botaurus stellaris","Bittern","Ardeidae","Birds"
"Syrrhaptes paradoxus","Pallas's Sandgrouse","Pteroclididae","Birds"
"Charadrius placidus","Long-Billed Plover","Charadriidae","Birds"
"Muscicapa sibirica","Siberian Flycatcher","Muscicapidae","Birds"
"Ficedula zanthopygia","Yellow-Rumped Flycatcher","Muscicapidae","Birds"
"Phylloscopus pulcher","Buff-Barred Warbler","Sylviidae","Birds"
"Falco subbuteo","Eurasian Hobby","Falconidae","Birds"
"Crossoptilon mantchuricum","Brown Eared-Pheasant","Phasianidae","Birds"
"Dicrurus macrocercus","Black Drongo","Dicruridae","Birds"
"Picus canus","Grey-Faced Woodpecker","Picidae","Birds"
"Lerwa lerwa","Snow Partridge","Phasianidae","Birds"
"Lanius bucephalus","Bull-Headed Shrike","Laniidae","Birds"
"Prunella strophiata","Rufous-Breasted Accentor","Prunellidae","Birds"
"Paradoxornis fulvifrons","Fulvous-Fronted Parrotbill","Timaliidae","Birds"
"Niltava sundara","Rufous-Bellied Niltava","Muscicapidae","Birds"
"Anas formosa","Baikal Teal","Anatidae","Birds"
"Sturnus cineraceus","Grey Starling","Sturnidae","Birds"
"Hypsipetes leucocephalus","Asian Black Bulbul","Pycnonotidae","Birds"
"Bucephala clangula","Common Goldeneye","Anatidae","Birds"
"Carduelis sinica","Oriental Greenfinch","Fringillidae","Birds"
"Muscicapa muttui","Brown-Breasted Flycatcher","Muscicapidae","Birds"
"Urocissa erythrorhyncha","Red-Billed Blue Magpie","Corvidae","Birds"
"Phylloscopus reguloides","Blyth's Leaf-Warbler","Sylviidae","Birds"
"Accipiter nisus","Eurasian Sparrowhawk","Accipitridae","Birds"
"Hirundapus caudacutus","White-Throated Needletail","Apodidae","Birds"
"Collocalia brevirostris","Himalayan Swiftlet","Apodidae","Birds"
"Acrocephalus arundinaceus","Great Reed Warbler","Sylviidae","Birds"
"Buteo hemilasius","Upland Buzzard","Accipitridae","Birds"
"Ardeola bacchus","Chinese Pond-Heron","Ardeidae","Birds"
"Coccothraustes coccothraustes","Hawfinch","Fringillidae","Birds"
"Seicercus soror","Alstrom's Warbler","Sylviidae","Birds"
"Parus venustulus","Yellow-Bellied Tit","Paridae","Birds"
"Parus ater","Coal Tit","Paridae","Birds"
"Sterna nilotica","Gull-Billed Tern","Laridae","Birds"
"Bombycilla garrulus","Bohemian Waxwing","Bombycillidae","Birds"
"Turnix tanki","Yellow-Legged Buttonquail","Turnicidae","Birds"
"Phylloscopus affinis","Tickell's Leaf-Warbler","Sylviidae","Birds"
"Acrocephalus aedon","Thick-Billed Warbler","Sylviidae","Birds"
"Phylloscopus subaffinis","Buff-Throated Warbler","Sylviidae","Birds"
"Delichon dasypus","Asian House Martin","Hirundinidae","Birds"
"Corvus corax","Common Raven","Corvidae","Birds"
"Cygnus columbianus","Tundra Swan","Anatidae","Birds"
"Regulus regulus","Goldcrest","Reguliidae","Birds"
"Turdus feae","Grey-Sided Thrush","Turdidae","Birds"
"Anas zonorhyncha","Eastern Spot-Billed Duck","Anatidae","Birds"
"Zosterops japonicus","Japanese White-Eye","Zosteropidae","Birds"
"Treron sieboldii","Japanese Green-Pigeon","Columbidae","Birds"
"Conostoma oemodium","Great Parrotbill","Timaliidae","Birds"
"Tarsiger chrysaeus","Golden Bush-Robin","Muscicapidae","Birds"
"Ixobrychus cinnamomeus","Cinnamon Bittern","Ardeidae","Birds"
"Pucrasia macrolopha","Koklass Pheasant","Phasianidae","Birds"
"Phoenicurus schisticeps","White-Throated Redstart","Muscicapidae","Birds"
"Alectoris magna","Przewalski's Partridge","Phasianidae","Birds"
"Anser cygnoides","Swan Goose","Anatidae","Birds"
"Hirundo rupestris","Eurasian Crag-Martin","Hirundinidae","Birds"
"Certhia himalayana","Bar-Tailed Treecreeper","Certhiidae","Birds"
"Enicurus leschenaulti","White-Crowned Forktail","Muscicapidae","Birds"
"Garrulax elliotii","Elliot's Laughingthrush","Timaliidae","Birds"
"Nucifraga caryocatactes","Spotted Nutcracker","Corvidae","Birds"
"Anas querquedula","Garganey","Anatidae","Birds"
"Bradypterus tacsanowskius","Chinese Bush-Warbler","Sylviidae","Birds"
"Prunella collaris","Alpine Accentor","Prunellidae","Birds"
"Emberiza fucata","Chestnut-Eared Bunting","Emberizidae","Birds"
"Accipiter gentilis","Goshawk","Accipitridae","Birds"
"Brachypteryx montana","Blue Shortwing","Turdidae","Birds"
"Phylloscopus proregulus","Pallas's Leaf Warbler","Sylviidae","Birds"
"Enicurus scouleri","Little Forktail","Muscicapidae","Birds"
"Parus monticolus","Green-Backed Tit","Paridae","Birds"
"Aquila chrysaetos","Golden Eagle","Accipitridae","Birds"
"Remiz consobrinus","Chinese Penduline Tit","Remizidae","Birds"
"Riparia riparia","Sand Martin","Hirundinidae","Birds"
"Cephalopyrus flammiceps","Fire-Capped Tit","Remizidae","Birds"
"Panurus biarmicus","Bearded Tit","Timaliidae","Birds"
"Rhyacornis fuliginosa","Plumbeous Water Redstart","Muscicapidae","Birds"
"Dicrurus hottentottus","Hair-Crested Drongo","Dicruridae","Birds"
"Calandrella cheleensis","Asian Short-Toed Lark","Alaudidae","Birds"
"Ciconia boyciana","Oriental White Stork","Ciconiidae","Birds"
"Falco amurensis","Amur Falcon","Falconidae","Birds"
"Lanius sphenocercus","Chinese Grey Shrike","Laniidae","Birds"
"Sterna hirundo","Common Tern","Laridae","Birds"
"Vanellus vanellus","Lapwing","Charadriidae","Birds"
"Yuhina nigrimenta","Black-Chinned Yuhina","Timaliidae","Birds"
"Locustella fasciolata","Gray's Grasshopper-Warbler","Sylviidae","Birds"
"Garrulax perspicillatus","Spectacled Laughingthrush","Timaliidae","Birds"
"Alcippe vinipectus","White-Browed Fulvetta","Timaliidae","Birds"
"Charadrius dubius","Little Ringed Plover","Charadriidae","Birds"
"Gallicrex cinerea","Watercock","Rallidae","Birds"
"Pica pica","Black-Billed Magpie","Corvidae","Birds"
"Streptopelia tranquebarica","Red-Collared Dove","Columbidae","Birds"
"Sterna caspia","Caspian Tern","Laridae","Birds"
"Mergellus albellus","Smew","Anatidae","Birds"
"Ciconia nigra","Black Stork","Ciconiidae","Birds"
"Phylloscopus claudiae","Claudia's Warbler","Sylviidae","Birds"
"Alcippe cinereiceps","Grey-Hooded Fulvetta","Timaliidae","Birds"
"Terpsiphone paradisi","Asian Paradise-Flycatcher","Monarchidae","Birds"
"Pelecanus crispus","Dalmatian Pelican","Pelecanidae","Birds"
"Anthus roseatus","Rosy Pipit","Motacillidae","Birds"
"Accipiter soloensis","Chinese Goshawk","Accipitridae","Birds"
"Podiceps cristatus","Great Crested Grebe","Podicipedidae","Birds"
"Calandrella brachydactyla","Short-Toed Lark","Alaudidae","Birds"
"Megaceryle lugubris","Crested Kingfisher","Alcedinidae","Birds"
"Corvus macrorhynchos","Large-Billed Crow","Corvidae","Birds"
"Cinclus pallasii","Brown Dipper","Cinclidae","Birds"
"Dicaeum concolor","Plain Flowerpecker","Dicaeidae","Birds"
"Numenius arquata","Eurasian Curlew","Scolopacidae","Birds"
"Paradoxornis guttaticollis","Spot-Breasted Parrotbill","Timaliidae","Birds"
"Parus major","Great Tit","Paridae","Birds"
"Hirundo daurica","Red-Rumped Swallow","Hirundinidae","Birds"
"Fulica atra","Common Coot","Rallidae","Birds"
"Falco peregrinus","Peregrine Falcon","Falconidae","Birds"
"Pyrrhocorax pyrrhocorax","Red-Billed Chough","Corvidae","Birds"
"Circaetus gallicus","Short-Toed Eagle","Accipitridae","Birds"
"Aegypius monachus","Monk Vulture","Accipitridae","Birds"
"Passer montanus","Eurasian Tree Sparrow","Passeridae","Birds"
"Troglodytes troglodytes","Winter Wren","Troglodytidae","Birds"
"Streptopelia orientalis","Oriental Turtle Dove","Columbidae","Birds"
"Zoothera dauma","Scaly Thrush","Turdidae","Birds"
"Cuculus fugax","Fugitive Hawk-Cuckoo","Cuculidae","Birds"
"Eurystomus orientalis","Eastern Broad-Billed Roller","Coraciidae","Birds"
"Falco tinnunculus","Common Kestrel","Falconidae","Birds"
"Dendrocopos major","Great Spotted Woodpecker","Picidae","Birds"
"Platalea leucorodia","Eurasian Spoonbill","Threskiornithidae","Birds"
"Picumnus innominatus","Speckled Piculet","Picidae","Birds"
"Asio flammeus","Short-Eared Owl","Strigidae","Birds"
"Gallinago solitaria","Solitary Snipe","Scolopacidae","Birds"
"Anas poecilorhyncha","Spot-Billed Duck","Anatidae","Birds"
"Luscinia calliope","Siberian Rubythroat","Muscicapidae","Birds"
"Dendrocopos canicapillus","Grey-Capped Woodpecker","Picidae","Birds"
"Melanocorypha mongolica","Mongolian Lark","Alaudidae","Birds"
"Corvus dauuricus","Daurian Jackdaw","Corvidae","Birds"
"Cuculus sparverioides","Large Hawk-Cuckoo","Cuculidae","Birds"
"Anthus hodgsoni","Olive-Backed Pipit","Motacillidae","Birds"
"Bonasa sewerzowi","Severtzov's Grouse","Phasianidae","Birds"
"Egretta garzetta","Mascarene Reef-Egret","Ardeidae","Birds"
"Alcippe morrisonia","Grey-Cheeked Fulvetta","Timaliidae","Birds"
"Eumyias thalassinus","Verditer Flycatcher","Muscicapidae","Birds"
"Garrulax albogularis","White-Throated Laughingthrush","Timaliidae","Birds"
"Phoenicurus erythrogastrus","Güldenstädt's Redstart","Muscicapidae","Birds"
"Cyornis rubeculoides","Blue-Throated Flycatcher","Muscicapidae","Birds"
"Aethopyga gouldiae","Gould's Sunbird","Nectariniidae","Birds"
"Luscinia pectoralis","White-Tailed Rubythroat","Muscicapidae","Birds"
"Lanius schach","Long-Tailed Shrike","Laniidae","Birds"
"Paradoxornis paradoxus","Three-Toed Parrotbill","Timaliidae","Birds"
"Anas penelope","Eurasian Wigeon","Anatidae","Birds"
"Phylloscopus yunnanensis","Chinese Leaf Warbler","Sylviidae","Birds"
"Saxicola torquatus","Common Stonechat","Muscicapidae","Birds"
"Anthus godlewskii","Blyth's Pipit","Motacillidae","Birds"
"Chlamydotis undulata","Houbara Bustard","Otididae","Birds"
"Tichodroma muraria","Wallcreeper","Sittidae","Birds"
"Pericrocotus cantonensis","Brown-Rumped Minivet","Campephagidae","Birds"
"Casmerodius albus","Great Egret","Ardeidae","Birds"
"Lanius cristatus","Brown Shrike","Laniidae","Birds"
"Caprimulgus indicus","Jungle Nightjar","Caprimulgidae","Birds"
"Glareola maldivarum","Oriental Pratincole","Glareolidae","Birds"
"Seicercus omeiensis","Martens's Warbler","Sylviidae","Birds"
"Aegithalos fuliginosus","Sooty Tit","Aegithalidae","Birds"
"Cuculus canorus","Common Cuckoo","Cuculidae","Birds"
"Myophonus caeruleus","Himalayan Whistling-Thrush","Turdidae","Birds"
"Pyrrhula erythaca","Beavan's Bullfinch","Fringillidae","Birds"
"Emberiza rustica","Rustic Bunting","Emberizidae","Birds"
"Pycnonotus xanthorrhous","Anderson's Bulbul","Pycnonotidae","Birds"
"Coracina melaschistos","Black-Winged Cuckoo-Shrike","Campephagidae","Birds"
"Phylloscopus forresti","Sichuan Leaf Warbler","Sylviidae","Birds"
"Nettapus coromandelianus","Cotton Pygmy-Goose","Anatidae","Birds"
"Macropygia unchall","Bar-Tailed Cuckoo-Dove","Columbidae","Birds"
"Chlidonias hybrida","Whiskered Tern","Laridae","Birds"
"Cyanopica cyanus","Azure-Winged Magpie","Corvidae","Birds"
"Pomatorhinus ruficollis","Streak-Breasted Scimitar-Babbler","Timaliidae","Birds"
"Cuculus poliocephalus","Lesser Cuckoo","Cuculidae","Birds"
"Aquila heliaca","Imperial Eagle","Accipitridae","Birds"
"Charadrius leschenaultii","Greater Sandplover","Charadriidae","Birds"
"Spizixos semitorques","Collared Finchbill","Pycnonotidae","Birds"
"Montifringilla taczanowskii","White-Rumped Snowfinch","Passeridae","Birds"
"Phoenicurus hodgsoni","Hodgson's Redstart","Muscicapidae","Birds"
"Luscinia pectardens","David's Rubythroat","Muscicapidae","Birds"
"Grus nigricollis","Black-Necked Crane","Gruidae","Birds"
"Oenanthe oenanthe","Northern Wheatear","Muscicapidae","Birds"
"Tringa ochropus","Green Sandpiper","Scolopacidae","Birds"
"Oenanthe deserti","Desert Wheatear","Muscicapidae","Birds"
"Turdus kessleri","White-Backed Thrush","Turdidae","Birds"
"Stigmatopelia chinensis","Spotted Dove","Columbidae","Birds"
"Chrysolophus pictus","Golden Pheasant","Phasianidae","Birds"
"Motacilla flava","Yellow Wagtail","Motacillidae","Birds"
"Seicercus valentini","Bianchi's Warbler","Sylviidae","Birds"
"Chrysococcyx maculatus","Asian Emerald Cuckoo","Cuculidae","Birds"
"Alcippe chrysotis","Golden-Breasted Fulvetta","Timaliidae","Birds"
"Sterna albifrons","Little Tern","Laridae","Birds"
"Otus bakkamoena","Collared Scops Owl","Strigidae","Birds"
"Bubulcus ibis","Cattle Egret","Ardeidae","Birds"
"Cettia canturians","Manchurian Bush Warbler","Sylviidae","Birds"
"Mergus squamatus","Chinese Merganser","Anatidae","Birds"
"Monticola rufiventris","Chestnut-Bellied Rock-Thrush","Muscicapidae","Birds"
"Oenanthe pleschanka","Pied Wheatear","Muscicapidae","Birds"
"Eophona migratoria","Yellow-Billed Grosbeak","Fringillidae","Birds"
"Grus virgo","Demoiselle Crane","Gruidae","Birds"
"Cettia brunnifrons","Grey-Sided Bush-Warbler","Sylviidae","Birds"
"Carpodacus trifasciatus","Three-Banded Rosefinch","Fringillidae","Birds"
"Amaurornis phoenicurus","White-Breasted Waterhen","Rallidae","Birds"
"Cygnus olor","Mute Swan","Anatidae","Birds"
"Carduelis spinus","Eurasian Siskin","Fringillidae","Birds"
"Spelaeornis troglodytoides","Bar-Winged Wren-Babbler","Timaliidae","Birds"
"Phylloscopus armandii","Yellow-Streaked Warbler","Sylviidae","Birds"
"Perdix dauurica","Daurian Partridge","Phasianidae","Birds"
"Porzana paykullii","Band-Bellied Crake","Rallidae","Birds"
"Athene noctua","Little Owl","Strigidae","Birds"
"Phylloscopus inornatus","Yellow-Browed Warbler","Sylviidae","Birds"
"Parus dichrous","Grey-Crested Tit","Paridae","Birds"
"Turdus rubrocanus","Grey-Headed Thrush","Turdidae","Birds"
"Alcippe striaticollis","Chinese Fulvetta","Timaliidae","Birds"
"Jynx torquilla","Eurasian Wryneck","Picidae","Birds"
"Dendrocopos cathpharius","Crimson-Breasted Woodpecker","Picidae","Birds"
"Prunella rubeculoides","Robin Accentor","Prunellidae","Birds"
"Columba leuconota","Snow Pigeon","Columbidae","Birds"
"Columba hodgsonii","Speckled Wood-Pigeon","Columbidae","Birds"
"Nycticorax nycticorax","Black-Crowned Night-Heron","Ardeidae","Birds"
"Anser erythropus","Lesser White-Fronted Goose","Anatidae","Birds"
"Certhia tianquanensis","Sichuan Treecreeper","Certhiidae","Birds"
"Columba rupestris","Hill Pigeon","Columbidae","Birds"
"Ibidorhyncha struthersii","Ibisbill","Ibidorhynchidae","Birds"
"Garrulax sukatschewi","Black-Fronted Laughingthrush","Timaliidae","Birds"
"Garrulax formosus","Crimson-Winged Laughingthrush","Timaliidae","Birds"
"Phylloscopus schwarzi","Radde's Warbler","Sylviidae","Birds"
"Turnix suscitator","Barred Buttonquail","Turnicidae","Birds"
"Sturnus sturninus","Daurian Starling","Sturnidae","Birds"
"Carpodacus pulcherrimus","Beautiful Rosefinch","Fringillidae","Birds"
"Paradoxornis conspicillatus","Spectacled Parrotbill","Timaliidae","Birds"
"Phylloscopus coronatus","Temminck's Crowned Warbler","Sylviidae","Birds"
"Anser fabalis","Bean Goose","Anatidae","Birds"
"Emberiza elegans","Yellow-Headed Bunting","Emberizidae","Birds"
"Phalacrocorax carbo","Cormorant","Phalacrocoracidae","Birds"
"Sturnus sericeus","Silky Starling","Sturnidae","Birds"
"Glaucidium cuculoides","Cuckoo Owlet","Strigidae","Birds"
"Cettia major","Large Bush-Warbler","Sylviidae","Birds"
"Otus sunia","Oriental Scops Owl","Strigidae","Birds"
"Rostratula benghalensis","Painted-Snipe","Rostratulidae","Birds"
"Ixobrychus sinensis","Yellow Bittern","Ardeidae","Birds"
"Acridotheres cristatellus","Chinese Jungle Myna","Sturnidae","Birds"
"Phylloscopus ricketti","Sulphur-Breasted Warbler","Sylviidae","Birds"
"Otus lettia","Collared Scops Owl","Strigidae","Birds"
"Falco naumanni","Lesser Kestrel","Falconidae","Birds"
"Phoenicurus ochruros","Black Redstart","Muscicapidae","Birds"
"Circus cyaneus","Hen Harrier","Accipitridae","Birds"
"Cisticola juncidis","Zitting Cisticola","Cisticolidae","Birds"
"Minla ignotincta","Red-Tailed Minla","Timaliidae","Birds"
"Rhipidura albicollis","White-Throated Fantail","Rhipiduridae","Birds"
"Tachybaptus ruficollis","Little Grebe","Podicipedidae","Birds"
"Crossoptilon auritum","Blue Eared-Pheasant","Phasianidae","Birds"
"Anser anser","Greylag Goose","Anatidae","Birds"
"Otis tarda","Great Bustard","Otididae","Birds"
"Eremopsaltria mongolicus","Mongolian Finch","Fringillidae","Birds"
"Pinicola subhimachala","Crimson-Browed Finch","Fringillidae","Birds"
"Sitta villosa","Snowy-Browed Nuthatch","Sittidae","Birds"
"Vanellus cinereus","Grey-Headed Lapwing","Charadriidae","Birds"
"Tadorna ferruginea","Ruddy Shelduck","Anatidae","Birds"
"Phoenicurus frontalis","Blue-Fronted Redstart","Muscicapidae","Birds"
"Charadrius alexandrinus","Kentish Plover","Charadriidae","Birds"
"Streptopelia decaocto","Collared Dove","Columbidae","Birds"
"Anthus richardi","Richard's Pipit","Motacillidae","Birds"
"Corvus corone","Carrion Crow","Corvidae","Birds"
"Alauda gulgula","Oriental Skylark","Alaudidae","Birds"
"Turdus mupinensis","Chinese Thrush","Turdidae","Birds"
"Turdus naumanni","Dusky Thrush","Turdidae","Birds"
"Garrulax cineraceus","Ashy Laughingthrush","Timaliidae","Birds"
"Garrulax sannio","White-Browed Laughingthrush","Timaliidae","Birds"
"Accipiter virgatus","Besra","Accipitridae","Birds"
"Ficedula hodgsonii","Rusty-Breasted Blue Flycatcher","Muscicapidae","Birds"
"Garrulax maximus","Giant Laughingthrush","Timaliidae","Birds"
"Ficedula narcissina","Narcissus Flycatcher","Muscicapidae","Birds"
"Pteruthius xanthochlorus","Green Shrike-Babbler","Timaliidae","Birds"
"Ficedula albicilla","Taiga Flycatcher","Muscicapidae","Birds"
"Recurvirostra avosetta","Pied Avocet","Recurvirostridae","Birds"
"Apus apus","Common Swift","Apodidae","Birds"
"Niltava davidi","Fukien Niltava","Muscicapidae","Birds"
"Oriolus chinensis","Black-Naped Oriole","Oriolidae","Birds"
"Garrulax pectoralis","Greater Necklaced Laughingthrush","Timaliidae","Birds"
"Glaucidium brodiei","Collared Owlet","Strigidae","Birds"
"Cygnus cygnus","Whooper Swan","Anatidae","Birds"
"Alcippe ruficapilla","Spectacled Fulvetta","Timaliidae","Birds"
"Prunella montanella","Siberian Accentor","Prunellidae","Birds"
"Dicaeum ignipectus","Green-Backed Flowerpecker","Dicaeidae","Birds"
"Cuculus micropterus","Short-Winged Cuckoo","Cuculidae","Birds"
"Phylloscopus kansuensis","Gansu Leaf Warbler","Sylviidae","Birds"
"Copsychus saularis","Oriental Magpie-Robin","Muscicapidae","Birds"
"Turdus obscurus","Eyebrowed Thrush","Turdidae","Birds"
"Corvus torquatus","Collared Crow","Corvidae","Birds"
"Cettia diphone","Japanese Bush-Warbler","Sylviidae","Birds"
"Pomatorhinus gravivox","Black Streaked Scimitar Babbler","Timaliidae","Birds"
"Fringilla montifringilla","Brambling","Fringillidae","Birds"
"Cinclus cinclus","Dipper","Cinclidae","Birds"
"Mergus merganser","Goosander","Anatidae","Birds"
"Motacilla citreola","Citrine Wagtail","Motacillidae","Birds"
"Saxicola ferreus","Grey Bushchat","Muscicapidae","Birds"
"Zosterops erythropleurus","Chestnut-Flanked White-Eye","Zosteropidae","Birds"
"Aegithalos caudatus","Long-Tailed Tit","Aegithalidae","Birds"
"Carpodacus erythrinus","Common Rosefinch","Fringillidae","Birds"
"Luscinia obscura","Black-Throated Blue Robin","Muscicapidae","Birds"
"Culicicapa ceylonensis","Grey-Headed Canary-Flycatcher","Muscicapidae","Birds"
"Clamator coromandus","Chestnut-Winged Cuckoo","Cuculidae","Birds"
"Phylloscopus magnirostris","Large-Billed Leaf-Warbler","Sylviidae","Birds"
"Ficedula tricolor","Slaty-Blue Flycatcher","Muscicapidae","Birds"
"Strix aluco","Tawny Owl","Strigidae","Birds"
"Emberiza godlewskii","Godlewski's Bunting","Emberizidae","Birds"
"Tragopan temminckii","Temminck's Tragopan","Phasianidae","Birds"
"Haliaeetus albicilla","White-Tailed Eagle","Accipitridae","Birds"
"Ninox scutulata","Brown Hawk-Owl","Strigidae","Birds"
"Carpodacus rubicilloides","Eastern Great Rosefinch","Fringillidae","Birds"
"Anas falcata","Falcated Duck","Anatidae","Birds"
"Phylloscopus fuscatus","Dusky Warbler","Sylviidae","Birds"
"Babax lanceolatus","Chinese Babax","Timaliidae","Birds"
"Locustella certhiola","Pallas's Grasshopper Warbler","Sylviidae","Birds"
"Milvus migrans","Black Kite","Accipitridae","Birds"
"Lanius tigrinus","Tiger Shrike","Laniidae","Birds"
"Rhodopechys obsoletus","Desert Finch","Fringillidae","Birds"
"Ketupa flavipes","Tawny Fish-Owl","Strigidae","Birds"
"Aquila nipalensis","Steppe Eagle","Accipitridae","Birds"
"Galerida cristata","Crested Lark","Alaudidae","Birds"
"Chrysomma poecilotis","Rufous-Tailed Babbler","Timaliidae","Birds"
"Cettia acanthizoides","Yellowish Bellied Bush Warbler","Sylviidae","Birds"
"Parus davidi","Pere David's Tit","Paridae","Birds"
"Anser albifrons","Greater White-Fronted Goose","Anatidae","Birds"
"Perisoreus internigrans","Szechwan Jay","Corvidae","Birds"
"Cuculus saturatus","Oriental Cuckoo","Cuculidae","Birds"
"Passer rutilans","Cinnamon Sparrow","Passeridae","Birds"
"Aethopyga christinae","Fork-Tailed Sunbird","Nectariniidae","Birds"
"Ardea cinerea","Grey Heron","Ardeidae","Birds"
"Buteo buteo","Buzzard","Accipitridae","Birds"
"Dicrurus leucophaeus","Ashy Drongo","Dicruridae","Birds"
"Calandrella rufescens","Lesser Short-Toed Lark","Alaudidae","Birds"
"Pycnonotus sinensis","Chinese Bulbul","Pycnonotidae","Birds"
"Columba livia","Rock Dove","Columbidae","Birds"
"Yuhina diademata","White-Collared Yuhina","Timaliidae","Birds"
"Locustella lanceolata","Lanceolated Warbler","Sylviidae","Birds"
"Emberiza cioides","Meadow Bunting","Emberizidae","Birds"
"Prunella immaculata","Maroon-Backed Accentor","Prunellidae","Birds"
"Alectoris chukar","Chukar","Phasianidae","Birds"
"Calcarius lapponicus","Lapland Longspur","Emberizidae","Birds"
"Carpodacus vinaceus","Vinaceous Rosefinch","Fringillidae","Birds"
"Strix davidi","Pere David's Owl","Strigidae","Birds"
"Luscinia brunnea","Indian Blue Robin","Muscicapidae","Birds"
"Luscinia ruficeps","Rufous-Headed Robin","Muscicapidae","Birds"
"Eudynamys scolopaceus","Asian Koel","Cuculidae","Birds"
"Syrmaticus reevesii","Reeves's Pheasant","Phasianidae","Birds"
"Garrulax affinis","White-Whiskered Laughingthrush","Timaliidae","Birds"
"Ficedula sapphira","Sapphire-Headed Flycatcher","Muscicapidae","Birds"
"Gypaetus barbatus","Lammergeier","Accipitridae","Birds"
"Mycerobas melanozanthos","Spot-Winged Grosbeak","Fringillidae","Birds"
"Carpodacus roseus","Pallas's Rosefinch","Fringillidae","Birds"
"Podiceps nigricollis","Black-Necked Grebe","Podicipedidae","Birds"
"Motacilla alba","White Wagtail","Motacillidae","Birds"
"Pnoepyga pusilla","Pygmy Wren-Babbler","Timaliidae","Birds"
"Circus melanoleucos","Pied Harrier","Accipitridae","Birds"
"Corvus frugilegus","Rook","Corvidae","Birds"
"Cettia flavolivacea","Aberrant Bush-Warbler","Sylviidae","Birds"
"Dendronanthus indicus","Forest Wagtail","Motacillidae","Birds"
"Garrulax davidi","David's Laughingthrush","Timaliidae","Birds"
"Bradypterus thoracicus","Spotted Bush-Warbler","Sylviidae","Birds"
"Anas platyrhynchos","Mallard","Anatidae","Birds"
"Aegithalos concinnus","Black-Throated Tit","Aegithalidae","Birds"
"Cinclidium leucurum","White-Tailed Robin","Muscicapidae","Birds"
"Aythya nyroca","Ferruginous Pochard","Anatidae","Birds"
"Coturnix japonica","Japanese Quail","Phasianidae","Birds"
"Alauda arvensis","Skylark","Alaudidae","Birds"
"Carpodacus nipalensis","Dark-Breasted Rosefinch","Fringillidae","Birds"
"Phylloscopus trochiloides","Greenish Warbler","Sylviidae","Birds"
"Pernis ptilorhyncus","Oriental Honey-Buzzard","Accipitridae","Birds"
"Prinia crinigera","Striated Prinia","Cisticolidae","Birds"
"Butorides striata","Green-Backed Heron","Ardeidae","Birds"
"Bambusicola thoracicus","Chinese Bamboo Partridge","Phasianidae","Birds"
"Chaimarrornis leucocephalus","River Chat","Muscicapidae","Birds"
"Bubo bubo","Eurasian Eagle Owl","Strigidae","Birds"
"Sitta europaea","Wood Nuthatch","Sittidae","Birds"
"Halcyon pileata","Black-Capped Kingfisher","Alcedinidae","Birds"
"Asio otus","Long-Eared Owl","Strigidae","Birds"
"Cettia fortipes","Brownish-Flanked Bush-Warbler","Sylviidae","Birds"
"Emberiza leucocephalos","Pine Bunting","Emberizidae","Birds"
"Eremophila alpestris","Horned Lark","Alaudidae","Birds"
"Phoenicurus alaschanicus","Przewalski's Redstart","Muscicapidae","Birds"
"Ardea purpurea","Purple Heron","Ardeidae","Birds"
"Leucosticte nemoricola","Plain Mountain-Finch","Fringillidae","Birds"
"Lanius excubitor","Great Grey Shrike","Laniidae","Birds"
"Gallinula chloropus","Common Moorhen","Rallidae","Birds"
"Nipponia nippon","Japanese Crested Ibis","Threskiornithidae","Birds"
"Tringa nebularia","Greenshank","Scolopacidae","Birds"
"Hirundo rustica","Barn Swallow","Hirundinidae","Birds"
"Tadorna tadorna","Common Shelduck","Anatidae","Birds"
"Emberiza spodocephala","Black-Faced Bunting","Emberizidae","Birds"
"Ithaginis cruentus","Blood Pheasant","Phasianidae","Birds"
"Paradoxornis verreauxi","Golden Parrotbill","Timaliidae","Birds"
"Acrocephalus concinens","Blunt-Winged Warbler","Sylviidae","Birds"
"Upupa epops","Hoopoe","Upupidae","Birds"
"Ixobrychus eurhythmus","Schrenck's Bittern","Ardeidae","Birds"
"Aythya baeri","Baer's Pochard","Anatidae","Birds"
"Falco cherrug","Saker Falcon","Falconidae","Birds"
"Latoucheornis siemsseni","Slaty Bunting","Emberizidae","Birds"
"Seicercus tephrocephalus","Grey Crowned Warbler","Sylviidae","Birds"
"Monticola gularis","White-Throated Rock-Thrush","Muscicapidae","Birds"
"Paradoxornis przewalskii","Rusty-Throated Parrotbill","Timaliidae","Birds"
"Alcippe brunnea","Dusky Fulvetta","Timaliidae","Birds"
"Garrulus glandarius","Eurasian Jay","Corvidae","Birds"
"Hodgsonius phaenicuroides","White-Bellied Redstart","Muscicapidae","Birds"
"Parus rubidiventris","Rufous-Vented Tit","Paridae","Birds"
"Tarsiger cyanurus","Red-Flanked Bluetail","Muscicapidae","Birds"
"Prunella fulvescens","Brown Accentor","Prunellidae","Birds"
"Carduelis flavirostris","Twite","Fringillidae","Birds"
"Pericrocotus ethologus","Long-Tailed Minivet","Campephagidae","Birds"
"Pandion haliaetus","Osprey","Accipitridae","Birds"
"Phoenicurus auroreus","Daurian Redstart","Muscicapidae","Birds"
"Carpodacus puniceus","Rose-Breasted Rosefinch","Fringillidae","Birds"
"Falco columbarius","Merlin","Falconidae","Birds"
"Turdus pallidus","Pale Thrush","Turdidae","Birds"
"Tetraophasis obscurus","Verreaux's Monal Partridge","Phasianidae","Birds"
"Porzana pusilla","Baillon's Crake","Rallidae","Birds"
"Parus superciliosus","White-Browed Tit","Paridae","Birds"
"Dryocopus martius","Black Woodpecker","Picidae","Birds"
"Muscicapa ferruginea","Ferruginous Flycatcher","Muscicapidae","Birds"
"Uragus sibiricus","Long-Tailed Rosefinch","Fringillidae","Birds"
"Lanius isabellinus","Isabelline Shrike","Laniidae","Birds"
"Emberiza schoeniclus","Reed Bunting","Emberizidae","Birds"
"Emberiza pallasi","Pallas's Bunting","Emberizidae","Birds"
"Ficedula strophiata","Orange-Gorgetted Flycatcher","Muscicapidae","Birds"
"Pseudois nayaur","Bharal","Bovidae","Mammals"
"Pteromys volans","Flying Squirrel","Sciuridae","Mammals"
"Capreolus pygargus","Siberian Roe Deer","Cervidae","Mammals"
"Arctonyx albogularis","null","Mustelidae","Mammals"
"Elaphodus cephalophus","Tufted Deer","Cervidae","Mammals"
"Cervus canadensis","null","Cervidae","Mammals"
"Cuon alpinus","Red Dog","Canidae","Mammals"
"Neodon irene","Irene's Mountain Vole","Cricetidae","Mammals"
"Naemorhedus griseus","Chinese Goral","Bovidae","Mammals"
"Microtus gregalis","Narrow Headed Vole","Cricetidae","Mammals"
"Rhinolophus affinis","Intermediate Horseshoe Bat","Rhinolophidae","Mammals"
"Lasiopodomys mandarinus","Mandarin Vole","Cricetidae","Mammals"
"Sciurotamias davidianus","Pére David's Rock Squirrel","Sciuridae","Mammals"
"Macaca thibetana","Tibetan Macaque","Cercopithecidae","Mammals"
"Microtus maximowiczii","Maximowicz's Vole","Cricetidae","Mammals"
"Mustela russelliana","null","Mustelidae","Mammals"
"Suncus murinus","House Shrew","Soricidae","Mammals"
"Eptesicus serotinus","Serotine","Vespertilionidae","Mammals"
"Ailuropoda melanoleuca","Giant Panda","Ursidae","Mammals"
"Blarinella griselda","Indochinese Short-Tailed Shrew","Soricidae","Mammals"
"Melogale moschata","Chinese Ferret Badger","Mustelidae","Mammals"
"Apodemus chevrieri","Chevrier's Field Mouse","Muridae","Mammals"
"Sorex cylindricauda","Greater Stripe Backed Shrew","Soricidae","Mammals"
"Petaurista alborufus","Red And White Giant Flying Squirrel","Sciuridae","Mammals"
"Rhinopithecus roxellana","Golden Snub Nosed Monkey","Cercopithecidae","Mammals"
"Rhinolophus pearsonii","Pearson's Horseshoe Bat","Rhinolophidae","Mammals"
"Ia io","Great Evening Bat","Vespertilionidae","Mammals"
"Leopoldamys edwardsi","Edward’S Rat","Muridae","Mammals"
"Trogopterus xanthipes","Complex Toothed Flying Squirrel","Sciuridae","Mammals"
"Rhinolophus macrotis","Big Eared Horseshoe Bat","Rhinolophidae","Mammals"
"Capricornis milneedwardsii","Chinese Serow","Bovidae","Mammals"
"Muntiacus reevesi","Chinese Muntjac","Cervidae","Mammals"
"Mesechinus dauuricus","Daurian Hedgehog","Erinaceidae","Mammals"
"Cansumys canus","Gansu Hamster","Cricetidae","Mammals"
"Eospalax fontanierii","Chinese Zokor","Spalacidae","Mammals"
"Salpingotus kozlovi","Kozlov's Pygmy Jerboa","Dipodidae","Mammals"
"Typhlomys cinereus","Chinese Pygmy Dormouse","Platacanthomyidae","Mammals"
"Rhizomys sinensis","Chinese Bamboo Rat","Spalacidae","Mammals"
"Pipistrellus alaschanicus","Alashanian Pipistrelle","Vespertilionidae","Mammals"
"Myotis nipalensis","Nepal Myotis","Vespertilionidae","Mammals"
"Caryomys inez","Kolan Vole","Cricetidae","Mammals"
"Ochotona cansus","Gansu Pika","Ochotonidae","Mammals"
"Barbastella leucomelas","Asian Barbastelle","Vespertilionidae","Mammals"
"Petaurista xanthotis","Chinese Giant Flying Squirrel","Sciuridae","Mammals"
"Sorex bedfordiae","Lesser Stripe-Backed Shrew","Soricidae","Mammals"
"Viverra zibetha","Large Indian Civet","Viverridae","Mammals"
"Tscherskia triton","Greater Long Tailed Hamster","Cricetidae","Mammals"
"Apodemus agrarius","Striped Field Mouse","Muridae","Mammals"
"Megaderma lyra","Greater False Vampire Bat","Megadermatidae","Mammals"
"Sorex thibetanus","Tibetan Shrew","Soricidae","Mammals"
"Crocidura shantungensis","Shantung Shrew","Soricidae","Mammals"
"Murina leucogaster","Greater Tube-Nosed Bat","Vespertilionidae","Mammals"
"Crocidura attenuata","Asian Gray Shrew","Soricidae","Mammals"
"Ondatra zibethicus","Musk Rat","Cricetidae","Mammals"
"Myotis pequinius","Peking Myotis","Vespertilionidae","Mammals"
"Ochotona syrinx","null","Ochotonidae","Mammals"
"Ellobius tancrei","Zaisan Mole Vole","Cricetidae","Mammals"
"Microtus fortis","Reed Vole","Cricetidae","Mammals"
"Rattus nitidus","Himalayan Field Rat","Muridae","Mammals"
"Eothenomys melanogaster","Pére David's Vole","Cricetidae","Mammals"
"Phodopus roborovskii","Desert Hamster","Cricetidae","Mammals"
"Pipistrellus abramus","Japanese Pipistrelle","Vespertilionidae","Mammals"
"Eozapus setchuanus","Chinese Jumping Mouse","Dipodidae","Mammals"
"Meles leucurus","Asian Badger","Mustelidae","Mammals"
"Myospalax psilurus","Transbaikal Zokor","Spalacidae","Mammals"
"Scaptonyx fusicaudus","Long-Tailed Mole","Talpidae","Mammals"
"Sorex sinalis","Chinese Shrew","Soricidae","Mammals"
"Ursus thibetanus","Asian Black Bear","Ursidae","Mammals"
"Myotis davidii","David's Myotis","Vespertilionidae","Mammals"
"Crocidura fuliginosa","Southeast Asian Shrew","Soricidae","Mammals"
"Moschus berezovskii","Chinese Forest Musk Deer","Moschidae","Mammals"
"Macaca mulatta","Rhesus Monkey","Cercopithecidae","Mammals"
"Vespertilio sinensis","Asian Particolored Bat","Vespertilionidae","Mammals"
"Niviventer andersoni","Anderson's Niviventer","Muridae","Mammals"
"Vulpes corsac","Corsac Fox","Canidae","Mammals"
"Pipistrellus pulveratus","Chinese Pipistrelle","Vespertilionidae","Mammals"
"Mustela kathiah","Yellow-Bellied Weasel","Mustelidae","Mammals"
"Scapanulus oweni","Gansu Mole","Talpidae","Mammals"
"Allactaga sibirica","Siberian Jerboa","Dipodidae","Mammals"
"Rhinolophus luctus","Great Woolly Horsehoe Bat","Rhinolophidae","Mammals"
"Niviventer confucianus","Confucian Niviventer","Muridae","Mammals"
"Martes flavigula","Yellow Throated Marten","Mustelidae","Mammals"
"Lepus oiostolus","Woolly Hare","Leporidae","Mammals"
"Uropsilus gracilis","Gracile Shrew Mole","Talpidae","Mammals"
"Lutra lutra","European Otter","Mustelidae","Mammals"
"Cardiocranius paradoxus","Five-Toed Pygmy Jerboa","Dipodidae","Mammals"
"Eospalax smithii","Smith's Zokor","Spalacidae","Mammals"
"Anourosorex squamipes","Mole Shrew","Soricidae","Mammals"
"Chimarrogale styani","Chinese Water Shrew","Soricidae","Mammals"
"Prionailurus bengalensis","Leopard Cat","Felidae","Mammals"
"Pygeretmus pumilio","Dwarf Fat-Tailed Jerboa","Dipodidae","Mammals"
"Mesechinus hughi","Hugh's Hedgehog","Erinaceidae","Mammals"
"Myotis formosus","Hodgson's Bat","Vespertilionidae","Mammals"
"Eptesicus pachyotis","Thick Eared Bat","Vespertilionidae","Mammals"
"Spermophilus alashanicus","Alashan Ground Squirrel","Sciuridae","Mammals"
"Martes foina","Stone Marten","Mustelidae","Mammals"
"Chodsigoa smithii","Smith's Shrew","Soricidae","Mammals"
"Vormela peregusna","Marbled Polecat","Mustelidae","Mammals"
"Petaurista elegans","Spotted Giant Flying Squirrel","Sciuridae","Mammals"
"Dipus sagitta","Northern Three Toed Jerboa","Dipodidae","Mammals"
"Uropsilus soricipes","Chinese Shrew Mole","Talpidae","Mammals"
"Neofelis nebulosa","Clouded Leopard","Felidae","Mammals"
"Phodopus campbelli","Campbell's Hamster","Cricetidae","Mammals"
"Viverricula indica","Small Indian Civet","Viverridae","Mammals"
"Nyctalus plancyi","Chinese Noctule","Vespertilionidae","Mammals"
"Myotis laniger","Chinese Water Myotis","Vespertilionidae","Mammals"
"Catopuma temminckii","Temminck's Golden Cat","Felidae","Mammals"
"Lepus tolai","Tolai Hare","Leporidae","Mammals"
"Paguma larvata","Masked Palm Civet","Viverridae","Mammals"
"Dremomys pernyi","Servaline Genet","Sciuridae","Mammals"
"Rhinolophus sinicus","Chinese Horseshoe Bat","Rhinolophidae","Mammals"
"Sus scrofa","Wild Boar","Suidae","Mammals"
"Meriones unguiculatus","Mongolian Gerbil","Muridae","Mammals"
"Gazella subgutturosa","Goitered Gazelle","Bovidae","Mammals"
"Rhinolophus ferrumequinum","Greater Horseshoe Bat","Rhinolophidae","Mammals"
"Meriones meridianus","Mid Day Jird","Muridae","Mammals"
"Sicista concolor","Chinese Birch Mouse","Dipodidae","Mammals"
"Nyctereutes procyonoides","Racoon Dog","Canidae","Mammals"
"Mustela altaica","Mountain Weasel","Mustelidae","Mammals"
"Mustela eversmanii","Steppe Polecat","Mustelidae","Mammals"
"Myotis blythii","Lesser Mouse-Eared Bat","Vespertilionidae","Mammals"
"Pipistrellus pipistrellus","Common Pipistrelle","Vespertilionidae","Mammals"
"Mustela sibirica","Siberian Weasel","Mustelidae","Mammals"
"Caryomys eva","Eva's Red-Backed Vole","Cricetidae","Mammals"
"Myodes shanseius","Shanxi Red-Backed Vole","Cricetidae","Mammals"
"Callosciurus erythraeus","Pallas's Squirrel","Sciuridae","Mammals"
"Apodemus peninsulae","Korean Field Mouse","Muridae","Mammals"
"Apodemus draco","South China Field Mouse","Muridae","Mammals"
"Microtus limnophilus","Lacustrine Vole","Cricetidae","Mammals"
"Hipposideros armiger","Great Roundleaf Bat","Hipposideridae","Mammals"
"Nectogale elegans","Elegant Water Shrew","Soricidae","Mammals"
"Crocidura suaveolens","Lesser White-Toothed Shrew","Soricidae","Mammals"
"Vernaya fulva","Red Climbing Mouse","Muridae","Mammals"
"Eospalax rothschildi","Rothschild's Zokor","Spalacidae","Mammals"
"Chimarrogale himalayica","Himalayan Water Shrew","Soricidae","Mammals"
"Mustela erminea","Stoat","Mustelidae","Mammals"
"Chodsigoa hypsibia","De Winton's Shrew","Soricidae","Mammals"
"Petaurista philippensis","Indian Giant Flying Squirrel","Sciuridae","Mammals"
"Tamiops swinhoei","Swinhoe's Striped Squirrel","Sciuridae","Mammals"
"Ochotona dauurica","Daurian Pika","Ochotonidae","Mammals"
"Scaptochirus moschatus","Short-Faced Mole","Talpidae","Mammals"
"Myospalax aspalax","False Zokor","Spalacidae","Mammals"
"Micromys minutus","Harvest Mouse","Muridae","Mammals"
"Budorcas taxicolor","Takin","Bovidae","Mammals"
"Rattus rattus","Black Rat","Muridae","Mammals"
"Hipposideros pratti","Pratt's Roundleaf Bat","Hipposideridae","Mammals"
"Rattus tanezumi","Oriental House Rat","Muridae","Mammals"
"Hystrix brachyura","Malayan Porcupine","Hystricidae","Mammals"
"Hemiechinus auritus","Long Eared Hedgehog","Erinaceidae","Mammals"
"Cricetulus longicaudatus","Long Tailed Dwarf Hamster","Cricetidae","Mammals"
"Euroscaptor longirostris","Long Nosed Mole","Talpidae","Mammals"
"Panthera pardus","Leopard","Felidae","Mammals"
"Niviventer fulvescens","Indomalayan Niviventer","Muridae","Mammals"
"Cricetulus migratorius","Gray Dwarf Hamster","Cricetidae","Mammals"
"Erinaceus amurensis","Amur Hedgehog","Erinaceidae","Mammals"
"Myotis daubentonii","Daubenton's Bat","Vespertilionidae","Mammals"
"Lycodon ruhstrati","Formosa Wolf Snake","Colubridae","Reptiles"
"Pseudoxenodon macrops","Big-Eyed Bamboo Snake","Colubridae","Reptiles"
"Sibynophis chinensis","Chinese Many-Tooth Snake","Colubridae","Reptiles"
"Oocatochus rufodorsatus","Frog-Eating Rat Snake","Colubridae","Reptiles"
"Phrynocephalus przewalskii","Przewalski's Toadhead Agama","Agamidae","Reptiles"
"Euprepiophis mandarinus","Mandarin Ratsnakes","Colubridae","Reptiles"
"Cyclophiops major","Chinese Green Snake","Colubridae","Reptiles"
"Gekko auriverrucosus","Shanxi Gecko","Gekkonidae","Reptiles"
"Achalinus rufescens","Boulenger's Odd-Scaled Snake","Xenodermidae","Reptiles"
"Python bivittatus","Burmese Python","Pythonidae","Reptiles"
"Oligodon ningshaanensis","Ningshaan Kukri Snake","Colubridae","Reptiles"
"Oligodon multizonatus","Luding Kukri Snake","Colubridae","Reptiles"
"Amphiesma sauteri","Kosempo Keelback","Colubridae","Reptiles"
"Scincella monticola","Mountainous Dwarf Skink","Scincidae","Reptiles"
"Pareas boulengeri","Boulenger's Slug Snake","Pareidae","Reptiles"
"Achalinus spinalis","Peters' Odd-Scaled Snake","Xenodermidae","Reptiles"
"Gekko swinhonis","Peking Gecko","Gekkonidae","Reptiles"
"Protobothrops mucrosquamatus","Brown Spotted Pitviper","Viperidae","Reptiles"
"Amphiesma craspedogaster","Kuatun Keelback","Colubridae","Reptiles"
"Elaphe bimaculata","Chinese Leopard Snake","Colubridae","Reptiles"
"Rhabdophis nuchalis","Hubei Keelback","Colubridae","Reptiles"
"Boiga kraepelini","Kelung Cat Snake","Colubridae","Reptiles"
"Plagiopholis styani","Chinese Mountain Snake","Colubridae","Reptiles"
"Pelodiscus sinensis","Chinese Soft-Shelled Turtle","Trionychidae","Turtles (non-marine)"
"Mauremys reevesii","Big-Headed Reeves' Turtle","Geoemydidae","Turtles (non-marine)"
"Hyla japonica","Far Eastern Treefrog","Hylidae","Amphibians"
"Nanorana quadranus","Kwang-Yang Asian Frog","Dicroglossidae","Amphibians"
"Strauchbufo raddei","Tengger Desert Toad","Bufonidae","Amphibians"
"Batrachuperus taibaiensis","Taibai Stream Salamander","Hynobiidae","Amphibians"
"Amolops granulosus","Sichuan Sucker Frog","Ranidae","Amphibians"
"Odorrana schmackeri","Schmacker's Frog","Ranidae","Amphibians"
"Rhacophorus chenfui","Chinese Whipping Frog","Rhacophoridae","Amphibians"
"Oreolalax popei","Pope's Lazy Toad","Megophryidae","Amphibians"
"Odorrana margaretae","Margareta's Frog","Ranidae","Amphibians"
"Kaloula rugifera","Szechwan Narrowmouth Toad","Microhylidae","Amphibians"
"Megophrys wushanensis","Wushan Horned Toad","Megophryidae","Amphibians"
"Microhyla mixtura","Chinese Rice Frog","Microhylidae","Amphibians"
"Odorrana kuangwuensis","Kuang-Wu Shan Frog","Ranidae","Amphibians"
"Quasipaa boulengeri","Boulenger's Paa Frog","Dicroglossidae","Amphibians"
"Kaloula borealis","Manchurian Narrowmouth Toad","Microhylidae","Amphibians"
"Liua shihi","Sichuan Salamander","Hynobiidae","Amphibians"
"Scutiger boulengeri","Boulenger's Lazy Toad","Megophryidae","Amphibians"
"Bufo andrewsi","Chusan Island Toad","Bufonidae","Amphibians"
"Rana omeimontis","Omei Brown Frog","Ranidae","Amphibians"
"Bufo gargarizans","Chusan Island Toad","Bufonidae","Amphibians"
"Scutiger ningshanensis","Ningshan Lazy Toad","Megophryidae","Amphibians"
"Liua tsinpaensis","Shaanxi Salamander","Hynobiidae","Amphibians"
"Microhyla fissipes","Ornamented Pygmy Frog","Microhylidae","Amphibians"
"Leptolalax oshanensis","Oshan Metacarpal-Tubercled Toad","Megophryidae","Amphibians"
"Oreolalax nanjiangensis","Nanjiang Toothed Toad","Megophryidae","Amphibians"
"Batrachuperus tibetanus","Chiala Mountain Salamander","Hynobiidae","Amphibians"
"Fejervarya limnocharis","Indian Cricket Frog","Dicroglossidae","Amphibians"
"Amolops chunganensis","Chungan Sucker Frog","Ranidae","Amphibians"
"Hyla tsinlingensis","Shensi Treefrog","Hylidae","Amphibians"
"Polypedates megacephalus","Hong Kong Whipping Frog","Rhacophoridae","Amphibians"
"Pelophylax nigromaculatus","Black-Spotted Frog","Ranidae","Amphibians"
"Tylototriton wenxianensis","Wenxian Knobby Salamander","Salamandridae","Amphibians"
"Rana chensinensis","Far Eastern Wood Frog","Ranidae","Amphibians"
"Megophrys nankiangensis","Nankiang Spadefoot Toad","Megophryidae","Amphibians"
"Andrias davidianus","Chinese Giant Salamander","Cryptobranchidae","Amphibians"
"Neptis andetria","null","Nymphalidae","Butterflies"
"Lasiommata deidamia","null","Nymphalidae","Butterflies"
"Pieris mandarina","null","Pieridae","Butterflies"
"Lethe trimacula","null","Nymphalidae","Butterflies"
"Sibataniozephyrus lijinae","null","Lycaenidae","Butterflies"
"Colias fieldii","null","Pieridae","Butterflies"
"Lethe violaceopicta","null","Nymphalidae","Butterflies"
"Tongeia potanini","null","Lycaenidae","Butterflies"
"Pieris extensa","null","Pieridae","Butterflies"
"Parasarpa albomaculata","null","Nymphalidae","Butterflies"
"Araschnia dolis","null","Nymphalidae","Butterflies"
"Lethe baucis","null","Nymphalidae","Butterflies"
"Lethe labyrinthea","null","Nymphalidae","Butterflies"
"Anthocharis cardamines","Orange-Tip","Pieridae","Butterflies"
"Astictopterus jama","null","Hesperiidae","Butterflies"
"Mycalesis misenus","null","Nymphalidae","Butterflies"
"Neptis antilope","null","Nymphalidae","Butterflies"
"Aporia largeteaui","null","Pieridae","Butterflies"
"Euthalia alpherakyi","null","Nymphalidae","Butterflies"
"Neptis alwina","null","Nymphalidae","Butterflies"
"Lethe syrcisi","null","Nymphalidae","Butterflies"
"Lethe satyrina","null","Nymphalidae","Butterflies"
"Athyma disjuncta","null","Nymphalidae","Butterflies"
"Sasakia funebris","null","Nymphalidae","Butterflies"
"Chrysozephyrus linae","null","Lycaenidae","Butterflies"
"Lethe gemina","null","Nymphalidae","Butterflies"
"Lethe nigrifascia","null","Nymphalidae","Butterflies"
"Neptis cydippe","null","Nymphalidae","Butterflies"
"Aporia kanekoi","null","Pieridae","Butterflies"
"Lethe laodamia","null","Nymphalidae","Butterflies"
"Lethe lanaris","null","Nymphalidae","Butterflies"
"Ypthima conjuncta","null","Nymphalidae","Butterflies"
"Pantoporia bieti","null","Nymphalidae","Butterflies"
"Mandarinia regalis","null","Nymphalidae","Butterflies"
"Neptis themis","null","Nymphalidae","Butterflies"
"Pontia daplidice","Bath White","Pieridae","Butterflies"
"Helcyra superba","null","Nymphalidae","Butterflies"
"Chrysozephyrus gaoi","null","Lycaenidae","Butterflies"
"Gonepteryx amintha","null","Pieridae","Butterflies"
"Lethe manzorum","null","Nymphalidae","Butterflies"
"Lethe proxima","null","Nymphalidae","Butterflies"
"Bhutanitis thaidina","null","Papilionidae","Butterflies"
"Patsuia sinensis","null","Nymphalidae","Butterflies"
"Chitoria pallas","null","Nymphalidae","Butterflies"
"Athyma ranga","null","Nymphalidae","Butterflies"
"Araragi sugiyamai","null","Lycaenidae","Butterflies"
"Chalinga pratti","null","Nymphalidae","Butterflies"
"Aporia bieti","null","Pieridae","Butterflies"
"Euthalia kardama","null","Nymphalidae","Butterflies"
"Neptis beroe","null","Nymphalidae","Butterflies"
"Davidina armandi","null","Nymphalidae","Butterflies"
"Neptis armandia","null","Nymphalidae","Butterflies"
"Daphnusa sinocontinentalis","null","Sphingidae","Sphingid moths"
"Macroglossum stellatarum","Hummingbird Hawk-Moth","Sphingidae","Sphingid moths"
"Dahira uljanae","null","Sphingidae","Sphingid moths"
"Rhagastis albomarginatus","null","Sphingidae","Sphingid moths"
"Marumba sperchius","null","Sphingidae","Sphingid moths"
"Dolbina inexacta","null","Sphingidae","Sphingid moths"
"Sphinx oberthueri","null","Sphingidae","Sphingid moths"
"Marumba fenzelii","null","Sphingidae","Sphingid moths"
"Amplypterus panopus","null","Sphingidae","Sphingid moths"
"Dahira kitchingi","null","Sphingidae","Sphingid moths"
"Apocalypsis velox","null","Sphingidae","Sphingid moths"
"Acosmeryx naga","null","Sphingidae","Sphingid moths"
"Rhodambulyx schnitzleri","null","Sphingidae","Sphingid moths"
"Rhodoprasina winbrechlini","null","Sphingidae","Sphingid moths"
"Hyles chamyla","null","Sphingidae","Sphingid moths"
"Cypa uniformis","null","Sphingidae","Sphingid moths"
"Phyllosphingia dissimilis","null","Sphingidae","Sphingid moths"
"Ambulyx japonica","null","Sphingidae","Sphingid moths"
"Parum colligata","null","Sphingidae","Sphingid moths"
"Marumba spectabilis","null","Sphingidae","Sphingid moths"
"Dahira obliquifascia","null","Sphingidae","Sphingid moths"
"Hemaris beresowskii","null","Sphingidae","Sphingid moths"
"Laothoe amurensis","null","Sphingidae","Sphingid moths"
"Angonyx testacea","null","Sphingidae","Sphingid moths"
"Macroglossum mitchellii","null","Sphingidae","Sphingid moths"
"Ambulyx kuangtungensis","null","Sphingidae","Sphingid moths"
"Ampelophaga khasiana","null","Sphingidae","Sphingid moths"
"Smerinthulus perversa","null","Sphingidae","Sphingid moths"
"Pentateucha stueningi","null","Sphingidae","Sphingid moths"
"Cechenena lineosa","null","Sphingidae","Sphingid moths"
"Ambulyx tobii","null","Sphingidae","Sphingid moths"
"Acherontia lachesis","Death's-Head Hawkmoth","Sphingidae","Sphingid moths"
"Clanis titan","null","Sphingidae","Sphingid moths"
"Anambulyx elwesi","null","Sphingidae","Sphingid moths"
"Enpinanga assamensis","null","Sphingidae","Sphingid moths"
"Rhagastis gloriosa","null","Sphingidae","Sphingid moths"
"Macroglossum sitiene","null","Sphingidae","Sphingid moths"
"Ambulyx ochracea","null","Sphingidae","Sphingid moths"
"Sphecodina caudata","null","Sphingidae","Sphingid moths"
"Acherontia styx","Death's-Head Hawk Moth","Sphingidae","Sphingid moths"
"Hyles gallii","Galium Sphinx","Sphingidae","Sphingid moths"
"Macroglossum saga","null","Sphingidae","Sphingid moths"
"Dahira klaudiae","null","Sphingidae","Sphingid moths"
"Callambulyx sinjaevi","null","Sphingidae","Sphingid moths"
"Morwennius decoratus","null","Sphingidae","Sphingid moths"
"Smerinthus szechuanus","null","Sphingidae","Sphingid moths"
"Opistoclanis hawkeri","null","Sphingidae","Sphingid moths"
"Agrius convolvuli","Convolvulus Hawk","Sphingidae","Sphingid moths"
"Cypa enodis","null","Sphingidae","Sphingid moths"
"Marumba saishiuana","null","Sphingidae","Sphingid moths"
"Leucophlebia lineata","null","Sphingidae","Sphingid moths"
"Smerinthus planus","null","Sphingidae","Sphingid moths"
"Ambulyx sericeipennis","null","Sphingidae","Sphingid moths"
"Callambulyx poecilus","null","Sphingidae","Sphingid moths"
"Theretra tibetiana","null","Sphingidae","Sphingid moths"
"Hemaris radians","null","Sphingidae","Sphingid moths"
"Macroglossum pyrrhosticta","Hummingbird Hawk Moth","Sphingidae","Sphingid moths"
"Dolbina paraexacta","null","Sphingidae","Sphingid moths"
"Meganoton analis","null","Sphingidae","Sphingid moths"
"Psilogramma discistriga","null","Sphingidae","Sphingid moths"
"Laothoe habeli","null","Sphingidae","Sphingid moths"
"Hyles hippophaes","Seathorn Hawk-Moth","Sphingidae","Sphingid moths"
"Cechenena mirabilis","null","Sphingidae","Sphingid moths"
"Dahira rubiginosa","null","Sphingidae","Sphingid moths"
"Acosmeryx sinjaevi","null","Sphingidae","Sphingid moths"
"Marumba cristata","null","Sphingidae","Sphingid moths"
"Callambulyx sichangensis","null","Sphingidae","Sphingid moths"
"Rhagastis confusa","null","Sphingidae","Sphingid moths"
"Rhagastis olivacea","null","Sphingidae","Sphingid moths"
"Dahira yunnanfuana","null","Sphingidae","Sphingid moths"
"Marumba maackii","null","Sphingidae","Sphingid moths"
"Psilogramma increta","null","Sphingidae","Sphingid moths"
"Eupanacra mydon","null","Sphingidae","Sphingid moths"
"Callambulyx tatarinovii","null","Sphingidae","Sphingid moths"
"Deilephila elpenor","Elephant Hawk-Moth","Sphingidae","Sphingid moths"
"Eupanacra perfecta","null","Sphingidae","Sphingid moths"
"Sphinx morio","Larch Hawk Moth","Sphingidae","Sphingid moths"
"Macroglossum corythus","null","Sphingidae","Sphingid moths"
"Theretra japonica","null","Sphingidae","Sphingid moths"
"Ambulyx liturata","null","Sphingidae","Sphingid moths"
"Hyles costata","null","Sphingidae","Sphingid moths"
"Amplypterus mansoni","null","Sphingidae","Sphingid moths"
"Meganoton yunnanfuana","null","Sphingidae","Sphingid moths"
"Polyptychus chinensis","null","Sphingidae","Sphingid moths"
"Macroglossum neotroglodytus","null","Sphingidae","Sphingid moths"
"Ambulyx interplacida","null","Sphingidae","Sphingid moths"
"Theretra oldenlandiae","Impatiens Hawk Moth Larva","Sphingidae","Sphingid moths"
"Barbourion lemaii","null","Sphingidae","Sphingid moths"
"Clanis bilineata","null","Sphingidae","Sphingid moths"
"Ambulyx schauffelbergeri","null","Sphingidae","Sphingid moths"
"Rhodoprasina floralis","null","Sphingidae","Sphingid moths"
"Ampelophaga rubiginosa","null","Sphingidae","Sphingid moths"
"Daphnis hypothous","null","Sphingidae","Sphingid moths"
"Rhodoprasina viksinjaevi","null","Sphingidae","Sphingid moths"
"Marumba gaschkewitschii","null","Sphingidae","Sphingid moths"
"Neogurelca montana","null","Sphingidae","Sphingid moths"
"Eupanacra sinuata","null","Sphingidae","Sphingid moths"
"Hyles exilis","null","Sphingidae","Sphingid moths"
"Craspedortha porphyria","null","Sphingidae","Sphingid moths"
"Rhagastis castor","null","Sphingidae","Sphingid moths"
"Clanis undulosa","null","Sphingidae","Sphingid moths"
"Hyles livornica","Striped Hawk-Moth","Sphingidae","Sphingid moths"
"Dahira plutenkoi","null","Sphingidae","Sphingid moths"
"Smerinthus caecus","null","Sphingidae","Sphingid moths"
"Sphingulus mus","null","Sphingidae","Sphingid moths"
"Hemaris ottonis","null","Sphingidae","Sphingid moths"
"Sphinx centrosinaria","null","Sphingidae","Sphingid moths"
"Kentrochrysalis sieversi","null","Sphingidae","Sphingid moths"
"Hemaris staudingeri","null","Sphingidae","Sphingid moths"
"Sataspes xylocoparis","null","Sphingidae","Sphingid moths"
"Callambulyx junonia","null","Sphingidae","Sphingid moths"
"Langia zenzeroides","null","Sphingidae","Sphingid moths"
"Rhodoprasina mateji","null","Sphingidae","Sphingid moths"
"Marumba dyras","null","Sphingidae","Sphingid moths"
"Sataspes tagalica","null","Sphingidae","Sphingid moths"
"Degmaptera mirabilis","null","Sphingidae","Sphingid moths"
"Cypoides chinensis","null","Sphingidae","Sphingid moths"
"Rhodoprasina callantha","null","Sphingidae","Sphingid moths"
"Cechenena minor","null","Sphingidae","Sphingid moths"
"Smerinthus minor","null","Sphingidae","Sphingid moths"
"Clanis schwartzi","null","Sphingidae","Sphingid moths"
"Macroglossum nycteris","null","Sphingidae","Sphingid moths"
"Craspedortha montana","null","Sphingidae","Sphingid moths"
"Callambulyx kitchingi","null","Sphingidae","Sphingid moths"
"Neogurelca himachala","null","Sphingidae","Sphingid moths"
"Theretra silhetensis","Brown-Banded Hunter Hawkmoth","Sphingidae","Sphingid moths"
"Sphinx caligineus","null","Sphingidae","Sphingid moths"
"Pentateucha curiosa","null","Sphingidae","Sphingid moths"
"Smerinthus kindermannii","null","Sphingidae","Sphingid moths"
"Macroglossum belis","null","Sphingidae","Sphingid moths"
"Dahira hoenei","null","Sphingidae","Sphingid moths"
"Kentrochrysalis heberti","null","Sphingidae","Sphingid moths"
"Macroglossum bombylans","null","Sphingidae","Sphingid moths"
"Hyles zygophylli","null","Sphingidae","Sphingid moths"
"Picea asperata","Dragon Spruce","Pinaceae","Conifers"
"Picea brachytyla","Sargent's Spruce","Pinaceae","Conifers"
"Cephalotaxus sinensis","Chinese Plum Yew","Taxaceae","Conifers"
"Taxus mairei","Maire's Yew","Taxaceae","Conifers"
"Picea wilsonii","Wilson's Spruce","Pinaceae","Conifers"
"Pinus bungeana","Lacebark Pine","Pinaceae","Conifers"
"Keteleeria davidiana","David's Keteleeria","Pinaceae","Conifers"
"Pseudotsuga sinensis","Chinese Douglas-Fir","Pinaceae","Conifers"
"Amentotaxus argotaenia","Catkin Yew","Taxaceae","Conifers"
"Abies chensiensis","Shensi Fir","Pinaceae","Conifers"
"Pinus massoniana","Masson's Pine","Pinaceae","Conifers"
"Pinus tabuliformis","Chinese Red Pine","Pinaceae","Conifers"
"Picea neoveitchii","Veitch's Spruce","Pinaceae","Conifers"
"Juniperus squamata","Flaky Juniper","Cupressaceae","Conifers"
"Pinus henryi","Henry's Pine","Pinaceae","Conifers"
"Juniperus saltuaria","Sichuan Juniper","Cupressaceae","Conifers"
"Picea meyeri","Meyer's Spruce","Pinaceae","Conifers"
"Tsuga chinensis","Chinese Hemlock","Pinaceae","Conifers"
"Cupressus funebris","Chinese Weeping Cypress","Cupressaceae","Conifers"
"Cupressus chengiana","Cheng's Cypress","Cupressaceae","Conifers"
"Larix potaninii","Chinese Larch","Pinaceae","Conifers"
"Torreya fargesii","Farges Nutmeg Tree","Taxaceae","Conifers"
"Cunninghamia lanceolata","Cunninghamia","Cupressaceae","Conifers"
"Pinus armandii","Chinese White Pine","Pinaceae","Conifers"
"Taxus chinensis","Chinese Yew","Taxaceae","Conifers"
"Abies fargesii","Farges's Fir","Pinaceae","Conifers"
"Cephalotaxus fortunei","Fortune's Plum Yew","Taxaceae","Conifers"
"Thuja sutchuenensis","Sichuan Thuja","Cupressaceae","Conifers"
"Juniperus formosana","Formosan Juniper","Cupressaceae","Conifers"
"Cephalotaxus latifolia","Broad-Leaved Plum Yew","Taxaceae","Conifers"
"Juniperus rigida","Temple Juniper","Cupressaceae","Conifers"
"Juniperus chinensis","Chinese Juniper","Cupressaceae","Conifers"
"Larix gmelinii","Dahurian Larch","Pinaceae","Conifers"
"Platycladus orientalis","Oriental-Arborvitae","Cupressaceae","Conifers"
"Picea purpurea","Purple Spruce","Pinaceae","Conifers"
"Juniperus sabina","Savin Juniper","Cupressaceae","Conifers"
"Picea crassifolia","Qinghai Yunshan","Pinaceae","Conifers"
"Juniperus pingii","Ping's Juniper","Cupressaceae","Conifers"
