Downloaded from https://mol.org on Jun 23, 2022. Inclusive species list based on approximate intersections with Political boundary polygon for the Shandong region. 


"Scientific Name","Common Name","Family","Taxonomic Group"
"Phylloscopus proregulus","Pallas's Leaf Warbler","Sylviidae","Birds"
"Motacilla cinerea","Grey Wagtail","Motacillidae","Birds"
"Strix aluco","Tawny Owl","Strigidae","Birds"
"Parus montanus","Willow Tit","Paridae","Birds"
"Ninox scutulata","Brown Hawk-Owl","Strigidae","Birds"
"Botaurus stellaris","Bittern","Ardeidae","Birds"
"Syrrhaptes paradoxus","Pallas's Sandgrouse","Pteroclididae","Birds"
"Anas falcata","Falcated Duck","Anatidae","Birds"
"Phylloscopus fuscatus","Dusky Warbler","Sylviidae","Birds"
"Charadrius placidus","Long-Billed Plover","Charadriidae","Birds"
"Locustella certhiola","Pallas's Grasshopper Warbler","Sylviidae","Birds"
"Milvus migrans","Black Kite","Accipitridae","Birds"
"Ficedula zanthopygia","Yellow-Rumped Flycatcher","Muscicapidae","Birds"
"Lanius tigrinus","Tiger Shrike","Laniidae","Birds"
"Galerida cristata","Crested Lark","Alaudidae","Birds"
"Cettia acanthizoides","Yellowish Bellied Bush Warbler","Sylviidae","Birds"
"Anser albifrons","Greater White-Fronted Goose","Anatidae","Birds"
"Egretta sacra","Pacific Reef-Egret","Ardeidae","Birds"
"Falco subbuteo","Eurasian Hobby","Falconidae","Birds"
"Cuculus saturatus","Oriental Cuckoo","Cuculidae","Birds"
"Passer rutilans","Cinnamon Sparrow","Passeridae","Birds"
"Locustella ochotensis","Middendorff's Warbler","Sylviidae","Birds"
"Dicrurus macrocercus","Black Drongo","Dicruridae","Birds"
"Picus canus","Grey-Faced Woodpecker","Picidae","Birds"
"Ardea cinerea","Grey Heron","Ardeidae","Birds"
"Carduelis flammea","Common Redpoll","Fringillidae","Birds"
"Lanius bucephalus","Bull-Headed Shrike","Laniidae","Birds"
"Anas formosa","Baikal Teal","Anatidae","Birds"
"Buteo buteo","Buzzard","Accipitridae","Birds"
"Sturnus cineraceus","Grey Starling","Sturnidae","Birds"
"Pericrocotus divaricatus","Ashy Minivet","Campephagidae","Birds"
"Bucephala clangula","Common Goldeneye","Anatidae","Birds"
"Dicrurus leucophaeus","Ashy Drongo","Dicruridae","Birds"
"Carduelis sinica","Oriental Greenfinch","Fringillidae","Birds"
"Calandrella rufescens","Lesser Short-Toed Lark","Alaudidae","Birds"
"Urocissa erythrorhyncha","Red-Billed Blue Magpie","Corvidae","Birds"
"Phylloscopus reguloides","Blyth's Leaf-Warbler","Sylviidae","Birds"
"Accipiter nisus","Eurasian Sparrowhawk","Accipitridae","Birds"
"Melanitta fusca","White-Winged Scoter","Anatidae","Birds"
"Pycnonotus sinensis","Chinese Bulbul","Pycnonotidae","Birds"
"Chlidonias hybrida","Whiskered Tern","Laridae","Birds"
"Acrocephalus arundinaceus","Great Reed Warbler","Sylviidae","Birds"
"Cyanopica cyanus","Azure-Winged Magpie","Corvidae","Birds"
"Columba livia","Rock Dove","Columbidae","Birds"
"Buteo hemilasius","Upland Buzzard","Accipitridae","Birds"
"Ardeola bacchus","Chinese Pond-Heron","Ardeidae","Birds"
"Coccothraustes coccothraustes","Hawfinch","Fringillidae","Birds"
"Parus ater","Coal Tit","Paridae","Birds"
"Phalacrocorax capillatus","Japanese Cormorant","Phalacrocoracidae","Birds"
"Cuculus poliocephalus","Lesser Cuckoo","Cuculidae","Birds"
"Grus japonensis","Red-Crowned Crane","Gruidae","Birds"
"Aquila heliaca","Imperial Eagle","Accipitridae","Birds"
"Locustella lanceolata","Lanceolated Warbler","Sylviidae","Birds"
"Calidris alpina","Dunlin","Scolopacidae","Birds"
"Podiceps auritus","Horned Grebe","Podicipedidae","Birds"
"Gavia stellata","Red-Throated Diver","Gaviidae","Birds"
"Emberiza cioides","Meadow Bunting","Emberizidae","Birds"
"Sterna nilotica","Gull-Billed Tern","Laridae","Birds"
"Buteo lagopus","Rough-Legged Buzzard","Accipitridae","Birds"
"Bombycilla garrulus","Bohemian Waxwing","Bombycillidae","Birds"
"Turnix tanki","Yellow-Legged Buttonquail","Turnicidae","Birds"
"Acrocephalus aedon","Thick-Billed Warbler","Sylviidae","Birds"
"Delichon dasypus","Asian House Martin","Hirundinidae","Birds"
"Alectoris chukar","Chukar","Phasianidae","Birds"
"Calcarius lapponicus","Lapland Longspur","Emberizidae","Birds"
"Cygnus columbianus","Tundra Swan","Anatidae","Birds"
"Anas crecca","Common Teal","Anatidae","Birds"
"Anas zonorhyncha","Eastern Spot-Billed Duck","Anatidae","Birds"
"Zosterops japonicus","Japanese White-Eye","Zosteropidae","Birds"
"Dendrocopos minor","Lesser Spotted Woodpecker","Picidae","Birds"
"Ixobrychus cinnamomeus","Cinnamon Bittern","Ardeidae","Birds"
"Syrmaticus reevesii","Reeves's Pheasant","Phasianidae","Birds"
"Coturnix chinensis","Blue Quail","Phasianidae","Birds"
"Anser cygnoides","Swan Goose","Anatidae","Birds"
"Parus palustris","Black-Bibbed Tit","Paridae","Birds"
"Cuculus optatus","Oriental Cuckoo","Cuculidae","Birds"
"Haematopus ostralegus","Eurasian Oystercatcher","Haematopodidae","Birds"
"Anas querquedula","Garganey","Anatidae","Birds"
"Bradypterus tacsanowskius","Chinese Bush-Warbler","Sylviidae","Birds"
"Prunella collaris","Alpine Accentor","Prunellidae","Birds"
"Urosphena squameiceps","Scaly-Headed Stubtail","Sylviidae","Birds"
"Emberiza fucata","Chestnut-Eared Bunting","Emberizidae","Birds"
"Podiceps grisegena","Red-Necked Grebe","Podicipedidae","Birds"
"Carpodacus roseus","Pallas's Rosefinch","Fringillidae","Birds"
"Limosa limosa","Black-Tailed Godwit","Scolopacidae","Birds"
"Motacilla alba","White Wagtail","Motacillidae","Birds"
"Aquila chrysaetos","Golden Eagle","Accipitridae","Birds"
"Phalacrocorax pelagicus","Pelagic Cormorant","Phalacrocoracidae","Birds"
"Corvus frugilegus","Rook","Corvidae","Birds"
"Gallinago megala","Swinhoe's Snipe","Scolopacidae","Birds"
"Phylloscopus tenellipes","Pale-Legged Leaf-Warbler","Sylviidae","Birds"
"Panurus biarmicus","Bearded Tit","Timaliidae","Birds"
"Rhyacornis fuliginosa","Plumbeous Water Redstart","Muscicapidae","Birds"
"Calonectris leucomelas","Streaked Shearwater","Procellariidae","Birds"
"Dicrurus hottentottus","Hair-Crested Drongo","Dicruridae","Birds"
"Dendronanthus indicus","Forest Wagtail","Motacillidae","Birds"
"Calandrella cheleensis","Asian Short-Toed Lark","Alaudidae","Birds"
"Ciconia boyciana","Oriental White Stork","Ciconiidae","Birds"
"Falco amurensis","Amur Falcon","Falconidae","Birds"
"Lanius sphenocercus","Chinese Grey Shrike","Laniidae","Birds"
"Anas platyrhynchos","Mallard","Anatidae","Birds"
"Sterna hirundo","Common Tern","Laridae","Birds"
"Vanellus vanellus","Lapwing","Charadriidae","Birds"
"Coturnix japonica","Japanese Quail","Phasianidae","Birds"
"Locustella fasciolata","Gray's Grasshopper-Warbler","Sylviidae","Birds"
"Grus grus","Common Crane","Gruidae","Birds"
"Alauda arvensis","Skylark","Alaudidae","Birds"
"Phylloscopus trochiloides","Greenish Warbler","Sylviidae","Birds"
"Pernis ptilorhyncus","Oriental Honey-Buzzard","Accipitridae","Birds"
"Bombycilla japonica","Japanese Waxwing","Bombycillidae","Birds"
"Cerorhinca monocerata","Rhinoceros Auklet","Alcidae","Birds"
"Butorides striata","Green-Backed Heron","Ardeidae","Birds"
"Garrulax perspicillatus","Spectacled Laughingthrush","Timaliidae","Birds"
"Charadrius dubius","Little Ringed Plover","Charadriidae","Birds"
"Gallicrex cinerea","Watercock","Rallidae","Birds"
"Bubo bubo","Eurasian Eagle Owl","Strigidae","Birds"
"Pica pica","Black-Billed Magpie","Corvidae","Birds"
"Streptopelia tranquebarica","Red-Collared Dove","Columbidae","Birds"
"Aquila clanga","Greater Spotted Eagle","Accipitridae","Birds"
"Sitta europaea","Wood Nuthatch","Sittidae","Birds"
"Halcyon pileata","Black-Capped Kingfisher","Alcedinidae","Birds"
"Sterna caspia","Caspian Tern","Laridae","Birds"
"Asio otus","Long-Eared Owl","Strigidae","Birds"
"Mergellus albellus","Smew","Anatidae","Birds"
"Ciconia nigra","Black Stork","Ciconiidae","Birds"
"Calidris ruficollis","Red-Necked Stint","Scolopacidae","Birds"
"Larus hyperboreus","Glaucous Gull","Laridae","Birds"
"Emberiza leucocephalos","Pine Bunting","Emberizidae","Birds"
"Terpsiphone paradisi","Asian Paradise-Flycatcher","Monarchidae","Birds"
"Pelecanus crispus","Dalmatian Pelican","Pelecanidae","Birds"
"Oceanodroma monorhis","Swinhoe's Storm-Petrel","Hydrobatidae","Birds"
"Accipiter soloensis","Chinese Goshawk","Accipitridae","Birds"
"Podiceps cristatus","Great Crested Grebe","Podicipedidae","Birds"
"Calandrella brachydactyla","Short-Toed Lark","Alaudidae","Birds"
"Megaceryle lugubris","Crested Kingfisher","Alcedinidae","Birds"
"Phoenicurus alaschanicus","Przewalski's Redstart","Muscicapidae","Birds"
"Pluvialis squatarola","Grey Plover","Charadriidae","Birds"
"Ardea purpurea","Purple Heron","Ardeidae","Birds"
"Corvus macrorhynchos","Large-Billed Crow","Corvidae","Birds"
"Cinclus pallasii","Brown Dipper","Cinclidae","Birds"
"Numenius arquata","Eurasian Curlew","Scolopacidae","Birds"
"Circus macrourus","Pallid Harrier","Accipitridae","Birds"
"Parus major","Great Tit","Paridae","Birds"
"Hirundo daurica","Red-Rumped Swallow","Hirundinidae","Birds"
"Gallinula chloropus","Common Moorhen","Rallidae","Birds"
"Fulica atra","Common Coot","Rallidae","Birds"
"Tringa nebularia","Greenshank","Scolopacidae","Birds"
"Hirundo rustica","Barn Swallow","Hirundinidae","Birds"
"Pyrrhocorax pyrrhocorax","Red-Billed Chough","Corvidae","Birds"
"Tadorna tadorna","Common Shelduck","Anatidae","Birds"
"Passer montanus","Eurasian Tree Sparrow","Passeridae","Birds"
"Troglodytes troglodytes","Winter Wren","Troglodytidae","Birds"
"Asio flammeus","Short-Eared Owl","Strigidae","Birds"
"Streptopelia orientalis","Oriental Turtle Dove","Columbidae","Birds"
"Mergus serrator","Red-Breasted Merganser","Anatidae","Birds"
"Aythya marila","Greater Scaup","Anatidae","Birds"
"Acrocephalus concinens","Blunt-Winged Warbler","Sylviidae","Birds"
"Cuculus fugax","Fugitive Hawk-Cuckoo","Cuculidae","Birds"
"Gallinago gallinago","Common Snipe","Scolopacidae","Birds"
"Eurystomus orientalis","Eastern Broad-Billed Roller","Coraciidae","Birds"
"Upupa epops","Hoopoe","Upupidae","Birds"
"Ixobrychus eurhythmus","Schrenck's Bittern","Ardeidae","Birds"
"Aythya baeri","Baer's Pochard","Anatidae","Birds"
"Falco cherrug","Saker Falcon","Falconidae","Birds"
"Falco tinnunculus","Common Kestrel","Falconidae","Birds"
"Dendrocopos major","Great Spotted Woodpecker","Picidae","Birds"
"Platalea leucorodia","Eurasian Spoonbill","Threskiornithidae","Birds"
"Anas poecilorhyncha","Spot-Billed Duck","Anatidae","Birds"
"Egretta eulophotes","Swinhoe's Egret","Ardeidae","Birds"
"Luscinia calliope","Siberian Rubythroat","Muscicapidae","Birds"
"Dendrocopos canicapillus","Grey-Capped Woodpecker","Picidae","Birds"
"Melanocorypha mongolica","Mongolian Lark","Alaudidae","Birds"
"Corvus dauuricus","Daurian Jackdaw","Corvidae","Birds"
"Cuculus sparverioides","Large Hawk-Cuckoo","Cuculidae","Birds"
"Egretta garzetta","Mascarene Reef-Egret","Ardeidae","Birds"
"Garrulus glandarius","Eurasian Jay","Corvidae","Birds"
"Phoenicurus erythrogastrus","Güldenstädt's Redstart","Muscicapidae","Birds"
"Chlidonias leucopterus","White-Winged Black Tern","Laridae","Birds"
"Anas penelope","Eurasian Wigeon","Anatidae","Birds"
"Anthus godlewskii","Blyth's Pipit","Motacillidae","Birds"
"Chlamydotis undulata","Houbara Bustard","Otididae","Birds"
"Tichodroma muraria","Wallcreeper","Sittidae","Birds"
"Pluvialis fulva","Pacific Golden Plover","Charadriidae","Birds"
"Pericrocotus ethologus","Long-Tailed Minivet","Campephagidae","Birds"
"Casmerodius albus","Great Egret","Ardeidae","Birds"
"Phoenicurus auroreus","Daurian Redstart","Muscicapidae","Birds"
"Urosphena subulata","Timor Stubtail","Sylviidae","Birds"
"Lanius cristatus","Brown Shrike","Laniidae","Birds"
"Caprimulgus indicus","Jungle Nightjar","Caprimulgidae","Birds"
"Glareola maldivarum","Oriental Pratincole","Glareolidae","Birds"
"Acrocephalus bistrigiceps","Black-Browed Reed-Warbler","Sylviidae","Birds"
"Turdus pallidus","Pale Thrush","Turdidae","Birds"
"Falco columbarius","Merlin","Falconidae","Birds"
"Cuculus canorus","Common Cuckoo","Cuculidae","Birds"
"Myophonus caeruleus","Himalayan Whistling-Thrush","Turdidae","Birds"
"Porzana pusilla","Baillon's Crake","Rallidae","Birds"
"Dryocopus martius","Black Woodpecker","Picidae","Birds"
"Pyrrhula erythaca","Beavan's Bullfinch","Fringillidae","Birds"
"Emberiza rustica","Rustic Bunting","Emberizidae","Birds"
"Gavia arctica","Black-Throated Diver","Gaviidae","Birds"
"Coracina melaschistos","Black-Winged Cuckoo-Shrike","Campephagidae","Birds"
"Aythya fuligula","Tufted Duck","Anatidae","Birds"
"Larus minutus","Little Gull","Laridae","Birds"
"Zoothera sibirica","Siberian Thrush","Turdidae","Birds"
"Tringa ochropus","Green Sandpiper","Scolopacidae","Birds"
"Ducula aenea","Green Imperial-Pigeon","Columbidae","Birds"
"Stigmatopelia chinensis","Spotted Dove","Columbidae","Birds"
"Sterna albifrons","Little Tern","Laridae","Birds"
"Calidris acuminata","Sharp-Tailed Sandpiper","Scolopacidae","Birds"
"Otus bakkamoena","Collared Scops Owl","Strigidae","Birds"
"Emberiza yessoensis","Japanese Reed Bunting","Emberizidae","Birds"
"Cettia canturians","Manchurian Bush Warbler","Sylviidae","Birds"
"Tyto longimembris","Eastern Grass Owl","Tytonidae","Birds"
"Mergus squamatus","Chinese Merganser","Anatidae","Birds"
"Eophona migratoria","Yellow-Billed Grosbeak","Fringillidae","Birds"
"Rallus aquaticus","Water Rail","Rallidae","Birds"
"Larus schistisagus","Slaty-Backed Gull","Laridae","Birds"
"Amaurornis phoenicurus","White-Breasted Waterhen","Rallidae","Birds"
"Cygnus olor","Mute Swan","Anatidae","Birds"
"Carduelis spinus","Eurasian Siskin","Fringillidae","Birds"
"Phylloscopus armandii","Yellow-Streaked Warbler","Sylviidae","Birds"
"Perdix dauurica","Daurian Partridge","Phasianidae","Birds"
"Porzana paykullii","Band-Bellied Crake","Rallidae","Birds"
"Athene noctua","Little Owl","Strigidae","Birds"
"Phylloscopus inornatus","Yellow-Browed Warbler","Sylviidae","Birds"
"Strix uralensis","Ural Owl","Strigidae","Birds"
"Pyrrhula pyrrhula","Common Bullfinch","Fringillidae","Birds"
"Columba leuconota","Snow Pigeon","Columbidae","Birds"
"Nycticorax nycticorax","Black-Crowned Night-Heron","Ardeidae","Birds"
"Anser erythropus","Lesser White-Fronted Goose","Anatidae","Birds"
"Columba rupestris","Hill Pigeon","Columbidae","Birds"
"Ibidorhyncha struthersii","Ibisbill","Ibidorhynchidae","Birds"
"Phylloscopus schwarzi","Radde's Warbler","Sylviidae","Birds"
"Sturnus sturninus","Daurian Starling","Sturnidae","Birds"
"Sterna bernsteini","Chinese Crested-Tern","Laridae","Birds"
"Phylloscopus coronatus","Temminck's Crowned Warbler","Sylviidae","Birds"
"Anser fabalis","Bean Goose","Anatidae","Birds"
"Phalacrocorax carbo","Cormorant","Phalacrocoracidae","Birds"
"Otus sunia","Oriental Scops Owl","Strigidae","Birds"
"Rostratula benghalensis","Painted-Snipe","Rostratulidae","Birds"
"Ixobrychus sinensis","Yellow Bittern","Ardeidae","Birds"
"Acridotheres cristatellus","Chinese Jungle Myna","Sturnidae","Birds"
"Otus lettia","Collared Scops Owl","Strigidae","Birds"
"Falco naumanni","Lesser Kestrel","Falconidae","Birds"
"Larus argentatus","Herring Gull","Laridae","Birds"
"Tachybaptus ruficollis","Little Grebe","Podicipedidae","Birds"
"Anser anser","Greylag Goose","Anatidae","Birds"
"Otis tarda","Great Bustard","Otididae","Birds"
"Amaurornis akool","Brown Crake","Rallidae","Birds"
"Vanellus cinereus","Grey-Headed Lapwing","Charadriidae","Birds"
"Charadrius alexandrinus","Kentish Plover","Charadriidae","Birds"
"Streptopelia decaocto","Collared Dove","Columbidae","Birds"
"Anthus richardi","Richard's Pipit","Motacillidae","Birds"
"Corvus corone","Carrion Crow","Corvidae","Birds"
"Dendrocopos kizuki","Pygmy Woodpecker","Picidae","Birds"
"Alauda gulgula","Oriental Skylark","Alaudidae","Birds"
"Turdus naumanni","Dusky Thrush","Turdidae","Birds"
"Platalea minor","Black-Faced Spoonbill","Threskiornithidae","Birds"
"Ficedula albicilla","Taiga Flycatcher","Muscicapidae","Birds"
"Loxia curvirostra","Red Crossbill","Fringillidae","Birds"
"Apus apus","Common Swift","Apodidae","Birds"
"Oriolus chinensis","Black-Naped Oriole","Oriolidae","Birds"
"Larus canus","Common Gull","Laridae","Birds"
"Locustella pleskei","Styan's Grasshopper Warbler","Sylviidae","Birds"
"Cygnus cygnus","Whooper Swan","Anatidae","Birds"
"Prunella montanella","Siberian Accentor","Prunellidae","Birds"
"Cuculus micropterus","Short-Winged Cuckoo","Cuculidae","Birds"
"Charadrius veredus","Eastern Sand Plover","Charadriidae","Birds"
"Uragus sibiricus","Long-Tailed Rosefinch","Fringillidae","Birds"
"Larus crassirostris","Black-Tailed Gull","Laridae","Birds"
"Larus ridibundus","Common Black-Headed Gull","Laridae","Birds"
"Phylloscopus borealoides","Sakhalin Leaf-Warbler","Sylviidae","Birds"
"Emberiza pallasi","Pallas's Bunting","Emberizidae","Birds"
"Turdus obscurus","Eyebrowed Thrush","Turdidae","Birds"
"Corvus torquatus","Collared Crow","Corvidae","Birds"
"Cettia diphone","Japanese Bush-Warbler","Sylviidae","Birds"
"Fringilla montifringilla","Brambling","Fringillidae","Birds"
"Alcedo atthis","Common Kingfisher","Alcedinidae","Birds"
"Accipiter gularis","Japanese Sparrowhawk","Accipitridae","Birds"
"Porzana fusca","Ruddy-Breasted Crake","Rallidae","Birds"
"Paradoxornis heudei","Heude's Parrotbill","Timaliidae","Birds"
"Falco peregrinus","Peregrine Falcon","Falconidae","Birds"
"Synthliboramphus antiquus","Ancient Murrelet","Alcidae","Birds"
"Mergus merganser","Goosander","Anatidae","Birds"
"Larus saundersi","Saunder's Gull","Laridae","Birds"
"Brachyramphus perdix","Long-Billed Murrelet","Alcidae","Birds"
"Turdus hortulorum","Grey-Backed Thrush","Turdidae","Birds"
"Paradoxornis webbianus","Brown-Winged Parrotbill","Timaliidae","Birds"
"Zosterops erythropleurus","Chestnut-Flanked White-Eye","Zosteropidae","Birds"
"Anas strepera","Gadwall","Anatidae","Birds"
"Aegithalos caudatus","Long-Tailed Tit","Aegithalidae","Birds"
"Parus varius","Varied Tit","Paridae","Birds"
"Branta bernicla","Brant","Anatidae","Birds"
"Clamator coromandus","Chestnut-Winged Cuckoo","Cuculidae","Birds"
"Turdus merula","Blackbird","Turdidae","Birds"
"Apus pacificus","Fork-Tailed Swift","Apodidae","Birds"
"Tringa totanus","Common Redshank","Scolopacidae","Birds"
"Monticola solitarius","Blue Rock Thrush","Muscicapidae","Birds"
"Haliaeetus leucoryphus","Pallas Sea-Eagle","Accipitridae","Birds"
"Phasianus colchicus","Common Pheasant","Phasianidae","Birds"
"Mustela eversmanii","Steppe Polecat","Mustelidae","Mammals"
"Apodemus peninsulae","Korean Field Mouse","Muridae","Mammals"
"Arctonyx albogularis","null","Mustelidae","Mammals"
"Pseudorca crassidens","False Killer Whale","Delphinidae","Mammals"
"Chimarrogale himalayica","Himalayan Water Shrew","Soricidae","Mammals"
"Naemorhedus griseus","Chinese Goral","Bovidae","Mammals"
"Microtus gregalis","Narrow Headed Vole","Cricetidae","Mammals"
"Balaenoptera physalus","Fin Whale","Balaenopteridae","Mammals"
"Scaptochirus moschatus","Short-Faced Mole","Talpidae","Mammals"
"Micromys minutus","Harvest Mouse","Muridae","Mammals"
"Lasiopodomys mandarinus","Mandarin Vole","Cricetidae","Mammals"
"Steno bredanensis","Rough Toothed Dolphin","Delphinidae","Mammals"
"Eptesicus serotinus","Serotine","Vespertilionidae","Mammals"
"Rattus rattus","Black Rat","Muridae","Mammals"
"Physeter macrocephalus","Sperm Whale","Physeteridae","Mammals"
"Rattus tanezumi","Oriental House Rat","Muridae","Mammals"
"Tadarida latouchei","La Touche's Free-Tailed Bat","Molossidae","Mammals"
"Balaenoptera musculus","Blue Whale","Balaenopteridae","Mammals"
"Delphinus capensis","Long Beaked Common Dolphin","Delphinidae","Mammals"
"Kogia sima","Dwarf Sperm Whale","Physeteridae","Mammals"
"Kogia breviceps","Pygmy Sperm Whale","Physeteridae","Mammals"
"Canis lupus","Wolf","Canidae","Mammals"
"Erinaceus amurensis","Amur Hedgehog","Erinaceidae","Mammals"
"Balaenoptera borealis","Sei Whale","Balaenopteridae","Mammals"
"Muntiacus reevesi","Chinese Muntjac","Cervidae","Mammals"
"Tscherskia triton","Greater Long Tailed Hamster","Cricetidae","Mammals"
"Apodemus agrarius","Striped Field Mouse","Muridae","Mammals"
"Mesechinus dauuricus","Daurian Hedgehog","Erinaceidae","Mammals"
"Myotis pilosus","Rickett's Big-Footed Myotis","Vespertilionidae","Mammals"
"Mus musculus","House Mouse","Muridae","Mammals"
"Pipistrellus pipistrellus","Common Pipistrelle","Vespertilionidae","Mammals"
"Mustela sibirica","Siberian Weasel","Mustelidae","Mammals"
"Eospalax fontanierii","Chinese Zokor","Spalacidae","Mammals"
"Globicephala macrorhynchus","Short Finned Pilot Whale","Delphinidae","Mammals"
"Ziphius cavirostris","Cuvier's Beaked Whale","Ziphiidae","Mammals"
"Stenella attenuata","Pantropical Spotted Dolphin","Delphinidae","Mammals"
"Pipistrellus alaschanicus","Alashanian Pipistrelle","Vespertilionidae","Mammals"
"Crocidura shantungensis","Shantung Shrew","Soricidae","Mammals"
"Murina leucogaster","Greater Tube-Nosed Bat","Vespertilionidae","Mammals"
"Stenella coeruleoalba","Striped Dolphin","Delphinidae","Mammals"
"Vulpes vulpes","Red Fox","Canidae","Mammals"
"Ondatra zibethicus","Musk Rat","Cricetidae","Mammals"
"Myotis pequinius","Peking Myotis","Vespertilionidae","Mammals"
"Mesoplodon ginkgodens","Ginkgo Toothed Whale","Ziphiidae","Mammals"
"Delphinus delphis","Atlantic Dolphin","Delphinidae","Mammals"
"Vespertilio sinensis","Asian Particolored Bat","Vespertilionidae","Mammals"
"Eschrichtius robustus","Gray Whale","Eschrichtiidae","Mammals"
"Microtus fortis","Reed Vole","Cricetidae","Mammals"
"Pipistrellus abramus","Japanese Pipistrelle","Vespertilionidae","Mammals"
"Meles leucurus","Asian Badger","Mustelidae","Mammals"
"Myospalax psilurus","Transbaikal Zokor","Spalacidae","Mammals"
"Crocidura lasiura","Ussuri Shrew","Soricidae","Mammals"
"Niviventer confucianus","Confucian Niviventer","Muridae","Mammals"
"Lutra lutra","European Otter","Mustelidae","Mammals"
"Orcinus orca","Killer Whale","Delphinidae","Mammals"
"Balaenoptera acutorostrata","Common Minke Whale","Balaenopteridae","Mammals"
"Megaptera novaeangliae","Humpback Whale","Balaenopteridae","Mammals"
"Prionailurus bengalensis","Leopard Cat","Felidae","Mammals"
"Stenella longirostris","Spinner Dolphin","Delphinidae","Mammals"
"Neophocaena asiaeorientalis","null","Phocoenidae","Mammals"
"Tursiops truncatus","Bottlenose Dolphin","Delphinidae","Mammals"
"Nyctalus plancyi","Chinese Noctule","Vespertilionidae","Mammals"
"Myotis laniger","Chinese Water Myotis","Vespertilionidae","Mammals"
"Lepus tolai","Tolai Hare","Leporidae","Mammals"
"Cricetulus barabensis","Striped Dwarf Hamster","Cricetidae","Mammals"
"Spermophilus dauricus","Daurian Ground Squirrel","Sciuridae","Mammals"
"Sus scrofa","Wild Boar","Suidae","Mammals"
"Rhinolophus ferrumequinum","Greater Horseshoe Bat","Rhinolophidae","Mammals"
"Phoca largha","Spotted Seal","Phocidae","Mammals"
"Lepidochelys olivacea","Pacific Ridley","Cheloniidae","Reptiles"
"Oocatochus rufodorsatus","Frog-Eating Rat Snake","Colubridae","Reptiles"
"Oligodon chinensis","Chinese Kukri Snake","Colubridae","Reptiles"
"Gloydius saxatilis","Rock Mamushi","Viperidae","Reptiles"
"Protobothrops mucrosquamatus","Brown Spotted Pitviper","Viperidae","Reptiles"
"Gekko swinhonis","Peking Gecko","Gekkonidae","Reptiles"
"Euprepiophis mandarinus","Mandarin Ratsnakes","Colubridae","Reptiles"
"Dermochelys coriacea","Leatherback Sea Turtle","Dermochelyidae","Reptiles"
"Elaphe bimaculata","Chinese Leopard Snake","Colubridae","Reptiles"
"Caretta caretta","Loggerhead","Cheloniidae","Reptiles"
"Pelamis platura","Yellowbelly Sea Snake","Elapidae","Reptiles"
"Eretmochelys imbricata","Hawksbill","Cheloniidae","Reptiles"
"Mauremys reevesii","Big-Headed Reeves' Turtle","Geoemydidae","Turtles (non-marine)"
"Cuora flavomarginata","Snake-Eating Turtle","Geoemydidae","Turtles (non-marine)"
"Pelodiscus sinensis","Chinese Soft-Shelled Turtle","Trionychidae","Turtles (non-marine)"
"Strauchbufo raddei","Tengger Desert Toad","Bufonidae","Amphibians"
"Hyla immaculata","Spotless Tree Toad","Hylidae","Amphibians"
"Microhyla fissipes","Ornamented Pygmy Frog","Microhylidae","Amphibians"
"Bufo gargarizans","Chusan Island Toad","Bufonidae","Amphibians"
"Hyla japonica","Far Eastern Treefrog","Hylidae","Amphibians"
"Rana chensinensis","Far Eastern Wood Frog","Ranidae","Amphibians"
"Pelophylax nigromaculatus","Black-Spotted Frog","Ranidae","Amphibians"
"Kaloula borealis","Manchurian Narrowmouth Toad","Microhylidae","Amphibians"
"Pelophylax plancyi","Peking Frog","Ranidae","Amphibians"
"Bombina orientalis","Oriental Firebelly Toad","Bombinatoridae","Amphibians"
"Rana kunyuensis","null","Ranidae","Amphibians"
"Fejervarya limnocharis","Indian Cricket Frog","Dicroglossidae","Amphibians"
"Neptis andetria","null","Nymphalidae","Butterflies"
"Argynnis hyperbius","null","Nymphalidae","Butterflies"
"Satyrium latior","null","Lycaenidae","Butterflies"
"Argynnis laodice","Eastern Silverstripe","Nymphalidae","Butterflies"
"Lethe syrcisi","null","Nymphalidae","Butterflies"
"Neptis alwina","null","Nymphalidae","Butterflies"
"Argynnis paphia","Silver-Washed Fritillary","Nymphalidae","Butterflies"
"Argynnis adippe","High Brown Fritillary","Nymphalidae","Butterflies"
"Brenthis ino","Lesser Marbled Fritillary","Nymphalidae","Butterflies"
"Satyrium w-album","White-Letter Hairstreak","Lycaenidae","Butterflies"
"Brenthis daphne","Marbled Fritillary","Nymphalidae","Butterflies"
"Argynnis zenobia","null","Nymphalidae","Butterflies"
"Apatura iris","Purple Emperor","Nymphalidae","Butterflies"
"Anthocharis cardamines","Orange-Tip","Pieridae","Butterflies"
"Gonepteryx amintha","null","Pieridae","Butterflies"
"Argynnis anadyomene","null","Nymphalidae","Butterflies"
"Chalinga pratti","null","Nymphalidae","Butterflies"
"Colias fieldii","null","Pieridae","Butterflies"
"Argynnis aglaja","Dark Green Fritillary","Nymphalidae","Butterflies"
"Argynnis sagana","null","Nymphalidae","Butterflies"
"Apatura laverna","null","Nymphalidae","Butterflies"
"Davidina armandi","null","Nymphalidae","Butterflies"
"Argynnis xipe","null","Nymphalidae","Butterflies"
"Apatura ilia","Lesser Purple Emperor","Nymphalidae","Butterflies"
"Pieris mandarina","null","Pieridae","Butterflies"
"Satyrium inouei","null","Lycaenidae","Butterflies"
"Satyrium prunoides","null","Lycaenidae","Butterflies"
"Aglais urticae","Small Tortiseshell","Nymphalidae","Butterflies"
"Argynnis ruslana","null","Nymphalidae","Butterflies"
"Argynnis nerippe","null","Nymphalidae","Butterflies"
"Thecla betulae","Brown Hairstreak","Lycaenidae","Butterflies"
"Pontia daplidice","Bath White","Pieridae","Butterflies"
"Satyrium pruni","Black Hairstreak","Lycaenidae","Butterflies"
"Ampelophaga rubiginosa","null","Sphingidae","Sphingid moths"
"Acosmeryx castanea","null","Sphingidae","Sphingid moths"
"Marumba gaschkewitschii","null","Sphingidae","Sphingid moths"
"Smerinthus szechuanus","null","Sphingidae","Sphingid moths"
"Hyles exilis","null","Sphingidae","Sphingid moths"
"Craspedortha porphyria","null","Sphingidae","Sphingid moths"
"Leucophlebia lineata","null","Sphingidae","Sphingid moths"
"Smerinthus planus","null","Sphingidae","Sphingid moths"
"Clanis undulosa","null","Sphingidae","Sphingid moths"
"Hyles livornica","Striped Hawk-Moth","Sphingidae","Sphingid moths"
"Theretra tibetiana","null","Sphingidae","Sphingid moths"
"Hemaris radians","null","Sphingidae","Sphingid moths"
"Macroglossum pyrrhosticta","Hummingbird Hawk Moth","Sphingidae","Sphingid moths"
"Smerinthus caecus","null","Sphingidae","Sphingid moths"
"Sphingulus mus","null","Sphingidae","Sphingid moths"
"Hemaris ottonis","null","Sphingidae","Sphingid moths"
"Kentrochrysalis sieversi","null","Sphingidae","Sphingid moths"
"Meganoton analis","null","Sphingidae","Sphingid moths"
"Psilogramma discistriga","null","Sphingidae","Sphingid moths"
"Hemaris staudingeri","null","Sphingidae","Sphingid moths"
"Hyles hippophaes","Seathorn Hawk-Moth","Sphingidae","Sphingid moths"
"Sataspes xylocoparis","null","Sphingidae","Sphingid moths"
"Dahira rubiginosa","null","Sphingidae","Sphingid moths"
"Rhagastis mongoliana","null","Sphingidae","Sphingid moths"
"Langia zenzeroides","null","Sphingidae","Sphingid moths"
"Acosmeryx sinjaevi","null","Sphingidae","Sphingid moths"
"Ambulyx kuangtungensis","null","Sphingidae","Sphingid moths"
"Degmaptera mirabilis","null","Sphingidae","Sphingid moths"
"Marumba maackii","null","Sphingidae","Sphingid moths"
"Psilogramma increta","null","Sphingidae","Sphingid moths"
"Callambulyx tatarinovii","null","Sphingidae","Sphingid moths"
"Deilephila elpenor","Elephant Hawk-Moth","Sphingidae","Sphingid moths"
"Cechenena minor","null","Sphingidae","Sphingid moths"
"Clanis schwartzi","null","Sphingidae","Sphingid moths"
"Macroglossum nycteris","null","Sphingidae","Sphingid moths"
"Sphinx morio","Larch Hawk Moth","Sphingidae","Sphingid moths"
"Neogurelca himachala","null","Sphingidae","Sphingid moths"
"Theretra japonica","null","Sphingidae","Sphingid moths"
"Sphinx caligineus","null","Sphingidae","Sphingid moths"
"Dahira hoenei","null","Sphingidae","Sphingid moths"
"Macroglossum bombylans","null","Sphingidae","Sphingid moths"
"Theretra alecto","null","Sphingidae","Sphingid moths"
"Macroglossum stellatarum","Hummingbird Hawk-Moth","Sphingidae","Sphingid moths"
"Marumba sperchius","null","Sphingidae","Sphingid moths"
"Dolbina inexacta","null","Sphingidae","Sphingid moths"
"Acosmeryx naga","null","Sphingidae","Sphingid moths"
"Cypa uniformis","null","Sphingidae","Sphingid moths"
"Phyllosphingia dissimilis","null","Sphingidae","Sphingid moths"
"Ambulyx japonica","null","Sphingidae","Sphingid moths"
"Parum colligata","null","Sphingidae","Sphingid moths"
"Dolbina tancrei","null","Sphingidae","Sphingid moths"
"Theretra oldenlandiae","Impatiens Hawk Moth Larva","Sphingidae","Sphingid moths"
"Acherontia lachesis","Death's-Head Hawkmoth","Sphingidae","Sphingid moths"
"Clanis bilineata","null","Sphingidae","Sphingid moths"
"Ambulyx schauffelbergeri","null","Sphingidae","Sphingid moths"
"Sphecodina caudata","null","Sphingidae","Sphingid moths"
"Acherontia styx","Death's-Head Hawk Moth","Sphingidae","Sphingid moths"
"Hyles gallii","Galium Sphinx","Sphingidae","Sphingid moths"
"Macroglossum saga","null","Sphingidae","Sphingid moths"
"Laothoe amurensis","null","Sphingidae","Sphingid moths"
"Kentrochrysalis streckeri","null","Sphingidae","Sphingid moths"
"Neogurelca hyas","null","Sphingidae","Sphingid moths"
"Cechenena lineosa","null","Sphingidae","Sphingid moths"
"Ambulyx tobii","null","Sphingidae","Sphingid moths"
"Platycladus orientalis","Oriental-Arborvitae","Cupressaceae","Conifers"
"Pinus bungeana","Lacebark Pine","Pinaceae","Conifers"
"Pinus sylvestris","Scots Pine","Pinaceae","Conifers"
"Juniperus formosana","Formosan Juniper","Cupressaceae","Conifers"
"Pinus tabuliformis","Chinese Red Pine","Pinaceae","Conifers"
"Pinus densiflora","Japanese Red Pine","Pinaceae","Conifers"
"Juniperus rigida","Temple Juniper","Cupressaceae","Conifers"
"Juniperus chinensis","Chinese Juniper","Cupressaceae","Conifers"
