Downloaded from https://mol.org on Jun 23, 2022. Inclusive species list based on approximate intersections with Political boundary polygon for the Portugal region. 


"Scientific Name","Common Name","Family","Taxonomic Group"
"Anas clypeata","Northern Shoveler","Anatidae","Birds"
"Erythropygia galactotes","Rufous Bush Robin","Muscicapidae","Birds"
"Carduelis spinus","Eurasian Siskin","Fringillidae","Birds"
"Sterna dougallii","Roseate Tern","Laridae","Birds"
"Emberiza citrinella","Yellowhammer","Emberizidae","Birds"
"Hydrobates pelagicus","European Storm-Petrel","Hydrobatidae","Birds"
"Sturnus unicolor","Spotless Starling","Sturnidae","Birds"
"Fratercula arctica","Puffin","Alcidae","Birds"
"Parus ater","Coal Tit","Paridae","Birds"
"Coccothraustes coccothraustes","Hawfinch","Fringillidae","Birds"
"Acrocephalus arundinaceus","Great Reed Warbler","Sylviidae","Birds"
"Oceanodroma castro","Madeiran Storm-Petrel","Hydrobatidae","Birds"
"Accipiter nisus","Eurasian Sparrowhawk","Accipitridae","Birds"
"Pterocles orientalis","Black-Bellied Sandgrouse","Pteroclididae","Birds"
"Alca torda","Razorbill","Alcidae","Birds"
"Ardeola ralloides","Squacco Heron","Ardeidae","Birds"
"Bulweria bulwerii","Bulwer's Petrel","Procellariidae","Birds"
"Parus cristatus","Crested Tit","Paridae","Birds"
"Columba oenas","Stock Dove","Columbidae","Birds"
"Haematopus ostralegus","Eurasian Oystercatcher","Haematopodidae","Birds"
"Larus melanocephalus","Mediterranean Gull","Laridae","Birds"
"Perdix perdix","Grey Partridge","Phasianidae","Birds"
"Corvus frugilegus","Rook","Corvidae","Birds"
"Anthus pratensis","Meadow Pipit","Motacillidae","Birds"
"Streptopelia turtur","Turtle Dove","Columbidae","Birds"
"Ficedula parva","Red-Breasted Flycatcher","Muscicapidae","Birds"
"Anas platyrhynchos","Mallard","Anatidae","Birds"
"Fringilla coelebs","Chaffinch","Fringillidae","Birds"
"Pelagodroma marina","White-Faced Storm-Petrel","Hydrobatidae","Birds"
"Stercorarius pomarinus","Pomarine Skua","Stercorariidae","Birds"
"Phylloscopus ibericus","Iberian Chiffchaff","Sylviidae","Birds"
"Gallinula chloropus","Common Moorhen","Rallidae","Birds"
"Tadorna tadorna","Common Shelduck","Anatidae","Birds"
"Circus aeruginosus","Eurasian Marsh Harrier","Accipitridae","Birds"
"Alectoris rufa","Red-Legged Partridge","Phasianidae","Birds"
"Oceanodroma monteiroi","Monteiro's Storm Petrel","Hydrobatidae","Birds"
"Gallinago gallinago","Common Snipe","Scolopacidae","Birds"
"Upupa epops","Hoopoe","Upupidae","Birds"
"Lymnocryptes minimus","Jack Snipe","Scolopacidae","Birds"
"Charadrius hiaticula","Common Ringed Plover","Charadriidae","Birds"
"Garrulus glandarius","Eurasian Jay","Corvidae","Birds"
"Turdus iliacus","Redwing","Turdidae","Birds"
"Emberiza cia","Rock Bunting","Emberizidae","Birds"
"Pandion haliaetus","Osprey","Accipitridae","Birds"
"Locustella luscinioides","Savi's Warbler","Sylviidae","Birds"
"Larus audouinii","Audouin's Gull","Laridae","Birds"
"Falco columbarius","Merlin","Falconidae","Birds"
"Aythya ferina","Common Pochard","Anatidae","Birds"
"Porzana pusilla","Baillon's Crake","Rallidae","Birds"
"Dryocopus martius","Black Woodpecker","Picidae","Birds"
"Parus caeruleus","Blue Tit","Paridae","Birds"
"Pluvialis apricaria","European Golden Plover","Charadriidae","Birds"
"Aythya fuligula","Tufted Duck","Anatidae","Birds"
"Certhia brachydactyla","Short-Toed Treecreeper","Certhiidae","Birds"
"Pernis apivorus","European Honey-Buzzard","Accipitridae","Birds"
"Streptopelia decaocto","Collared Dove","Columbidae","Birds"
"Anthus richardi","Richard's Pipit","Motacillidae","Birds"
"Uria aalge","Guillemot","Alcidae","Birds"
"Anthus trivialis","Tree Pipit","Motacillidae","Birds"
"Recurvirostra avosetta","Pied Avocet","Recurvirostridae","Birds"
"Loxia curvirostra","Red Crossbill","Fringillidae","Birds"
"Elanus caeruleus","Black-Winged Kite","Accipitridae","Birds"
"Prunella modularis","Dunnock","Prunellidae","Birds"
"Tachymarptis melba","Alpine Swift","Apodidae","Birds"
"Marmaronetta angustirostris","Marbled Duck","Anatidae","Birds"
"Gavia immer","Common Loon","Gaviidae","Birds"
"Ixobrychus minutus","Little Bittern","Ardeidae","Birds"
"Fringilla montifringilla","Brambling","Fringillidae","Birds"
"Plectrophenax nivalis","Snow Bunting","Emberizidae","Birds"
"Cinclus cinclus","Dipper","Cinclidae","Birds"
"Neophron percnopterus","Egyptian Vulture","Accipitridae","Birds"
"Aegithalos caudatus","Long-Tailed Tit","Aegithalidae","Birds"
"Luscinia svecica","Bluethroat","Muscicapidae","Birds"
"Luscinia megarhynchos","Nightingale","Muscicapidae","Birds"
"Caprimulgus europaeus","European Nightjar","Caprimulgidae","Birds"
"Phylloscopus trochilus","Willow Warbler","Sylviidae","Birds"
"Glareola pratincola","Collared Pratincole","Glareolidae","Birds"
"Strix aluco","Tawny Owl","Strigidae","Birds"
"Pyrrhula murina","Azores Bullfinch","Fringillidae","Birds"
"Coturnix coturnix","Common Quail","Phasianidae","Birds"
"Oceanodroma leucorhoa","Leach's Storm-Petrel","Hydrobatidae","Birds"
"Turdus torquatus","Ring Ouzel","Turdidae","Birds"
"Hippolais opaca","Western Olivaceous Warbler","Sylviidae","Birds"
"Buteo buteo","Buzzard","Accipitridae","Birds"
"Calandrella rufescens","Lesser Short-Toed Lark","Alaudidae","Birds"
"Columba livia","Rock Dove","Columbidae","Birds"
"Anthus spinoletta","Water Pipit","Motacillidae","Birds"
"Cuculus canorus","Common Cuckoo","Cuculidae","Birds"
"Anthus berthelotii","Berthelot's Pipit","Motacillidae","Birds"
"Gavia stellata","Red-Throated Diver","Gaviidae","Birds"
"Tringa erythropus","Spotted Redshank","Scolopacidae","Birds"
"Oenanthe oenanthe","Northern Wheatear","Muscicapidae","Birds"
"Actitis hypoleucos","Common Sandpiper","Scolopacidae","Birds"
"Motacilla flava","Yellow Wagtail","Motacillidae","Birds"
"Sterna albifrons","Little Tern","Laridae","Birds"
"Sturnus vulgaris","Common Starling","Sturnidae","Birds"
"Serinus serinus","European Serin","Fringillidae","Birds"
"Oxyura leucocephala","White-Headed Duck","Anatidae","Birds"
"Rallus aquaticus","Water Rail","Rallidae","Birds"
"Estrilda astrild","Common Waxbill","Estrildidae","Birds"
"Psittacula krameri","Rose-Ringed Parakeet","Psittacidae","Birds"
"Athene noctua","Little Owl","Strigidae","Birds"
"Pyrrhula pyrrhula","Common Bullfinch","Fringillidae","Birds"
"Corvus monedula","Eurasian Jackdaw","Corvidae","Birds"
"Porphyrio porphyrio","Purple Swamphen","Rallidae","Birds"
"Catharacta skua","Great Skua","Stercorariidae","Birds"
"Acrocephalus schoenobaenus","Sedge Warbler","Sylviidae","Birds"
"Aquila fasciatus","Bonelli's Eagle","Accipitridae","Birds"
"Circus pygargus","Montagu's Harrier","Accipitridae","Birds"
"Puffinus griseus","Sooty Shearwater","Procellariidae","Birds"
"Anthus petrosus","Rock Pipit","Motacillidae","Birds"
"Anser fabalis","Bean Goose","Anatidae","Birds"
"Phalacrocorax carbo","Cormorant","Phalacrocoracidae","Birds"
"Falco naumanni","Lesser Kestrel","Falconidae","Birds"
"Circus cyaneus","Hen Harrier","Accipitridae","Birds"
"Larus argentatus","Herring Gull","Laridae","Birds"
"Lanius collurio","Red-Backed Shrike","Laniidae","Birds"
"Erithacus rubecula","Robin","Muscicapidae","Birds"
"Pica pica","Black-Billed Magpie","Corvidae","Birds"
"Calidris maritima","Purple Sandpiper","Scolopacidae","Birds"
"Acrocephalus paludicola","Aquatic Warbler","Sylviidae","Birds"
"Sterna caspia","Caspian Tern","Laridae","Birds"
"Ciconia nigra","Black Stork","Ciconiidae","Birds"
"Melanocorypha calandra","Calandra Lark","Alaudidae","Birds"
"Podiceps cristatus","Great Crested Grebe","Podicipedidae","Birds"
"Regulus ignicapilla","Firecrest","Reguliidae","Birds"
"Calandrella brachydactyla","Short-Toed Lark","Alaudidae","Birds"
"Otus scops","Eurasian Scops Owl","Strigidae","Birds"
"Numenius arquata","Eurasian Curlew","Scolopacidae","Birds"
"Parus major","Great Tit","Paridae","Birds"
"Rissa tridactyla","Kittiwake","Laridae","Birds"
"Himantopus himantopus","Black-Winged Stilt","Recurvirostridae","Birds"
"Hirundo daurica","Red-Rumped Swallow","Hirundinidae","Birds"
"Apus unicolor","Plain Swift","Apodidae","Birds"
"Fulica atra","Common Coot","Rallidae","Birds"
"Larus marinus","Great Black-Backed Gull","Laridae","Birds"
"Falco peregrinus","Peregrine Falcon","Falconidae","Birds"
"Emberiza hortulana","Ortolan Bunting","Emberizidae","Birds"
"Pyrrhocorax pyrrhocorax","Red-Billed Chough","Corvidae","Birds"
"Circaetus gallicus","Short-Toed Eagle","Accipitridae","Birds"
"Aegypius monachus","Monk Vulture","Accipitridae","Birds"
"Passer montanus","Eurasian Tree Sparrow","Passeridae","Birds"
"Troglodytes troglodytes","Winter Wren","Troglodytidae","Birds"
"Calonectris diomedea","Scopoli's Shearwater","Procellariidae","Birds"
"Tetrax tetrax","Little Bustard","Otididae","Birds"
"Puffinus gravis","Great Shearwater","Procellariidae","Birds"
"Calidris minuta","Little Stint","Scolopacidae","Birds"
"Falco tinnunculus","Common Kestrel","Falconidae","Birds"
"Larus michahellis","Yellow Legged Gull","Laridae","Birds"
"Dendrocopos major","Great Spotted Woodpecker","Picidae","Birds"
"Platalea leucorodia","Eurasian Spoonbill","Threskiornithidae","Birds"
"Asio flammeus","Short-Eared Owl","Strigidae","Birds"
"Pterodroma madeira","Zino's Petrel","Procellariidae","Birds"
"Sylvia undata","Dartford Warbler","Sylviidae","Birds"
"Delichon urbicum","Northern House Martin","Hirundinidae","Birds"
"Egretta garzetta","Mascarene Reef-Egret","Ardeidae","Birds"
"Oenanthe hispanica","Black-Eared Wheatear","Muscicapidae","Birds"
"Anas penelope","Eurasian Wigeon","Anatidae","Birds"
"Numenius phaeopus","Whimbrel","Scolopacidae","Birds"
"Saxicola torquatus","Common Stonechat","Muscicapidae","Birds"
"Lanius meridionalis","Southern Grey Shrike","Laniidae","Birds"
"Burhinus oedicnemus","Stone-Curlew","Burhinidae","Birds"
"Tichodroma muraria","Wallcreeper","Sittidae","Birds"
"Apus caffer","White-Rumped Swift","Apodidae","Birds"
"Melanitta nigra","Common Scoter","Anatidae","Birds"
"Cettia cetti","Cetti's Warbler","Sylviidae","Birds"
"Calidris canutus","Red Knot","Scolopacidae","Birds"
"Sterna nilotica","Gull-Billed Tern","Laridae","Birds"
"Sylvia atricapilla","Blackcap","Sylviidae","Birds"
"Regulus madeirensis","Madeira Kinglet","Reguliidae","Birds"
"Corvus corax","Common Raven","Corvidae","Birds"
"Pterocles alchata","Pin-Tailed Sandgrouse","Pteroclididae","Birds"
"Regulus regulus","Goldcrest","Reguliidae","Birds"
"Turdus viscivorus","Mistle Trush","Turdidae","Birds"
"Dendrocopos minor","Lesser Spotted Woodpecker","Picidae","Birds"
"Clamator glandarius","Great Spotted Cuckoo","Cuculidae","Birds"
"Porzana parva","Little Crake","Rallidae","Birds"
"Netta rufina","Red-Crested Pochard","Anatidae","Birds"
"Puffinus mauretanicus","Balearic Shearwater","Procellariidae","Birds"
"Steganopus tricolor","Wilson's Phalarope","Scolopacidae","Birds"
"Puffinus puffinus","Manx Shearwater","Procellariidae","Birds"
"Hirundo rupestris","Eurasian Crag-Martin","Hirundinidae","Birds"
"Scolopax rusticola","Woodcock","Scolopacidae","Birds"
"Tringa melanoleuca","Greater Yellowlegs","Scolopacidae","Birds"
"Anas querquedula","Garganey","Anatidae","Birds"
"Prunella collaris","Alpine Accentor","Prunellidae","Birds"
"Accipiter gentilis","Goshawk","Accipitridae","Birds"
"Limosa limosa","Black-Tailed Godwit","Scolopacidae","Birds"
"Acrocephalus scirpaceus","Eurasian Reed Warbler","Sylviidae","Birds"
"Sylvia borin","Garden Warbler","Sylviidae","Birds"
"Anas acuta","Northern Pintail","Anatidae","Birds"
"Aquila chrysaetos","Golden Eagle","Accipitridae","Birds"
"Riparia riparia","Sand Martin","Hirundinidae","Birds"
"Philomachus pugnax","Ruff","Scolopacidae","Birds"
"Sylvia communis","Whitethroat","Sylviidae","Birds"
"Sterna hirundo","Common Tern","Laridae","Birds"
"Vanellus vanellus","Lapwing","Charadriidae","Birds"
"Hippolais polyglotta","Melodious Warbler","Sylviidae","Birds"
"Grus grus","Common Crane","Gruidae","Birds"
"Passer hispaniolensis","Spanish Sparrow","Passeridae","Birds"
"Amandava amandava","Red Munia","Estrildidae","Birds"
"Petronia petronia","Rock Sparrow","Passeridae","Birds"
"Alectoris barbara","Barbary Partridge","Phasianidae","Birds"
"Charadrius dubius","Little Ringed Plover","Charadriidae","Birds"
"Merops apiaster","Bee-Eater","Meropidae","Birds"
"Alcedo atthis","Common Kingfisher","Alcedinidae","Birds"
"Columba trocaz","Madeira Laurel Pigeon","Columbidae","Birds"
"Turdus philomelos","Song Thrush","Turdidae","Birds"
"Anas strepera","Gadwall","Anatidae","Birds"
"Coracias garrulus","Roller","Coraciidae","Birds"
"Sylvia cantillans","Subalpine Warbler","Sylviidae","Birds"
"Turdus merula","Blackbird","Turdidae","Birds"
"Tringa totanus","Common Redshank","Scolopacidae","Birds"
"Monticola solitarius","Blue Rock Thrush","Muscicapidae","Birds"
"Phasianus colchicus","Common Pheasant","Phasianidae","Birds"
"Carduelis chloris","European Greenfinch","Fringillidae","Birds"
"Motacilla cinerea","Grey Wagtail","Motacillidae","Birds"
"Anthus campestris","Tawny Pipit","Motacillidae","Birds"
"Oriolus oriolus","Eurasian Golden Oriole","Oriolidae","Birds"
"Puffinus assimilis","Little Shearwater","Procellariidae","Birds"
"Falco subbuteo","Eurasian Hobby","Falconidae","Birds"
"Pyrrhocorax graculus","Yellow-Billed Chough","Corvidae","Birds"
"Tyto alba","Barn Owl","Tytonidae","Birds"
"Larus genei","Slender-Billed Gull","Laridae","Birds"
"Fulica cristata","Red-Knobbed Coot","Rallidae","Birds"
"Carduelis cannabina","Common Linnet","Fringillidae","Birds"
"Phylloscopus collybita","Chiffchaff","Sylviidae","Birds"
"Saxicola rubetra","Whinchat","Muscicapidae","Birds"
"Calidris temminckii","Temminck's Stint","Scolopacidae","Birds"
"Porzana porzana","Spotted Crake","Rallidae","Birds"
"Phylloscopus bonelli","Bonelli's Warbler","Sylviidae","Birds"
"Anas crecca","Common Teal","Anatidae","Birds"
"Aquila adalberti","Spanish Imperial Eagle","Accipitridae","Birds"
"Carduelis carduelis","European Goldfinch","Fringillidae","Birds"
"Remiz pendulinus","Eurasian Penduline Tit","Remizidae","Birds"
"Gyps fulvus","European Griffon Vulture","Accipitridae","Birds"
"Tetrao urogallus","Capercaillie","Phasianidae","Birds"
"Sylvia conspicillata","Spectacled Warbler","Sylviidae","Birds"
"Morus bassanus","Gannet","Sulidae","Birds"
"Emberiza cirlus","Cirl Bunting","Emberizidae","Birds"
"Ardea cinerea","Grey Heron","Ardeidae","Birds"
"Pterodroma feae","Fea's Petrel","Procellariidae","Birds"
"Galerida cristata","Crested Lark","Alaudidae","Birds"
"Calidris alba","Sanderling","Scolopacidae","Birds"
"Milvus migrans","Black Kite","Accipitridae","Birds"
"Bubulcus ibis","Cattle Egret","Ardeidae","Birds"
"Apus pallidus","Pallid Swift","Apodidae","Birds"
"Picus viridis","Green Woodpecker","Picidae","Birds"
"Tringa ochropus","Green Sandpiper","Scolopacidae","Birds"
"Larus minutus","Little Gull","Laridae","Birds"
"Calidris alpina","Dunlin","Scolopacidae","Birds"
"Serinus canaria","Island Canary","Fringillidae","Birds"
"Cyanopica cyanus","Azure-Winged Magpie","Corvidae","Birds"
"Chlidonias hybrida","Whiskered Tern","Laridae","Birds"
"Phoenicurus phoenicurus","Redstart","Muscicapidae","Birds"
"Gavia arctica","Black-Throated Diver","Gaviidae","Birds"
"Limosa lapponica","Bar-Tailed Godwit","Scolopacidae","Birds"
"Calidris minutilla","Least Sandpiper","Scolopacidae","Birds"
"Passer domesticus","House Sparrow","Passeridae","Birds"
"Columba palumbus","Woodpigeon","Columbidae","Birds"
"Turdus pilaris","Fieldfare","Turdidae","Birds"
"Milvus milvus","Red Kite","Accipitridae","Birds"
"Larus fuscus","Scandinavian Lesser Black-Backed Gull","Laridae","Birds"
"Sylvia hortensis","Orphean Warbler","Sylviidae","Birds"
"Hirundo rustica","Barn Swallow","Hirundinidae","Birds"
"Tringa nebularia","Greenshank","Scolopacidae","Birds"
"Sylvia melanocephala","Sardinian Warbler","Sylviidae","Birds"
"Lanius excubitor","Great Grey Shrike","Laniidae","Birds"
"Ardea purpurea","Purple Heron","Ardeidae","Birds"
"Pluvialis squatarola","Grey Plover","Charadriidae","Birds"
"Asio otus","Long-Eared Owl","Strigidae","Birds"
"Galerida theklae","Thekla Lark","Alaudidae","Birds"
"Sitta europaea","Wood Nuthatch","Sittidae","Birds"
"Bubo bubo","Eurasian Eagle Owl","Strigidae","Birds"
"Chlidonias niger","Black Tern","Laridae","Birds"
"Butorides striata","Green-Backed Heron","Ardeidae","Birds"
"Alauda arvensis","Skylark","Alaudidae","Birds"
"Oceanites oceanicus","Wilson's Petrel","Hydrobatidae","Birds"
"Aythya nyroca","Ferruginous Pochard","Anatidae","Birds"
"Miliaria calandra","Corn Bunting","Emberizidae","Birds"
"Hieraaetus pennatus","Booted Eagle","Accipitridae","Birds"
"Carduelis citrinella","Alpine Citril Finch","Fringillidae","Birds"
"Motacilla alba","White Wagtail","Motacillidae","Birds"
"Podiceps nigricollis","Black-Necked Grebe","Podicipedidae","Birds"
"Monticola saxatilis","Rufous-Tailed Rock Thrush","Muscicapidae","Birds"
"Ficedula hypoleuca","Pied Flycatcher","Muscicapidae","Birds"
"Emberiza schoeniclus","Reed Bunting","Emberizidae","Birds"
"Phoenicopterus roseus","Greater Flamingo","Phoenicopteridae","Birds"
"Larus ridibundus","Common Black-Headed Gull","Laridae","Birds"
"Lullula arborea","Wood Lark","Alaudidae","Birds"
"Turnix sylvaticus","Small Buttonquail","Turnicidae","Birds"
"Oenanthe leucura","Black Wheatear","Muscicapidae","Birds"
"Larus canus","Common Gull","Laridae","Birds"
"Apus apus","Common Swift","Apodidae","Birds"
"Hippolais pallida","Olivaceous Warbler","Sylviidae","Birds"
"Arenaria interpres","Ruddy Turnstone","Scolopacidae","Birds"
"Corvus corone","Carrion Crow","Corvidae","Birds"
"Charadrius alexandrinus","Kentish Plover","Charadriidae","Birds"
"Phaethon aethereus","Red-Billed Tropicbird","Phaethontidae","Birds"
"Otis tarda","Great Bustard","Otididae","Birds"
"Anser anser","Greylag Goose","Anatidae","Birds"
"Lanius senator","Woodchat Shrike","Laniidae","Birds"
"Tachybaptus ruficollis","Little Grebe","Podicipedidae","Birds"
"Cisticola juncidis","Zitting Cisticola","Cisticolidae","Birds"
"Phoenicurus ochruros","Black Redstart","Muscicapidae","Birds"
"Acridotheres cristatellus","Chinese Jungle Myna","Sturnidae","Birds"
"Phalacrocorax aristotelis","European Shag","Phalacrocoracidae","Birds"
"Plegadis falcinellus","Glossy Ibis","Threskiornithidae","Birds"
"Muscicapa striata","Spotted Flycatcher","Muscicapidae","Birds"
"Nycticorax nycticorax","Black-Crowned Night-Heron","Ardeidae","Birds"
"Caprimulgus ruficollis","Red-Necked Nightjar","Caprimulgidae","Birds"
"Jynx torquilla","Eurasian Wryneck","Picidae","Birds"
"Ciconia ciconia","White Stork","Ciconiidae","Birds"
"Sterna sandvicensis","Sandwich Tern","Laridae","Birds"
"Phylloscopus inornatus","Yellow-Browed Warbler","Sylviidae","Birds"
"Rhinolophus euryale","Mediterranean Horseshoe Bat","Rhinolophidae","Mammals"
"Neomys anomalus","Southern Water Shrew","Soricidae","Mammals"
"Sorex minutus","Pygmy Shrew","Soricidae","Mammals"
"Pseudorca crassidens","False Killer Whale","Delphinidae","Mammals"
"Apodemus sylvaticus","Wood Mouse","Muridae","Mammals"
"Microtus cabrerae","Cabrera Vole","Cricetidae","Mammals"
"Mesoplodon europaeus","Gervais' Beaked Whale","Ziphiidae","Mammals"
"Eptesicus serotinus","Serotine","Vespertilionidae","Mammals"
"Phocoena phocoena","Harbour Porpoise","Phocoenidae","Mammals"
"Mus spretus","Algerian Mouse","Muridae","Mammals"
"Kogia breviceps","Pygmy Sperm Whale","Physeteridae","Mammals"
"Kogia sima","Dwarf Sperm Whale","Physeteridae","Mammals"
"Miniopterus schreibersii","Schreibers' Bat","Vespertilionidae","Mammals"
"Hyperoodon ampullatus","Northern Bottlenose Whale","Ziphiidae","Mammals"
"Canis lupus","Wolf","Canidae","Mammals"
"Microtus agrestis","Field Vole","Cricetidae","Mammals"
"Mus musculus","House Mouse","Muridae","Mammals"
"Capra pyrenaica","Spanish Ibex","Bovidae","Mammals"
"Apodemus flavicollis","Yellow-Necked Mouse","Muridae","Mammals"
"Myotis emarginatus","Notch-Eared Bat","Vespertilionidae","Mammals"
"Sorex coronatus","French Shrew","Soricidae","Mammals"
"Genetta genetta","Common Genet","Viverridae","Mammals"
"Oryctolagus cuniculus","European Rabbit","Leporidae","Mammals"
"Rhinolophus mehelyi","Mehely's Horseshoe Bat","Rhinolophidae","Mammals"
"Steno bredanensis","Rough Toothed Dolphin","Delphinidae","Mammals"
"Mesoplodon bidens","Sowerby's Beaked Whale","Ziphiidae","Mammals"
"Microtus duodecimcostatus","Mediterranean Pine Vole","Cricetidae","Mammals"
"Balaenoptera borealis","Sei Whale","Balaenopteridae","Mammals"
"Lutra lutra","European Otter","Mustelidae","Mammals"
"Balaenoptera edeni","Bryde's Whale","Balaenopteridae","Mammals"
"Felis silvestris","Wildcat","Felidae","Mammals"
"Myotis mystacinus","Whiskered Bat","Vespertilionidae","Mammals"
"Orcinus orca","Killer Whale","Delphinidae","Mammals"
"Myotis bechsteinii","Bechstein's Bat","Vespertilionidae","Mammals"
"Cervus elaphus","Wapiti","Cervidae","Mammals"
"Microtus arvalis","Common Vole","Cricetidae","Mammals"
"Eptesicus isabellinus","null","Vespertilionidae","Mammals"
"Lagenodelphis hosei","Fraser's Dolphin","Delphinidae","Mammals"
"Eubalaena glacialis","North Atlantic Right Whale","Balaenidae","Mammals"
"Globicephala macrorhynchus","Short Finned Pilot Whale","Delphinidae","Mammals"
"Stenella frontalis","Atlantic Spotted Dolphin","Delphinidae","Mammals"
"Eliomys quercinus","Garden Dormouse","Gliridae","Mammals"
"Stenella coeruleoalba","Striped Dolphin","Delphinidae","Mammals"
"Mesoplodon mirus","True's Beaked Whale","Ziphiidae","Mammals"
"Balaenoptera physalus","Fin Whale","Balaenopteridae","Mammals"
"Barbastella barbastellus","Western Barbastelle","Vespertilionidae","Mammals"
"Ziphius cavirostris","Cuvier's Beaked Whale","Ziphiidae","Mammals"
"Myotis escalerai","null","Vespertilionidae","Mammals"
"Nyctalus lasiopterus","Greater Noctule","Vespertilionidae","Mammals"
"Galemys pyrenaicus","Pyrenean Desman","Talpidae","Mammals"
"Rhinolophus hipposideros","Lesser Horseshoe Bat","Rhinolophidae","Mammals"
"Sorex granarius","Lagranja Shrew","Soricidae","Mammals"
"Arvicola scherman","Montane Water Vole","Cricetidae","Mammals"
"Crocidura russula","Greater White-Toothed Shrew","Soricidae","Mammals"
"Myotis myotis","Mouse-Eared Bat","Vespertilionidae","Mammals"
"Talpa occidentalis","Iberian Mole","Talpidae","Mammals"
"Delphinus delphis","Atlantic Dolphin","Delphinidae","Mammals"
"Hypsugo savii","Savi's Pipistrelle","Vespertilionidae","Mammals"
"Mesoplodon densirostris","Blainville's Beaked Whale","Ziphiidae","Mammals"
"Megaptera novaeangliae","Humpback Whale","Balaenopteridae","Mammals"
"Myotis daubentonii","Daubenton's Bat","Vespertilionidae","Mammals"
"Meles meles","Eurasian Badger","Mustelidae","Mammals"
"Sciurus vulgaris","Red Squirrel","Sciuridae","Mammals"
"Mustela putorius","Polecat","Mustelidae","Mammals"
"Suncus etruscus","Etruscan Shrew","Soricidae","Mammals"
"Lagenorhynchus albirostris","White Beaked Dolphin","Delphinidae","Mammals"
"Erinaceus europaeus","West European Hedgehog","Erinaceidae","Mammals"
"Herpestes ichneumon","Egyptian Mongoose","Herpestidae","Mammals"
"Rattus norvegicus","Brown Rat","Muridae","Mammals"
"Nyctalus azoreum","Azorean Bat","Vespertilionidae","Mammals"
"Crocidura suaveolens","Lesser White-Toothed Shrew","Soricidae","Mammals"
"Arvicola sapidus","Southern Water Vole","Cricetidae","Mammals"
"Mustela erminea","Stoat","Mustelidae","Mammals"
"Mustela nivalis","Weasel","Mustelidae","Mammals"
"Rattus rattus","Black Rat","Muridae","Mammals"
"Tadarida teniotis","European Free-Tailed Bat","Molossidae","Mammals"
"Monachus monachus","Mediterranean Monk Seal","Phocidae","Mammals"
"Grampus griseus","Risso's Dolphin","Delphinidae","Mammals"
"Plecotus austriacus","Grey Long-Eared Bat","Vespertilionidae","Mammals"
"Pipistrellus maderensis","Madeira Pipistrelle","Vespertilionidae","Mammals"
"Martes foina","Stone Marten","Mustelidae","Mammals"
"Pipistrellus kuhlii","Kuhl's Pipistrelle","Vespertilionidae","Mammals"
"Capreolus capreolus","Roe Deer","Cervidae","Mammals"
"Microtus lusitanicus","Lusitanian Pine Vole","Cricetidae","Mammals"
"Balaenoptera musculus","Blue Whale","Balaenopteridae","Mammals"
"Feresa attenuata","Pygmy Killer Whale","Delphinidae","Mammals"
"Sus scrofa","Wild Boar","Suidae","Mammals"
"Tursiops truncatus","Bottlenose Dolphin","Delphinidae","Mammals"
"Pipistrellus pygmaeus","Soprano Pipistrelle","Vespertilionidae","Mammals"
"Rhinolophus ferrumequinum","Greater Horseshoe Bat","Rhinolophidae","Mammals"
"Lepus granatensis","Granada Hare","Leporidae","Mammals"
"Martes martes","Pine Marten","Mustelidae","Mammals"
"Myotis blythii","Lesser Mouse-Eared Bat","Vespertilionidae","Mammals"
"Myotis nattereri","Natterer's Bat","Vespertilionidae","Mammals"
"Pipistrellus pipistrellus","Common Pipistrelle","Vespertilionidae","Mammals"
"Nyctalus leisleri","Leisler's Bat","Vespertilionidae","Mammals"
"Plecotus auritus","Brown Long-Eared Bat","Vespertilionidae","Mammals"
"Balaenoptera acutorostrata","Common Minke Whale","Balaenopteridae","Mammals"
"Vulpes vulpes","Red Fox","Canidae","Mammals"
"Globicephala melas","Long Finned Pilot Whale","Delphinidae","Mammals"
"Physeter macrocephalus","Sperm Whale","Physeteridae","Mammals"
"Dama dama","Fallow Deer","Cervidae","Mammals"
"Chionomys nivalis","European Snow Vole","Cricetidae","Mammals"
"Anguis fragilis","Slow Worm","Anguidae","Reptiles"
"Podarcis siculus","Italian Wall Lizard","Lacertidae","Reptiles"
"Lacerta dugesii","Madeira Wall Lizard","Lacertidae","Reptiles"
"Teira dugesii","Madeira Wall Lizard","Lacertidae","Reptiles"
"Iberolacerta monticola","Iberian Mountain Lizard","Lacertidae","Reptiles"
"Podarcis hispanica","Iberian Wall Lizard","Lacertidae","Reptiles"
"Psammodromus manuelae","null","Lacertidae","Reptiles"
"Vipera seoanei","Portugese Viper","Viperidae","Reptiles"
"Chamaeleo chamaeleon","Common Chameleon","Chamaeleonidae","Reptiles"
"Chalcides striatus","Iberian Three-Toed Skink","Scincidae","Reptiles"
"Chelonia mydas","Green Turtle","Cheloniidae","Reptiles"
"Natrix maura","Viperine Water Snake","Natricidae","Reptiles"
"Natrix natrix","European Grass Snake","Natricidae","Reptiles"
"Lacerta schreiberi","Iberian Emerald Lizard","Lacertidae","Reptiles"
"Podarcis carbonelli","Carbonell's Wall Lizard","Lacertidae","Reptiles"
"Psammodromus hispanicus","Spanish Psammodromus","Lacertidae","Reptiles"
"Tarentola mauritanica","Moorish Gecko","Phyllodactylidae","Reptiles"
"Caretta caretta","Loggerhead","Cheloniidae","Reptiles"
"Hemorrhois hippocrepis","Horseshoe Whip Snake","Colubridae","Reptiles"
"Dermochelys coriacea","Leatherback Sea Turtle","Dermochelyidae","Reptiles"
"Elaphe scalaris","Ladder Snake","Colubridae","Reptiles"
"Tarentola boettgeri","Boettger's Wall Gecko","Phyllodactylidae","Reptiles"
"Psammodromus algirus","Algerian Psammodromus","Lacertidae","Reptiles"
"Eretmochelys imbricata","Hawksbill","Cheloniidae","Reptiles"
"Acanthodactylus erythrurus","Fringe-Fingered Lizard","Lacertidae","Reptiles"
"Coluber hippocrepis","Horseshoe Racer","Colubridae","Reptiles"
"Podarcis hispanicus","Iberian Wall Lizard","Lacertidae","Reptiles"
"Chalcides bedriagai","Spanish Cylindrical Skink","Scincidae","Reptiles"
"Natrix maura","Viperine Water Snake","Colubridae","Reptiles"
"Lacerta lepida","Ocellated Lizard","Lacertidae","Reptiles"
"Timon lepidus","Ocellated Lizard","Lacertidae","Reptiles"
"Iberolacerta galani","Galan's Rock Lizard","Lacertidae","Reptiles"
"Vipera latasti","Lataste's Viper","Viperidae","Reptiles"
"Blanus cinereus","Mediterranean Worm Lizard","Amphisbaenidae","Reptiles"
"Coronella austriaca","Smooth Snake","Colubridae","Reptiles"
"Coronella girondica","Southern Smooth Snake","Colubridae","Reptiles"
"Podarcis vaucheri","Andalusian Wall Lizard","Lacertidae","Reptiles"
"Macroprotodon brevis","Western False Smooth Snake","Colubridae","Reptiles"
"Podarcis bocagei","Bocage's Wall Lizard","Lacertidae","Reptiles"
"Malpolon monspessulanus","Montpellier Snake","Psammophiidae","Reptiles"
"Hemidactylus turcicus","Mediterranean House Gecko","Gekkonidae","Reptiles"
"Blanus cinereus","Mediterranean Worm Lizard","Blanidae","Reptiles"
"Vipera latastei","Lataste's Viper","Viperidae","Reptiles"
"Lacerta monticola","Iberian Mountain Lizard","Lacertidae","Reptiles"
"Chalcides bedriagae","null","Scincidae","Reptiles"
"Macroprotodon cucullatus","False Smooth Snake","Colubridae","Reptiles"
"Rhinechis scalaris","Ladder Snake","Colubridae","Reptiles"
"Malpolon monspessulanus","Montpellier Snake","Lamprophiidae","Reptiles"
"Mauremys leprosa","Mediterranian Turtle","Geoemydidae","Turtles (non-marine)"
"Emys orbicularis","European Pond Turtle","Emydidae","Turtles (non-marine)"
"Lissotriton helveticus","Palmated Newt","Salamandridae","Amphibians"
"Hyla arborea","Green Treefrog","Hylidae","Amphibians"
"Chioglossa lusitanica","Golden-Striped Salamander","Salamandridae","Amphibians"
"Hyla meridionalis","Stripeless Tree Frog","Hylidae","Amphibians"
"Alytes obstetricans","Nurse Frog","Alytidae","Amphibians"
"Epidalea calamita","Mephitic Toad","Bufonidae","Amphibians"
"Pelodytes ibericus","Iberian Parsley Frog","Pelodytidae","Amphibians"
"Pelobates cultripes","Western Spadefoot","Pelobatidae","Amphibians"
"Lissotriton boscai","Bosca's Newt","Salamandridae","Amphibians"
"Triturus marmoratus","Marbled Newt","Salamandridae","Amphibians"
"Triturus pygmaeus","Southern Marbled Newt","Salamandridae","Amphibians"
"Rana iberica","Iberian Frog","Ranidae","Amphibians"
"Discoglossus galganoi","Iberian Painted Frog","Alytidae","Amphibians"
"Alytes cisternasii","Iberian Midwife Toad","Alytidae","Amphibians"
"Rana temporaria","Common Frog","Ranidae","Amphibians"
"Pleurodeles waltl","Sharp-Ribbed Salamander","Salamandridae","Amphibians"
"Pelophylax perezi","Perez's Frog","Ranidae","Amphibians"
"Bufo bufo","Granulated Toad","Bufonidae","Amphibians"
"Pelodytes punctatus","Parsley Frog","Pelodytidae","Amphibians"
"Triturus carnifex","Italian Crested Newt","Salamandridae","Amphibians"
"Salamandra salamandra","Spotted Salamander","Salamandridae","Amphibians"
"Colias crocea","Clouded Yellow","Pieridae","Butterflies"
"Papilio machaon","Swallowtail","Papilionidae","Butterflies"
"Mellicta deione","Provençal Fritillary","Nymphalidae","Butterflies"
"Neohipparchia statilinus","null","Nymphalidae","Butterflies"
"Artogeia rapae","Cabbage White Butterfly","Pieridae","Butterflies"
"Aphantopus hyperantus","Ringlet","Nymphalidae","Butterflies"
"Pyronia bathseba","Spanish Gatekeeper","Nymphalidae","Butterflies"
"Argynnis paphia","Silver-Washed Fritillary","Nymphalidae","Butterflies"
"Pyrgus malvae","Grizzled Skipper","Hesperiidae","Butterflies"
"Lycaena virgaureae","Scarce Copper","Lycaenidae","Butterflies"
"Euchloe tagis","Portugese Dappled White","Pieridae","Butterflies"
"Pararge aegeria","Speckled Wood","Nymphalidae","Butterflies"
"Hamearis lucina","Duke Of Burgundy","Riodinidae","Butterflies"
"Mellicta parthenoides","Meadow Fritillary","Nymphalidae","Butterflies"
"Quercusia quercus","Purple Hairstreak","Lycaenidae","Butterflies"
"Callophrys avis","Chapman's Green Hairstreak","Lycaenidae","Butterflies"
"Pontia daplidice","Bath White","Pieridae","Butterflies"
"Plebejus argus","Silver-Studded Blue","Lycaenidae","Butterflies"
"Pyrgus carlinae","Carline Skipper","Hesperiidae","Butterflies"
"Aglais urticae","Small Tortiseshell","Nymphalidae","Butterflies"
"Satyrium acaciae","Sloe Hairstreak","Lycaenidae","Butterflies"
"Pseudophilotes abencerragus","False Baton Blue","Lycaenidae","Butterflies"
"Apatura ilia","Lesser Purple Emperor","Nymphalidae","Butterflies"
"Coenonympha glycerion","Chestnut Heath","Nymphalidae","Butterflies"
"Aporia crataegi","Black-Veined White","Pieridae","Butterflies"
"Lasiommata maera","Large Wall","Nymphalidae","Butterflies"
"Hesperia comma","Common Branded Skipper","Hesperiidae","Butterflies"
"Hipparchia semele","Rock Grayling","Nymphalidae","Butterflies"
"Leptidea sinapis","Wood White","Pieridae","Butterflies"
"Erebia triaria","De Prunner's Ringlet","Nymphalidae","Butterflies"
"Hyponephele lupina","Oriental Meadow Brown","Nymphalidae","Butterflies"
"Leptotes pirithous","Lang's Short-Tailed Blue","Lycaenidae","Butterflies"
"Danaus plexippus","Monarch","Nymphalidae","Butterflies"
"Argynnis pandora","Cardinal Fritillary","Nymphalidae","Butterflies"
"Gonepteryx cleopatra","Cleopatra","Pieridae","Butterflies"
"Carcharodus alceae","Mallow Skipper","Hesperiidae","Butterflies"
"Apatura iris","Purple Emperor","Nymphalidae","Butterflies"
"Melanargia occitanica","Western Marbled White","Nymphalidae","Butterflies"
"Pseudotergumia fidia","Striped Grayling","Nymphalidae","Butterflies"
"Gonepteryx rhamni","Brimstone","Pieridae","Butterflies"
"Artogeia napi","Green-Veined White","Pieridae","Butterflies"
"Polygonia c-album","Comma","Nymphalidae","Butterflies"
"Euphydryas aurinia","Marsh Fritillary","Nymphalidae","Butterflies"
"Satyrium ilicis","Ilex Hairstreak","Lycaenidae","Butterflies"
"Cyaniris semiargus","Mazarine Blue","Lycaenidae","Butterflies"
"Colias alfacariensis","Berger's Clouded Yellow","Pieridae","Butterflies"
"Melitaea phoebe","Knapweed Fritillary","Nymphalidae","Butterflies"
"Lasiommata megera","Wall","Nymphalidae","Butterflies"
"Spialia sertorius","Red Underwing Skipper","Hesperiidae","Butterflies"
"Kanetisa circe","null","Nymphalidae","Butterflies"
"Thymelicus acteon","Lulworth Skipper","Hesperiidae","Butterflies"
"Anthocharis cardamines","Orange-Tip","Pieridae","Butterflies"
"Lycaena alciphron","Purple-Shot Copper","Lycaenidae","Butterflies"
"Pyronia cecilia","Southern Gatekeeper","Nymphalidae","Butterflies"
"Argynnis niobe","Niobe Fritillary","Nymphalidae","Butterflies"
"Maniola jurtina","Meadow Brown","Nymphalidae","Butterflies"
"Clossiana selene","Silver-Bordered Fritillary","Nymphalidae","Butterflies"
"Pyrgus carthami","Safflower Skipper","Hesperiidae","Butterflies"
"Satyrium esculi","False Ilex Hairstreak","Lycaenidae","Butterflies"
"Limenitis reducta","Southern White Admiral","Nymphalidae","Butterflies"
"Pyrgus armoricanus","Oberthür's Grizzled Skipper","Hesperiidae","Butterflies"
"Argynnis aglaja","Dark Green Fritillary","Nymphalidae","Butterflies"
"Pyrgus onopordi","Rosy Grizzled Skipper","Hesperiidae","Butterflies"
"Euphydryas desfontainii","Spanish Fritillary","Nymphalidae","Butterflies"
"Coenonympha pamphilus","Small Heath","Nymphalidae","Butterflies"
"Melanargia ines","Spanish Marbled White","Nymphalidae","Butterflies"
"Celastrina argiolus","Spring/Summer Azure","Lycaenidae","Butterflies"
"Argynnis adippe","High Brown Fritillary","Nymphalidae","Butterflies"
"Melanargia lachesis","Iberian Marbled White","Nymphalidae","Butterflies"
"Carcharodus tripolinus","False Mallow Skipper","Hesperiidae","Butterflies"
"Carcharodus flocciferus","Tufted Skipper","Hesperiidae","Butterflies"
"Satyrus actaea","Black Satyr","Nymphalidae","Butterflies"
"Zerynthia rumina","Southern Festoon","Papilionidae","Butterflies"
"Agrodiaetus thersites","Chapman's Blue","Lycaenidae","Butterflies"
"Polyommatus icarus","Common Blue","Lycaenidae","Butterflies"
"Pyronia tithonus","Gatekeeper Butterfly","Nymphalidae","Butterflies"
"Pseudophilotes panoptes","Panoptes Blue","Lycaenidae","Butterflies"
"Vanessa atalanta","Red Admiral","Nymphalidae","Butterflies"
"Pieris brassicae","Large White","Pieridae","Butterflies"
"Mellicta athalia","Heath Fritillary","Nymphalidae","Butterflies"
"Muschampia proto","Sage Skipper","Hesperiidae","Butterflies"
"Melitaea trivia","The Lesser Spotted Fritillary","Nymphalidae","Butterflies"
"Ochlodes venatus","Large Skipper Butterfly","Hesperiidae","Butterflies"
"Glaucopsyche alexis","Green Underside Blue","Lycaenidae","Butterflies"
"Nymphalis polychloros","Large Tortoiseshell","Nymphalidae","Butterflies"
"Gegenes nostrodamus","Mediterranean Skipper","Hesperiidae","Butterflies"
"Libythea celtis","Nettle-Tree Butterfly","Nymphalidae","Butterflies"
"Arethusana arethusa","False Grayling","Nymphalidae","Butterflies"
"Carcharodus boeticus","Southern Marbled Skipper","Hesperiidae","Butterflies"
"Melitaea didyma","Spotted Fritillary","Nymphalidae","Butterflies"
"Maculinea arion","Large Blue","Lycaenidae","Butterflies"
"Lycaena phlaeas","Small Copper","Lycaenidae","Butterflies"
"Satyrium spini","Blue Spot Hairstreak","Lycaenidae","Butterflies"
"Charaxes jasius","Two-Tailed Pasha","Nymphalidae","Butterflies"
"Hyponephele lycaon","Dusky Meadow Brown Butterfly","Nymphalidae","Butterflies"
"Euchloe belemia","Green-Striped White","Pieridae","Butterflies"
"Coenonympha dorus","Dusky Heath","Nymphalidae","Butterflies"
"Erebia palarica","Chapman's Rin","Nymphalidae","Butterflies"
"Issoria lathonia","null","Nymphalidae","Butterflies"
"Coenonympha arcania","Pearly Heath","Nymphalidae","Butterflies"
"Vanessa cardui","Painted Lady","Nymphalidae","Butterflies"
"Lampides boeticus","Pea Blue","Lycaenidae","Butterflies"
"Erynnis tages","Dingy Skipper","Hesperiidae","Butterflies"
"Melitaea aetherie","Aetherie Fritillary","Nymphalidae","Butterflies"
"Thymelicus lineola","Essex Skipper","Hesperiidae","Butterflies"
"Anthocharis belia","Morocco Orange Tip","Pieridae","Butterflies"
"Lysandra bellargus","Adonis Blue Butterfly","Lycaenidae","Butterflies"
"Cupido lorquinii","Lorquin's Blue","Lycaenidae","Butterflies"
"Melitaea cinxia","Glanville Fritillary","Nymphalidae","Butterflies"
"Nymphalis antiopa","Mourning Cloak","Nymphalidae","Butterflies"
"Glaucopsyche melanops","Black-Eyed Blue","Lycaenidae","Butterflies"
"Euchloe crameri","Western Dappled White","Pieridae","Butterflies"
"Thymelicus sylvestris","Small Skipper","Hesperiidae","Butterflies"
"Melanargia russiae","Esper's Marbled White Butterfly","Nymphalidae","Butterflies"
"Zerynthia polyxena","Southern Festoon","Papilionidae","Butterflies"
"Laeosopis roboris","Spanish Purple Hairstreak","Lycaenidae","Butterflies"
"Pseudophilotes baton","Baton Blue","Lycaenidae","Butterflies"
"Aricia agestis","Brown Argus","Lycaenidae","Butterflies"
"Danaus chrysippus","Lesser Wanderer","Nymphalidae","Butterflies"
"Aricia morronensis","Spanish Argus","Lycaenidae","Butterflies"
"Pyrgus alveus","Large Grizzled Skipper","Hesperiidae","Butterflies"
"Callophrys rubi","Green Hairstreak","Lycaenidae","Butterflies"
"Plebejus idas","Idas Blue","Lycaenidae","Butterflies"
"Tomares ballus","Cardenillo","Lycaenidae","Butterflies"
"Inachis io","European Peacock","Nymphalidae","Butterflies"
"Hippotion celerio","Silver-Striped Hawk-Moth","Sphingidae","Sphingid moths"
"Proserpinus proserpina","Willowherb Hawk Moth","Sphingidae","Sphingid moths"
"Sphinx ligustri","Privet Hawk Moth","Sphingidae","Sphingid moths"
"Hyles euphorbiae","Leafy Spurge Hawk Moth","Sphingidae","Sphingid moths"
"Deilephila porcellus","Small Elephant Hawk","Sphingidae","Sphingid moths"
"Macroglossum stellatarum","Hummingbird Hawk-Moth","Sphingidae","Sphingid moths"
"Laothoe populi","Poplar Hawk","Sphingidae","Sphingid moths"
"Agrius convolvuli","Convolvulus Hawk","Sphingidae","Sphingid moths"
"Hemaris fuciformis","Broad-Bordered Bee Hawkmoth","Sphingidae","Sphingid moths"
"Smerinthus ocellata","Eyed Hawk-Moth","Sphingidae","Sphingid moths"
"Hyles hippophaes","Seathorn Hawk-Moth","Sphingidae","Sphingid moths"
"Marumba quercus","null","Sphingidae","Sphingid moths"
"Hemaris tityus","Narrow-Bordered Bee Hawk-Moth","Sphingidae","Sphingid moths"
"Deilephila elpenor","Elephant Hawk-Moth","Sphingidae","Sphingid moths"
"Sphinx maurorum","null","Sphingidae","Sphingid moths"
"Mimas tiliae","Lime Hawk","Sphingidae","Sphingid moths"
"Hyles nicaea","Mediterranean Hawk-Moth","Sphingidae","Sphingid moths"
"Hyles livornica","Striped Hawk-Moth","Sphingidae","Sphingid moths"
"Bombus humilis","Brown Bumblebee","Apidae","Bumblebees"
"Bombus vestalis","Vestal Cuckoo Bumblebee","Apidae","Bumblebees"
"Bombus lucorum","White-Tailed Bumblebee","Apidae","Bumblebees"
"Bombus lapidarius","Red-Tailed Bumblebee","Apidae","Bumblebees"
"Bombus sylvestris","Forest Cuckoo Bumblebee","Apidae","Bumblebees"
"Bombus rupestris","null","Apidae","Bumblebees"
"Bombus muscorum","null","Apidae","Bumblebees"
"Bombus ruderatus","Small Garden Humble-Bee","Apidae","Bumblebees"
"Bombus hortorum","Garden Bumblebee","Apidae","Bumblebees"
"Bombus sylvarum","Shrill Carder Bee","Apidae","Bumblebees"
"Bombus pascuorum","Common Carder Bee","Apidae","Bumblebees"
"Bombus ruderarius","Red-Shanked Carder Bee","Apidae","Bumblebees"
"Bombus magnus","null","Apidae","Bumblebees"
"Bombus soroeensis","Broken-Belted Bumblebee","Apidae","Bumblebees"
"Bombus terrestris","Buff-Tailed Bumblebee","Apidae","Bumblebees"
"Bombus campestris","null","Apidae","Bumblebees"
"Bombus pratorum","Early Bumblebee","Apidae","Bumblebees"
"Anax parthenope","Lesser Emperor","Aeshnidae","Dragonflies"
"Anax ephippiger","Vagrant Emperor Dragonfly","Aeshnidae","Dragonflies"
"Onychogomphus forcipatus","Small Pincertail","Gomphidae","Dragonflies"
"Calopteryx haemorrhoidalis","Mediterranean Demoiselle","Calopterygidae","Dragonflies"
"Sympetrum fonscolombii","Red-Veined Darter","Libellulidae","Dragonflies"
"Coenagrion puella","Azure Damselfly","Coenagrionidae","Dragonflies"
"Lestes dryas","Scarce Emerald Damselfly","Lestidae","Dragonflies"
"Aeshna juncea","Common Hawker","Aeshnidae","Dragonflies"
"Sympetrum flaveolum","Yellow-Winged Darter","Libellulidae","Dragonflies"
"Onychogomphus uncatus","Large Pincertail","Gomphidae","Dragonflies"
"Platycnemis latipes","White Featherleg","Platycnemididae","Dragonflies"
"Sympetrum sanguineum","Ruddy Darter","Libellulidae","Dragonflies"
"Orthetrum cancellatum","Black-Tailed Skimmer","Libellulidae","Dragonflies"
"Orthetrum nitidinerve","Yellow-Veined Skimmer","Libellulidae","Dragonflies"
"Erythromma lindenii","Goblet-Marked Damselfly","Coenagrionidae","Dragonflies"
"Boyeria irene","Dusk Hawker","Aeshnidae","Dragonflies"
"Coenagrion intermedium","Cretan Bluet","Coenagrionidae","Dragonflies"
"Platycnemis acutipennis","Orange Featherleg","Platycnemididae","Dragonflies"
"Anax imperator","Emperor Dragonfly","Aeshnidae","Dragonflies"
"Sympecma fusca","Winter Damselfly","Lestidae","Dragonflies"
"Calopteryx xanthostoma","Western Demoiselle","Calopterygidae","Dragonflies"
"Coenagrion caerulescens","Mediterranean Bluet","Coenagrionidae","Dragonflies"
"Zygonyx torridus","Ringed Cascader","Libellulidae","Dragonflies"
"Ischnura pumilio","Scarce Blue-Tailed Damselfly","Coenagrionidae","Dragonflies"
"Lestes barbarus","Southern Emerald Damselfly","Lestidae","Dragonflies"
"Lestes macrostigma","Dark Emerald Damselfly","Lestidae","Dragonflies"
"Aeshna affinis","Southern Migrant Hawker","Aeshnidae","Dragonflies"
"Gomphus pulchellus","Western Club-Tail","Gomphidae","Dragonflies"
"Aeshna grandis","Brown Hawker","Aeshnidae","Dragonflies"
"Ceriagrion georgifreyi","Turkish Red Damsel","Coenagrionidae","Dragonflies"
"Aeshna cyanea","Southern Hawker","Aeshnidae","Dragonflies"
"Brachythemis leucosticta","Banded Groundling","Libellulidae","Dragonflies"
"Brachytron pratense","Hairy Dragonfly","Aeshnidae","Dragonflies"
"Selysiothemis nigra","Black Pennant","Libellulidae","Dragonflies"
"Erythromma viridulum","Small Red-Eyed Damselfly","Coenagrionidae","Dragonflies"
"Orthetrum brunneum","Southern Skimmer","Libellulidae","Dragonflies"
"Gomphus simillimus","Yellow Clubtail","Gomphidae","Dragonflies"
"Lestes virens","Small Emerald Damselfly","Lestidae","Dragonflies"
"Diplacodes lefebvrii","Black Percher","Libellulidae","Dragonflies"
"Sympetrum nigrifemur","Island Darter","Libellulidae","Dragonflies"
"Orthetrum trinacria","Long Skimmer","Libellulidae","Dragonflies"
"Crocothemis erythraea","Scarlet Darter","Libellulidae","Dragonflies"
"Cordulegaster boltonii","Golden-Ringed Dragonfly","Cordulegastridae","Dragonflies"
"Trithemis annulata","Violet-Marked Darter","Libellulidae","Dragonflies"
"Ischnura saharensis","Sahara Bluetail","Coenagrionidae","Dragonflies"
"Lestes viridis","Willow Emerald Damselfly","Lestidae","Dragonflies"
"Gomphus graslinii","Pronged Clubtail","Gomphidae","Dragonflies"
"Sympetrum meridionale","Southern Darter","Libellulidae","Dragonflies"
"Coenagrion scitulum","Dainty Damselfly","Coenagrionidae","Dragonflies"
"Pyrrhosoma nymphula","Large Red Damselfly","Coenagrionidae","Dragonflies"
"Libellula fulva","Scarce Chaser","Libellulidae","Dragonflies"
"Sympetrum striolatum","Common Darter","Libellulidae","Dragonflies"
"Paragomphus genei","Corkscrew Hooktail","Gomphidae","Dragonflies"
"Aeshna isoceles","Green-Eyed Hawker","Aeshnidae","Dragonflies"
"Macromia splendens","Splendid Cruiser","Corduliidae","Dragonflies"
"Ischnura graellsii","Iberian Bluetail","Coenagrionidae","Dragonflies"
"Libellula depressa","Broad-Bodied Chaser","Libellulidae","Dragonflies"
"Aeshna mixta","Migrant Hawker","Aeshnidae","Dragonflies"
"Coenagrion mercuriale","Southern Coenagrion","Coenagrionidae","Dragonflies"
"Orthetrum chrysostigma","Epaulet Skimmer","Libellulidae","Dragonflies"
"Orthetrum coerulescens","Keeled Skimmer","Libellulidae","Dragonflies"
"Onychogomphus costae","Faded Princertail","Gomphidae","Dragonflies"
"Libellula quadrimaculata","Four-Spotted Chaser","Libellulidae","Dragonflies"
"Calopteryx virgo","Beautiful Demoiselle","Calopterygidae","Dragonflies"
"Oxygastra curtisii","Orange-Spotted Emerald","Corduliidae","Dragonflies"
"Papaver rhoeas","Corn Poppy","Papaveraceae","Plants (selection)"
"Sagina apetala","Annual Pearlwort","Caryophyllaceae","Plants (selection)"
"Cirsium arvense","Creeping Thistle","Compositae","Plants (selection)"
"Torilis japonica","Upright Hedge-Parsley","Apiaceae","Plants (selection)"
"Aira praecox","Early Hair Grass","Poaceae","Plants (selection)"
"Nymphaea alba","White Water-Lily","Nymphaeaceae","Plants (selection)"
"Ranunculus penicillatus","null","Ranunculaceae","Plants (selection)"
"Bellis perennis","Perennial Daisy","Compositae","Plants (selection)"
"Mercurialis annua","Herb Mercury","Euphorbiaceae","Plants (selection)"
"Brassica rapa","Tyfon","Brassicaceae","Plants (selection)"
"Iris pseudacorus","Pale-Yellow Iris","Iridaceae","Plants (selection)"
"Athyrium filix-femina","Lady Fern","Athyriaceae","Plants (selection)"
"Epilobium angustifolium","Rosebay Willowherb","Onagraceae","Plants (selection)"
"Carex distans","Distant Sedge","Cyperaceae","Plants (selection)"
"Aira caryophyllea","Silver Hair Grass","Poaceae","Plants (selection)"
"Carduus nutans","Musk Thistle","Compositae","Plants (selection)"
"Plantago coronopus","Buck's-Horn Plantain","Plantaginaceae","Plants (selection)"
"Thlaspi arvense","Wild Garlic","Brassicaceae","Plants (selection)"
"Trifolium repens","Dutch Clover","Leguminosae","Plants (selection)"
"Galium aparine","Cleavers","Rubiaceae","Plants (selection)"
"Melampyrum pratense","Cow-Wheat","Orobanchaceae","Plants (selection)"
"Corrigiola litoralis","Strapwort","Molluginaceae","Plants (selection)"
"Glyceria fluitans","Floating Sweet Grass","Poaceae","Plants (selection)"
"Potamogeton coloratus","Fen Pondweed","Potamogetonaceae","Plants (selection)"
"Apium graveolens","Celery","Apiaceae","Plants (selection)"
"Juncus subnodulosus","Blunt-Flowered Rush","Juncaceae","Plants (selection)"
"Lythrum hyssopifolia","Lesser Loosestrife","Lythraceae","Plants (selection)"
"Lotus uliginosus","Big Trefoil","Leguminosae","Plants (selection)"
"Conium maculatum","Carrot-Fern","Apiaceae","Plants (selection)"
"Potamogeton densus","Frog's Lettuce","Potamogetonaceae","Plants (selection)"
"Zannichellia peltata","null","Potamogetonaceae","Plants (selection)"
"Sanguisorba minor","Small Burnet","Rosaceae","Plants (selection)"
"Centaurea jacea","Brown Knapweed","Compositae","Plants (selection)"
"Plantago media","Hoary Plantain","Plantaginaceae","Plants (selection)"
"Fuirena pubescens","null","Cyperaceae","Plants (selection)"
"Herniaria glabra","Smooth Rupturewort","Caryophyllaceae","Plants (selection)"
"Papaver dubium","Long-Head Poppy","Papaveraceae","Plants (selection)"
"Stellaria alsine","Bog Stitchwort","Caryophyllaceae","Plants (selection)"
"Marsilea quadrifolia","European Water-Clover","Marsileaceae","Plants (selection)"
"Sinapis arvensis","Field Mustard","Brassicaceae","Plants (selection)"
"Hygrophila auriculata","Hygrophila","Acanthaceae","Plants (selection)"
"Hornungia petraea","Rock Hutchinsia","Brassicaceae","Plants (selection)"
"Ranunculus sceleratus","Celery Buttercup","Ranunculaceae","Plants (selection)"
"Genista anglica","Petty Whin","Leguminosae","Plants (selection)"
"Filipendula ulmaria","Meadowsweet","Rosaceae","Plants (selection)"
"Fumana procumbens","Sprawling Needle Sunrose","Cistaceae","Plants (selection)"
"Medicago sativa","Lucerne","Leguminosae","Plants (selection)"
"Fumaria muralis","Pink Weed","Papaveraceae","Plants (selection)"
"Bolboschoenus maritimus","Alkali Bulrush","Cyperaceae","Plants (selection)"
"Veronica praecox","Breckland Speedwell","Plantaginaceae","Plants (selection)"
"Veronica scutellata","Skullcap Speedwell","Plantaginaceae","Plants (selection)"
"Polygonatum odoratum","Solomon's-Seal","Asparagaceae","Plants (selection)"
"Centaurium erythraea","Common Centaury","Gentianaceae","Plants (selection)"
"Hypericum perforatum","Goatweed","Hypericaceae","Plants (selection)"
"Primula vulgaris","Primrose","Primulaceae","Plants (selection)"
"Verbascum thapsus","Great Mullein","Scrophulariaceae","Plants (selection)"
"Ranunculus saniculifolius","null","Ranunculaceae","Plants (selection)"
"Marsilea batardae","null","Marsileaceae","Plants (selection)"
"Taxus baccata","English Yew","Taxaceae","Plants (selection)"
"Cichorium intybus","Succory","Compositae","Plants (selection)"
"Veronica hederifolia","Ivy-Leaf Speedwell","Plantaginaceae","Plants (selection)"
"Asplenium ruta-muraria","Wall-Rue","Aspleniaceae","Plants (selection)"
"Rumex conglomeratus","Clustered Green Dock","Polygonaceae","Plants (selection)"
"Agrostis canina","Velvet Bent","Poaceae","Plants (selection)"
"Luzula campestris","Field Wood-Rush","Juncaceae","Plants (selection)"
"Sedum villosum","Hairy Stonecrop","Crassulaceae","Plants (selection)"
"Chelidonium majus","Great Celandine","Papaveraceae","Plants (selection)"
"Cyperus michelianus","null","Cyperaceae","Plants (selection)"
"Alopecurus myosuroides","Annual Foxtail","Poaceae","Plants (selection)"
"Vicia tenuifolia","Bramble Vetch","Leguminosae","Plants (selection)"
"Alopecurus pratensis","Golden Foxtail Grass","Poaceae","Plants (selection)"
"Utricularia minor","Lesser Bladderwort","Lentibulariaceae","Plants (selection)"
"Chenopodium vulvaria","Vulvaria","Amaranthaceae","Plants (selection)"
"Erica cinerea","Gray Heath","Ericaceae","Plants (selection)"
"Wolffia arrhiza","Rootless Duckweed","Araceae","Plants (selection)"
"Misopates orontium","Lesser-Snapdragon","Plantaginaceae","Plants (selection)"
"Malva sylvestris","Blue Mallow","Malvaceae","Plants (selection)"
"Sagittaria sagittifolia","Old World Arrowhead","Alismataceae","Plants (selection)"
"Menyanthes trifoliata","Water Trefoil","Menyanthaceae","Plants (selection)"
"Schoenoplectus lacustris","Common Club-Rush","Cyperaceae","Plants (selection)"
"Teesdalia nudicaulis","Shepherd's Cress","Brassicaceae","Plants (selection)"
"Anthoxanthum odoratum","Scented Vernal Grass","Poaceae","Plants (selection)"
"Triglochin bulbosa","null","Juncaginaceae","Plants (selection)"
"Gnaphalium luteo-album","Winged Cudweed","Compositae","Plants (selection)"
"Callitriche truncata","Short-Leaved Water Starwort","Plantaginaceae","Plants (selection)"
"Sinapis alba","White Mustard","Brassicaceae","Plants (selection)"
"Reseda lutea","Wild Mignonette","Resedaceae","Plants (selection)"
"Ulmus minor","European Field Elm","Ulmaceae","Plants (selection)"
"Fimbristylis bisumbellata","null","Cyperaceae","Plants (selection)"
"Solanum dulcamara","Dulcamara","Solanaceae","Plants (selection)"
"Potamogeton obtusifolius","Bluntleaf Pondweed","Potamogetonaceae","Plants (selection)"
"Schoenoplectus triqueter","Streambank Bulrush","Cyperaceae","Plants (selection)"
"Erica tetralix","Cross-Leaf Heath","Ericaceae","Plants (selection)"
"Baldellia alpestris","null","Alismataceae","Plants (selection)"
"Alternanthera sessilis","Rabbit-Meat","Amaranthaceae","Plants (selection)"
"Schoenus nigricans","Black Bog-Rush","Cyperaceae","Plants (selection)"
"Calamagrostis epigeios","Bushgrass","Poaceae","Plants (selection)"
"Potamogeton gramineus","Various-Leaf Pondweed","Potamogetonaceae","Plants (selection)"
"Persicaria hydropiper","Redleaf","Polygonaceae","Plants (selection)"
"Amaranthus retroflexus","American Pigweed","Amaranthaceae","Plants (selection)"
"Ilex aquifolium","Holly","Aquifoliaceae","Plants (selection)"
"Lemna minor","Common Duckweed","Araceae","Plants (selection)"
"Rumex crispus","Yellow Dock","Polygonaceae","Plants (selection)"
"Anthyllis vulneraria","Kidney-Vetch","Leguminosae","Plants (selection)"
"Scrophularia nodosa","Common Figwort","Scrophulariaceae","Plants (selection)"
"Gnaphalium sylvaticum","Woodland Arctic Cudweed","Compositae","Plants (selection)"
"Potentilla erecta","Tormentil","Rosaceae","Plants (selection)"
"Equisetum fluviatile","Water Horsetail","Equisetaceae","Plants (selection)"
"Sparganium angustifolium","Floating Bur-Reed","Typhaceae","Plants (selection)"
"Zostera marina","Eelgrass","Zosteraceae","Plants (selection)"
"Alisma gramineum","Alisma Graminoide","Alismataceae","Plants (selection)"
"Asperugo procumbens","Madwort","Boraginaceae","Plants (selection)"
"Erigeron acer","Serpentine Fleabane","Compositae","Plants (selection)"
"Lythrum portula","Water-Purslane","Lythraceae","Plants (selection)"
"Holcus mollis","Creeping Soft Grass","Poaceae","Plants (selection)"
"Anagallis arvensis","Bird's-Eye","Primulaceae","Plants (selection)"
"Najas marina","Marine Naiad","Hydrocharitaceae","Plants (selection)"
"Malus sylvestris","Crab Apple","Rosaceae","Plants (selection)"
"Equisetum palustre","Marsh Horsetail","Equisetaceae","Plants (selection)"
"Portulaca oleracea","Portulaca-Weed","Portulacaceae","Plants (selection)"
"Nardus stricta","Moor Matgrass","Poaceae","Plants (selection)"
"Silene nutans","Nottingham Catchfly","Caryophyllaceae","Plants (selection)"
"Cytisus scoparius","Scottish Broom","Leguminosae","Plants (selection)"
"Lythrum borysthenicum","null","Lythraceae","Plants (selection)"
"Trifolium dubium","Lesser Trefoil","Leguminosae","Plants (selection)"
"Clinopodium vulgare","Dogmint","Lamiaceae","Plants (selection)"
"Myosotis laxa","Tufted Forget-Me-Not","Boraginaceae","Plants (selection)"
"Poa trivialis","Rough Bluegrass","Poaceae","Plants (selection)"
"Lythrum junceum","null","Lythraceae","Plants (selection)"
"Cardamine flexuosa","Wood Bittercress","Brassicaceae","Plants (selection)"
"Daucus carota","Carrot","Apiaceae","Plants (selection)"
"Cerastium brachypetalum","Grey Mouse-Ear","Caryophyllaceae","Plants (selection)"
"Mentha spicata","Spearmint","Lamiaceae","Plants (selection)"
"Persicaria lapathifolia","Pale Smartweed","Polygonaceae","Plants (selection)"
"Asparagus officinalis","Asparagus","Asparagaceae","Plants (selection)"
"Lepidium ruderale","Peppergrass","Brassicaceae","Plants (selection)"
"Utricularia gibba","null","Lentibulariaceae","Plants (selection)"
"Nepeta cataria","Catmint","Lamiaceae","Plants (selection)"
"Vicia hirsuta","Tiny Vetch","Leguminosae","Plants (selection)"
"Hieracium peleteranum","null","Compositae","Plants (selection)"
"Poa compressa","Canada Bluegrass","Poaceae","Plants (selection)"
"Cynosurus cristatus","Crested Dog's-Tail","Poaceae","Plants (selection)"
"Carex elata","Tufted Sedge","Cyperaceae","Plants (selection)"
"Hypericum tetrapterum","Square-Stalk St. John's-Wort","Hypericaceae","Plants (selection)"
"Ononis repens","Rest-Harrow","Leguminosae","Plants (selection)"
"Galium palustre","Marsh-Bedstraw","Rubiaceae","Plants (selection)"
"Arenaria serpyllifolia","Thyme-Leaf Sandwort","Caryophyllaceae","Plants (selection)"
"Ranunculus aquatilis","White Water-Crowfoot","Ranunculaceae","Plants (selection)"
"Lamium purpureum","Red Dead-Nettle","Lamiaceae","Plants (selection)"
"Veronica polita","Wayside Speedwell","Plantaginaceae","Plants (selection)"
"Eriophorum latifolium","Broad-Leaved Cotton-Grass","Cyperaceae","Plants (selection)"
"Carex leporina","Oval Sedge","Cyperaceae","Plants (selection)"
"Ranunculus lateriflorus","null","Ranunculaceae","Plants (selection)"
"Echium vulgare","Blue Echium","Boraginaceae","Plants (selection)"
"Eleocharis quinqueflora","Fewflowered Spikesedge","Cyperaceae","Plants (selection)"
"Phalaris arundinacea","Gardener's-Garters","Poaceae","Plants (selection)"
"Eleocharis palustris","Marsh Spike-Rush","Cyperaceae","Plants (selection)"
"Eryngium galioides","null","Apiaceae","Plants (selection)"
"Euphorbia exigua","Dwarf Spurge","Euphorbiaceae","Plants (selection)"
"Pteridium aquilinum","Bracken","Dennstaedtiaceae","Plants (selection)"
"Rosa agrestis","Fieldbriar","Rosaceae","Plants (selection)"
"Illecebrum verticillatum","Coral-Necklace","Caryophyllaceae","Plants (selection)"
"Scirpus setaceus","Bristle Club-Rush","Cyperaceae","Plants (selection)"
"Polygonum hydropiper","Marshpepper Knotweed","Polygonaceae","Plants (selection)"
"Bromus hordeaceus","Soft Chess","Poaceae","Plants (selection)"
"Carex acuta","Grey Sedge","Cyperaceae","Plants (selection)"
"Callitriche stagnalis","Starwort","Plantaginaceae","Plants (selection)"
"Berula erecta","Lesser Water-Parsnip","Apiaceae","Plants (selection)"
"Ribes uva-crispa","European Gooseberry","Grossulariaceae","Plants (selection)"
"Cephalanthera longifolia","White Lady","Orchidaceae","Plants (selection)"
"Anacamptis pyramidalis","Pyramid Orchid","Orchidaceae","Plants (selection)"
"Lemna perpusilla","null","Araceae","Plants (selection)"
"Agropyron repens","Common Couch","Poaceae","Plants (selection)"
"Festuca rubra","Red Fescue","Poaceae","Plants (selection)"
"Montia fontana","Blinks","Montiaceae","Plants (selection)"
"Sparganium emersum","European Bur-Reed","Typhaceae","Plants (selection)"
"Groenlandia densa","Frog's Lettuce","Potamogetonaceae","Plants (selection)"
"Potamogeton polygonifolius","Bog Pondweed","Potamogetonaceae","Plants (selection)"
"Sparganium erectum","Branched Bur-Reed","Typhaceae","Plants (selection)"
"Mentha pulegium","European Pennyroyal","Lamiaceae","Plants (selection)"
"Polygonum aviculare","Knotgrass","Polygonaceae","Plants (selection)"
"Cardamine hirsuta","Common Bittercress","Brassicaceae","Plants (selection)"
"Baldellia ranunculoides","Lesser-Water-Plantain","Alismataceae","Plants (selection)"
"Serratula tinctoria","Dyer's Plumeless Saw-Wort","Compositae","Plants (selection)"
"Urtica urens","Dog Nettle","Urticaceae","Plants (selection)"
"Polygala serpyllifolia","Heath Milkwort","Polygalaceae","Plants (selection)"
"Elatine brochonii","null","Elatinaceae","Plants (selection)"
"Hyoscyamus niger","Black Henbane","Solanaceae","Plants (selection)"
"Butomus umbellatus","Flowering-Rush","Butomaceae","Plants (selection)"
"Fumaria officinalis","Wax-Dolls","Papaveraceae","Plants (selection)"
"Convolvulus arvensis","Wild Morning-Glory","Convolvulaceae","Plants (selection)"
"Bidens cernua","Nodding Beggar-Ticks","Compositae","Plants (selection)"
"Pilularia minuta","null","Marsileaceae","Plants (selection)"
"Catabrosa aquatica","Whorl-Grass","Poaceae","Plants (selection)"
"Utricularia vulgaris","Greater Bladderwort","Lentibulariaceae","Plants (selection)"
"Adiantum capillus-veneris","Maidenhair Fern","Pteridaceae","Plants (selection)"
"Lepidium campestre","Bastard Cress","Brassicaceae","Plants (selection)"
"Rosa canina","Dog Rose","Rosaceae","Plants (selection)"
"Acinos arvensis","Spring Savory","Lamiaceae","Plants (selection)"
"Glyceria notata","Plicate Sweet Grass","Poaceae","Plants (selection)"
"Solanum nigrum","Common Nightshade","Solanaceae","Plants (selection)"
"Pedicularis sylvatica","Small Lousewort","Orobanchaceae","Plants (selection)"
"Rosa afzeliana","Dog Rose","Rosaceae","Plants (selection)"
"Anagallis crassifolia","null","Primulaceae","Plants (selection)"
"Ranunculus peltatus","Pond Water-Crowfoot","Ranunculaceae","Plants (selection)"
"Myriophyllum verticillatum","Whorled Water-Milfoil","Haloragaceae","Plants (selection)"
"Eleocharis acicularis","Dwarf Hair-Grass","Cyperaceae","Plants (selection)"
"Juncus inflexus","Hard Rush","Juncaceae","Plants (selection)"
"Ranunculus flammula","Lesser Spearwort","Ranunculaceae","Plants (selection)"
"Digitalis purpurea","Foxglove","Plantaginaceae","Plants (selection)"
"Elatine macropoda","null","Elatinaceae","Plants (selection)"
"Myosotis ramosissima","null","Boraginaceae","Plants (selection)"
"Centaurium pulchellum","Branched Centaury","Gentianaceae","Plants (selection)"
"Myriophyllum spicatum","Eurasian Water-Milfoil","Haloragaceae","Plants (selection)"
"Mentha arvensis","European Corn Mint","Lamiaceae","Plants (selection)"
"Potentilla sterilis","Strawberryleaf Cinquefoil","Rosaceae","Plants (selection)"
"Carex riparia","Greater Pond Sedge","Cyperaceae","Plants (selection)"
"Anchusa arvensis","Annual Bugloss","Boraginaceae","Plants (selection)"
"Verbena officinalis","Wild Verbena","Verbenaceae","Plants (selection)"
"Datura stramonium","Purple Thorn-Apple","Solanaceae","Plants (selection)"
"Saxifraga granulata","Fair-Maids-Of-France","Saxifragaceae","Plants (selection)"
"Taraxacum section Erythrosperma","null","Compositae","Plants (selection)"
"Potamogeton nodosus","Longleaf Pondweed","Potamogetonaceae","Plants (selection)"
"Inula conyza","Ploughman's Spikenard","Compositae","Plants (selection)"
"Allium schmitzii","null","Amaryllidaceae","Plants (selection)"
"Narthecium ossifragum","Bog-Asphodel","Nartheciaceae","Plants (selection)"
"Trisetum flavescens","Golden Oat Grass","Poaceae","Plants (selection)"
"Chenopodium opulifolium","Grey Goosefoot","Amaranthaceae","Plants (selection)"
"Veronica serpyllifolia","Thyme-Leaf Speedwell","Plantaginaceae","Plants (selection)"
"Zannichellia palustris","Horned-Pondweed","Potamogetonaceae","Plants (selection)"
"Poa pratensis","Smooth Meadow Grass","Poaceae","Plants (selection)"
"Cystopteris fragilis","Brittle Fern","Cystopteridaceae","Plants (selection)"
"Carex flacca","Glaucous Sedge","Cyperaceae","Plants (selection)"
"Cirsium palustre","European Swamp Thistle","Compositae","Plants (selection)"
"Solanum luteum","null","Solanaceae","Plants (selection)"
"Bidens tripartita","Trifid Bur-Marigold","Compositae","Plants (selection)"
"Rhynchospora alba","White Beak Sedge","Cyperaceae","Plants (selection)"
"Alyssum calycinum","Small Alison","Brassicaceae","Plants (selection)"
"Samolus valerandi","Brookweed","Primulaceae","Plants (selection)"
"Asplenium trichomanes","Maidenhair Spleenwort","Aspleniaceae","Plants (selection)"
"Vicia sativa","Common Vetch","Leguminosae","Plants (selection)"
"Veronica persica","Persian Speedwell","Plantaginaceae","Plants (selection)"
"Barbarea vulgaris","Rocket Cress","Brassicaceae","Plants (selection)"
"Arctium minus","Common Burdock","Compositae","Plants (selection)"
"Lemna gibba","Inflated Duckweed","Araceae","Plants (selection)"
"Thalictrum flavum","Common Meadow-Rue","Ranunculaceae","Plants (selection)"
"Carex divulsa","Grey Sedge","Cyperaceae","Plants (selection)"
"Scandix pecten-veneris","Shepherd's-Needle","Apiaceae","Plants (selection)"
"Elatine alsinastrum","null","Elatinaceae","Plants (selection)"
"Alisma plantago-aquatica","Water-Plantain","Alismataceae","Plants (selection)"
"Lamium amplexicaule","Henbit Dead-Nettle","Lamiaceae","Plants (selection)"
"Campanula trachelium","Throatwort","Campanulaceae","Plants (selection)"
"Althaea officinalis","Marshmallow","Malvaceae","Plants (selection)"
"Ceratophyllum submersum","Soft Hornwort","Ceratophyllaceae","Plants (selection)"
"Hypericum elodes","Marsh St. John's-Wort","Hypericaceae","Plants (selection)"
"Atriplex hastata","Triangle Orache","Amaranthaceae","Plants (selection)"
"Eryngium corniculatum","null","Apiaceae","Plants (selection)"
"Geranium lucidum","Shining Crane's-Bill","Geraniaceae","Plants (selection)"
"Potamogeton natans","Broadleaf Pondweed","Potamogetonaceae","Plants (selection)"
"Myosotis arvensis","Forget-Me-Not","Boraginaceae","Plants (selection)"
"Phragmites australis","Giant Reed","Poaceae","Plants (selection)"
"Capsella bursa-pastoris","Shepherd's-Purse","Brassicaceae","Plants (selection)"
"Picris hieracioides","Hawkweed Oxtongue","Compositae","Plants (selection)"
"Ranunculus acris","Meadow Buttercup","Ranunculaceae","Plants (selection)"
"Potamogeton perfoliatus","Clasped Pondweed","Potamogetonaceae","Plants (selection)"
"Juncus effusus","Soft Rush","Juncaceae","Plants (selection)"
"Festuca ovina","Ovina","Poaceae","Plants (selection)"
"Cyperus difformis","Variable Flat Sedge","Cyperaceae","Plants (selection)"
"Dryopteris filix-mas","Male Fern","Dryopteridaceae","Plants (selection)"
"Najas minor","European Naiad","Hydrocharitaceae","Plants (selection)"
"Frangula alnus","Alder Buckthorn","Rhamnaceae","Plants (selection)"
"Polygonum bistorta","Meadow Bistort","Polygonaceae","Plants (selection)"
"Potamogeton lucens","Shining Pondweed","Potamogetonaceae","Plants (selection)"
"Hemarthria altissima","Batavian Quick Grass","Poaceae","Plants (selection)"
"Hypericum pulchrum","Slender St. John's-Wort","Hypericaceae","Plants (selection)"
"Reseda luteola","Dyer's Rocket","Resedaceae","Plants (selection)"
"Quercus robur","Pedunculate Oak","Fagaceae","Plants (selection)"
"Ranunculus arvensis","Corn Buttercup","Ranunculaceae","Plants (selection)"
"Pycreus flavescens","Yellow Flatsedge","Cyperaceae","Plants (selection)"
"Myosotis discolor","Changing Forget-Me-Not","Boraginaceae","Plants (selection)"
"Senecio sylvaticus","Heath Groundsel","Compositae","Plants (selection)"
"Melilotus alba","White Melilot","Leguminosae","Plants (selection)"
"Trifolium pratense","Cowgrass Clover","Leguminosae","Plants (selection)"
"Persicaria amphibia","Amphibious Bistort","Polygonaceae","Plants (selection)"
"Vallisneria spiralis","Tape-Grass","Hydrocharitaceae","Plants (selection)"
"Calluna vulgaris","Red-Heath","Ericaceae","Plants (selection)"
"Ludwigia palustris","Marsh Ludwigia","Onagraceae","Plants (selection)"
"Sagina procumbens","Bird-Eye Pearlwort","Caryophyllaceae","Plants (selection)"
"Sherardia arvensis","Herb-Sherard","Rubiaceae","Plants (selection)"
"Polygala vulgaris","Common Milkwort","Polygalaceae","Plants (selection)"
"Thlaspi perfoliatum","Claspleaf Pennycress","Brassicaceae","Plants (selection)"
"Carex acutiformis","Lesser Pond Sedge","Cyperaceae","Plants (selection)"
"Nasturtium officinale","Watercress","Brassicaceae","Plants (selection)"
"Bromus sterilis","Sterile Brome","Poaceae","Plants (selection)"
"Silene vulgaris","Bladder Campion","Caryophyllaceae","Plants (selection)"
"Spergula arvensis","Stickwort","Caryophyllaceae","Plants (selection)"
"Rubus caesius","European Dewberry","Rosaceae","Plants (selection)"
"Eryngium viviparum","null","Apiaceae","Plants (selection)"
"Anthriscus sylvestris","Wild Chervil","Apiaceae","Plants (selection)"
"Rubus idaeus","Red Raspberry","Rosaceae","Plants (selection)"
"Dryopteris affinins","null","Dryopteridaceae","Plants (selection)"
"Brachypodium sylvaticum","Slender False Bromegrass","Poaceae","Plants (selection)"
"Veronica catenata","Pink Water Speedwell","Plantaginaceae","Plants (selection)"
"Lapsana communis","Nipplewort","Compositae","Plants (selection)"
"Juncus compressus","Round-Fruit Rush","Juncaceae","Plants (selection)"
"Juncus bufonius","Toad Rush","Juncaceae","Plants (selection)"
"Ligustrum vulgare","Privet-Hedge","Oleaceae","Plants (selection)"
"Carex flava","Yellow Sedge","Cyperaceae","Plants (selection)"
"Callitriche cribrosa","null","Plantaginaceae","Plants (selection)"
"Leucanthemum vulgare","Oxeye Daisy","Compositae","Plants (selection)"
"Ranunculus trichophyllus","Northeastern White Water Crowfoot","Ranunculaceae","Plants (selection)"
"Corynephorus canescens","Grey-Hair Grass","Poaceae","Plants (selection)"
"Filipendula vulgaris","Dropwort","Rosaceae","Plants (selection)"
"Teucrium scorodonia","Wood-Sage","Lamiaceae","Plants (selection)"
"Cladium mariscus","Sawgrass","Cyperaceae","Plants (selection)"
"Callitriche regis-jubae","null","Plantaginaceae","Plants (selection)"
"Ranunculus batrachioides","null","Ranunculaceae","Plants (selection)"
"Alopecurus aequalis","Orange Foxtail","Poaceae","Plants (selection)"
"Cornus sanguinea","Blood-Twig Dogwood","Cornaceae","Plants (selection)"
"Myosotis secunda","null","Boraginaceae","Plants (selection)"
"Equisetum arvense","Common Horsetail","Equisetaceae","Plants (selection)"
"Narcissus jonquilla","Jonquil","Amaryllidaceae","Plants (selection)"
"Cerastium fontanum","Common Mouse-Ear","Caryophyllaceae","Plants (selection)"
"Hypochaeris glabra","Small Capeweed","Compositae","Plants (selection)"
"Trifolium striatum","Striate Clover","Leguminosae","Plants (selection)"
"Osmunda regalis","Royal Fern","Osmundaceae","Plants (selection)"
"Hydrocharis morsus-ranae","Frog's-Bit","Hydrocharitaceae","Plants (selection)"
"Orobanche loricata","null","Orobanchaceae","Plants (selection)"
"Rumex acetosella","Sheep Sorrel","Polygonaceae","Plants (selection)"
"Valerianella dentata","Narrow-Fruit Cornsalad","Caprifoliaceae","Plants (selection)"
"Luzula sylvatica","Great Wood-Rush","Juncaceae","Plants (selection)"
"Myriophyllum alterniflorum","Alternateflower Watermilfoil","Haloragaceae","Plants (selection)"
"Epilobium parviflorum","Hoary Willowherb","Onagraceae","Plants (selection)"
"Veronica chamaedrys","Bird's-Eye","Plantaginaceae","Plants (selection)"
"Juncus tenageia","null","Juncaceae","Plants (selection)"
"Setaria viridis","Green Bristlegrass","Poaceae","Plants (selection)"
"Ranunculus repens","Creeping Crowfoot","Ranunculaceae","Plants (selection)"
"Chrysanthemum segetum","Corndaisy","Compositae","Plants (selection)"
"Hordeum secalinum","False Rye Barley","Poaceae","Plants (selection)"
"Trifolium campestre","Hop Trefoil","Leguminosae","Plants (selection)"
"Fumaria schrammii","Earthsmoke","Papaveraceae","Plants (selection)"
"Sium latifolium","Greater Water-Parsnip","Apiaceae","Plants (selection)"
"Gratiola linifolia","null","Plantaginaceae","Plants (selection)"
"Juncus maritimus","Sparto","Juncaceae","Plants (selection)"
"Glyceria plicata","Plicate Sweet-Grass","Poaceae","Plants (selection)"
"Conyza canadensis","Canadian Horseweed","Compositae","Plants (selection)"
"Saponaria officinalis","Common Soapwort","Caryophyllaceae","Plants (selection)"
"Holcus lanatus","Fog Grass","Poaceae","Plants (selection)"
"Agrostis stolonifera","Creeping Bent","Poaceae","Plants (selection)"
"Rumex acetosa","Sorrel Dock","Polygonaceae","Plants (selection)"
"Scutellaria minor","South American Skullcap","Lamiaceae","Plants (selection)"
"Ranunculus bulbosus","Bulbous Buttercup","Ranunculaceae","Plants (selection)"
"Bromus tectorum","Drooping Brome","Poaceae","Plants (selection)"
"Medicago lupulina","Yellow Trefoil","Leguminosae","Plants (selection)"
"Raphanus raphanistrum","Sea Radish","Brassicaceae","Plants (selection)"
"Juncus acutiflorus","Sharp-Flowered Rush","Juncaceae","Plants (selection)"
"Lysimachia vulgaris","Loosestrife","Primulaceae","Plants (selection)"
"Jasione montana","Sheepbit","Campanulaceae","Plants (selection)"
"Polygonum minus","Pygmy Smartweed","Polygonaceae","Plants (selection)"
"Polygonum persicaria","Redshank","Polygonaceae","Plants (selection)"
"Carex pilulifera","Pill Sedge","Cyperaceae","Plants (selection)"
"Sonchus oleraceus","Smooth Sow Thistle","Compositae","Plants (selection)"
"Lythrum thymifolia","null","Lythraceae","Plants (selection)"
"Zostera noltii","null","Zosteraceae","Plants (selection)"
"Rhinanthus minor","Yellow-Rattle","Orobanchaceae","Plants (selection)"
"Silene conica","Conical Catchfly","Caryophyllaceae","Plants (selection)"
"Crepis capillaris","Green Crepis","Compositae","Plants (selection)"
"Rorippa microphylla","Onerow Yellowcress","Brassicaceae","Plants (selection)"
"Cirsium vulgare","Scottish Thistle","Compositae","Plants (selection)"
"Hydrilla verticillata","Water-Thyme","Hydrocharitaceae","Plants (selection)"
"Carex spicata","Spiked Sedge","Cyperaceae","Plants (selection)"
"Sorbus aria","Whitebeam","Rosaceae","Plants (selection)"
"Hypochoeris radicata","Cat S Ear","Compositae","Plants (selection)"
"Poa annua","Annual Poa","Poaceae","Plants (selection)"
"Leontodon taraxacoides","Lesser Hawkbit","Compositae","Plants (selection)"
"Ranunculus sardous","Pale Hairy Buttercup","Ranunculaceae","Plants (selection)"
"Odontites verna","Red Bartsia","Orobanchaceae","Plants (selection)"
"Thorella verticillato-inundata","null","Apiaceae","Plants (selection)"
"Scutellaria galericulata","Marsh Scullcap","Lamiaceae","Plants (selection)"
"Galium mollugo","Wild Madder","Rubiaceae","Plants (selection)"
"Senecio viscosus","Sticky Groundsel","Compositae","Plants (selection)"
"Persicaria maculosa","Jesusplant","Polygonaceae","Plants (selection)"
"Brassica nigra","Black Mustard","Brassicaceae","Plants (selection)"
"Deschampsia flexuosa","Wavy Hairgrass","Poaceae","Plants (selection)"
"Lathyrus latifolius","Broadleaf Everlasting-Pea","Leguminosae","Plants (selection)"
"Melica ciliata","Silky-Spike Melic","Poaceae","Plants (selection)"
"Vaccaria pyramidata","Cow Soapwort","Caryophyllaceae","Plants (selection)"
"Oenanthe aquatica","Fine-Leaf Water-Dropwort","Apiaceae","Plants (selection)"
"Carex vulpina","True Fox Sedge","Cyperaceae","Plants (selection)"
"Lythrum tribracteatum","null","Lythraceae","Plants (selection)"
"Carex oederi","Little Green Sedge","Cyperaceae","Plants (selection)"
"Plantago major","Large Plantain","Plantaginaceae","Plants (selection)"
"Hordeum murinum","Wall Barley","Poaceae","Plants (selection)"
"Damasonium polyspermum","null","Alismataceae","Plants (selection)"
"Epilobium tetragonum","null","Onagraceae","Plants (selection)"
"Caltha palustris","Cowslip","Ranunculaceae","Plants (selection)"
"Trifolium fragiferum","Strawberry Clover","Leguminosae","Plants (selection)"
"Typha latifolia","Cooper's-Reed","Typhaceae","Plants (selection)"
"Corydalis claviculata","null","Papaveraceae","Plants (selection)"
"Sisymbrium officinale","Crambling Rocket","Brassicaceae","Plants (selection)"
"Lonicera periclymenum","Honeysuckle","Caprifoliaceae","Plants (selection)"
"Ornithogalum umbellatum","Star-Of-Bethlehem","Asparagaceae","Plants (selection)"
"Carex paniculata","Greater Tussock Sedge","Cyperaceae","Plants (selection)"
"Carex vesicaria","Bladder Sedge","Cyperaceae","Plants (selection)"
"Stellaria holostea","Easter-Bell","Caryophyllaceae","Plants (selection)"
"Sonchus arvensis","Field Sow Thistle","Compositae","Plants (selection)"
"Potamogeton berchtoldii","Small Pondweed","Potamogetonaceae","Plants (selection)"
"Ranunculus baudotii","Brackish Water-Crowfoot","Ranunculaceae","Plants (selection)"
"Mentha aquatica","Water Mint","Lamiaceae","Plants (selection)"
"Lemna trisulca","Narrow-Leaf Duckweed","Araceae","Plants (selection)"
"Pastinaca sativa","Wild Parsnip","Apiaceae","Plants (selection)"
"Avena fatua","Spring Wild Oat","Poaceae","Plants (selection)"
"Arabis hirsuta","Hairy Rockcress","Brassicaceae","Plants (selection)"
"Chenopodium murale","Nettleleaf Goosefoot","Amaranthaceae","Plants (selection)"
"Potentilla recta","Upright Cinquefoil","Rosaceae","Plants (selection)"
"Oxalis corniculata","Sour-Grass Wood-Sorrel","Oxalidaceae","Plants (selection)"
"Medicago minima","Small Medic","Leguminosae","Plants (selection)"
"Oenanthe fistulosa","Tubular Water-Dropwort","Apiaceae","Plants (selection)"
"Arundo donax","Giant-Reed","Poaceae","Plants (selection)"
"Humulus lupulus","Hop","Cannabaceae","Plants (selection)"
"Veronica beccabunga","Brooklime","Plantaginaceae","Plants (selection)"
"Cuscuta europaea","European Dodder","Convolvulaceae","Plants (selection)"
"Galium uliginosum","Fen Bedstraw","Rubiaceae","Plants (selection)"
"Galium verum","Yellow Bedstraw","Rubiaceae","Plants (selection)"
"Geranium molle","Crane's-Bill Geranium","Geraniaceae","Plants (selection)"
"Orchis mascula","Salep","Orchidaceae","Plants (selection)"
"Phleum pratense","Meadow Cat's-Tail","Poaceae","Plants (selection)"
"Carex pseudocyperus","Cypress-Like Sedge","Cyperaceae","Plants (selection)"
"Agrimonia eupatoria","Agrimony","Rosaceae","Plants (selection)"
"Allium vineale","Crow Garlic","Amaryllidaceae","Plants (selection)"
"Blechnum spicant","Hard Fern","Blechnaceae","Plants (selection)"
"Deschampsia caespitosa","Mackenzie Hairgrass","Poaceae","Plants (selection)"
"Isolepis fluitans","Floating Club-Rush","Cyperaceae","Plants (selection)"
"Polygonum convolvulus","Black-Bindweed","Polygonaceae","Plants (selection)"
"Carex echinata","Star Sedge","Cyperaceae","Plants (selection)"
"Setaria glauca","Pearl Millet","Poaceae","Plants (selection)"
"Dryopteris dilatata","Broad Wood Fern","Dryopteridaceae","Plants (selection)"
"Phyllitis scolopendrium","Hart's-Tongue","Aspleniaceae","Plants (selection)"
"Sonchus asper","Spiny Sow Thistle","Compositae","Plants (selection)"
"Juncus fontanesii","null","Juncaceae","Plants (selection)"
"Geranium robertianum","Herb-Robert","Geraniaceae","Plants (selection)"
"Filago minima","Little Cottonrose","Compositae","Plants (selection)"
"Ballota nigra","Black Horehound","Lamiaceae","Plants (selection)"
"Cyperus longus","Galingale","Cyperaceae","Plants (selection)"
"Saxifraga tridactylites","Rue-Leaf Saxifrage","Saxifragaceae","Plants (selection)"
"Cymodocea nodosa","null","Cymodoceaceae","Plants (selection)"
"Trapa natans","Bullnut","Lythraceae","Plants (selection)"
"Epipactis helleborine","Broadleaf Helleborine","Orchidaceae","Plants (selection)"
"Callitriche brutia","Pedunculate Water-Starwort","Plantaginaceae","Plants (selection)"
"Lycopus europaeus","Bugleweed","Lamiaceae","Plants (selection)"
"Polypodium vulgare","Golden-Maidenhair","Polypodiaceae","Plants (selection)"
"Pilularia globulifera","Pillwort","Marsileaceae","Plants (selection)"
"Ceratophyllum muricatum","null","Ceratophyllaceae","Plants (selection)"
"Lolium multiflorum","Annual Ryegrass","Poaceae","Plants (selection)"
"Veronica triphyllos","Fingered Speedwell","Plantaginaceae","Plants (selection)"
"Geranium dissectum","Cut-Leaf Crane's-Bill","Geraniaceae","Plants (selection)"
"Fragaria vesca","Wild Strawberry","Rosaceae","Plants (selection)"
"Viola odorata","Florist's Violet","Violaceae","Plants (selection)"
"Geranium sanguineum","Bloody Crane's-Bill","Geraniaceae","Plants (selection)"
"Artemisia vulgaris","Felonherb","Compositae","Plants (selection)"
"Arabis glabra","Tower Rockcress","Brassicaceae","Plants (selection)"
"Melica uniflora","Wood Melick","Poaceae","Plants (selection)"
"Ranunculus hederaceus","Ivy-Leaf Crowfoot","Ranunculaceae","Plants (selection)"
"Juncus heterophyllus","null","Juncaceae","Plants (selection)"
"Carex pairae","null","Cyperaceae","Plants (selection)"
"Linum catharticum","Fairy Flax","Linaceae","Plants (selection)"
"Bolboschoenus glaucus","null","Cyperaceae","Plants (selection)"
"Panicum repens","Victoria Grass","Poaceae","Plants (selection)"
"Conopodium majus","Pignut","Apiaceae","Plants (selection)"
"Ceterach officinarum","Rustyback","Aspleniaceae","Plants (selection)"
"Trifolium arvense","Hare-Foot Trefoil","Leguminosae","Plants (selection)"
"Arrhenatherum elatius","Bulbous Oatgrass","Poaceae","Plants (selection)"
"Bromus arvensis","Field Brome","Poaceae","Plants (selection)"
"Euphorbia peplus","Petty Spurge","Euphorbiaceae","Plants (selection)"
"Potentilla reptans","Creeping Cinquefoil","Rosaceae","Plants (selection)"
"Persicaria salicifolia","null","Polygonaceae","Plants (selection)"
"Epilobium hirsutum","Great Willowherb","Onagraceae","Plants (selection)"
"Viola canina","Heath Violet","Violaceae","Plants (selection)"
"Atriplex patula","Common Orache","Amaranthaceae","Plants (selection)"
"Senecio vulgaris","Groundsel","Compositae","Plants (selection)"
"Lychnis flos-cuculi","Ragged Robin","Caryophyllaceae","Plants (selection)"
"Sedum album","White Stonecrop","Crassulaceae","Plants (selection)"
"Marrubium vulgare","White Horehound","Lamiaceae","Plants (selection)"
"Hydrocotyle vulgaris","Marsh Pennywort","Araliaceae","Plants (selection)"
"Spergularia rubra","Sand-Spurrey","Caryophyllaceae","Plants (selection)"
"Damasonium bourgaei","null","Alismataceae","Plants (selection)"
"Hedera helix","Ivy","Araliaceae","Plants (selection)"
"Chaerophyllum temulentum","Rough Chervil","Apiaceae","Plants (selection)"
"Schoenoplectus tabernaemontani","Soft-Stem Bulrush","Cyperaceae","Plants (selection)"
"Eupatorium cannabinum","Hemp-Agrimony","Compositae","Plants (selection)"
"Potamogeton trichoides","Hairlike Pondweed","Potamogetonaceae","Plants (selection)"
"Lythrum salicaria","Purple Lythrum","Lythraceae","Plants (selection)"
"Echinodorus ranunculoides","Lesser Waterplantain","Alismataceae","Plants (selection)"
"Artemisia absinthium","Absinthe","Compositae","Plants (selection)"
"Ceratophyllum demersum","Common Hornwort","Ceratophyllaceae","Plants (selection)"
"Spirodela polyrhiza","Great Duckweed","Araceae","Plants (selection)"
"Scirpus lacustris","Common Club-Rush","Cyperaceae","Plants (selection)"
"Utricularia australis","Bladderwort","Lentibulariaceae","Plants (selection)"
"Crataegus monogyna","English Hawthorn","Rosaceae","Plants (selection)"
"Juncus conglomeratus","Compact Rush","Juncaceae","Plants (selection)"
"Prunella vulgaris","Self-Heal","Lamiaceae","Plants (selection)"
"Veronica anagallis-aquatica","Water Speedwell","Plantaginaceae","Plants (selection)"
"Circaea lutetiana","Enchanter's-Nightshade","Onagraceae","Plants (selection)"
"Gratiola officinalis","Hedge-Hyssop","Plantaginaceae","Plants (selection)"
"Scleranthus annuus","Knawel","Caryophyllaceae","Plants (selection)"
"Juncus articulatus","Joint-Leaf Rush","Juncaceae","Plants (selection)"
"Pulicaria dysenterica","Common Fleabane","Compositae","Plants (selection)"
"Stuckenia pectinata","Sago Pondweed","Potamogetonaceae","Plants (selection)"
"Veronica agrestis","Green Field Speedwell","Plantaginaceae","Plants (selection)"
"Arabis alpina","Alpine Rockcress","Brassicaceae","Plants (selection)"
"Thalictrum minus","Lesser Meadow-Rue","Ranunculaceae","Plants (selection)"
"Carex nigra","Smooth Black Sedge","Cyperaceae","Plants (selection)"
"Typha domingensis","Lesser Reed-Mace","Typhaceae","Plants (selection)"
"Agrostis tenuis","Dog Bent","Poaceae","Plants (selection)"
"Nuphar lutea","Yellow-Water-Lily","Nymphaeaceae","Plants (selection)"
"Apium inundatum","Lesser Marshwort","Apiaceae","Plants (selection)"
"Carex canescens","Silvery Sedge","Cyperaceae","Plants (selection)"
"Agrostemma githago","Cockle","Caryophyllaceae","Plants (selection)"
"Fraxinus excelsior","Ash","Oleaceae","Plants (selection)"
"Schoenoplectus corymbosus","null","Cyperaceae","Plants (selection)"
"Stellaria media","Common Chickweed","Caryophyllaceae","Plants (selection)"
"Poa bulbosa","Bulbous Bluegrass","Poaceae","Plants (selection)"
"Eriophorum angustifolium","Common Cotton-Grass","Cyperaceae","Plants (selection)"
"Kickxia elatine","Woolly-Toadflax","Plantaginaceae","Plants (selection)"
"Sorbus aucuparia","Quickbeam","Rosaceae","Plants (selection)"
"Calystegia sepium","Hedge Bindweed","Convolvulaceae","Plants (selection)"
"Sedum acre","Mossy Stonecrop","Crassulaceae","Plants (selection)"
"Cynoglossum officinale","Rats-And-Mice","Boraginaceae","Plants (selection)"
"Glechoma hederacea","Ground-Ivy","Lamiaceae","Plants (selection)"
"Salix caprea","Great Sallow","Salicaceae","Plants (selection)"
"Typha angustifolia","Lesser-Bulrush","Typhaceae","Plants (selection)"
"Anthemis arvensis","Corn Chamomile","Compositae","Plants (selection)"
"Dactylis glomerata","Cockspur","Poaceae","Plants (selection)"
"Carex pendula","Pendulous Sedge","Cyperaceae","Plants (selection)"
"Plantago lanceolata","Narrow-Leaf Plantain","Plantaginaceae","Plants (selection)"
"Lamium album","White-Nettle","Lamiaceae","Plants (selection)"
"Potamogeton pusillus","Lesser Pondweed","Potamogetonaceae","Plants (selection)"
"Heracleum sphondylium","Meadow-Parsnip","Apiaceae","Plants (selection)"
"Milium effusum","Wood Millet","Poaceae","Plants (selection)"
"Bromus erectus","Meadow Brome","Poaceae","Plants (selection)"
"Lindernia procumbens","null","Linderniaceae","Plants (selection)"
"Asplenium adiantum-nigrum","Black Spleenwort","Aspleniaceae","Plants (selection)"
"Potamogeton crispus","Curled Pondweed","Potamogetonaceae","Plants (selection)"
"Gnaphalium uliginosum","Cudweed","Compositae","Plants (selection)"
"Veronica arvensis","Wall Speedwell","Plantaginaceae","Plants (selection)"
"Nymphoides peltata","Yellow Floating-Heart","Menyanthaceae","Plants (selection)"
"Ajuga reptans","Ajuga","Lamiaceae","Plants (selection)"
"Anthriscus caucalis","Bur Chervil","Apiaceae","Plants (selection)"
"Ulex europaeus","Whin","Leguminosae","Plants (selection)"
"Sambucus nigra","Elder","Adoxaceae","Plants (selection)"
"Orobanche minor","Lesser Broomrape","Orobanchaceae","Plants (selection)"
"Cerastium glomeratum","Mouse-Ear Chickweed","Caryophyllaceae","Plants (selection)"
"Erophila verna","Spring Draba","Brassicaceae","Plants (selection)"
"Lycopodium inundatum","Inundated Clubmoss","Lycopodiaceae","Plants (selection)"
"Prunus spinosa","Blackthorn","Rosaceae","Plants (selection)"
"Polygonum lapathifolium","Curlytop Knotweed","Polygonaceae","Plants (selection)"
"Limosella aquatica","Mudwort","Scrophulariaceae","Plants (selection)"
"Lotus corniculatus","Bird's-Foot Trefoil","Leguminosae","Plants (selection)"
"Veronica officinalis","Upland Speedwell","Plantaginaceae","Plants (selection)"
"Carex limosa","Bog Sedge","Cyperaceae","Plants (selection)"
"Anthemis cotula","Dog-Fennel","Compositae","Plants (selection)"
"Cerastium glutinosum","European Chickweed","Caryophyllaceae","Plants (selection)"
"Hypericum humifusum","Trailing St. John's-Wort","Hypericaceae","Plants (selection)"
"Scirpus fluitans","Floating Club-Rush","Cyperaceae","Plants (selection)"
"Lithospermum arvense","Field Gromwell","Boraginaceae","Plants (selection)"
"Urtica dioica","Giant Nettle","Urticaceae","Plants (selection)"
"Poa nemoralis","Wood Meadow Grass","Poaceae","Plants (selection)"
"Briza media","Totter Grass","Poaceae","Plants (selection)"
"Carum verticillatum","Whorled Caraway","Apiaceae","Plants (selection)"
"Euphorbia helioscopia","Wolf's-Milk","Euphorbiaceae","Plants (selection)"
"Geum urbanum","Bennet's-Root","Rosaceae","Plants (selection)"
"Lamium maculatum","Spotted Dead-Nettle","Lamiaceae","Plants (selection)"
"Viola arvensis","Wild Pansy","Violaceae","Plants (selection)"
"Lolium temulentum","Darnel Drake","Poaceae","Plants (selection)"
"Molinia caerulea","Purple Moor Grass","Poaceae","Plants (selection)"
"Alnus glutinosa","Alder","Betulaceae","Plants (selection)"
"Cyperus fuscus","Brown Flatsedge","Cyperaceae","Plants (selection)"
"Tanacetum corymbosum","Scentless Feverfew","Compositae","Plants (selection)"
"Rorippa amphibia","Great Yellow Cress","Brassicaceae","Plants (selection)"
"Arnoseris minima","Lamb's Succory","Compositae","Plants (selection)"
"Arabidopsis thaliana","Common Wall Cress","Brassicaceae","Plants (selection)"
"Hieracium pilosella","Mouse-Ear-Hawkweed","Compositae","Plants (selection)"
"Cerastium semidecandrum","Little Mouse-Ear","Caryophyllaceae","Plants (selection)"
"Polystichum setiferum","Soft Shield Fern","Dryopteridaceae","Plants (selection)"
"Eleocharis uniglumis","Saltmarsh Spikerush","Cyperaceae","Plants (selection)"
"Juncus bulbosus","Bulbous Rush","Juncaceae","Plants (selection)"
"Viola riviniana","Wood Violet","Violaceae","Plants (selection)"
"Lithospermum officinale","Gromwell","Boraginaceae","Plants (selection)"
"Sorbus torminalis","Chequers","Rosaceae","Plants (selection)"
"Lolium perenne","Perennial Ryegrass","Poaceae","Plants (selection)"
"Juncus acutus","Spiny Rush","Juncaceae","Plants (selection)"
"Apium nodiflorum","null","Apiaceae","Plants (selection)"
"Polystichum aculeatum","Hard Shield-Fern","Dryopteridaceae","Plants (selection)"
"Lactuca serriola","Milk Thistle","Compositae","Plants (selection)"
"Veronica anagalloides","null","Plantaginaceae","Plants (selection)"
"Stachys arvensis","Wild Mint","Lamiaceae","Plants (selection)"
"Erodium cicutarium","Common Heron's-Bill","Geraniaceae","Plants (selection)"
"Brachypodium pinnatum","Tor Grass","Poaceae","Plants (selection)"
"Carex hirta","Hairy Sedge","Cyperaceae","Plants (selection)"
"Alisma lanceolatum","Narrow-Leaf Water-Plantain","Alismataceae","Plants (selection)"
"Danthonia decumbens","Mountain Heath Grass","Poaceae","Plants (selection)"
"Tanacetum vulgare","Golden-Buttons","Compositae","Plants (selection)"
"Tragopogon pratensis","Yellow Goat's-Beard","Compositae","Plants (selection)"
"Anagallis tenella","European Bog Pimpernel","Primulaceae","Plants (selection)"
"Pinus sylvestris","Scots Pine","Pinaceae","Conifers"
"Juniperus cedrus","Canary Islands Juniper","Cupressaceae","Conifers"
"Juniperus brevifolia","Azores Juniper","Cupressaceae","Conifers"
"Pinus pinea","Stone Pine","Pinaceae","Conifers"
"Pinus halepensis","Aleppo Pine","Pinaceae","Conifers"
"Juniperus communis","Common Juniper","Cupressaceae","Conifers"
"Pinus pinaster","Maritime Pine","Pinaceae","Conifers"
"Juniperus thurifera","Spanish Juniper","Cupressaceae","Conifers"
"Juniperus phoenicea","Phoenician Juniper","Cupressaceae","Conifers"
"Juniperus oxycedrus","Prickly Juniper","Cupressaceae","Conifers"
"Taxus baccata","English Yew","Taxaceae","Conifers"
