Downloaded from https://mol.org on Jun 20, 2022. Inclusive species list based on approximate intersections with Political boundary polygon for the Arkansas region. 


"Scientific Name","Common Name","Family","Taxonomic Group"
"Dumetella carolinensis","Gray Catbird","Mimidae","Birds"
"Calidris alpina","Dunlin","Scolopacidae","Birds"
"Elanus leucurus","White-Tailed Kite","Accipitridae","Birds"
"Calidris fuscicollis","White-Rumped Sandpiper","Scolopacidae","Birds"
"Caprimulgus vociferus","Whip-Poor-Will","Caprimulgidae","Birds"
"Calidris minutilla","Least Sandpiper","Scolopacidae","Birds"
"Passer domesticus","House Sparrow","Passeridae","Birds"
"Parula americana","Northern Parula","Parulidae","Birds"
"Porzana carolina","Sora","Rallidae","Birds"
"Ammodramus nelsoni","Nelson's Sparrow","Emberizidae","Birds"
"Petrochelidon pyrrhonota","Cliff Swallow","Hirundinidae","Birds"
"Protonotaria citrea","Prothonotary Warbler","Parulidae","Birds"
"Hirundo rustica","Barn Swallow","Hirundinidae","Birds"
"Porphyrio martinica","Purple Gallinule","Rallidae","Birds"
"Dendroica striata","Blackpoll Warbler","Parulidae","Birds"
"Wilsonia canadensis","Canada Warbler","Parulidae","Birds"
"Charadrius semipalmatus","Semipalmated Plover","Charadriidae","Birds"
"Larus delawarensis","Ring-Billed Gull","Laridae","Birds"
"Molothrus ater","Brown-Headed Cowbird","Icteridae","Birds"
"Asio otus","Long-Eared Owl","Strigidae","Birds"
"Lophodytes cucullatus","Hooded Merganser","Anatidae","Birds"
"Anthus spragueii","Sprague's Pipit","Motacillidae","Birds"
"Carduelis tristis","American Goldfinch","Fringillidae","Birds"
"Dendroica discolor","Prairie Warbler","Parulidae","Birds"
"Dendroica dominica","Yellow-Throated Warbler","Parulidae","Birds"
"Sturnella magna","Eastern Meadowlark","Icteridae","Birds"
"Melospiza melodia","Song Sparrow","Emberizidae","Birds"
"Grus canadensis","Sandhill Crane","Gruidae","Birds"
"Eugenes fulgens","Rivoli's Hummingbird","Trochilidae","Birds"
"Empidonax traillii","Willow Flycatcher","Tyrannidae","Birds"
"Myiarchus crinitus","Great Crested Flycatcher","Tyrannidae","Birds"
"Icterus spurius","Orchard Oriole","Icteridae","Birds"
"Podilymbus podiceps","Pied-Billed Grebe","Podicipedidae","Birds"
"Dendroica virens","Black-Throated Green Warbler","Parulidae","Birds"
"Piranga rubra","Summer Tanager","Cardinalidae","Birds"
"Plegadis falcinellus","Glossy Ibis","Threskiornithidae","Birds"
"Vermivora celata","Orange-Crowned Warbler","Parulidae","Birds"
"Thryothorus ludovicianus","Carolina Wren","Troglodytidae","Birds"
"Sitta canadensis","Red-Breasted Nuthatch","Sittidae","Birds"
"Nycticorax nycticorax","Black-Crowned Night-Heron","Ardeidae","Birds"
"Anas clypeata","Northern Shoveler","Anatidae","Birds"
"Calidris pusilla","Semipalmated Sandpiper","Scolopacidae","Birds"
"Aegolius acadicus","Northern Saw-Whet Owl","Strigidae","Birds"
"Pooecetes gramineus","Vesper Sparrow","Emberizidae","Birds"
"Sturnella neglecta","Western Meadowlark","Icteridae","Birds"
"Himantopus mexicanus","Black-Necked Stilt","Recurvirostridae","Birds"
"Bubulcus ibis","Cattle Egret","Ardeidae","Birds"
"Carpodacus mexicanus","House Finch","Fringillidae","Birds"
"Sterna forsteri","Forster's Tern","Laridae","Birds"
"Ixobrychus exilis","Least Bittern","Ardeidae","Birds"
"Podiceps auritus","Horned Grebe","Podicipedidae","Birds"
"Wilsonia pusilla","Wilson's Warbler","Parulidae","Birds"
"Cistothorus palustris","Marsh Wren","Troglodytidae","Birds"
"Corvus ossifragus","Fish Crow","Corvidae","Birds"
"Aimophila aestivalis","Bachman's Sparrow","Emberizidae","Birds"
"Megascops asio","Eastern Screech Owl","Strigidae","Birds"
"Helmitheros vermivorum","Worm-Eating Warbler","Parulidae","Birds"
"Dendroica palmarum","Palm Warbler","Parulidae","Birds"
"Bucephala clangula","Common Goldeneye","Anatidae","Birds"
"Tyto alba","Barn Owl","Tytonidae","Birds"
"Spizella pallida","Clay-Coloured Sparrow","Emberizidae","Birds"
"Oporornis agilis","Connecticut Warbler","Parulidae","Birds"
"Chen caerulescens","Snow Goose","Anatidae","Birds"
"Troglodytes aedon","House Wren","Troglodytidae","Birds"
"Chordeiles minor","Common Nighthawk","Caprimulgidae","Birds"
"Oxyura jamaicensis","Ruddy Duck","Anatidae","Birds"
"Pheucticus ludovicianus","Rose-Breasted Grosbeak","Cardinalidae","Birds"
"Aythya americana","Redhead","Anatidae","Birds"
"Thryomanes bewickii","Bewick's Wren","Troglodytidae","Birds"
"Agelaius phoeniceus","Red-Winged Blackbird","Icteridae","Birds"
"Meleagris gallopavo","Common Turkey","Phasianidae","Birds"
"Colinus virginianus","Northern Bobwhite","Odontophoridae","Birds"
"Chaetura pelagica","Chimney Swift","Apodidae","Birds"
"Anas strepera","Gadwall","Anatidae","Birds"
"Coccyzus erythropthalmus","Black-Billed Cuckoo","Cuculidae","Birds"
"Melanerpes carolinus","Red-Bellied Woodpecker","Picidae","Birds"
"Passerina caerulea","Blue Grosbeak","Emberizidae","Birds"
"Contopus virens","Eastern Wood-Pewee","Tyrannidae","Birds"
"Dendroica pinus","Pine Warbler","Parulidae","Birds"
"Corvus brachyrhynchos","American Crow","Corvidae","Birds"
"Dendroica aestiva","American Yellow Warbler","Parulidae","Birds"
"Sialia sialis","Eastern Bluebird","Turdidae","Birds"
"Sterna caspia","Caspian Tern","Laridae","Birds"
"Baeolophus bicolor","Tufted Titmouse","Paridae","Birds"
"Melanerpes erythrocephalus","Red-Headed Woodpecker","Picidae","Birds"
"Mimus polyglottos","Northern Mockingbird","Mimidae","Birds"
"Sterna hirundo","Common Tern","Laridae","Birds"
"Sitta pusilla","Brown-Headed Nuthatch","Sittidae","Birds"
"Zonotrichia querula","Harris' Sparrow","Emberizidae","Birds"
"Branta canadensis","Canada Goose","Anatidae","Birds"
"Picoides villosus","Hairy Woodpecker","Picidae","Birds"
"Ictinia mississippiensis","Mississippi Kite","Accipitridae","Birds"
"Riparia riparia","Sand Martin","Hirundinidae","Birds"
"Aquila chrysaetos","Golden Eagle","Accipitridae","Birds"
"Anas acuta","Northern Pintail","Anatidae","Birds"
"Haliaeetus leucocephalus","Bald Eagle","Accipitridae","Birds"
"Dendroica castanea","Bay-Breasted Warbler","Parulidae","Birds"
"Oporornis philadelphia","Mourning Warbler","Parulidae","Birds"
"Caprimulgus carolinensis","Chuck-Will's-Widow","Caprimulgidae","Birds"
"Bubo virginianus","Great Horned Owl","Strigidae","Birds"
"Coragyps atratus","Black Vulture","Cathartidae","Birds"
"Tringa melanoleuca","Greater Yellowlegs","Scolopacidae","Birds"
"Melospiza lincolnii","Lincoln's Sparrow","Emberizidae","Birds"
"Vireo flavifrons","Yellow-Throated Vireo","Vireonidae","Birds"
"Piranga olivacea","Scarlet Tanager","Cardinalidae","Birds"
"Steganopus tricolor","Wilson's Phalarope","Scolopacidae","Birds"
"Egretta thula","Snowy Egret","Ardeidae","Birds"
"Sayornis phoebe","Eastern Phoebe","Tyrannidae","Birds"
"Parkesia motacilla","Louisiana Waterthrush","Parulidae","Birds"
"Certhia americana","American Creeper","Certhiidae","Birds"
"Plegadis chihi","White-Faced Ibis","Threskiornithidae","Birds"
"Limosa haemastica","Hudsonian Godwit","Scolopacidae","Birds"
"Quiscalus quiscula","Common Grackle","Icteridae","Birds"
"Spizella pusilla","Field Sparrow","Emberizidae","Birds"
"Melospiza georgiana","Swamp Sparrow","Emberizidae","Birds"
"Dolichonyx oryzivorus","Bobolink","Icteridae","Birds"
"Rallus elegans","King Rail","Rallidae","Birds"
"Turdus migratorius","American Robin","Turdidae","Birds"
"Vireo gilvus","Warbling Vireo","Vireonidae","Birds"
"Pluvialis dominica","American Golden-Plover","Charadriidae","Birds"
"Casmerodius albus","Great Egret","Ardeidae","Birds"
"Catharus ustulatus","Swainson's Thrush","Turdidae","Birds"
"Empidonax alnorum","Alder Flycatcher","Tyrannidae","Birds"
"Campephilus principalis","Ivory-Billed Woodpecker","Picidae","Birds"
"Charadrius vociferus","Kildeer","Charadriidae","Birds"
"Dendroica pensylvanica","Chestnut-Sided Warbler","Parulidae","Birds"
"Anas rubripes","American Black Duck","Anatidae","Birds"
"Regulus satrapa","Golden-Crowned Kinglet","Reguliidae","Birds"
"Bartramia longicauda","Upland Sandpiper","Scolopacidae","Birds"
"Pipilo erythrophthalmus","Eastern Towhee","Emberizidae","Birds"
"Peucaea aestivalis","Bachman's Sparrow","Passerellidae","Birds"
"Sterna antillarum","Least Tern","Laridae","Birds"
"Ammodramus henslowii","Henslow's Sparrow","Emberizidae","Birds"
"Loxia leucoptera","White-Winged Crossbill","Fringillidae","Birds"
"Scolopax minor","American Woodcock","Scolopacidae","Birds"
"Icteria virens","Yellow-Breasted Chat","Parulidae","Birds"
"Zonotrichia albicollis","White-Throated Sparrow","Emberizidae","Birds"
"Anthus rubescens","Buff-Bellied Pipit","Motacillidae","Birds"
"Asio flammeus","Short-Eared Owl","Strigidae","Birds"
"Ammodramus savannarum","Grasshopper Sparrow","Emberizidae","Birds"
"Aimophila ruficeps","Rufous-Crowned Sparrow","Emberizidae","Birds"
"Bucephala albeola","Bufflehead","Anatidae","Birds"
"Mergus serrator","Red-Breasted Merganser","Anatidae","Birds"
"Troglodytes troglodytes","Winter Wren","Troglodytidae","Birds"
"Dendroica magnolia","Magnolia Warbler","Parulidae","Birds"
"Quiscalus mexicanus","Great-Tailed Grackle","Icteridae","Birds"
"Egretta caerulea","Little Blue Heron","Ardeidae","Birds"
"Accipiter striatus","Plain-Breasted Hawk","Accipitridae","Birds"
"Vireo bellii","Bell's Vireo","Vireonidae","Birds"
"Regulus calendula","Ruby-Crowned Kinglet","Reguliidae","Birds"
"Geococcyx californianus","Greater Roadrunner","Cuculidae","Birds"
"Tachycineta bicolor","Tree Swallow","Hirundinidae","Birds"
"Larus argentatus","Herring Gull","Laridae","Birds"
"Sphyrapicus varius","Yellow-Bellied Sapsucker","Picidae","Birds"
"Circus cyaneus","Hen Harrier","Accipitridae","Birds"
"Colibri thalassinus","Green Violet-Ear","Trochilidae","Birds"
"Xanthocephalus xanthocephalus","Yellow-Headed Blackbird","Icteridae","Birds"
"Toxostoma rufum","Brown Thrasher","Mimidae","Birds"
"Euphagus carolinus","Rusty Blackbird","Icteridae","Birds"
"Catharus minimus","Grey-Cheeked Thrush","Turdidae","Birds"
"Calidris himantopus","Stilt Sandpiper","Scolopacidae","Birds"
"Mycteria americana","Wood Stork","Ciconiidae","Birds"
"Bombycilla cedrorum","Cedar Waxwing","Bombycillidae","Birds"
"Aythya valisineria","Canvasback","Anatidae","Birds"
"Vermivora pinus","Blue-Winged Warbler","Parulidae","Birds"
"Tringa flavipes","Lesser Yellow-Legs","Scolopacidae","Birds"
"Accipiter cooperii","Cooper's Hawk","Accipitridae","Birds"
"Tryngites subruficollis","Buff-Breasted Sandpiper","Scolopacidae","Birds"
"Spiza americana","Dickcissel","Cardinalidae","Birds"
"Pelecanus erythrorhynchos","American White Pelican","Pelecanidae","Birds"
"Larus philadelphia","Bonaparte's Gull","Laridae","Birds"
"Parus carolinensis","Carolina Chickadee","Paridae","Birds"
"Sitta carolinensis","White-Breasted Nuthatch","Sittidae","Birds"
"Vermivora cyanoptera","Blue-Winged Swamp Warbler","Parulidae","Birds"
"Tringa solitaria","Solitary Sandpiper","Scolopacidae","Birds"
"Sturnus vulgaris","Common Starling","Sturnidae","Birds"
"Dendroica petechia","Yellow Warbler","Parulidae","Birds"
"Icterus galbula","Baltimore Oriole","Icteridae","Birds"
"Spizella arborea","American Tree Sparrow","Emberizidae","Birds"
"Progne subis","Purple Martin","Hirundinidae","Birds"
"Vermivora bachmanii","Bachman's Warbler","Parulidae","Birds"
"Dendroica fusca","Blackburnian Warbler","Parulidae","Birds"
"Archilochus colubris","Ruby-Throated Hummingbird","Trochilidae","Birds"
"Aix sponsa","Wood Duck","Anatidae","Birds"
"Phalacrocorax auritus","Double-Crested Cormorant","Phalacrocoracidae","Birds"
"Columbina passerina","Common Ground-Dove","Columbidae","Birds"
"Anser albifrons","Greater White-Fronted Goose","Anatidae","Birds"
"Falco sparverius","American Kestrel","Falconidae","Birds"
"Cathartes aura","Turkey Vulture","Cathartidae","Birds"
"Anhinga anhinga","American Darter","Anhingidae","Birds"
"Empidonax virescens","Acadian Flycatcher","Tyrannidae","Birds"
"Vireo solitarius","Solitary Vireo","Vireonidae","Birds"
"Cardinalis cardinalis","Common Cardinal","Cardinalidae","Birds"
"Dendroica tigrina","Cape May Warbler","Parulidae","Birds"
"Tyrannus forficatus","Scissor-Tailed Flycatcher","Tyrannidae","Birds"
"Fulica americana","American Coot","Rallidae","Birds"
"Seiurus motacilla","Louisiana Waterthrush","Parulidae","Birds"
"Tympanuchus cupido","Greater Prairie-Chicken","Phasianidae","Birds"
"Butorides virescens","Green Heron","Ardeidae","Birds"
"Colaptes auratus","Northern Flicker","Picidae","Birds"
"Catharus fuscescens","Veery","Turdidae","Birds"
"Nyctanassa violacea","Yellow-Crowned Night-Heron","Ardeidae","Birds"
"Mergus merganser","Goosander","Anatidae","Birds"
"Gavia immer","Common Loon","Gaviidae","Birds"
"Tyrannus tyrannus","Eastern Kingbird","Tyrannidae","Birds"
"Carduelis pinus","Pine Siskin","Fringillidae","Birds"
"Branta hutchinsii","Cackling Goose","Anatidae","Birds"
"Passerina cyanea","Indigo Bunting","Emberizidae","Birds"
"Stelgidopteryx serripennis","Northern Rough-Winged Swallow","Hirundinidae","Birds"
"Vireo philadelphicus","Philadelphia Vireo","Vireonidae","Birds"
"Loxia curvirostra","Red Crossbill","Fringillidae","Birds"
"Passerella iliaca","Fox Sparrow","Emberizidae","Birds"
"Zonotrichia leucophrys","White-Crowned Sparrow","Emberizidae","Birds"
"Streptopelia decaocto","Collared Dove","Columbidae","Birds"
"Anas discors","Blue-Winged Teal","Anatidae","Birds"
"Seiurus aurocapilla","Ovenbird","Parulidae","Birds"
"Catharus guttatus","Hermit Thrush","Turdidae","Birds"
"Dendroica coronata","Yellow-Rumped Warbler","Parulidae","Birds"
"Vermivora peregrina","Tennessee Warbler","Parulidae","Birds"
"Vireo olivaceus","Red-Eyed Vireo","Vireonidae","Birds"
"Botaurus lentiginosus","American Bittern","Ardeidae","Birds"
"Vireo griseus","White-Eyed Vireo","Vireonidae","Birds"
"Spizella passerina","Chipping Sparrow","Emberizidae","Birds"
"Calidris bairdii","Baird's Sandpiper","Scolopacidae","Birds"
"Carpodacus purpureus","Purple Finch","Fringillidae","Birds"
"Eudocimus albus","White Ibis","Threskiornithidae","Birds"
"Picoides borealis","Red-Cockaded Woodpecker","Picidae","Birds"
"Geothlypis trichas","Common Yellowthroat","Parulidae","Birds"
"Anas americana","American Wigeon","Anatidae","Birds"
"Anas crecca","Common Teal","Anatidae","Birds"
"Dendroica cerulea","Cerulean Warbler","Parulidae","Birds"
"Passerculus sandwichensis","Savannah Sparrow","Emberizidae","Birds"
"Calcarius lapponicus","Lapland Longspur","Emberizidae","Birds"
"Buteo platypterus","Broad-Winged Hawk","Accipitridae","Birds"
"Buteo lagopus","Rough-Legged Buzzard","Accipitridae","Birds"
"Seiurus noveboracensis","Northern Waterthrush","Parulidae","Birds"
"Columba livia","Rock Dove","Columbidae","Birds"
"Bubo scandiaca","Snowy Owl","Strigidae","Birds"
"Oporornis formosus","Kentucky Warbler","Parulidae","Birds"
"Limnothlypis swainsonii","Swainson's Warbler","Parulidae","Birds"
"Vermivora ruficapilla","Nashville Warbler","Parulidae","Birds"
"Coccothraustes vespertinus","Evening Grosbeak","Fringillidae","Birds"
"Picoides pubescens","Downy Woodpecker","Picidae","Birds"
"Junco hyemalis","Dark-Eyed Junco","Emberizidae","Birds"
"Calidris melanotos","Pectoral Sandpiper","Scolopacidae","Birds"
"Carduelis flammea","Common Redpoll","Fringillidae","Birds"
"Larus pipixcan","Franklin's Gull","Laridae","Birds"
"Calcarius pictus","Smith's Longspur","Emberizidae","Birds"
"Parkesia noveboracensis","Northern Waterthrush","Parulidae","Birds"
"Pipilo maculatus","Spotted Towhee","Emberizidae","Birds"
"Buteo jamaicensis","Red-Tailed Hawk","Accipitridae","Birds"
"Strix varia","Barred Owl","Strigidae","Birds"
"Falco columbarius","Merlin","Falconidae","Birds"
"Pandion haliaetus","Osprey","Accipitridae","Birds"
"Chondestes grammacus","Lark Sparrow","Emberizidae","Birds"
"Chen rossii","Ross's Goose","Anatidae","Birds"
"Vermivora chrysoptera","Golden-Winged Warbler","Parulidae","Birds"
"Ammodramus leconteii","Le Conte's Sparrow","Emberizidae","Birds"
"Ardea herodias","Great Blue Heron","Ardeidae","Birds"
"Cistothorus platensis","Sedge Wren","Troglodytidae","Birds"
"Actitis macularius","Spotted Sandpiper","Scolopacidae","Birds"
"Dryocopus pileatus","Pileated Woodpecker","Picidae","Birds"
"Passerina ciris","Painted Bunting","Emberizidae","Birds"
"Gallinago gallinago","Common Snipe","Scolopacidae","Birds"
"Wilsonia citrina","Hooded Warbler","Parulidae","Birds"
"Zenaida macroura","Mourning Dove","Columbidae","Birds"
"Polioptila caerulea","Blue-Grey Gnatcatcher","Polioptilidae","Birds"
"Gallinula chloropus","Common Moorhen","Rallidae","Birds"
"Megaceryle alcyon","Belted Kingfisher","Alcedinidae","Birds"
"Eremophila alpestris","Horned Lark","Alaudidae","Birds"
"Mniotilta varia","Black-And-White Warbler","Parulidae","Birds"
"Empidonax minimus","Least Flycatcher","Tyrannidae","Birds"
"Lanius ludovicianus","Loggerhead Shrike","Laniidae","Birds"
"Chlidonias niger","Black Tern","Laridae","Birds"
"Hylocichla mustelina","Wood Thrush","Turdidae","Birds"
"Coccyzus americanus","Yellow-Billed Cuckoo","Cuculidae","Birds"
"Aythya collaris","Ring-Necked Duck","Anatidae","Birds"
"Cyanocitta cristata","Blue Jay","Corvidae","Birds"
"Empidonax flaviventris","Yellow-Bellied Flycatcher","Tyrannidae","Birds"
"Anas platyrhynchos","Mallard","Anatidae","Birds"
"Setophaga ruticilla","American Redstart","Parulidae","Birds"
"Calcarius ornatus","Chestnut-Collared Longspur","Emberizidae","Birds"
"Euphagus cyanocephalus","Brewer's Blackbird","Icteridae","Birds"
"Buteo lineatus","Red-Shouldered Hawk","Accipitridae","Birds"
"Aythya affinis","Lesser Scaup","Anatidae","Birds"
"Podiceps nigricollis","Black-Necked Grebe","Podicipedidae","Birds"
"Ochrotomys nuttalli","Golden Mouse","Cricetidae","Mammals"
"Notiosorex crawfordi","Desert Shrew","Soricidae","Mammals"
"Taxidea taxus","American Badger","Mustelidae","Mammals"
"Cervus canadensis","null","Cervidae","Mammals"
"Spilogale putorius","Eastern Spotted Skunk","Mephitidae","Mammals"
"Marmota monax","Woodchuck","Sciuridae","Mammals"
"Neotoma floridana","Eastern Woodrat","Cricetidae","Mammals"
"Tadarida brasiliensis","Brazilian Free Tailed Bat","Molossidae","Mammals"
"Sciurus niger","Fox Squirrel","Sciuridae","Mammals"
"Lasiurus seminolus","Seminole Bat","Vespertilionidae","Mammals"
"Lepus californicus","Black-Tailed Jackrabbit","Leporidae","Mammals"
"Synaptomys cooperi","Southern Bog Lemming","Cricetidae","Mammals"
"Peromyscus attwateri","Texas Mouse","Cricetidae","Mammals"
"Ondatra zibethicus","Musk Rat","Cricetidae","Mammals"
"Sylvilagus aquaticus","Swamp Rabbit","Leporidae","Mammals"
"Dasypus novemcinctus","Nine Banded Armadillo","Dasypodidae","Mammals"
"Geomys breviceps","Baird's Pocket Gopher","Geomyidae","Mammals"
"Reithrodontomys humulis","Eastern Harvest Mouse","Cricetidae","Mammals"
"Tamias striatus","Eastern Chipmunk","Sciuridae","Mammals"
"Myotis lucifugus","Little Brown Bat","Vespertilionidae","Mammals"
"Oryzomys palustris","Marsh Rice Rat","Cricetidae","Mammals"
"Chaetodipus hispidus","Hispid Pocket Mouse","Heteromyidae","Mammals"
"Blarina brevicauda","Mole Shrew","Soricidae","Mammals"
"Corynorhinus townsendii","Townsend's Big-Eared Bat","Vespertilionidae","Mammals"
"Peromyscus gossypinus","Cotton Deermouse","Cricetidae","Mammals"
"Geomys bursarius","Plains Pocket Gopher","Geomyidae","Mammals"
"Zapus hudsonius","Meadow Jumping Mouse","Dipodidae","Mammals"
"Microtus ochrogaster","Prairie Vole","Cricetidae","Mammals"
"Myotis austroriparius","Southeastern Myotis","Vespertilionidae","Mammals"
"Sigmodon hispidus","Hispid Cotton Rat","Cricetidae","Mammals"
"Nycticeius humeralis","Evening Bat","Vespertilionidae","Mammals"
"Corynorhinus rafinesquii","Rafinesque's Big-Eared Bat","Vespertilionidae","Mammals"
"Sorex longirostris","Southeastern Shrew","Soricidae","Mammals"
"Scalopus aquaticus","Eastern Mole","Talpidae","Mammals"
"Reithrodontomys fulvescens","Fulvous Harvest Mouse","Cricetidae","Mammals"
"Urocyon cinereoargenteus","Gray Fox","Canidae","Mammals"
"Reithrodontomys megalotis","Western Harvest Mouse","Cricetidae","Mammals"
"Bassariscus astutus","Ringtail","Procyonidae","Mammals"
"Ursus americanus","American Black Bear","Ursidae","Mammals"
"Glaucomys volans","Southern Flying Squirrel","Sciuridae","Mammals"
"Vulpes vulpes","Red Fox","Canidae","Mammals"
"Myotis grisescens","Gray Myotis","Vespertilionidae","Mammals"
"Reithrodontomys montanus","Plains Harvest Mouse","Cricetidae","Mammals"
"Blarina hylophaga","Elliot's Short-Tailed Shrew","Soricidae","Mammals"
"Myotis leibii","Eastern Small Footed Myotis","Vespertilionidae","Mammals"
"Peromyscus maniculatus","Deer Mouse","Cricetidae","Mammals"
"Blarina carolinensis","Southern Short-Tailed Shrew","Soricidae","Mammals"
"Neovison vison","American Mink","Mustelidae","Mammals"
"Pipistrellus subflavus","Eastern Pipistrelle","Vespertilionidae","Mammals"
"Myotis septentrionalis","Northern Myotis","Vespertilionidae","Mammals"
"Microtus pinetorum","Woodland Vole","Cricetidae","Mammals"
"Myotis sodalis","Indiana Bat","Vespertilionidae","Mammals"
"Sciurus carolinensis","Eastern Grey Squirrel","Sciuridae","Mammals"
"Tantilla gracilis","Flathead Snake","Colubridae","Reptiles"
"Sceloporus undulatus","Mescalero Dunes Fence Lizard","Phrynosomatidae","Reptiles"
"Farancia abacura","Red-Bellied Mudsnake","Colubridae","Reptiles"
"Aspidoscelis gularis","Eastern Spotted Whiptail","Teiidae","Reptiles"
"Lampropeltis triangulum","Eastern Milksnake","Colubridae","Reptiles"
"Thamnophis sauritus","Eastern Ribbonsnake","Colubridae","Reptiles"
"Coluber constrictor","Eastern Racer","Colubridae","Reptiles"
"Heterodon platirhinos","Eastern Hognose Snake","Colubridae","Reptiles"
"Pantherophis slowinskii","Slowinski 's Cornsnake","Colubridae","Reptiles"
"Virginia striatula","Rough Earth Snake","Colubridae","Reptiles"
"Crotalus horridus","Timber Rattlesnake","Viperidae","Reptiles"
"Ophisaurus attenuatus","Slender Glass Lizard","Anguidae","Reptiles"
"Pantherophis emoryi","Great Plains Rat Snake","Colubridae","Reptiles"
"Thamnophis proximus","Western Ribbon Snake","Colubridae","Reptiles"
"Carphophis vermis","Western Worm Snake","Colubridae","Reptiles"
"Tropidoclonion lineatum","Lined Snake","Colubridae","Reptiles"
"Eumeces obsoletus","Great Plains Skink","Scincidae","Reptiles"
"Plestiodon laticeps","Broadhead Skink","Scincidae","Reptiles"
"Crotaphytus collaris","Collared Lizard","Crotaphytidae","Reptiles"
"Anolis carolinensis","Green Anole","Dactyloidae","Reptiles"
"Storeria occipitomaculata","Redbelly Snake","Colubridae","Reptiles"
"Crotalus atrox","Western Diamond-Backed Rattlesnake","Viperidae","Reptiles"
"Hemidactylus turcicus","Mediterranean House Gecko","Gekkonidae","Reptiles"
"Plestiodon inexpectatus","Southeastern Five-Lined Skink","Scincidae","Reptiles"
"Storeria dekayi","Brown Snake","Colubridae","Reptiles"
"Plestiodon anthracinus","Coal Skink","Scincidae","Reptiles"
"Agkistrodon contortrix","Southern Copperhead","Viperidae","Reptiles"
"Opheodrys aestivus","Rough Greensnake","Colubridae","Reptiles"
"Plestiodon obsoletus","Great Plains Skink","Scincidae","Reptiles"
"Virginia valeriae","Smooth Earth Snake","Colubridae","Reptiles"
"Farancia abacura","Red-Bellied Mudsnake","Colubridae","Reptiles"
"Phrynosoma cornutum","Texas Horned Lizard","Phrynosomatidae","Reptiles"
"Alligator mississippiensis","Alligator","Alligatoridae","Reptiles"
"Scincella lateralis","Little Brown Skink","Scincidae","Reptiles"
"Lampropeltis calligaster","Yellow-Bellied Kingsnake","Colubridae","Reptiles"
"Plestiodon septentrionalis","Northern Prairie Skink","Scincidae","Reptiles"
"Nerodia rhombifer","Diamondback Water Snake","Colubridae","Reptiles"
"Thamnophis sirtalis","Common Garter Snake","Colubridae","Reptiles"
"Pantherophis obsoletus","Western Rat Snake","Colubridae","Reptiles"
"Sonora semiannulata","Ground Snake","Colubridae","Reptiles"
"Carphophis amoenus","Eastern Wormsnake","Colubridae","Reptiles"
"Regina grahamii","Graham's Crayfish Snake","Colubridae","Reptiles"
"Sistrurus miliarius","Pigmy Rattlesnake","Viperidae","Reptiles"
"Pantherophis guttatus","Eastern Corn Snake","Colubridae","Reptiles"
"Masticophis flagellum","Coachwhip","Colubridae","Reptiles"
"Pituophis melanoleucus","Eastern Pine Snake","Colubridae","Reptiles"
"Lampropeltis getula","Common Kingsnake","Colubridae","Reptiles"
"Diadophis punctatus","Ringneck Snake","Colubridae","Reptiles"
"Nerodia fasciata","Broad-Banded Water Snake","Colubridae","Reptiles"
"Nerodia cyclopion","Mississippi Green Water Snake","Colubridae","Reptiles"
"Eumeces fasciatus","Five-Lined Skink","Scincidae","Reptiles"
"Regina rigida","Glossy Crayfish Snake","Colubridae","Reptiles"
"Eumeces anthracinus","Coal Skink","Scincidae","Reptiles"
"Agkistrodon piscivorus","Cottonmouth","Viperidae","Reptiles"
"Micrurus fulvius","Harlequin Coralsnake","Elapidae","Reptiles"
"Nerodia sipedon","Northern Water Snake","Colubridae","Reptiles"
"Pituophis catenifer","Gopher Snake","Colubridae","Reptiles"
"Eumeces septentrionalis","Prairie Skink","Scincidae","Reptiles"
"Cemophora coccinea","Scarlet Snake","Colubridae","Reptiles"
"Regina septemvittata","Queen Snake","Colubridae","Reptiles"
"Plestiodon fasciatus","Five-Lined Skink","Scincidae","Reptiles"
"Aspidoscelis sexlineata","Six-Lined Racerunner","Teiidae","Reptiles"
"Eumeces laticeps","Broadhead Skink","Scincidae","Reptiles"
"Nerodia erythrogaster","Plainbelly Water Snake","Colubridae","Reptiles"
"Micrurus tener","Texas Coralsnake","Elapidae","Reptiles"
"Eumeces inexpectatus","Southeastern Five-Lined Skink","Scincidae","Reptiles"
"Graptemys geographica","Common Map Turtle","Emydidae","Turtles (non-marine)"
"Sternotherus odoratus","Common Musk Turtle","Kinosternidae","Turtles (non-marine)"
"Apalone mutica","Smooth Softshelled Turtle","Trionychidae","Turtles (non-marine)"
"Terrapene ornata","Ornate Box Turtle","Emydidae","Turtles (non-marine)"
"Terrapene carolina","Eastern Box Turtle","Emydidae","Turtles (non-marine)"
"Sternotherus carinatus","Razorback Musk Turtle","Kinosternidae","Turtles (non-marine)"
"Pseudemys concinna","Eastern River Cooter","Emydidae","Turtles (non-marine)"
"Deirochelys reticularia","Chicken Turtle","Emydidae","Turtles (non-marine)"
"Graptemys ouachitensis","Ouachita Map Turtle","Emydidae","Turtles (non-marine)"
"Chrysemys picta","Painted Turtle","Emydidae","Turtles (non-marine)"
"Macrochelys temminckii","Alligator Snapping Turtle","Chelydridae","Turtles (non-marine)"
"Apalone spinifera","Spiny Softshell","Trionychidae","Turtles (non-marine)"
"Kinosternon subrubrum","Common Mud Turtle","Kinosternidae","Turtles (non-marine)"
"Trachemys scripta","Pond Slider","Emydidae","Turtles (non-marine)"
"Graptemys pseudogeographica","False Map Turtle","Emydidae","Turtles (non-marine)"
"Chelydra serpentina","Common Snapping Turtle","Chelydridae","Turtles (non-marine)"
"Hyla gratiosa","Barking Treefrogs","Hylidae","Amphibians"
"Lithobates sphenocephalus","Southern Leopard Frog","Ranidae","Amphibians"
"Amphiuma tridactylum","Three Toes Congo Snake","Amphiumidae","Amphibians"
"Eurycea longicauda","Cave Salamander","Plethodontidae","Amphibians"
"Pseudacris maculata","Boreal Chorus Frog","Hylidae","Amphibians"
"Plethodon kisatchie","Louisiana Slimy Salamander","Plethodontidae","Amphibians"
"Eurycea cirrigera","Southern Two-Lined Salamander","Plethodontidae","Amphibians"
"Lithobates sylvaticus","Wood Frog","Ranidae","Amphibians"
"Necturus maculosus","Mudpuppy","Proteidae","Amphibians"
"Plethodon angusticlavius","Narrow-Striped Red-Backed Salamander","Plethodontidae","Amphibians"
"Ambystoma annulatum","Ringed Salamander","Ambystomatidae","Amphibians"
"Scaphiopus holbrookii","Eastern Spadefoot","Scaphiopodidae","Amphibians"
"Desmognathus brimleyorum","Brimley's Salamander","Plethodontidae","Amphibians"
"Desmognathus auriculatus","Coast Plain Dusky Salamander","Plethodontidae","Amphibians"
"Plethodon serratus","Southern Red-Backed Salamander","Plethodontidae","Amphibians"
"Eurycea tynerensis","Oklahoma Neotenic Salamander","Plethodontidae","Amphibians"
"Plethodon caddoensis","Caddo Mountain Salamander","Plethodontidae","Amphibians"
"Acris gryllus","Florida Cricket Frog","Hylidae","Amphibians"
"Ambystoma opacum","Marbled Salamander","Ambystomatidae","Amphibians"
"Pseudacris fouquettei","Cajun Chorus Frog","Hylidae","Amphibians"
"Lithobates blairi","Plains Leopard Frog","Ranidae","Amphibians"
"Scaphiopus hurterii","Hurter's Solitary Spadefoot","Scaphiopodidae","Amphibians"
"Hyla chrysoscelis","Cope's Gray Treefrog","Hylidae","Amphibians"
"Incilius nebulifer","Nebulous Toad","Bufonidae","Amphibians"
"Gastrophryne carolinensis","Carolina Tree Frog","Microhylidae","Amphibians"
"Cryptobranchus alleganiensis","Alleghany Salamander","Cryptobranchidae","Amphibians"
"Ambystoma texanum","Smallmouth Salamander","Ambystomatidae","Amphibians"
"Pseudacris streckeri","Strecker's Chorus Frog","Hylidae","Amphibians"
"Ambystoma maculatum","Brown-Spotted Salamander","Ambystomatidae","Amphibians"
"Siren intermedia","Leconte's Mud-Eel","Sirenidae","Amphibians"
"Hyla cinerea","Green Treefrog","Hylidae","Amphibians"
"Pseudacris crucifer","Spring Peeper","Hylidae","Amphibians"
"Plethodon kiamichi","Kiamichi Slimy Salamander","Plethodontidae","Amphibians"
"Desmognathus fuscus","Black Ebbet","Plethodontidae","Amphibians"
"Anaxyrus americanus","American Toad","Bufonidae","Amphibians"
"Plethodon ouachitae","Ouachita Salamander","Plethodontidae","Amphibians"
"Hyla squirella","Squirrel Tree-Toad","Hylidae","Amphibians"
"Lithobates clamitans","Bronze Frog","Ranidae","Amphibians"
"Plethodon glutinosus","Viscid Salamander","Plethodontidae","Amphibians"
"Eurycea spelaea","Veil-Eyed Salamander","Plethodontidae","Amphibians"
"Ambystoma tigrinum","Tiger Salamander","Ambystomatidae","Amphibians"
"Hyla avivoca","Western Bird-Voiced Treefrog","Hylidae","Amphibians"
"Notophthalmus viridescens","Eastern Newt","Salamandridae","Amphibians"
"Lithobates palustris","Marsh Frog","Ranidae","Amphibians"
"Lithobates areolatus","Northern Crawfish Frog","Ranidae","Amphibians"
"Pseudacris feriarum","Upland Chorus Frog","Hylidae","Amphibians"
"Lithobates catesbeianus","Common Bullfrog","Ranidae","Amphibians"
"Plethodon sequoyah","Southeastern Oklahoma Slimy Salamander","Plethodontidae","Amphibians"
"Anaxyrus fowleri","Fowler's Toad","Bufonidae","Amphibians"
"Ambystoma talpoideum","Tadpole Salamander","Ambystomatidae","Amphibians"
"Plethodon albagula","White-Throated Slimy Salamander","Plethodontidae","Amphibians"
"Eurycea quadridigitata","Dwarf Four-Toed Salamander","Plethodontidae","Amphibians"
"Gastrophryne olivacea","Great Plains Narrowmouth Toad","Microhylidae","Amphibians"
"Eurycea lucifuga","Cave Salamander","Plethodontidae","Amphibians"
"Anaxyrus punctatus","Red-Spotted Toad","Bufonidae","Amphibians"
"Acris crepitans","Eastern Cricket Frog","Hylidae","Amphibians"
"Anaxyrus woodhousii","East Texas Toad","Bufonidae","Amphibians"
"Spea bombifrons","Cope's Spea","Scaphiopodidae","Amphibians"
"Necturus beyeri","Beyer's Mudpuppy","Proteidae","Amphibians"
"Eurycea multiplicata","Many-Ribbed Salamander","Plethodontidae","Amphibians"
"Hyla versicolor","Gray Treefrog","Hylidae","Amphibians"
"Hemidactylium scutatum","Scaly Lizard","Plethodontidae","Amphibians"
"Plethodon fourchensis","Fourche Mountain Salamander","Plethodontidae","Amphibians"
"Eurycea guttolineata","Holbrook's Triton","Plethodontidae","Amphibians"
"Amblyopsis rosae","Ozark Cavefish","Amblyopsidae","Fishes"
"Notropis bairdi","Red River Shiner","Cyprinidae","Fishes"
"Typhlichthys subterraneus","Southern Cavefish","Amblyopsidae","Fishes"
"Etheostoma punctulatum","Stippled Darter","Percidae","Fishes"
"Atractosteus spatula","Alligator Gar","Lepisosteidae","Fishes"
"Hiodon tergisus","Mooneye","Hiodontidae","Fishes"
"Noturus gladiator","Piebald Madtom","Ictaluridae","Fishes"
"Noturus eleutherus","Mountain Madtom","Ictaluridae","Fishes"
"Luxilus pilsbryi","Duskystripe Shiner","Cyprinidae","Fishes"
"Noturus phaeus","Brown Madtom","Ictaluridae","Fishes"
"Notropis sabinae","Sabine Shiner","Cyprinidae","Fishes"
"Nocomis biguttatus","Hornyhead Chub","Cyprinidae","Fishes"
"Cycleptus elongatus","Blue Sucker","Catostomidae","Fishes"
"Percina vigil","Saddleback Darter","Percidae","Fishes"
"Ambloplites constellatus","Ozark Bass","Centrarchidae","Fishes"
"Micropterus salmoides","Largemouth Bass","Centrarchidae","Fishes"
"Etheostoma radiosum","Orangebelly Darter","Percidae","Fishes"
"Fundulus olivaceus","Blackspotted Topminnow","Fundulidae","Fishes"
"Pomoxis nigromaculatus","Black Crappie","Centrarchidae","Fishes"
"Noturus flavater","Checkered Madtom","Ictaluridae","Fishes"
"Percina evides","Gilt Darter","Percidae","Fishes"
"Lepomis symmetricus","Bantam Sunfish","Centrarchidae","Fishes"
"Lepomis humilis","Orangespotted Sunfish","Centrarchidae","Fishes"
"Percina phoxocephala","Slenderhead Darter","Percidae","Fishes"
"Esox americanus","Grass Pickerel","Esocidae","Fishes"
"Etheostoma gracile","Slough Darter","Percidae","Fishes"
"Notropis atherinoides","Emerald Shiner","Cyprinidae","Fishes"
"Notropis potteri","Chub Shiner","Cyprinidae","Fishes"
"Etheostoma mihileze","Sunburst Darter","Percidae","Fishes"
"Morone mississippiensis","Yellow Bass","Moronidae","Fishes"
"Fundulus blairae","Western Starhead Topminnow","Fundulidae","Fishes"
"Lepomis cyanellus","Green Sunfish","Centrarchidae","Fishes"
"Etheostoma caeruleum","Rainbow Darter","Percidae","Fishes"
"Campostoma anomalum","Central Stoneroller","Cyprinidae","Fishes"
"Ichthyomyzon gagei","Southern Brook Lamprey","Petromyzontidae","Fishes"
"Notropis volucellus","Mimic Shiner","Cyprinidae","Fishes"
"Anguilla rostrata","American Eel","Anguillidae","Fishes"
"Etheostoma asprigene","Mud Darter","Percidae","Fishes"
"Noturus gyrinus","Tadpole Madtom","Ictaluridae","Fishes"
"Crystallaria asprella","Crystal Darter","Percidae","Fishes"
"Cottus carolinae","Banded Sculpin","Cottidae","Fishes"
"Cottus hypselurus","Ozark Sculpin","Cottidae","Fishes"
"Dorosoma cepedianum","Gizzard Shad","Clupeidae","Fishes"
"Ambloplites ariommus","Shadow Bass","Centrarchidae","Fishes"
"Etheostoma whipplei","Redfin Darter","Percidae","Fishes"
"Etheostoma proeliare","Cypress Darter","Percidae","Fishes"
"Morone chrysops","White Bass","Moronidae","Fishes"
"Etheostoma artesiae","Redspot Darter","Percidae","Fishes"
"Hypentelium nigricans","Northern Hog Sucker","Catostomidae","Fishes"
"Nocomis asper","Redspot Chub","Cyprinidae","Fishes"
"Pomoxis annularis","White Crappie","Centrarchidae","Fishes"
"Notropis ozarcanus","Ozark Shiner","Cyprinidae","Fishes"
"Ichthyomyzon castaneus","Chestnut Lamprey","Petromyzontidae","Fishes"
"Notropis greenei","Wedgespot Shiner","Cyprinidae","Fishes"
"Noturus maydeni","Black River Madtom","Ictaluridae","Fishes"
"Moxostoma poecilurum","Blacktail Redhorse","Catostomidae","Fishes"
"Notropis suttkusi","Rocky Shiner","Cyprinidae","Fishes"
"Cyprinella galactura","Whitetail Shiner","Cyprinidae","Fishes"
"Notropis percobromus","Carmine Shiner","Cyprinidae","Fishes"
"Etheostoma stigmaeum","Speckled Darter","Percidae","Fishes"
"Notropis texanus","Weed Shiner","Cyprinidae","Fishes"
"Luxilus cardinalis","Cardinal Shiner","Cyprinidae","Fishes"
"Dorosoma petenense","Threadfin Shad","Clupeidae","Fishes"
"Noturus nocturnus","Freckled Madtom","Ictaluridae","Fishes"
"Fundulus chrysotus","Golden Topminnow","Fundulidae","Fishes"
"Notropis boops","Bigeye Shiner","Cyprinidae","Fishes"
"Moxostoma duquesnei","Black Redhorse","Catostomidae","Fishes"
"Lepisosteus platostomus","Shortnose Gar","Lepisosteidae","Fishes"
"Notropis blennius","River Shiner","Cyprinidae","Fishes"
"Pimephales tenellus","Slim Minnow","Cyprinidae","Fishes"
"Luxilus chrysocephalus","Striped Shiner","Cyprinidae","Fishes"
"Catostomus commersonii","White Sucker","Catostomidae","Fishes"
"Etheostoma crossopterum","Fringed Darter","Percidae","Fishes"
"Etheostoma collettei","Creole Darter","Percidae","Fishes"
"Etheostoma nigrum","Johnny Darter","Percidae","Fishes"
"Lepomis punctatus","Spotted Sunfish","Centrarchidae","Fishes"
"Pimephales notatus","Bluntnose Minnow","Cyprinidae","Fishes"
"Etheostoma cragini","Arkansas Darter","Percidae","Fishes"
"Hybopsis amnis","Pallid Shiner","Cyprinidae","Fishes"
"Moxostoma anisurum","Silver Redhorse","Catostomidae","Fishes"
"Lepisosteus osseus","Long Nosed Gar","Lepisosteidae","Fishes"
"Esox niger","Chain Pickerel","Esocidae","Fishes"
"Cyprinella lutrensis","Red Shiner","Cyprinidae","Fishes"
"Etheostoma juliae","Yoke Darter","Percidae","Fishes"
"Etheostoma microperca","Least Darter","Percidae","Fishes"
"Notropis perpallidus","Peppered Shiner","Cyprinidae","Fishes"
"Noturus miurus","Brindled Madtom","Ictaluridae","Fishes"
"Noturus lachneri","Ouachita Madtom","Ictaluridae","Fishes"
"Percina maculata","Blackside Darter","Percidae","Fishes"
"Percina nasuta","Longnose Darter","Percidae","Fishes"
"Scaphirhynchus albus","Pallid Sturgeon","Acipenseridae","Fishes"
"Hybognathus nuchalis","Mississippi Silvery Minnow","Cyprinidae","Fishes"
"Menidia audens","Mississippi Silverside","Atherinopsidae","Fishes"
"Noturus albater","Ozark Madtom","Ictaluridae","Fishes"
"Phenacobius mirabilis","Suckermouth Minnow","Cyprinidae","Fishes"
"Campostoma oligolepis","Largescale Stoneroller","Cyprinidae","Fishes"
"Umbra limi","Central Mudminnow","Umbridae","Fishes"
"Cyprinella spiloptera","Spotfin Shiner","Cyprinidae","Fishes"
"Notropis shumardi","Silverband Shiner","Cyprinidae","Fishes"
"Alosa alabamae","Alabama Shad","Clupeidae","Fishes"
"Notropis buchanani","Ghost Shiner","Cyprinidae","Fishes"
"Micropterus dolomieu","Smallmouth Bass","Centrarchidae","Fishes"
"Menidia beryllina","Inland Silverside","Atherinopsidae","Fishes"
"Etheostoma moorei","Yellowcheek Darter","Percidae","Fishes"
"Etheostoma fragi","Strawberry Darter","Percidae","Fishes"
"Notropis maculatus","Taillight Shiner","Cyprinidae","Fishes"
"Etheostoma parvipinne","Goldstripe Darter","Percidae","Fishes"
"Lepomis gulosus","Warmouth","Centrarchidae","Fishes"
"Fundulus catenatus","Northern Studfish","Fundulidae","Fishes"
"Hybognathus hayi","Cypress Minnow","Cyprinidae","Fishes"
"Etheostoma uniporum","Current Darter","Percidae","Fishes"
"Chrosomus erythrogaster","Southern Redbelly Dace","Cyprinidae","Fishes"
"Cyprinella venusta","Blacktail Shiner","Cyprinidae","Fishes"
"Amia calva","Bowfin","Amiidae","Fishes"
"Etheostoma euzonum","Arkansas Saddled Darter","Percidae","Fishes"
"Rhinichthys atratulus","Eastern Blacknose Dace","Cyprinidae","Fishes"
"Lepomis macrochirus","Bluegill","Centrarchidae","Fishes"
"Etheostoma blennioides","Greenside Darter","Percidae","Fishes"
"Notropis nubilus","Ozark Minnow","Cyprinidae","Fishes"
"Fundulus kansae","Northern Plains Killifish","Fundulidae","Fishes"
"Etheostoma pyrrhogaster","Firebelly Darter","Percidae","Fishes"
"Ammocrypta clara","Western Sand Darter","Percidae","Fishes"
"Luxilus zonatus","Bleeding Shiner","Cyprinidae","Fishes"
"Notropis girardi","Arkansas River Shiner","Cyprinidae","Fishes"
"Morone saxatilis","Green Heads","Moronidae","Fishes"
"Moxostoma erythrurum","Golden Redhorse","Catostomidae","Fishes"
"Ammocrypta beanii","Naked Sand Darter","Percidae","Fishes"
"Etheostoma chlorosoma","Bluntnose Darter","Percidae","Fishes"
"Percina uranidea","Stargazing Darter","Percidae","Fishes"
"Semotilus atromaculatus","Creek Chub","Cyprinidae","Fishes"
"Etheostoma histrio","Harlequin Darter","Percidae","Fishes"
"Etheostoma flabellare","Fantail Darter","Percidae","Fishes"
"Alosa chrysochloris","Skipjack Herring","Clupeidae","Fishes"
"Lepomis marginatus","Dollar Sunfish","Centrarchidae","Fishes"
"Gambusia affinis","Western Mosquitofish","Poeciliidae","Fishes"
"Hybognathus placitus","Plains Minnow","Cyprinidae","Fishes"
"Moxostoma carinatum","River Redhorse","Catostomidae","Fishes"
"Etheostoma spectabile","Orangethroat Darter","Percidae","Fishes"
"Percina macrolepida","Bigscale Logperch","Percidae","Fishes"
"Notropis chalybaeus","Ironcolor Shiner","Cyprinidae","Fishes"
"Moxostoma macrolepidotum","Shorthead Redhorse","Catostomidae","Fishes"
"Acipenser fulvescens","Lake Sturgeon","Acipenseridae","Fishes"
"Lampetra aepyptera","Least Brook Lamprey","Petromyzontidae","Fishes"
"Percina shumardi","River Darter","Percidae","Fishes"
"Percina copelandi","Channel Darter","Percidae","Fishes"
"Noturus exilis","Slender Madtom","Ictaluridae","Fishes"
"Pimephales promelas","Fathead Minnow","Cyprinidae","Fishes"
"Cyprinella camura","Bluntface Shiner","Cyprinidae","Fishes"
"Fundulus dispar","Starhead Topminnow","Fundulidae","Fishes"
"Lethenteron appendix","American Brook Lamprey","Petromyzontidae","Fishes"
"Ammocrypta vivax","Scaly Sand Darter","Percidae","Fishes"
"Etheostoma pallididorsum","Paleback Darter","Percidae","Fishes"
"Cyprinella whipplei","Steelcolor Shiner","Cyprinidae","Fishes"
"Hybopsis amblops","Bigeye Chub","Cyprinidae","Fishes"
"Notropis stramineus","Sand Shiner","Cyprinidae","Fishes"
"Lepisosteus oculatus","Spotted Gar","Lepisosteidae","Fishes"
"Opsopoeodus emiliae","Pugnose Minnow","Cyprinidae","Fishes"
"Aplodinotus grunniens","Freshwater Drum","Sciaenidae","Fishes"
"Lepomis microlophus","Redear Sunfish","Centrarchidae","Fishes"
"Fundulus notatus","Blackstripe Topminnow","Fundulidae","Fishes"
"Percina sciera","Dusky Darter","Percidae","Fishes"
"Pimephales vigilax","Bullhead Minnow","Cyprinidae","Fishes"
"Micropterus punctulatus","Spotted Bass","Centrarchidae","Fishes"
"Etheostoma fusiforme","Swamp Darter","Percidae","Fishes"
"Percina caprodes","Zebra Fish","Percidae","Fishes"
"Fundulus sciadicus","Plains Topminnow","Fundulidae","Fishes"
"Notropis ortenburgeri","Kiamichi Shiner","Cyprinidae","Fishes"
"Notropis atrocaudalis","Blackspot Shiner","Cyprinidae","Fishes"
"Lepomis megalotis","Longear Sunfish","Centrarchidae","Fishes"
"Scaphirhynchus platorynchus","Shovelnose Sturgeon","Acipenseridae","Fishes"
"Notropis telescopus","Telescope Shiner","Cyprinidae","Fishes"
"Noturus taylori","Caddo Madtom","Ictaluridae","Fishes"
"Percina pantherina","Leopard Darter","Percidae","Fishes"
"Noturus flavus","Stonecat","Ictaluridae","Fishes"
"Moxostoma lacerum","Harelip Sucker","Catostomidae","Fishes"
"Etheostoma zonale","Banded Darter","Percidae","Fishes"
"Hiodon alosoides","Goldeye","Hiodontidae","Fishes"
"Danaus gilippus","Queen","Nymphalidae","Butterflies"
"Panoquina ocola","Ocola Skipper","Hesperiidae","Butterflies"
"Appias drusilla","Florida White","Pieridae","Butterflies"
"Pieris rapae","Cabbage White","Pieridae","Butterflies"
"Anthocharis midea","Falcate Orangetip","Pieridae","Butterflies"
"Mestra amymone","Common Mestra","Nymphalidae","Butterflies"
"Erynnis brizo","Sleepy Duskywing","Hesperiidae","Butterflies"
"Hesperia leonardus","Leonard's Skipper","Hesperiidae","Butterflies"
"Poanes hobomok","Hobomok Skipper","Hesperiidae","Butterflies"
"Dryas iulia","Julia Heliconian","Nymphalidae","Butterflies"
"Satyrium edwardsii","Edwards' Hairstreak","Lycaenidae","Butterflies"
"Urbanus dorantes","Dorantes Longtail","Hesperiidae","Butterflies"
"Lethe appalachia","Appalachian Eyed Brown","Nymphalidae","Butterflies"
"Calephelis virginiensis","Little Metalmark","Riodinidae","Butterflies"
"Eurema daira","Barred Yellow","Pieridae","Butterflies"
"Hylephila phyleus","Fiery Skipper","Hesperiidae","Butterflies"
"Poanes zabulon","Zabulon Skipper","Hesperiidae","Butterflies"
"Papilio palamedes","Palamedes Swallowtail","Papilionidae","Butterflies"
"Copaeodes minima","Southern Skipperling","Hesperiidae","Butterflies"
"Satyrium caryaevorus","null","Lycaenidae","Butterflies"
"Lethe creola","Creole Pearly-Eye","Nymphalidae","Butterflies"
"Euphydryas phaeton","Baltimore Checkerspot","Nymphalidae","Butterflies"
"Heliconius charithonia","Zebra Heliconian","Nymphalidae","Butterflies"
"Satyrium calanus","Banded Hairstreak","Lycaenidae","Butterflies"
"Euphyes vestris","Dun Skipper","Hesperiidae","Butterflies"
"Eurytides marcellus","Zebra Swallowtail","Papilionidae","Butterflies"
"Hesperia ottoe","Ottoe Skipper","Hesperiidae","Butterflies"
"Satyrium liparops","Striped Hairstreak","Lycaenidae","Butterflies"
"Autochton cellus","Golden Banded-Skipper","Hesperiidae","Butterflies"
"Atrytone logan","Delaware Skipper","Hesperiidae","Butterflies"
"Nathalis iole","Dainty Sulphur","Pieridae","Butterflies"
"Everes comyntas","Eastern Tailed-Blue","Lycaenidae","Butterflies"
"Colias cesonia","Southern Dogface","Pieridae","Butterflies"
"Anaea troglodyta","Leafwing","Nymphalidae","Butterflies"
"Amblyscirtes vialis","Common Roadside-Skipper","Hesperiidae","Butterflies"
"Kricogonia lyside","Lyside Sulphur","Pieridae","Butterflies"
"Lethe anthedon","Northern Pearly-Eye","Nymphalidae","Butterflies"
"Battus philenor","Pipevine Swallowtail","Papilionidae","Butterflies"
"Callophrys gryneus","Juniper Hairstreak","Lycaenidae","Butterflies"
"Megathymus yuccae","Yucca Giant-Skipper","Hesperiidae","Butterflies"
"Limenitis archippus","Viceroy","Nymphalidae","Butterflies"
"Polygonia progne","Gray Comma","Nymphalidae","Butterflies"
"Nastra lherminier","Swarthy Skipper","Hesperiidae","Butterflies"
"Amblyscirtes aenus","Bronze Roadside-Skipper","Hesperiidae","Butterflies"
"Vanessa virginiensis","American Lady","Nymphalidae","Butterflies"
"Brephidium exilis","Western Pygmy-Blue","Lycaenidae","Butterflies"
"Achlyodes mithridates","Sickle-Winged Skipper","Hesperiidae","Butterflies"
"Asterocampa clyton","Tawny Emperor","Nymphalidae","Butterflies"
"Satyrium kingi","King's Hairstreak","Lycaenidae","Butterflies"
"Speyeria diana","Diana Fritillary","Nymphalidae","Butterflies"
"Epargyreus clarus","Silver-Spotted Skipper","Hesperiidae","Butterflies"
"Chlosyne nycteis","Silvery Checkerspot","Nymphalidae","Butterflies"
"Colias eurytheme","Orange Sulphur","Pieridae","Butterflies"
"Cyllopsis gemma","Gemmed Satyr","Nymphalidae","Butterflies"
"Hesperia metea","Cobweb Skipper","Hesperiidae","Butterflies"
"Lerema accius","Clouded Skipper","Hesperiidae","Butterflies"
"Lethe portlandia","Southern Pearly Eye","Nymphalidae","Butterflies"
"Megathymus cofaqui","Cofaqui Giant-Skipper","Hesperiidae","Butterflies"
"Glaucopsyche lygdamus","Silvery Blue","Lycaenidae","Butterflies"
"Paramacera xicaque","Mexican Pine-Satyr","Nymphalidae","Butterflies"
"Limenitis arthemis","Red-Spotted Admiral","Nymphalidae","Butterflies"
"Hermeuptychia hermes","Little Wood Satyr","Nymphalidae","Butterflies"
"Polygonia comma","Eastern Comma","Nymphalidae","Butterflies"
"Eurema mexicana","Mexican Yellow","Pieridae","Butterflies"
"Pyrgus baptisiae","null","Hesperiidae","Butterflies"
"Calycopis cecrops","Red-Banded Hairstreak","Lycaenidae","Butterflies"
"Pyrgus communis","Common Checkered-Skipper","Hesperiidae","Butterflies"
"Hesperia meskei","Meske's Skipper","Hesperiidae","Butterflies"
"Amblyscirtes reversa","Reversed Roadside-Skipper","Hesperiidae","Butterflies"
"Cogia outis","Outis Skipper","Hesperiidae","Butterflies"
"Callophrys henrici","Henry's Elfin","Lycaenidae","Butterflies"
"Pieris protodice","null","Pieridae","Butterflies"
"Wallengrenia otho","Southern Broken-Dash","Hesperiidae","Butterflies"
"Phoebis sennae","Cloudless Sulphur","Pieridae","Butterflies"
"Chlosyne lacinia","Bordered Patch","Nymphalidae","Butterflies"
"Pompeius verna","Little Glassywing","Hesperiidae","Butterflies"
"Nymphalis vaualbum","Compton Tortoiseshell","Nymphalidae","Butterflies"
"Amblyscirtes hegon","Pepper And Salt Skipper","Hesperiidae","Butterflies"
"Problema byssus","Byssus Skipper","Hesperiidae","Butterflies"
"Euchloe olympia","Olympia Marble","Pieridae","Butterflies"
"Calephelis borealis","Northern Metalmark","Riodinidae","Butterflies"
"Phaeostrymon alcestis","Soapberry Hairstreak","Lycaenidae","Butterflies"
"Polites vibex","Whirlabout","Hesperiidae","Butterflies"
"Agraulis vanillae","Gulf Fritillary","Nymphalidae","Butterflies"
"Harkenclenus titus","Coral Hairstreak","Lycaenidae","Butterflies"
"Lycaena phlaes","null","Lycaenidae","Butterflies"
"Urbanus proteus","Long-Tailed Skipper","Hesperiidae","Butterflies"
"Libytheana carinenta","American Snout","Nymphalidae","Butterflies"
"Calycopis isobeon","Dusky-Blue Groundstreak","Lycaenidae","Butterflies"
"Phoebis philea","Orange-Barred Sulphur","Pieridae","Butterflies"
"Amblyscirtes nysa","Nysa Roadside-Skipper","Hesperiidae","Butterflies"
"Atalopedes campestris","Sachem","Hesperiidae","Butterflies"
"Erynnis juvenalis","Juvenal's Duskywing","Hesperiidae","Butterflies"
"Thorybes pylades","Northern Cloudywing","Hesperiidae","Butterflies"
"Speyeria idalia","Regal Fritillary","Nymphalidae","Butterflies"
"Battus polydamas","Polydamas Swallowtail","Papilionidae","Butterflies"
"Copaeodes aurantiaca","Orange Skipperling","Hesperiidae","Butterflies"
"Ascia monuste","Great Southern White","Pieridae","Butterflies"
"Erynnis martialis","Mottled Duskywing","Hesperiidae","Butterflies"
"Amblyscirtes carolina","Carolina Roadside-Skipper","Hesperiidae","Butterflies"
"Celastrina argiolus","Spring/Summer Azure","Lycaenidae","Butterflies"
"Anartia jatrophae","White Peacock","Nymphalidae","Butterflies"
"Cercyonis pegala","Common Wood-Nymph","Nymphalidae","Butterflies"
"Colias philodice","Clouded Sulphur","Pieridae","Butterflies"
"Eurema nicippe","Sleepy Orange","Pieridae","Butterflies"
"Atrytone arogos","Arogos Skipper","Hesperiidae","Butterflies"
"Erynnis horatius","Horace's Duskywing","Hesperiidae","Butterflies"
"Phyciodes phaon","Phaon Crescent","Nymphalidae","Butterflies"
"Achalarus lyciades","Hoary Edge","Hesperiidae","Butterflies"
"Polygonia interrogationis","Question Mark","Nymphalidae","Butterflies"
"Euphyes dukesi","Dukes' Skipper","Hesperiidae","Butterflies"
"Asterocampa celtis","Hackberry Emperor","Nymphalidae","Butterflies"
"Lycaena hyllus","Bronze Copper","Lycaenidae","Butterflies"
"Pyrgus oileus","Tropical Checkered-Skipper","Hesperiidae","Butterflies"
"Neonympha areolata","Georgia Satyr","Nymphalidae","Butterflies"
"Poanes yehl","Yehl Skipper","Hesperiidae","Butterflies"
"Vanessa atalanta","Red Admiral","Nymphalidae","Butterflies"
"Wallengrenia egeremet","Northern Broken-Dash","Hesperiidae","Butterflies"
"Ancyloxypha numitor","Least Skipper","Hesperiidae","Butterflies"
"Staphylus hayhurstii","Hayhurst's Scallopwing","Hesperiidae","Butterflies"
"Nymphalis antiopa","Mourning Cloak","Nymphalidae","Butterflies"
"Papilio cresphontes","Giant Swallowtail","Papilionidae","Butterflies"
"Calephelis muticum","Swamp Metalmark","Riodinidae","Butterflies"
"Strymon melinus","Gray Hairstreak","Lycaenidae","Butterflies"
"Thorybes bathyllus","Southern Cloudywing","Hesperiidae","Butterflies"
"Euphyes dion","Dion Skipper","Hesperiidae","Butterflies"
"Feniseca tarquinius","Harvester","Lycaenidae","Butterflies"
"Amblyscirtes alternata","Dusky Roadside-Skipper","Hesperiidae","Butterflies"
"Atlides halesus","Great Purple Hairstreak","Lycaenidae","Butterflies"
"Parrhasius m-album","White M Hairstreak","Lycaenidae","Butterflies"
"Amblyscirtes celia","Celia's Roadside-Skipper","Hesperiidae","Butterflies"
"Leptotes marina","Marine Blue","Lycaenidae","Butterflies"
"Amblyscirtes aesculapius","Lace-Winged Roadside-Skipper","Hesperiidae","Butterflies"
"Celastrina nigra","Dusky Azure","Lycaenidae","Butterflies"
"Megisto cymela","Little Wood-Satyr","Nymphalidae","Butterflies"
"Thorybes confusis","Confused Cloudywing","Hesperiidae","Butterflies"
"Phyciodes texana","Texan Crescent","Nymphalidae","Butterflies"
"Vanessa cardui","Painted Lady","Nymphalidae","Butterflies"
"Eurema lisa","Little Yellow","Pieridae","Butterflies"
"Anaea andria","Goatweed Leafwing","Nymphalidae","Butterflies"
"Atrytonopsis hianna","Dusted Skipper","Hesperiidae","Butterflies"
"Pholisora catullus","Common Sootywing","Hesperiidae","Butterflies"
"Erynnis icelus","Dreamy Dusky-Wing","Hesperiidae","Butterflies"
"Callophrys niphon","Eastern Pine Elfin","Lycaenidae","Butterflies"
"Speyeria cybele","Great Spangled Fritillary","Nymphalidae","Butterflies"
"Aguna asander","Gold-Spotted Aguna","Hesperiidae","Butterflies"
"Oligoria maculata","Twin-Spot Skipper","Hesperiidae","Butterflies"
"Papilio polyxenes","Black Swallowtail","Papilionidae","Butterflies"
"Precis coenia","Common Buckeye","Nymphalidae","Butterflies"
"Chlosyne harrisii","Harris' Checkerspot","Nymphalidae","Butterflies"
"Erynnis zarucco","Zarucco Duskywing","Hesperiidae","Butterflies"
"Danaus plexippus","Monarch","Nymphalidae","Butterflies"
"Polites origenes","Crossline Skipper","Hesperiidae","Butterflies"
"Fixsenia favonius","Southern Hairstreak","Lycaenidae","Butterflies"
"Phyciodes tharos","Pearl Crescent","Nymphalidae","Butterflies"
"Polites themistocles","Tawny-Edged Skipper","Hesperiidae","Butterflies"
"Boloria frisia","null","Nymphalidae","Butterflies"
"Poanes viator","Broad-Winged Skipper","Hesperiidae","Butterflies"
"Leptotes cassius","Cassius Blue","Lycaenidae","Butterflies"
"Hemiargus isola","Reakirt's Blue","Lycaenidae","Butterflies"
"Phoebis argante","Apricot Sulphur","Pieridae","Butterflies"
"Bombus variabilis","Yellow-Faced Bumblebee","Apidae","Bumblebees"
"Bombus fervidus","Yellow Bumble Bee","Apidae","Bumblebees"
"Bombus auricomus","Black And Gold Bumble Bee","Apidae","Bumblebees"
"Bombus fraternus","Southern Plains Bumble Bee","Apidae","Bumblebees"
"Bombus pensylvanicus","American Bumble Bee","Apidae","Bumblebees"
"Bombus impatiens","Indiscriminate Cuckoo Bumble Bee","Apidae","Bumblebees"
"Bombus bimaculatus","Two-Spotted Bumble Bee","Apidae","Bumblebees"
"Bombus griseocollis","Brown-Belted Bumble Bee","Apidae","Bumblebees"
"Bombus vagans","Half-Black Bumble Bee","Apidae","Bumblebees"
"Bombus perplexus","Red-Belted Bumble Bee","Apidae","Bumblebees"
"Gomphus exilis","Lancet Clubtail","Gomphidae","Dragonflies"
"Dythemis velox","Swift Setwing","Libellulidae","Dragonflies"
"Argia tibialis","Blue-Tipped Dancer","Coenagrionidae","Dragonflies"
"Erythemis vesiculosa","Great Pondhawk","Libellulidae","Dragonflies"
"Ischnura prognata","Furtive Forktail","Coenagrionidae","Dragonflies"
"Epitheca cynosura","Common Baskettail","Corduliidae","Dragonflies"
"Arigomphus submedianus","Jade Clubtail","Gomphidae","Dragonflies"
"Stylogomphus sigmastylus","Interior Least Clubtail","Gomphidae","Dragonflies"
"Gomphus militaris","Sulphur-Tipped Clubtail","Gomphidae","Dragonflies"
"Gomphus quadricolor","Rapids Clubtail","Gomphidae","Dragonflies"
"Argia immunda","Kiowa Dancer","Coenagrionidae","Dragonflies"
"Libellula pulchella","Twelve-Spotted Skimmer","Libellulidae","Dragonflies"
"Somatochlora filosa","Fine-Lined Emerald","Corduliidae","Dragonflies"
"Lestes eurinus","Amber-Winged Spreadwing","Lestidae","Dragonflies"
"Aphylla williamsoni","Two-Striped Forceptail","Gomphidae","Dragonflies"
"Macromia alleghaniensis","Allegheny River Cruiser","Corduliidae","Dragonflies"
"Tramea lacerata","Black Saddlebags","Libellulidae","Dragonflies"
"Hetaerina titia","Smoky Rubyspot","Calopterygidae","Dragonflies"
"Coryphaeschna ingens","Regal Darner","Aeshnidae","Dragonflies"
"Gomphaeschna furcillata","Harlequin Darner","Aeshnidae","Dragonflies"
"Enallagma traviatum","Slender Bluet","Coenagrionidae","Dragonflies"
"Celithemis ornata","Ornate Pennant","Libellulidae","Dragonflies"
"Neurocordulia yamaskanensis","Stygian Shadowdragon","Corduliidae","Dragonflies"
"Pantala flavescens","Wandering Glider","Libellulidae","Dragonflies"
"Ischnura verticalis","Eastern Forktail","Coenagrionidae","Dragonflies"
"Arigomphus lentulus","Stillwater Clubtail","Gomphidae","Dragonflies"
"Enallagma vesperum","Vesper Bluet","Coenagrionidae","Dragonflies"
"Rhionaeschna multicolor","Blue-Eyed Darner","Aeshnidae","Dragonflies"
"Tholymis citrina","Evening Skimmer","Libellulidae","Dragonflies"
"Miathyria marcella","Hyacinth Glider","Libellulidae","Dragonflies"
"Libellula incesta","Slaty Skimmer","Libellulidae","Dragonflies"
"Lestes rectangularis","Slender Spreadwing","Lestidae","Dragonflies"
"Gomphus ozarkensis","Ozark Clubtail","Gomphidae","Dragonflies"
"Stylurus notatus","Elusive Clubtail","Gomphidae","Dragonflies"
"Sympetrum ambiguum","Blue-Faced Meadowhawk","Libellulidae","Dragonflies"
"Ischnura kellicotti","Lilypad Forktail","Coenagrionidae","Dragonflies"
"Stylurus plagiatus","Russet-Tipped Clubtail","Gomphidae","Dragonflies"
"Ischnura ramburii","Rambur's Forktail","Coenagrionidae","Dragonflies"
"Argia fumipennis","Variable Dancer","Coenagrionidae","Dragonflies"
"Micrathyria hagenii","Thornbush Dasher","Libellulidae","Dragonflies"
"Epitheca spinosa","Robust Baskettail","Corduliidae","Dragonflies"
"Dythemis fugax","Checkered Setwing","Libellulidae","Dragonflies"
"Cordulegaster erronea","Tiger Spiketail","Cordulegastridae","Dragonflies"
"Sympetrum costiferum","Saffron-Winged Meadowhawk","Libellulidae","Dragonflies"
"Libellula semifasciata","Painted Skimmer","Libellulidae","Dragonflies"
"Libellula auripennis","Golden-Winged Skimmer","Libellulidae","Dragonflies"
"Libellula luctuosa","Widow Skimmer","Libellulidae","Dragonflies"
"Aphylla protracta","Narrow-Striped Forceptail","Gomphidae","Dragonflies"
"Arigomphus villosipes","Unicorn Clubtail","Gomphidae","Dragonflies"
"Argia nahuana","Aztec Dancer","Coenagrionidae","Dragonflies"
"Enallagma aspersum","Azure Bluet","Coenagrionidae","Dragonflies"
"Nehalennia integricollis","Southern Sprite","Coenagrionidae","Dragonflies"
"Macromia illinoiensis","Swift River Cruiser","Corduliidae","Dragonflies"
"Chromagrion conditum","Aurora Damsel","Coenagrionidae","Dragonflies"
"Stylurus spiniceps","Arrow Clubtail","Gomphidae","Dragonflies"
"Lestes vigilax","Swamp Spreadwing","Lestidae","Dragonflies"
"Dromogomphus spinosus","Black-Shouldered Spinyleg","Gomphidae","Dragonflies"
"Calopteryx dimidiata","Sparkling Jewelwing","Calopterygidae","Dragonflies"
"Argia sedula","Blue-Ringed Dancer","Coenagrionidae","Dragonflies"
"Enallagma civile","Familiar Bluet","Coenagrionidae","Dragonflies"
"Celithemis verna","Double-Ringed Pennant","Libellulidae","Dragonflies"
"Boyeria vinosa","Fawn Darner","Aeshnidae","Dragonflies"
"Neurocordulia molesta","Smoky Shadowdragon","Corduliidae","Dragonflies"
"Pantala hymenaea","Spot-Winged Glider","Libellulidae","Dragonflies"
"Helocordulia uhleri","Uhler's Sundragon","Corduliidae","Dragonflies"
"Gomphus graslinellus","Pronghorn Clubtail","Gomphidae","Dragonflies"
"Gomphus modestus","Gulf Clubtail","Gomphidae","Dragonflies"
"Telebasis byersi","Duckweed Firetail","Coenagrionidae","Dragonflies"
"Argia apicalis","Blue-Fronted Dancer","Coenagrionidae","Dragonflies"
"Celithemis amanda","Amanda's Pennant","Libellulidae","Dragonflies"
"Gomphus oklahomensis","Oklahoma Clubtail","Gomphidae","Dragonflies"
"Argia translata","Dusky Dancer","Coenagrionidae","Dragonflies"
"Macromia taeniolata","Royal River Cruiser","Corduliidae","Dragonflies"
"Gomphus externus","Plains Clubtail","Gomphidae","Dragonflies"
"Aeshna constricta","Lance-Tipped Darner","Aeshnidae","Dragonflies"
"Erythrodiplax minuscula","Little Blue Dragonlet","Libellulidae","Dragonflies"
"Sympetrum vicinum","Autumn Meadowhawk","Libellulidae","Dragonflies"
"Lestes inaequalis","Elegant Spreadwing","Lestidae","Dragonflies"
"Macromia pacifica","Gilded River Cruiser","Corduliidae","Dragonflies"
"Libellula cyanea","Spangled Skimmer","Libellulidae","Dragonflies"
"Anax longipes","Comet Darner","Aeshnidae","Dragonflies"
"Stylurus laurae","Laura's Clubtail","Gomphidae","Dragonflies"
"Amphiagrion saucium","Eastern Red Damsel","Coenagrionidae","Dragonflies"
"Enallagma signatum","Orange Bluet","Coenagrionidae","Dragonflies"
"Gomphus apomyius","Banner Clubtail","Gomphidae","Dragonflies"
"Ischnura hastata","Citrine Forktail","Coenagrionidae","Dragonflies"
"Basiaeschna janata","Springtime Darner","Aeshnidae","Dragonflies"
"Tramea calverti","Striped Saddlebags","Libellulidae","Dragonflies"
"Erythemis simplicicollis","Eastern Pondhawk","Libellulidae","Dragonflies"
"Brechmorhoga mendax","Pale-Faced Clubskimmer","Libellulidae","Dragonflies"
"Libellula needhami","Needham's Skimmer","Libellulidae","Dragonflies"
"Gomphus fraternus","Midland Clubtail","Gomphidae","Dragonflies"
"Ophiogomphus westfalli","Westfall's Snaketail","Gomphidae","Dragonflies"
"Anax junius","Green Darner","Aeshnidae","Dragonflies"
"Arigomphus maxwelli","Bayou Clubtail","Gomphidae","Dragonflies"
"Erpetogomphus designatus","Eastern Ringtail","Gomphidae","Dragonflies"
"Enallagma daeckii","Attenuated Bluet","Coenagrionidae","Dragonflies"
"Epitheca princeps","Prince Baskettail","Corduliidae","Dragonflies"
"Helocordulia selysii","Selys' Sundragon","Corduliidae","Dragonflies"
"Somatochlora linearis","Mocha Emerald","Corduliidae","Dragonflies"
"Lestes unguiculatus","Lyre-Tipped Spreadwing","Lestidae","Dragonflies"
"Sympetrum internum","Cherry-Faced Meadowhawk","Libellulidae","Dragonflies"
"Calopteryx maculata","Ebony Jewelwing","Calopterygidae","Dragonflies"
"Neurocordulia xanthosoma","Orange Shadowdragon","Corduliidae","Dragonflies"
"Hetaerina americana","American Rubyspot","Calopterygidae","Dragonflies"
"Cordulegaster obliqua","Arrowhead Spiketail","Cordulegastridae","Dragonflies"
"Neurocordulia virginiensis","Cinnamon Shadowdragon","Corduliidae","Dragonflies"
"Plathemis lydia","Common Whitetail","Libellulidae","Dragonflies"
"Somatochlora provocans","Treetop Emerald","Corduliidae","Dragonflies"
"Dromogomphus spoliatus","Flag-Tailed Spinyleg","Gomphidae","Dragonflies"
"Gomphus hybridus","Cocoa Clubtail","Gomphidae","Dragonflies"
"Archilestes grandis","Great Spreadwing","Lestidae","Dragonflies"
"Sympetrum corruptum","Variegated Meadowhawk","Libellulidae","Dragonflies"
"Perithemis tenera","Eastern Amberwing","Libellulidae","Dragonflies"
"Epitheca semiaquea","Mantled Baskettail","Corduliidae","Dragonflies"
"Enallagma divagans","Turquoise Bluet","Coenagrionidae","Dragonflies"
"Lestes congener","Spotted Spreadwing","Lestidae","Dragonflies"
"Somatochlora margarita","Big Thicket Emerald Dragonfly","Corduliidae","Dragonflies"
"Orthemis ferruginea","Roseate Skimmer","Libellulidae","Dragonflies"
"Lestes australis","Southern Spreadwing","Lestidae","Dragonflies"
"Pachydiplax longipennis","Blue Dasher","Libellulidae","Dragonflies"
"Lestes forcipatus","Sweetflag Spreadwing","Lestidae","Dragonflies"
"Celithemis fasciata","Banded Pennant","Libellulidae","Dragonflies"
"Celithemis eponina","Halloween Pennant","Libellulidae","Dragonflies"
"Aeshna umbrosa","Shadow Darner","Aeshnidae","Dragonflies"
"Argia moesta","Powdered Dancer","Coenagrionidae","Dragonflies"
"Gomphus vastus","Cobra Clubtail","Gomphidae","Dragonflies"
"Enallagma geminatum","Skimming Bluet","Coenagrionidae","Dragonflies"
"Tramea carolina","Carolina Saddlebags","Libellulidae","Dragonflies"
"Libellula vibrans","Great Blue Skimmer","Libellulidae","Dragonflies"
"Hagenius brevistylus","Dragonhunter","Gomphidae","Dragonflies"
"Tachopteryx thoreyi","Gray Petaltail","Petaluridae","Dragonflies"
"Brachymesia gravida","Four-Spotted Pennant","Libellulidae","Dragonflies"
"Epitheca costalis","Slender Baskettail","Corduliidae","Dragonflies"
"Erythrodiplax umbrata","Band-Winged Dragonlet","Libellulidae","Dragonflies"
"Gomphus lineatifrons","Splendid Clubtail","Gomphidae","Dragonflies"
"Lestes dryas","Scarce Emerald Damselfly","Lestidae","Dragonflies"
"Epitheca petechialis","Dot-Winged Baskettail","Corduliidae","Dragonflies"
"Nasiaeschna pentacantha","Cyrano Darner","Aeshnidae","Dragonflies"
"Somatochlora tenebrosa","Clamp-Tipped Emerald","Corduliidae","Dragonflies"
"Cordulegaster maculata","Twin-Spotted Spiketail","Cordulegastridae","Dragonflies"
"Ladona deplanata","Blue Corporal","Libellulidae","Dragonflies"
"Somatochlora ozarkensis","Ozark Emerald","Corduliidae","Dragonflies"
"Rhionaeschna mutata","Spatterdock Darner","Aeshnidae","Dragonflies"
"Epiaeschna heros","Swamp Darner","Aeshnidae","Dragonflies"
"Enallagma basidens","Double-Striped Bluet","Coenagrionidae","Dragonflies"
"Gomphus lividus","Ashy Clubtail","Gomphidae","Dragonflies"
"Argia bipunctulata","Seepage Dancer","Coenagrionidae","Dragonflies"
"Tramea onusta","Red Saddlebags","Libellulidae","Dragonflies"
"Libellula axilena","Bar-Winged Skimmer","Libellulidae","Dragonflies"
"Celithemis elisa","Calico Pennant","Libellulidae","Dragonflies"
"Progomphus obscurus","Common Sanddragon","Gomphidae","Dragonflies"
"Libellula flavida","Yellow-Sided Skimmer","Libellulidae","Dragonflies"
"Gynacantha nervosa","Twilight Darner","Aeshnidae","Dragonflies"
"Enallagma exsulans","Stream Bluet","Coenagrionidae","Dragonflies"
"Dythemis nigrescens","Black Setwing","Libellulidae","Dragonflies"
"Enallagma dubium","Burgundy Bluet","Coenagrionidae","Dragonflies"
"Ischnura posita","Fragile Forktail","Coenagrionidae","Dragonflies"
"Argia plana","Springwater Dancer","Coenagrionidae","Dragonflies"
"Chionanthus virginicus","Fringetree","Oleaceae","Trees"
"Quercus velutina","Black Oak","Fagaceae","Trees"
"Bumelia lycioides","Buckthorn Bumelia","Sapotaceae","Trees"
"Magnolia tripetala","Umbrella Magnolia","Magnoliaceae","Trees"
"Bumelia lanuginosa","Chittamwood","Sapotaceae","Trees"
"Ilex verticillata","Virginia Winterberry","Aquifoliaceae","Trees"
"Carya tomentosa","Mockernut Hickory","Juglandaceae","Trees"
"Nyssa sylvatica","Black Tupelo","Cornaceae","Trees"
"Prunus americana","American Plum","Rosaceae","Trees"
"Myrica cerifera","Bayberry","Myricaceae","Trees"
"Gleditsia aquatica","Water-Locust","Leguminosae","Trees"
"Quercus marilandica","Blackjack Oak","Fagaceae","Trees"
"Erythrina herbacea","Redcardinal","Leguminosae","Trees"
"Quercus palustris","Pin Oak","Fagaceae","Trees"
"Viburnum prunifolium","Black Haw","Adoxaceae","Trees"
"Styrax americana","American Snowbell","Styracaceae","Trees"
"Carya laciniosa","Shellbark Hickory","Juglandaceae","Trees"
"Salix caroliniana","Coastal Plain Willow","Salicaceae","Trees"
"Acer rubrum","Red Maple","Sapindaceae","Trees"
"Juglans cinerea","White Walnut","Juglandaceae","Trees"
"Zanthoxylum clava-herculis","Southern Prickly-Ash","Rutaceae","Trees"
"Quercus alba","White Oak","Fagaceae","Trees"
"Ilex decidua","Possum Haw","Aquifoliaceae","Trees"
"Catalpa speciosa","Catawba","Bignoniaceae","Trees"
"Zanthoxylum americanum","Toothachetree","Rutaceae","Trees"
"Maclura pomifera","Osage-Orange","Moraceae","Trees"
"Leitneria floridana","Corkwood","Simaroubaceae","Trees"
"Quercus phellos","Willow Oak","Fagaceae","Trees"
"Baccharis halimifolia","Tree Groundsel","Compositae","Trees"
"Aralia spinosa","Hercules'-Club","Araliaceae","Trees"
"Cephalanthus occidentalis","Common Buttonbush","Rubiaceae","Trees"
"Robinia pseudoacacia","False-Acacia","Leguminosae","Trees"
"Quercus rubra","Red Oak","Fagaceae","Trees"
"Prunus mexicana","Mexican Plum","Rosaceae","Trees"
"Diospyros virginiana","American Persimmon","Ebenaceae","Trees"
"Viburnum nudum","Possum-Haw Viburnum","Adoxaceae","Trees"
"Fraxinus profunda","Pumpkin Ash","Oleaceae","Trees"
"Quercus nigra","Water Oak","Fagaceae","Trees"
"Ulmus rubra","Slippery Elm","Ulmaceae","Trees"
"Cornus alternifolia","Pagoda Dogwood","Cornaceae","Trees"
"Myrica heterophylla","Evergreen Bayberry","Myricaceae","Trees"
"Fagus grandifolia","American Beech","Fagaceae","Trees"
"Quercus arkansana","Arkansas Oak","Fagaceae","Trees"
"Quercus shumardii","Shumard Oak","Fagaceae","Trees"
"Fraxinus pennsylvanica","Red Ash","Oleaceae","Trees"
"Magnolia acuminata","Cucumber-Tree","Magnoliaceae","Trees"
"Juglans nigra","Black Walnut","Juglandaceae","Trees"
"Juniperus virginiana","American Juniper","Cupressaceae","Trees"
"Acer saccharinum","Silver Maple","Sapindaceae","Trees"
"Quercus incana","Blue Jack Oak","Fagaceae","Trees"
"Malus ioensis","Prairie Crab Apple","Rosaceae","Trees"
"Quercus muehlenbergii","Chinkapin Oak","Fagaceae","Trees"
"Salix amygdaloides","Peach-Leaf Willow","Salicaceae","Trees"
"Prunus angustifolia","Sand Plum","Rosaceae","Trees"
"Carya aquatica","Bitter Pecan","Juglandaceae","Trees"
"Sambucus canadensis","Elderberry","Adoxaceae","Trees"
"Prunus munsoniana","Wildgrove Plum","Rosaceae","Trees"
"Styrax grandifolia","Bigleaf Snowbell","Styracaceae","Trees"
"Sophora affinis","Eve's Necklace","Leguminosae","Trees"
"Populus deltoides","Eastern Cottonwood","Salicaceae","Trees"
"Tilia heterophylla","American Basswood","Malvaceae","Trees"
"Castanea pumila","Allegheny Chinkapin","Fagaceae","Trees"
"Ostrya virginiana","Ironwood","Betulaceae","Trees"
"Quercus stellata","Post Oak","Fagaceae","Trees"
"Cercis canadensis","Eastern Redbud","Leguminosae","Trees"
"Celtis occidentalis","Hackberry","Cannabaceae","Trees"
"Sabal minor","Scrub Palmetto","Arecaceae","Trees"
"Quercus michauxii","Swamp Chestnut Oak","Fagaceae","Trees"
"Carya cordiformis","Pignut","Juglandaceae","Trees"
"Celtis laevigata","Sugar Hackberry","Cannabaceae","Trees"
"Celtis tenuifolia","Georgia Hackberry","Cannabaceae","Trees"
"Hamamelis virginiana","Witch-Hazel","Hamamelidaceae","Trees"
"Quercus nuttallii","Texas Red Oak","Fagaceae","Trees"
"Rhus copallina","Flameleaf Sumac","Anacardiaceae","Trees"
"Sapindus drummondii","Western Soapberry","Sapindaceae","Trees"
"Stewartia malacodendron","Virginia Stewartia","Theaceae","Trees"
"Viburnum rufidulum","Blue Haw","Adoxaceae","Trees"
"Fraxinus caroliniana","Water Ash","Oleaceae","Trees"
"Salix sericea","Silky Willow","Salicaceae","Trees"
"Ptelea trifoliata","Hoptree","Rutaceae","Trees"
"Aesculus pavia","Red Buckeye","Sapindaceae","Trees"
"Carya ovata","Shagbark Hickory","Juglandaceae","Trees"
"Ilex opaca","American Holly","Aquifoliaceae","Trees"
"Cornus drummondii","Northern Roughleaf Dogwood","Cornaceae","Trees"
"Asimina triloba","Pawpaw","Annonaceae","Trees"
"Cotinus obovatus","American Smoketree","Anacardiaceae","Trees"
"Quercus lyrata","Swamp Post Oak","Fagaceae","Trees"
"Rhamnus caroliniana","Carolina Buckthorn","Rhamnaceae","Trees"
"Ulmus americana","American Elm","Ulmaceae","Trees"
"Juniperus ashei","Ashe Juniper","Cupressaceae","Trees"
"Fraxinus americana","White Ash","Oleaceae","Trees"
"Staphylea trifolia","American Bladdernut","Staphyleaceae","Trees"
"Platanus occidentalis","Buttonwood","Platanaceae","Trees"
"Ulmus thomasii","Cork Elm","Ulmaceae","Trees"
"Prunus hortulana","Hortulan Plum","Rosaceae","Trees"
"Rhus glabra","Smooth Sumac","Anacardiaceae","Trees"
"Ulmus serotina","September Elm","Ulmaceae","Trees"
"Cornus stricta","Stiff Dogwood","Cornaceae","Trees"
"Carya texana","Black Hickory","Juglandaceae","Trees"
"Pinus taeda","Loblolly Pine","Pinaceae","Trees"
"Acer barbatum","Florida Maple","Sapindaceae","Trees"
"Malus coronaria","Sweet Crab Apple","Rosaceae","Trees"
"Salix nigra","Black Willow","Salicaceae","Trees"
"Quercus laurifolia","Laurel Oak","Fagaceae","Trees"
"Populus heterophylla","Swamp Cottonwood","Salicaceae","Trees"
"Persea borbonia","Red Bay","Lauraceae","Trees"
"Carya glabra","Sweet Pignut","Juglandaceae","Trees"
"Malus angustifolia","Southern Crab Apple","Rosaceae","Trees"
"Gleditsia triacanthos","Honey-Locust","Leguminosae","Trees"
"Quercus falcata","Southern Red Oak","Fagaceae","Trees"
"Nyssa aquatica","Water Tupelo","Cornaceae","Trees"
"Aesculus glabra","Ohio Buckeye","Sapindaceae","Trees"
"Cornus florida","Flowering Dogwood","Cornaceae","Trees"
"Pinus echinata","Shortleaf Pine","Pinaceae","Trees"
"Acer negundo","Ash-Leaf Maple","Sapindaceae","Trees"
"Acer nigrum","Black Maple","Sapindaceae","Trees"
"Ulmus alata","Wahoo Elm","Ulmaceae","Trees"
"Gymnocladus dioicus","Kentucky Coffeetree","Leguminosae","Trees"
"Tilia caroliniana","Carolina Broomwood","Malvaceae","Trees"
"Prunus umbellata","Hog Plum","Rosaceae","Trees"
"Vaccinium arboreum","Farkleberry","Ericaceae","Trees"
"Quercus bicolor","Swamp White Oak","Fagaceae","Trees"
"Magnolia virginiana","Sweet Bay","Magnoliaceae","Trees"
"Forestiera acuminata","Texas Forestiera","Oleaceae","Trees"
"Morus rubra","Red Mulberry","Moraceae","Trees"
"Quercus imbricaria","Shingle Oak","Fagaceae","Trees"
"Ulmus crassifolia","Cedar Elm","Ulmaceae","Trees"
"Carya illinoensis","Pecan","Juglandaceae","Trees"
"Cladrastis kentukea","Yellow Wood","Leguminosae","Trees"
"Betula nigra","River Birch","Betulaceae","Trees"
"Carya myristicaeformis","null","Juglandaceae","Trees"
"Tilia americana","American Basswood","Malvaceae","Trees"
"Amelanchier arborea","Downy Serviceberry","Rosaceae","Trees"
"Carpinus caroliniana","American Hornbeam","Betulaceae","Trees"
"Ilex vomitoria","Yaupon","Aquifoliaceae","Trees"
"Symplocos tinctoria","Sweetleaf","Symplocaceae","Trees"
"Quercus coccinea","Scarlet Oak","Fagaceae","Trees"
"Ilex ambigua","Carolina Holly","Aquifoliaceae","Trees"
"Salix exigua","Sandbar Willow","Salicaceae","Trees"
"Acer leucoderme","Chalk Maple","Sapindaceae","Trees"
"Castanea ozarkensis","Ozark Chinkapin","Fagaceae","Trees"
"Acer saccharum","Sugar Maple","Sapindaceae","Trees"
"Taxodium distichum","Bald Cypress","Cupressaceae","Trees"
"Alnus serrulata","Hazel Alder","Betulaceae","Trees"
"Halesia carolina","Little Silverbell","Styracaceae","Trees"
"Sassafras albidum","White Sassafras","Lauraceae","Trees"
"Halesia diptera","American Snowdrop Tree","Styracaceae","Trees"
"Euonymus atropurpureus","Wahoo","Celastraceae","Trees"
"Cornus racemosa","Panicled Dogwood","Cornaceae","Trees"
"Liriodendron tulipifera","Tulip-Tree","Magnoliaceae","Trees"
"Planera aquatica","Water-Elm","Ulmaceae","Trees"
"Quercus macrocarpa","Mossy-Cup Oak","Fagaceae","Trees"
"Quercus durandii","Bastard Oak","Fagaceae","Trees"
"Fraxinus quadrangulata","Blue Ash","Oleaceae","Trees"
"Prunus serotina","Black Cherry","Rosaceae","Trees"
"Liquidambar styraciflua","Sweet-Gum","Altingiaceae","Trees"
"Carya pallida","Sand Hickory","Juglandaceae","Trees"
"Magnolia macrophylla","Big-Leaf Magnolia","Magnoliaceae","Trees"
"Escobaria missouriensis","Missouri Foxtail Cactus","Cactaceae","Cacti"
"Cylindropuntia leptocaulis","Desert Christmas Cactus","Cactaceae","Cacti"
"Opuntia humifusa","Creeping-Pear","Cactaceae","Cacti"
"Opuntia macrorhiza","Western Prickly-Pear","Cactaceae","Cacti"
