Downloaded from https://mol.org on Jun 20, 2022. Inclusive species list based on approximate intersections with Political boundary polygon for the Iowa region. 


"Scientific Name","Common Name","Family","Taxonomic Group"
"Nyctanassa violacea","Yellow-Crowned Night-Heron","Ardeidae","Birds"
"Strix varia","Barred Owl","Strigidae","Birds"
"Calidris minutilla","Least Sandpiper","Scolopacidae","Birds"
"Falco columbarius","Merlin","Falconidae","Birds"
"Passer domesticus","House Sparrow","Passeridae","Birds"
"Pica hudsonia","Black-Billed Magpie","Corvidae","Birds"
"Pandion haliaetus","Osprey","Accipitridae","Birds"
"Chondestes grammacus","Lark Sparrow","Emberizidae","Birds"
"Chen rossii","Ross's Goose","Anatidae","Birds"
"Vermivora chrysoptera","Golden-Winged Warbler","Parulidae","Birds"
"Ammodramus leconteii","Le Conte's Sparrow","Emberizidae","Birds"
"Ardea herodias","Great Blue Heron","Ardeidae","Birds"
"Cistothorus platensis","Sedge Wren","Troglodytidae","Birds"
"Actitis macularius","Spotted Sandpiper","Scolopacidae","Birds"
"Parula americana","Northern Parula","Parulidae","Birds"
"Porzana carolina","Sora","Rallidae","Birds"
"Dryocopus pileatus","Pileated Woodpecker","Picidae","Birds"
"Ammodramus nelsoni","Nelson's Sparrow","Emberizidae","Birds"
"Petrochelidon pyrrhonota","Cliff Swallow","Hirundinidae","Birds"
"Gallinago gallinago","Common Snipe","Scolopacidae","Birds"
"Protonotaria citrea","Prothonotary Warbler","Parulidae","Birds"
"Wilsonia citrina","Hooded Warbler","Parulidae","Birds"
"Aythya marila","Greater Scaup","Anatidae","Birds"
"Zenaida macroura","Mourning Dove","Columbidae","Birds"
"Polioptila caerulea","Blue-Grey Gnatcatcher","Polioptilidae","Birds"
"Hirundo rustica","Barn Swallow","Hirundinidae","Birds"
"Gallinula chloropus","Common Moorhen","Rallidae","Birds"
"Dendroica striata","Blackpoll Warbler","Parulidae","Birds"
"Wilsonia canadensis","Canada Warbler","Parulidae","Birds"
"Lanius excubitor","Great Grey Shrike","Laniidae","Birds"
"Megaceryle alcyon","Belted Kingfisher","Alcedinidae","Birds"
"Charadrius semipalmatus","Semipalmated Plover","Charadriidae","Birds"
"Eremophila alpestris","Horned Lark","Alaudidae","Birds"
"Larus delawarensis","Ring-Billed Gull","Laridae","Birds"
"Mniotilta varia","Black-And-White Warbler","Parulidae","Birds"
"Empidonax minimus","Least Flycatcher","Tyrannidae","Birds"
"Molothrus ater","Brown-Headed Cowbird","Icteridae","Birds"
"Asio otus","Long-Eared Owl","Strigidae","Birds"
"Lophodytes cucullatus","Hooded Merganser","Anatidae","Birds"
"Lanius ludovicianus","Loggerhead Shrike","Laniidae","Birds"
"Chlidonias niger","Black Tern","Laridae","Birds"
"Hylocichla mustelina","Wood Thrush","Turdidae","Birds"
"Coccyzus americanus","Yellow-Billed Cuckoo","Cuculidae","Birds"
"Aythya collaris","Ring-Necked Duck","Anatidae","Birds"
"Cyanocitta cristata","Blue Jay","Corvidae","Birds"
"Empidonax flaviventris","Yellow-Bellied Flycatcher","Tyrannidae","Birds"
"Anas platyrhynchos","Mallard","Anatidae","Birds"
"Setophaga ruticilla","American Redstart","Parulidae","Birds"
"Calcarius ornatus","Chestnut-Collared Longspur","Emberizidae","Birds"
"Euphagus cyanocephalus","Brewer's Blackbird","Icteridae","Birds"
"Buteo lineatus","Red-Shouldered Hawk","Accipitridae","Birds"
"Aythya affinis","Lesser Scaup","Anatidae","Birds"
"Podiceps nigricollis","Black-Necked Grebe","Podicipedidae","Birds"
"Anas discors","Blue-Winged Teal","Anatidae","Birds"
"Seiurus aurocapilla","Ovenbird","Parulidae","Birds"
"Catharus guttatus","Hermit Thrush","Turdidae","Birds"
"Perdix perdix","Grey Partridge","Phasianidae","Birds"
"Dendroica coronata","Yellow-Rumped Warbler","Parulidae","Birds"
"Vermivora peregrina","Tennessee Warbler","Parulidae","Birds"
"Vireo olivaceus","Red-Eyed Vireo","Vireonidae","Birds"
"Botaurus lentiginosus","American Bittern","Ardeidae","Birds"
"Vireo griseus","White-Eyed Vireo","Vireonidae","Birds"
"Spizella passerina","Chipping Sparrow","Emberizidae","Birds"
"Calidris bairdii","Baird's Sandpiper","Scolopacidae","Birds"
"Carpodacus purpureus","Purple Finch","Fringillidae","Birds"
"Geothlypis trichas","Common Yellowthroat","Parulidae","Birds"
"Anas americana","American Wigeon","Anatidae","Birds"
"Anas crecca","Common Teal","Anatidae","Birds"
"Dendroica cerulea","Cerulean Warbler","Parulidae","Birds"
"Passerculus sandwichensis","Savannah Sparrow","Emberizidae","Birds"
"Calcarius lapponicus","Lapland Longspur","Emberizidae","Birds"
"Buteo platypterus","Broad-Winged Hawk","Accipitridae","Birds"
"Buteo lagopus","Rough-Legged Buzzard","Accipitridae","Birds"
"Seiurus noveboracensis","Northern Waterthrush","Parulidae","Birds"
"Columba livia","Rock Dove","Columbidae","Birds"
"Bubo scandiaca","Snowy Owl","Strigidae","Birds"
"Oporornis formosus","Kentucky Warbler","Parulidae","Birds"
"Buteo swainsoni","Swainson's Hawk","Accipitridae","Birds"
"Vermivora ruficapilla","Nashville Warbler","Parulidae","Birds"
"Coccothraustes vespertinus","Evening Grosbeak","Fringillidae","Birds"
"Picoides pubescens","Downy Woodpecker","Picidae","Birds"
"Junco hyemalis","Dark-Eyed Junco","Emberizidae","Birds"
"Calidris melanotos","Pectoral Sandpiper","Scolopacidae","Birds"
"Carduelis flammea","Common Redpoll","Fringillidae","Birds"
"Larus pipixcan","Franklin's Gull","Laridae","Birds"
"Calcarius pictus","Smith's Longspur","Emberizidae","Birds"
"Parkesia noveboracensis","Northern Waterthrush","Parulidae","Birds"
"Buteo jamaicensis","Red-Tailed Hawk","Accipitridae","Birds"
"Anser albifrons","Greater White-Fronted Goose","Anatidae","Birds"
"Falco sparverius","American Kestrel","Falconidae","Birds"
"Cathartes aura","Turkey Vulture","Cathartidae","Birds"
"Empidonax virescens","Acadian Flycatcher","Tyrannidae","Birds"
"Vireo solitarius","Solitary Vireo","Vireonidae","Birds"
"Cardinalis cardinalis","Common Cardinal","Cardinalidae","Birds"
"Dendroica tigrina","Cape May Warbler","Parulidae","Birds"
"Fulica americana","American Coot","Rallidae","Birds"
"Seiurus motacilla","Louisiana Waterthrush","Parulidae","Birds"
"Tympanuchus cupido","Greater Prairie-Chicken","Phasianidae","Birds"
"Parus atricapillus","Black-Capped Chickadee","Paridae","Birds"
"Butorides virescens","Green Heron","Ardeidae","Birds"
"Colaptes auratus","Northern Flicker","Picidae","Birds"
"Catharus fuscescens","Veery","Turdidae","Birds"
"Sterna forsteri","Forster's Tern","Laridae","Birds"
"Spizella arborea","American Tree Sparrow","Emberizidae","Birds"
"Progne subis","Purple Martin","Hirundinidae","Birds"
"Larus minutus","Little Gull","Laridae","Birds"
"Calidris alpina","Dunlin","Scolopacidae","Birds"
"Dendroica fusca","Blackburnian Warbler","Parulidae","Birds"
"Calidris fuscicollis","White-Rumped Sandpiper","Scolopacidae","Birds"
"Caprimulgus vociferus","Whip-Poor-Will","Caprimulgidae","Birds"
"Archilochus colubris","Ruby-Throated Hummingbird","Trochilidae","Birds"
"Aix sponsa","Wood Duck","Anatidae","Birds"
"Phalacrocorax auritus","Double-Crested Cormorant","Phalacrocoracidae","Birds"
"Quiscalus quiscula","Common Grackle","Icteridae","Birds"
"Spizella pusilla","Field Sparrow","Emberizidae","Birds"
"Melospiza georgiana","Swamp Sparrow","Emberizidae","Birds"
"Dolichonyx oryzivorus","Bobolink","Icteridae","Birds"
"Rallus elegans","King Rail","Rallidae","Birds"
"Pinicola enucleator","Pine Grosbeak","Fringillidae","Birds"
"Turdus migratorius","American Robin","Turdidae","Birds"
"Vireo gilvus","Warbling Vireo","Vireonidae","Birds"
"Pluvialis dominica","American Golden-Plover","Charadriidae","Birds"
"Dumetella carolinensis","Gray Catbird","Mimidae","Birds"
"Casmerodius albus","Great Egret","Ardeidae","Birds"
"Catharus ustulatus","Swainson's Thrush","Turdidae","Birds"
"Empidonax alnorum","Alder Flycatcher","Tyrannidae","Birds"
"Charadrius vociferus","Kildeer","Charadriidae","Birds"
"Dendroica pensylvanica","Chestnut-Sided Warbler","Parulidae","Birds"
"Anas rubripes","American Black Duck","Anatidae","Birds"
"Regulus satrapa","Golden-Crowned Kinglet","Reguliidae","Birds"
"Bartramia longicauda","Upland Sandpiper","Scolopacidae","Birds"
"Pipilo erythrophthalmus","Eastern Towhee","Emberizidae","Birds"
"Sterna antillarum","Least Tern","Laridae","Birds"
"Ammodramus henslowii","Henslow's Sparrow","Emberizidae","Birds"
"Loxia leucoptera","White-Winged Crossbill","Fringillidae","Birds"
"Scolopax minor","American Woodcock","Scolopacidae","Birds"
"Icteria virens","Yellow-Breasted Chat","Parulidae","Birds"
"Zonotrichia albicollis","White-Throated Sparrow","Emberizidae","Birds"
"Anthus rubescens","Buff-Bellied Pipit","Motacillidae","Birds"
"Asio flammeus","Short-Eared Owl","Strigidae","Birds"
"Ammodramus savannarum","Grasshopper Sparrow","Emberizidae","Birds"
"Bucephala albeola","Bufflehead","Anatidae","Birds"
"Mergus serrator","Red-Breasted Merganser","Anatidae","Birds"
"Aechmophorus clarkii","Clark's Grebe","Podicipedidae","Birds"
"Troglodytes troglodytes","Winter Wren","Troglodytidae","Birds"
"Passer montanus","Eurasian Tree Sparrow","Passeridae","Birds"
"Dendroica magnolia","Magnolia Warbler","Parulidae","Birds"
"Quiscalus mexicanus","Great-Tailed Grackle","Icteridae","Birds"
"Egretta caerulea","Little Blue Heron","Ardeidae","Birds"
"Accipiter striatus","Plain-Breasted Hawk","Accipitridae","Birds"
"Vireo bellii","Bell's Vireo","Vireonidae","Birds"
"Dendroica aestiva","American Yellow Warbler","Parulidae","Birds"
"Sialia sialis","Eastern Bluebird","Turdidae","Birds"
"Sterna caspia","Caspian Tern","Laridae","Birds"
"Baeolophus bicolor","Tufted Titmouse","Paridae","Birds"
"Melanerpes erythrocephalus","Red-Headed Woodpecker","Picidae","Birds"
"Mimus polyglottos","Northern Mockingbird","Mimidae","Birds"
"Sterna hirundo","Common Tern","Laridae","Birds"
"Zonotrichia querula","Harris' Sparrow","Emberizidae","Birds"
"Branta canadensis","Canada Goose","Anatidae","Birds"
"Picoides villosus","Hairy Woodpecker","Picidae","Birds"
"Ictinia mississippiensis","Mississippi Kite","Accipitridae","Birds"
"Bonasa umbellus","Ruffed Grouse","Phasianidae","Birds"
"Aechmophorus occidentalis","Western Grebe","Podicipedidae","Birds"
"Philomachus pugnax","Ruff","Scolopacidae","Birds"
"Riparia riparia","Sand Martin","Hirundinidae","Birds"
"Aquila chrysaetos","Golden Eagle","Accipitridae","Birds"
"Anas acuta","Northern Pintail","Anatidae","Birds"
"Haliaeetus leucocephalus","Bald Eagle","Accipitridae","Birds"
"Dendroica castanea","Bay-Breasted Warbler","Parulidae","Birds"
"Accipiter gentilis","Goshawk","Accipitridae","Birds"
"Oporornis philadelphia","Mourning Warbler","Parulidae","Birds"
"Caprimulgus carolinensis","Chuck-Will's-Widow","Caprimulgidae","Birds"
"Bubo virginianus","Great Horned Owl","Strigidae","Birds"
"Tringa melanoleuca","Greater Yellowlegs","Scolopacidae","Birds"
"Melospiza lincolnii","Lincoln's Sparrow","Emberizidae","Birds"
"Calidris ferruginea","Curlew Sandpiper","Scolopacidae","Birds"
"Vireo flavifrons","Yellow-Throated Vireo","Vireonidae","Birds"
"Piranga olivacea","Scarlet Tanager","Cardinalidae","Birds"
"Steganopus tricolor","Wilson's Phalarope","Scolopacidae","Birds"
"Egretta thula","Snowy Egret","Ardeidae","Birds"
"Sayornis phoebe","Eastern Phoebe","Tyrannidae","Birds"
"Parkesia motacilla","Louisiana Waterthrush","Parulidae","Birds"
"Certhia americana","American Creeper","Certhiidae","Birds"
"Plegadis chihi","White-Faced Ibis","Threskiornithidae","Birds"
"Limosa haemastica","Hudsonian Godwit","Scolopacidae","Birds"
"Cygnus columbianus","Tundra Swan","Anatidae","Birds"
"Ixobrychus exilis","Least Bittern","Ardeidae","Birds"
"Podiceps auritus","Horned Grebe","Podicipedidae","Birds"
"Wilsonia pusilla","Wilson's Warbler","Parulidae","Birds"
"Cistothorus palustris","Marsh Wren","Troglodytidae","Birds"
"Megascops asio","Eastern Screech Owl","Strigidae","Birds"
"Helmitheros vermivorum","Worm-Eating Warbler","Parulidae","Birds"
"Dendroica palmarum","Palm Warbler","Parulidae","Birds"
"Bucephala clangula","Common Goldeneye","Anatidae","Birds"
"Tyto alba","Barn Owl","Tytonidae","Birds"
"Spizella pallida","Clay-Coloured Sparrow","Emberizidae","Birds"
"Oporornis agilis","Connecticut Warbler","Parulidae","Birds"
"Chen caerulescens","Snow Goose","Anatidae","Birds"
"Troglodytes aedon","House Wren","Troglodytidae","Birds"
"Carduelis hornemanni","Arctic Redpoll","Fringillidae","Birds"
"Chordeiles minor","Common Nighthawk","Caprimulgidae","Birds"
"Oxyura jamaicensis","Ruddy Duck","Anatidae","Birds"
"Pheucticus ludovicianus","Rose-Breasted Grosbeak","Cardinalidae","Birds"
"Athene cunicularia","Burrowing Owl","Strigidae","Birds"
"Aythya americana","Redhead","Anatidae","Birds"
"Phasianus colchicus","Common Pheasant","Phasianidae","Birds"
"Agelaius phoeniceus","Red-Winged Blackbird","Icteridae","Birds"
"Tyrannus verticalis","Western Kingbird","Tyrannidae","Birds"
"Meleagris gallopavo","Common Turkey","Phasianidae","Birds"
"Colinus virginianus","Northern Bobwhite","Odontophoridae","Birds"
"Chaetura pelagica","Chimney Swift","Apodidae","Birds"
"Anas strepera","Gadwall","Anatidae","Birds"
"Coccyzus erythropthalmus","Black-Billed Cuckoo","Cuculidae","Birds"
"Melanerpes carolinus","Red-Bellied Woodpecker","Picidae","Birds"
"Passerina caerulea","Blue Grosbeak","Emberizidae","Birds"
"Contopus virens","Eastern Wood-Pewee","Tyrannidae","Birds"
"Corvus brachyrhynchos","American Crow","Corvidae","Birds"
"Anthus spragueii","Sprague's Pipit","Motacillidae","Birds"
"Carduelis tristis","American Goldfinch","Fringillidae","Birds"
"Dendroica discolor","Prairie Warbler","Parulidae","Birds"
"Dendroica dominica","Yellow-Throated Warbler","Parulidae","Birds"
"Sturnella magna","Eastern Meadowlark","Icteridae","Birds"
"Melospiza melodia","Song Sparrow","Emberizidae","Birds"
"Grus canadensis","Sandhill Crane","Gruidae","Birds"
"Empidonax traillii","Willow Flycatcher","Tyrannidae","Birds"
"Myiarchus crinitus","Great Crested Flycatcher","Tyrannidae","Birds"
"Icterus spurius","Orchard Oriole","Icteridae","Birds"
"Mergus merganser","Goosander","Anatidae","Birds"
"Plectrophenax nivalis","Snow Bunting","Emberizidae","Birds"
"Gavia immer","Common Loon","Gaviidae","Birds"
"Rallus limicola","Virginia Rail","Rallidae","Birds"
"Tyrannus tyrannus","Eastern Kingbird","Tyrannidae","Birds"
"Carduelis pinus","Pine Siskin","Fringillidae","Birds"
"Branta hutchinsii","Cackling Goose","Anatidae","Birds"
"Passerina cyanea","Indigo Bunting","Emberizidae","Birds"
"Stelgidopteryx serripennis","Northern Rough-Winged Swallow","Hirundinidae","Birds"
"Vireo philadelphicus","Philadelphia Vireo","Vireonidae","Birds"
"Loxia curvirostra","Red Crossbill","Fringillidae","Birds"
"Passerella iliaca","Fox Sparrow","Emberizidae","Birds"
"Zonotrichia leucophrys","White-Crowned Sparrow","Emberizidae","Birds"
"Tachycineta bicolor","Tree Swallow","Hirundinidae","Birds"
"Larus argentatus","Herring Gull","Laridae","Birds"
"Sphyrapicus varius","Yellow-Bellied Sapsucker","Picidae","Birds"
"Circus cyaneus","Hen Harrier","Accipitridae","Birds"
"Xanthocephalus xanthocephalus","Yellow-Headed Blackbird","Icteridae","Birds"
"Toxostoma rufum","Brown Thrasher","Mimidae","Birds"
"Podilymbus podiceps","Pied-Billed Grebe","Podicipedidae","Birds"
"Euphagus carolinus","Rusty Blackbird","Icteridae","Birds"
"Catharus minimus","Grey-Cheeked Thrush","Turdidae","Birds"
"Dendroica virens","Black-Throated Green Warbler","Parulidae","Birds"
"Piranga rubra","Summer Tanager","Cardinalidae","Birds"
"Calidris himantopus","Stilt Sandpiper","Scolopacidae","Birds"
"Mycteria americana","Wood Stork","Ciconiidae","Birds"
"Bombycilla cedrorum","Cedar Waxwing","Bombycillidae","Birds"
"Vermivora celata","Orange-Crowned Warbler","Parulidae","Birds"
"Thryothorus ludovicianus","Carolina Wren","Troglodytidae","Birds"
"Grus americana","Whooping Crane","Gruidae","Birds"
"Aythya valisineria","Canvasback","Anatidae","Birds"
"Vermivora pinus","Blue-Winged Warbler","Parulidae","Birds"
"Tringa flavipes","Lesser Yellow-Legs","Scolopacidae","Birds"
"Sitta canadensis","Red-Breasted Nuthatch","Sittidae","Birds"
"Accipiter cooperii","Cooper's Hawk","Accipitridae","Birds"
"Tryngites subruficollis","Buff-Breasted Sandpiper","Scolopacidae","Birds"
"Spiza americana","Dickcissel","Cardinalidae","Birds"
"Nycticorax nycticorax","Black-Crowned Night-Heron","Ardeidae","Birds"
"Charadrius melodus","Piping Plover","Charadriidae","Birds"
"Dendroica caerulescens","Black-Throated Blue Warbler","Parulidae","Birds"
"Anas clypeata","Northern Shoveler","Anatidae","Birds"
"Calidris pusilla","Semipalmated Sandpiper","Scolopacidae","Birds"
"Pelecanus erythrorhynchos","American White Pelican","Pelecanidae","Birds"
"Larus philadelphia","Bonaparte's Gull","Laridae","Birds"
"Aegolius acadicus","Northern Saw-Whet Owl","Strigidae","Birds"
"Pooecetes gramineus","Vesper Sparrow","Emberizidae","Birds"
"Sturnella neglecta","Western Meadowlark","Icteridae","Birds"
"Sitta carolinensis","White-Breasted Nuthatch","Sittidae","Birds"
"Limosa fedoa","Marbled Godwit","Scolopacidae","Birds"
"Vermivora cyanoptera","Blue-Winged Swamp Warbler","Parulidae","Birds"
"Bubulcus ibis","Cattle Egret","Ardeidae","Birds"
"Tringa solitaria","Solitary Sandpiper","Scolopacidae","Birds"
"Sturnus vulgaris","Common Starling","Sturnidae","Birds"
"Carpodacus mexicanus","House Finch","Fringillidae","Birds"
"Dendroica petechia","Yellow Warbler","Parulidae","Birds"
"Icterus galbula","Baltimore Oriole","Icteridae","Birds"
"Marmota monax","Woodchuck","Sciuridae","Mammals"
"Tamias striatus","Eastern Chipmunk","Sciuridae","Mammals"
"Peromyscus leucopus","White-Footed Mouse","Cricetidae","Mammals"
"Reithrodontomys megalotis","Western Harvest Mouse","Cricetidae","Mammals"
"Onychomys leucogaster","Northern Grasshopper Mouse","Cricetidae","Mammals"
"Urocyon cinereoargenteus","Gray Fox","Canidae","Mammals"
"Scalopus aquaticus","Eastern Mole","Talpidae","Mammals"
"Sorex longirostris","Southeastern Shrew","Soricidae","Mammals"
"Mustela nivalis","Weasel","Mustelidae","Mammals"
"Nycticeius humeralis","Evening Bat","Vespertilionidae","Mammals"
"Sigmodon hispidus","Hispid Cotton Rat","Cricetidae","Mammals"
"Mustela erminea","Stoat","Mustelidae","Mammals"
"Zapus hudsonius","Meadow Jumping Mouse","Dipodidae","Mammals"
"Glaucomys volans","Southern Flying Squirrel","Sciuridae","Mammals"
"Sorex arcticus","Arctic Shrew","Soricidae","Mammals"
"Ursus americanus","American Black Bear","Ursidae","Mammals"
"Lepus townsendii","White Tailed Jackrabbit","Leporidae","Mammals"
"Sciurus niger","Fox Squirrel","Sciuridae","Mammals"
"Tadarida brasiliensis","Brazilian Free Tailed Bat","Molossidae","Mammals"
"Tamiasciurus hudsonicus","Red Squirrel","Sciuridae","Mammals"
"Sorex hoyi","Pygmy Shrew","Soricidae","Mammals"
"Sorex haydeni","Hayden's Shrew","Soricidae","Mammals"
"Erethizon dorsatum","North American Porcupine","Erethizontidae","Mammals"
"Blarina hylophaga","Elliot's Short-Tailed Shrew","Soricidae","Mammals"
"Reithrodontomys montanus","Plains Harvest Mouse","Cricetidae","Mammals"
"Myotis grisescens","Gray Myotis","Vespertilionidae","Mammals"
"Sciurus carolinensis","Eastern Grey Squirrel","Sciuridae","Mammals"
"Sorex cinereus","Masked Shrew","Soricidae","Mammals"
"Myotis sodalis","Indiana Bat","Vespertilionidae","Mammals"
"Microtus pinetorum","Woodland Vole","Cricetidae","Mammals"
"Myodes gapperi","Southern Red Backed Vole","Cricetidae","Mammals"
"Myotis septentrionalis","Northern Myotis","Vespertilionidae","Mammals"
"Pipistrellus subflavus","Eastern Pipistrelle","Vespertilionidae","Mammals"
"Didelphis virginiana","Virginia Opossum","Didelphidae","Mammals"
"Cynomys ludovicianus","Black Tailed Prairie Dog","Sciuridae","Mammals"
"Microtus pennsylvanicus","Meadow Vole","Cricetidae","Mammals"
"Spilogale putorius","Eastern Spotted Skunk","Mephitidae","Mammals"
"Taxidea taxus","American Badger","Mustelidae","Mammals"
"Lynx rufus","Bobcat","Felidae","Mammals"
"Myotis lucifugus","Little Brown Bat","Vespertilionidae","Mammals"
"Perognathus flavescens","Plains Pocket Mouse","Heteromyidae","Mammals"
"Blarina brevicauda","Mole Shrew","Soricidae","Mammals"
"Geomys bursarius","Plains Pocket Gopher","Geomyidae","Mammals"
"Odocoileus hemionus","Mule Deer","Cervidae","Mammals"
"Lepus californicus","Black-Tailed Jackrabbit","Leporidae","Mammals"
"Synaptomys cooperi","Southern Bog Lemming","Cricetidae","Mammals"
"Cryptotis parva","Least Shrew","Soricidae","Mammals"
"Thamnophis proximus","Western Ribbon Snake","Colubridae","Reptiles"
"Plestiodon fasciatus","Five-Lined Skink","Scincidae","Reptiles"
"Aspidoscelis sexlineata","Six-Lined Racerunner","Teiidae","Reptiles"
"Eumeces fasciatus","Five-Lined Skink","Scincidae","Reptiles"
"Thamnophis sirtalis","Common Garter Snake","Colubridae","Reptiles"
"Pantherophis obsoletus","Western Rat Snake","Colubridae","Reptiles"
"Regina grahamii","Graham's Crayfish Snake","Colubridae","Reptiles"
"Sistrurus catenatus","Prairie Massasauga","Viperidae","Reptiles"
"Lampropeltis getula","Common Kingsnake","Colubridae","Reptiles"
"Diadophis punctatus","Ringneck Snake","Colubridae","Reptiles"
"Virginia valeriae","Smooth Earth Snake","Colubridae","Reptiles"
"Lampropeltis calligaster","Yellow-Bellied Kingsnake","Colubridae","Reptiles"
"Plestiodon septentrionalis","Northern Prairie Skink","Scincidae","Reptiles"
"Nerodia rhombifer","Diamondback Water Snake","Colubridae","Reptiles"
"Crotalus viridis","Prairie Rattlesnake","Viperidae","Reptiles"
"Storeria dekayi","Brown Snake","Colubridae","Reptiles"
"Nerodia sipedon","Northern Water Snake","Colubridae","Reptiles"
"Pituophis catenifer","Gopher Snake","Colubridae","Reptiles"
"Agkistrodon contortrix","Southern Copperhead","Viperidae","Reptiles"
"Eumeces septentrionalis","Prairie Skink","Scincidae","Reptiles"
"Plestiodon obsoletus","Great Plains Skink","Scincidae","Reptiles"
"Carphophis vermis","Western Worm Snake","Colubridae","Reptiles"
"Tropidoclonion lineatum","Lined Snake","Colubridae","Reptiles"
"Eumeces obsoletus","Great Plains Skink","Scincidae","Reptiles"
"Plestiodon laticeps","Broadhead Skink","Scincidae","Reptiles"
"Pantherophis vulpinus","Eastern Fox Snake","Colubridae","Reptiles"
"Storeria occipitomaculata","Redbelly Snake","Colubridae","Reptiles"
"Heterodon platirhinos","Eastern Hognose Snake","Colubridae","Reptiles"
"Heterodon nasicus","Plains Hognose Snake","Colubridae","Reptiles"
"Crotalus horridus","Timber Rattlesnake","Viperidae","Reptiles"
"Ophisaurus attenuatus","Slender Glass Lizard","Anguidae","Reptiles"
"Pantherophis emoryi","Great Plains Rat Snake","Colubridae","Reptiles"
"Lampropeltis triangulum","Eastern Milksnake","Colubridae","Reptiles"
"Eumeces laticeps","Broadhead Skink","Scincidae","Reptiles"
"Liochlorophis vernalis","Smooth Green Snake","Colubridae","Reptiles"
"Coluber constrictor","Eastern Racer","Colubridae","Reptiles"
"Nerodia erythrogaster","Plainbelly Water Snake","Colubridae","Reptiles"
"Thamnophis radix","Plains Garter Snake","Colubridae","Reptiles"
"Apalone spinifera","Spiny Softshell","Trionychidae","Turtles (non-marine)"
"Chrysemys picta","Painted Turtle","Emydidae","Turtles (non-marine)"
"Graptemys pseudogeographica","False Map Turtle","Emydidae","Turtles (non-marine)"
"Trachemys scripta","Pond Slider","Emydidae","Turtles (non-marine)"
"Kinosternon flavescens","Yellow Mud Turtle","Kinosternidae","Turtles (non-marine)"
"Terrapene carolina","Eastern Box Turtle","Emydidae","Turtles (non-marine)"
"Apalone mutica","Smooth Softshelled Turtle","Trionychidae","Turtles (non-marine)"
"Graptemys geographica","Common Map Turtle","Emydidae","Turtles (non-marine)"
"Sternotherus odoratus","Common Musk Turtle","Kinosternidae","Turtles (non-marine)"
"Graptemys ouachitensis","Ouachita Map Turtle","Emydidae","Turtles (non-marine)"
"Chelydra serpentina","Common Snapping Turtle","Chelydridae","Turtles (non-marine)"
"Terrapene ornata","Ornate Box Turtle","Emydidae","Turtles (non-marine)"
"Gastrophryne olivacea","Great Plains Narrowmouth Toad","Microhylidae","Amphibians"
"Lithobates palustris","Marsh Frog","Ranidae","Amphibians"
"Anaxyrus americanus","American Toad","Bufonidae","Amphibians"
"Notophthalmus viridescens","Eastern Newt","Salamandridae","Amphibians"
"Ambystoma tigrinum","Tiger Salamander","Ambystomatidae","Amphibians"
"Lithobates pipiens","Peeping Frog","Ranidae","Amphibians"
"Ambystoma laterale","Blue-Spotted Salamander","Ambystomatidae","Amphibians"
"Pseudacris crucifer","Spring Peeper","Hylidae","Amphibians"
"Lithobates clamitans","Bronze Frog","Ranidae","Amphibians"
"Anaxyrus fowleri","Fowler's Toad","Bufonidae","Amphibians"
"Lithobates catesbeianus","Common Bullfrog","Ranidae","Amphibians"
"Lithobates sphenocephalus","Southern Leopard Frog","Ranidae","Amphibians"
"Lithobates areolatus","Northern Crawfish Frog","Ranidae","Amphibians"
"Anaxyrus hemiophrys","Canadian Toad","Bufonidae","Amphibians"
"Necturus maculosus","Mudpuppy","Proteidae","Amphibians"
"Lithobates sylvaticus","Wood Frog","Ranidae","Amphibians"
"Hyla chrysoscelis","Cope's Gray Treefrog","Hylidae","Amphibians"
"Gastrophryne carolinensis","Carolina Tree Frog","Microhylidae","Amphibians"
"Lithobates blairi","Plains Leopard Frog","Ranidae","Amphibians"
"Anaxyrus woodhousii","East Texas Toad","Bufonidae","Amphibians"
"Pseudacris maculata","Boreal Chorus Frog","Hylidae","Amphibians"
"Ambystoma texanum","Smallmouth Salamander","Ambystomatidae","Amphibians"
"Spea bombifrons","Cope's Spea","Scaphiopodidae","Amphibians"
"Ambystoma maculatum","Brown-Spotted Salamander","Ambystomatidae","Amphibians"
"Hyla versicolor","Gray Treefrog","Hylidae","Amphibians"
"Hemidactylium scutatum","Scaly Lizard","Plethodontidae","Amphibians"
"Anaxyrus cognatus","Texas Toad","Bufonidae","Amphibians"
"Ambystoma mavortium","Axolotl","Ambystomatidae","Amphibians"
"Acris crepitans","Eastern Cricket Frog","Hylidae","Amphibians"
"Pomoxis nigromaculatus","Black Crappie","Centrarchidae","Fishes"
"Notropis hudsonius","Spottail Shiner","Cyprinidae","Fishes"
"Fundulus notatus","Blackstripe Topminnow","Fundulidae","Fishes"
"Pimephales vigilax","Bullhead Minnow","Cyprinidae","Fishes"
"Percina caprodes","Zebra Fish","Percidae","Fishes"
"Luxilus cornutus","Common Shiner","Cyprinidae","Fishes"
"Hybognathus argyritis","Western Silvery Minnow","Cyprinidae","Fishes"
"Ammocrypta clara","Western Sand Darter","Percidae","Fishes"
"Moxostoma erythrurum","Golden Redhorse","Catostomidae","Fishes"
"Etheostoma chlorosoma","Bluntnose Darter","Percidae","Fishes"
"Semotilus atromaculatus","Creek Chub","Cyprinidae","Fishes"
"Lepomis peltastes","Northern Sunfish","Centrarchidae","Fishes"
"Etheostoma flabellare","Fantail Darter","Percidae","Fishes"
"Alosa chrysochloris","Skipjack Herring","Clupeidae","Fishes"
"Cottus bairdii","Mottled Sculpin","Cottidae","Fishes"
"Gambusia affinis","Western Mosquitofish","Poeciliidae","Fishes"
"Hybognathus placitus","Plains Minnow","Cyprinidae","Fishes"
"Moxostoma carinatum","River Redhorse","Catostomidae","Fishes"
"Etheostoma spectabile","Orangethroat Darter","Percidae","Fishes"
"Notropis chalybaeus","Ironcolor Shiner","Cyprinidae","Fishes"
"Moxostoma macrolepidotum","Shorthead Redhorse","Catostomidae","Fishes"
"Acipenser fulvescens","Lake Sturgeon","Acipenseridae","Fishes"
"Notropis buchanani","Ghost Shiner","Cyprinidae","Fishes"
"Micropterus dolomieu","Smallmouth Bass","Centrarchidae","Fishes"
"Hybognathus hankinsoni","Brassy Minnow","Cyprinidae","Fishes"
"Lepomis gulosus","Warmouth","Centrarchidae","Fishes"
"Notropis anogenus","Pugnose Shiner","Cyprinidae","Fishes"
"Chrosomus erythrogaster","Southern Redbelly Dace","Cyprinidae","Fishes"
"Amia calva","Bowfin","Amiidae","Fishes"
"Coregonus artedi","Cisco","Salmonidae","Fishes"
"Rhinichthys atratulus","Eastern Blacknose Dace","Cyprinidae","Fishes"
"Lepomis macrochirus","Bluegill","Centrarchidae","Fishes"
"Fundulus diaphanus","Banded Killifish","Fundulidae","Fishes"
"Notropis nubilus","Ozark Minnow","Cyprinidae","Fishes"
"Fundulus kansae","Northern Plains Killifish","Fundulidae","Fishes"
"Etheostoma microperca","Least Darter","Percidae","Fishes"
"Percina maculata","Blackside Darter","Percidae","Fishes"
"Scaphirhynchus albus","Pallid Sturgeon","Acipenseridae","Fishes"
"Hybognathus nuchalis","Mississippi Silvery Minnow","Cyprinidae","Fishes"
"Phenacobius mirabilis","Suckermouth Minnow","Cyprinidae","Fishes"
"Campostoma oligolepis","Largescale Stoneroller","Cyprinidae","Fishes"
"Umbra limi","Central Mudminnow","Umbridae","Fishes"
"Cyprinella spiloptera","Spotfin Shiner","Cyprinidae","Fishes"
"Notropis shumardi","Silverband Shiner","Cyprinidae","Fishes"
"Alosa alabamae","Alabama Shad","Clupeidae","Fishes"
"Cottus cognatus","Slimy Sculpin","Cottidae","Fishes"
"Lepomis gibbosus","Pumpkinseed","Centrarchidae","Fishes"
"Etheostoma zonale","Banded Darter","Percidae","Fishes"
"Hiodon alosoides","Goldeye","Hiodontidae","Fishes"
"Esox masquinongy","Lunge","Esocidae","Fishes"
"Notropis topeka","Topeka Shiner","Cyprinidae","Fishes"
"Moxostoma duquesnei","Black Redhorse","Catostomidae","Fishes"
"Lepisosteus platostomus","Shortnose Gar","Lepisosteidae","Fishes"
"Notropis blennius","River Shiner","Cyprinidae","Fishes"
"Percina shumardi","River Darter","Percidae","Fishes"
"Luxilus chrysocephalus","Striped Shiner","Cyprinidae","Fishes"
"Moxostoma valenciennesi","Greater Redhorse","Catostomidae","Fishes"
"Noturus exilis","Slender Madtom","Ictaluridae","Fishes"
"Notropis heterolepis","Blacknose Shiner","Cyprinidae","Fishes"
"Pimephales promelas","Fathead Minnow","Cyprinidae","Fishes"
"Notropis dorsalis","Bigmouth Shiner","Cyprinidae","Fishes"
"Fundulus dispar","Starhead Topminnow","Fundulidae","Fishes"
"Catostomus commersonii","White Sucker","Catostomidae","Fishes"
"Ichthyomyzon unicuspis","Silver Lamprey","Petromyzontidae","Fishes"
"Lethenteron appendix","American Brook Lamprey","Petromyzontidae","Fishes"
"Etheostoma nigrum","Johnny Darter","Percidae","Fishes"
"Lepomis punctatus","Spotted Sunfish","Centrarchidae","Fishes"
"Pimephales notatus","Bluntnose Minnow","Cyprinidae","Fishes"
"Notropis stramineus","Sand Shiner","Cyprinidae","Fishes"
"Opsopoeodus emiliae","Pugnose Minnow","Cyprinidae","Fishes"
"Hybopsis amnis","Pallid Shiner","Cyprinidae","Fishes"
"Aplodinotus grunniens","Freshwater Drum","Sciaenidae","Fishes"
"Lepomis microlophus","Redear Sunfish","Centrarchidae","Fishes"
"Clinostomus elongatus","Redside Dace","Cyprinidae","Fishes"
"Moxostoma anisurum","Silver Redhorse","Catostomidae","Fishes"
"Fundulus zebrinus","Plains Killifish","Fundulidae","Fishes"
"Lepisosteus osseus","Long Nosed Gar","Lepisosteidae","Fishes"
"Cyprinella lutrensis","Red Shiner","Cyprinidae","Fishes"
"Etheostoma asprigene","Mud Darter","Percidae","Fishes"
"Noturus gyrinus","Tadpole Madtom","Ictaluridae","Fishes"
"Crystallaria asprella","Crystal Darter","Percidae","Fishes"
"Salvelinus fontinalis","Brook Trout","Salmonidae","Fishes"
"Dorosoma cepedianum","Gizzard Shad","Clupeidae","Fishes"
"Esox lucius","Pike","Esocidae","Fishes"
"Morone chrysops","White Bass","Moronidae","Fishes"
"Hypentelium nigricans","Northern Hog Sucker","Catostomidae","Fishes"
"Pomoxis annularis","White Crappie","Centrarchidae","Fishes"
"Ichthyomyzon castaneus","Chestnut Lamprey","Petromyzontidae","Fishes"
"Notropis percobromus","Carmine Shiner","Cyprinidae","Fishes"
"Notropis texanus","Weed Shiner","Cyprinidae","Fishes"
"Noturus nocturnus","Freckled Madtom","Ictaluridae","Fishes"
"Percina evides","Gilt Darter","Percidae","Fishes"
"Lepomis humilis","Orangespotted Sunfish","Centrarchidae","Fishes"
"Percina phoxocephala","Slenderhead Darter","Percidae","Fishes"
"Esox americanus","Grass Pickerel","Esocidae","Fishes"
"Chrosomus eos","Northern Redbelly Dace","Cyprinidae","Fishes"
"Notropis atherinoides","Emerald Shiner","Cyprinidae","Fishes"
"Ambloplites rupestris","Rock Bass","Centrarchidae","Fishes"
"Morone mississippiensis","Yellow Bass","Moronidae","Fishes"
"Lepomis cyanellus","Green Sunfish","Centrarchidae","Fishes"
"Notropis heterodon","Blackchin Shiner","Cyprinidae","Fishes"
"Catostomus catostomus","Longnose Sucker","Catostomidae","Fishes"
"Etheostoma caeruleum","Rainbow Darter","Percidae","Fishes"
"Campostoma anomalum","Central Stoneroller","Cyprinidae","Fishes"
"Notropis volucellus","Mimic Shiner","Cyprinidae","Fishes"
"Anguilla rostrata","American Eel","Anguillidae","Fishes"
"Hiodon tergisus","Mooneye","Hiodontidae","Fishes"
"Perca flavescens","Yellow Perch","Percidae","Fishes"
"Fundulus sciadicus","Plains Topminnow","Fundulidae","Fishes"
"Nocomis biguttatus","Hornyhead Chub","Cyprinidae","Fishes"
"Cycleptus elongatus","Blue Sucker","Catostomidae","Fishes"
"Micropterus salmoides","Largemouth Bass","Centrarchidae","Fishes"
"Scaphirhynchus platorynchus","Shovelnose Sturgeon","Acipenseridae","Fishes"
"Rhinichthys cataractae","Longnose Dace","Cyprinidae","Fishes"
"Etheostoma exile","Iowa Darter","Percidae","Fishes"
"Noturus flavus","Stonecat","Ictaluridae","Fishes"
"Poanes massasoit","Mulberry Wing","Hesperiidae","Butterflies"
"Megisto cymela","Little Wood-Satyr","Nymphalidae","Butterflies"
"Leptotes marina","Marine Blue","Lycaenidae","Butterflies"
"Asterocampa celtis","Hackberry Emperor","Nymphalidae","Butterflies"
"Marpesia petreus","Ruddy Daggerwing","Nymphalidae","Butterflies"
"Polygonia interrogationis","Question Mark","Nymphalidae","Butterflies"
"Achalarus lyciades","Hoary Edge","Hesperiidae","Butterflies"
"Phyciodes phaon","Phaon Crescent","Nymphalidae","Butterflies"
"Erynnis horatius","Horace's Duskywing","Hesperiidae","Butterflies"
"Harkenclenus titus","Coral Hairstreak","Lycaenidae","Butterflies"
"Lethe eurydice","Eyed Brown","Nymphalidae","Butterflies"
"Atrytone arogos","Arogos Skipper","Hesperiidae","Butterflies"
"Eurema nicippe","Sleepy Orange","Pieridae","Butterflies"
"Boloria bellona","Meadow Fritillary","Nymphalidae","Butterflies"
"Colias philodice","Clouded Sulphur","Pieridae","Butterflies"
"Cercyonis pegala","Common Wood-Nymph","Nymphalidae","Butterflies"
"Anartia jatrophae","White Peacock","Nymphalidae","Butterflies"
"Polites mystic","Long Dash","Hesperiidae","Butterflies"
"Eurema lisa","Little Yellow","Pieridae","Butterflies"
"Vanessa cardui","Painted Lady","Nymphalidae","Butterflies"
"Phyciodes texana","Texan Crescent","Nymphalidae","Butterflies"
"Ochlodes snowi","null","Hesperiidae","Butterflies"
"Lycaena phlaes","null","Lycaenidae","Butterflies"
"Libytheana carinenta","American Snout","Nymphalidae","Butterflies"
"Phoebis philea","Orange-Barred Sulphur","Pieridae","Butterflies"
"Amblyscirtes nysa","Nysa Roadside-Skipper","Hesperiidae","Butterflies"
"Atalopedes campestris","Sachem","Hesperiidae","Butterflies"
"Erynnis juvenalis","Juvenal's Duskywing","Hesperiidae","Butterflies"
"Thorybes pylades","Northern Cloudywing","Hesperiidae","Butterflies"
"Speyeria idalia","Regal Fritillary","Nymphalidae","Butterflies"
"Ascia monuste","Great Southern White","Pieridae","Butterflies"
"Erynnis martialis","Mottled Duskywing","Hesperiidae","Butterflies"
"Celastrina argiolus","Spring/Summer Azure","Lycaenidae","Butterflies"
"Eurema mexicana","Mexican Yellow","Pieridae","Butterflies"
"Oarisma powesheik","null","Hesperiidae","Butterflies"
"Pyrgus baptisiae","null","Hesperiidae","Butterflies"
"Calycopis cecrops","Red-Banded Hairstreak","Lycaenidae","Butterflies"
"Pyrgus communis","Common Checkered-Skipper","Hesperiidae","Butterflies"
"Callophrys henrici","Henry's Elfin","Lycaenidae","Butterflies"
"Pieris protodice","null","Pieridae","Butterflies"
"Satyrium acadica","Acadian Hairstreak","Lycaenidae","Butterflies"
"Phyciodes vesta","Vesta Crescent","Nymphalidae","Butterflies"
"Phoebis sennae","Cloudless Sulphur","Pieridae","Butterflies"
"Chlosyne lacinia","Bordered Patch","Nymphalidae","Butterflies"
"Pompeius verna","Little Glassywing","Hesperiidae","Butterflies"
"Nymphalis vaualbum","Compton Tortoiseshell","Nymphalidae","Butterflies"
"Amblyscirtes hegon","Pepper And Salt Skipper","Hesperiidae","Butterflies"
"Problema byssus","Byssus Skipper","Hesperiidae","Butterflies"
"Hesperia sassacus","Indian Skipper","Hesperiidae","Butterflies"
"Asterocampa clyton","Tawny Emperor","Nymphalidae","Butterflies"
"Polites themistocles","Tawny-Edged Skipper","Hesperiidae","Butterflies"
"Epargyreus clarus","Silver-Spotted Skipper","Hesperiidae","Butterflies"
"Chlosyne nycteis","Silvery Checkerspot","Nymphalidae","Butterflies"
"Phyciodes tharos","Pearl Crescent","Nymphalidae","Butterflies"
"Colias eurytheme","Orange Sulphur","Pieridae","Butterflies"
"Vanessa atalanta","Red Admiral","Nymphalidae","Butterflies"
"Wallengrenia egeremet","Northern Broken-Dash","Hesperiidae","Butterflies"
"Ancyloxypha numitor","Least Skipper","Hesperiidae","Butterflies"
"Staphylus hayhurstii","Hayhurst's Scallopwing","Hesperiidae","Butterflies"
"Hesperia metea","Cobweb Skipper","Hesperiidae","Butterflies"
"Nymphalis antiopa","Mourning Cloak","Nymphalidae","Butterflies"
"Papilio cresphontes","Giant Swallowtail","Papilionidae","Butterflies"
"Calephelis muticum","Swamp Metalmark","Riodinidae","Butterflies"
"Euphyes bimacula","Two-Spotted Skipper","Hesperiidae","Butterflies"
"Erynnis persius","Persius Dusky-Wing","Hesperiidae","Butterflies"
"Strymon melinus","Gray Hairstreak","Lycaenidae","Butterflies"
"Thorybes bathyllus","Southern Cloudywing","Hesperiidae","Butterflies"
"Euphyes dion","Dion Skipper","Hesperiidae","Butterflies"
"Feniseca tarquinius","Harvester","Lycaenidae","Butterflies"
"Nymphalis californica","California Tortoiseshell","Nymphalidae","Butterflies"
"Thymelicus lineola","Essex Skipper","Hesperiidae","Butterflies"
"Glaucopsyche lygdamus","Silvery Blue","Lycaenidae","Butterflies"
"Lycaena helloides","Purplish Copper","Lycaenidae","Butterflies"
"Parrhasius m-album","White M Hairstreak","Lycaenidae","Butterflies"
"Limenitis arthemis","Red-Spotted Admiral","Nymphalidae","Butterflies"
"Polygonia comma","Eastern Comma","Nymphalidae","Butterflies"
"Hesperia ottoe","Ottoe Skipper","Hesperiidae","Butterflies"
"Satyrium liparops","Striped Hairstreak","Lycaenidae","Butterflies"
"Boloria selene","Silver-Bordered Fritillary","Nymphalidae","Butterflies"
"Atrytone logan","Delaware Skipper","Hesperiidae","Butterflies"
"Nathalis iole","Dainty Sulphur","Pieridae","Butterflies"
"Everes comyntas","Eastern Tailed-Blue","Lycaenidae","Butterflies"
"Colias cesonia","Southern Dogface","Pieridae","Butterflies"
"Amblyscirtes vialis","Common Roadside-Skipper","Hesperiidae","Butterflies"
"Kricogonia lyside","Lyside Sulphur","Pieridae","Butterflies"
"Lethe anthedon","Northern Pearly-Eye","Nymphalidae","Butterflies"
"Battus philenor","Pipevine Swallowtail","Papilionidae","Butterflies"
"Speyeria aphrodite","Aphrodite Fritillary","Nymphalidae","Butterflies"
"Callophrys gryneus","Juniper Hairstreak","Lycaenidae","Butterflies"
"Plebejus melissa","Melissa Blue","Lycaenidae","Butterflies"
"Limenitis archippus","Viceroy","Nymphalidae","Butterflies"
"Polygonia progne","Gray Comma","Nymphalidae","Butterflies"
"Nastra lherminier","Swarthy Skipper","Hesperiidae","Butterflies"
"Vanessa virginiensis","American Lady","Nymphalidae","Butterflies"
"Dryas iulia","Julia Heliconian","Nymphalidae","Butterflies"
"Satyrium edwardsii","Edwards' Hairstreak","Lycaenidae","Butterflies"
"Lethe appalachia","Appalachian Eyed Brown","Nymphalidae","Butterflies"
"Phyciodes morpheus","null","Nymphalidae","Butterflies"
"Hylephila phyleus","Fiery Skipper","Hesperiidae","Butterflies"
"Poanes zabulon","Zabulon Skipper","Hesperiidae","Butterflies"
"Satyrium caryaevorus","null","Lycaenidae","Butterflies"
"Euphydryas phaeton","Baltimore Checkerspot","Nymphalidae","Butterflies"
"Heliconius charithonia","Zebra Heliconian","Nymphalidae","Butterflies"
"Satyrium calanus","Banded Hairstreak","Lycaenidae","Butterflies"
"Euphyes vestris","Dun Skipper","Hesperiidae","Butterflies"
"Eurytides marcellus","Zebra Swallowtail","Papilionidae","Butterflies"
"Papilio polyxenes","Black Swallowtail","Papilionidae","Butterflies"
"Precis coenia","Common Buckeye","Nymphalidae","Butterflies"
"Chlosyne harrisii","Harris' Checkerspot","Nymphalidae","Butterflies"
"Erynnis zarucco","Zarucco Duskywing","Hesperiidae","Butterflies"
"Danaus plexippus","Monarch","Nymphalidae","Butterflies"
"Nymphalis milberti","Milbert's Tortoiseshell","Nymphalidae","Butterflies"
"Euphyes conspicua","Black Dash","Hesperiidae","Butterflies"
"Anaea andria","Goatweed Leafwing","Nymphalidae","Butterflies"
"Plebejus saepiolus","Greenish Blue","Lycaenidae","Butterflies"
"Polites origenes","Crossline Skipper","Hesperiidae","Butterflies"
"Atrytonopsis hianna","Dusted Skipper","Hesperiidae","Butterflies"
"Pholisora catullus","Common Sootywing","Hesperiidae","Butterflies"
"Danaus gilippus","Queen","Nymphalidae","Butterflies"
"Erynnis icelus","Dreamy Dusky-Wing","Hesperiidae","Butterflies"
"Callophrys niphon","Eastern Pine Elfin","Lycaenidae","Butterflies"
"Oeneis uhleri","Uhler's Arctic","Nymphalidae","Butterflies"
"Fixsenia favonius","Southern Hairstreak","Lycaenidae","Butterflies"
"Aguna asander","Gold-Spotted Aguna","Hesperiidae","Butterflies"
"Appias drusilla","Florida White","Pieridae","Butterflies"
"Speyeria cybele","Great Spangled Fritillary","Nymphalidae","Butterflies"
"Pieris rapae","Cabbage White","Pieridae","Butterflies"
"Anthocharis midea","Falcate Orangetip","Pieridae","Butterflies"
"Hemiargus isola","Reakirt's Blue","Lycaenidae","Butterflies"
"Mestra amymone","Common Mestra","Nymphalidae","Butterflies"
"Leptotes cassius","Cassius Blue","Lycaenidae","Butterflies"
"Poanes viator","Broad-Winged Skipper","Hesperiidae","Butterflies"
"Erynnis brizo","Sleepy Duskywing","Hesperiidae","Butterflies"
"Hesperia leonardus","Leonard's Skipper","Hesperiidae","Butterflies"
"Boloria frisia","null","Nymphalidae","Butterflies"
"Hesperia attalus","Dotted Skipper","Hesperiidae","Butterflies"
"Poanes hobomok","Hobomok Skipper","Hesperiidae","Butterflies"
"Callophrys irus","Frosted Elfin","Lycaenidae","Butterflies"
"Agraulis vanillae","Gulf Fritillary","Nymphalidae","Butterflies"
"Euchloe olympia","Olympia Marble","Pieridae","Butterflies"
"Coenonympha tullia","Common Ringlet","Nymphalidae","Butterflies"
"Lycaena hyllus","Bronze Copper","Lycaenidae","Butterflies"
"Bombus affinis","Rusty-Patched Bumblebee","Apidae","Bumblebees"
"Bombus perplexus","Red-Belted Bumble Bee","Apidae","Bumblebees"
"Bombus borealis","Northern Amber Bumble Bee","Apidae","Bumblebees"
"Bombus variabilis","Yellow-Faced Bumblebee","Apidae","Bumblebees"
"Bombus fraternus","Southern Plains Bumble Bee","Apidae","Bumblebees"
"Bombus auricomus","Black And Gold Bumble Bee","Apidae","Bumblebees"
"Bombus citrinus","Indiscriminate Cuckoo Bumble Bee","Apidae","Bumblebees"
"Bombus terricola","Yellowbanded Bumble Bee","Apidae","Bumblebees"
"Bombus ternarius","Tri-Colored Bumble Bee","Apidae","Bumblebees"
"Bombus fervidus","Yellow Bumble Bee","Apidae","Bumblebees"
"Bombus impatiens","Indiscriminate Cuckoo Bumble Bee","Apidae","Bumblebees"
"Bombus pensylvanicus","American Bumble Bee","Apidae","Bumblebees"
"Bombus griseocollis","Brown-Belted Bumble Bee","Apidae","Bumblebees"
"Bombus sandersoni","Sanderson Bumble Bee","Apidae","Bumblebees"
"Bombus rufocinctus","Sanderson's Bumble Bee","Apidae","Bumblebees"
"Bombus bohemicus","Barbut's Cuckoo-Bee","Apidae","Bumblebees"
"Bombus vagans","Half-Black Bumble Bee","Apidae","Bumblebees"
"Bombus huntii","Hunt Bumble Bee","Apidae","Bumblebees"
"Bombus bimaculatus","Two-Spotted Bumble Bee","Apidae","Bumblebees"
"Cordulegaster obliqua","Arrowhead Spiketail","Cordulegastridae","Dragonflies"
"Ophiogomphus smithi","Sioux Snaketail","Gomphidae","Dragonflies"
"Enallagma boreale","Boreal Bluet","Coenagrionidae","Dragonflies"
"Ischnura posita","Fragile Forktail","Coenagrionidae","Dragonflies"
"Epitheca costalis","Slender Baskettail","Corduliidae","Dragonflies"
"Argia plana","Springwater Dancer","Coenagrionidae","Dragonflies"
"Lestes dryas","Scarce Emerald Damselfly","Lestidae","Dragonflies"
"Argia tibialis","Blue-Tipped Dancer","Coenagrionidae","Dragonflies"
"Libellula quadrimaculata","Four-Spotted Chaser","Libellulidae","Dragonflies"
"Epitheca cynosura","Common Baskettail","Corduliidae","Dragonflies"
"Gomphus spicatus","Dusky Clubtail","Gomphidae","Dragonflies"
"Epitheca spinigera","Spiny Baskettail","Corduliidae","Dragonflies"
"Arigomphus submedianus","Jade Clubtail","Gomphidae","Dragonflies"
"Nasiaeschna pentacantha","Cyrano Darner","Aeshnidae","Dragonflies"
"Somatochlora tenebrosa","Clamp-Tipped Emerald","Corduliidae","Dragonflies"
"Cordulegaster maculata","Twin-Spotted Spiketail","Cordulegastridae","Dragonflies"
"Epiaeschna heros","Swamp Darner","Aeshnidae","Dragonflies"
"Enallagma basidens","Double-Striped Bluet","Coenagrionidae","Dragonflies"
"Tramea onusta","Red Saddlebags","Libellulidae","Dragonflies"
"Celithemis elisa","Calico Pennant","Libellulidae","Dragonflies"
"Aeshna interrupta","Variable Darner","Aeshnidae","Dragonflies"
"Progomphus obscurus","Common Sanddragon","Gomphidae","Dragonflies"
"Amphiagrion abbreviatum","Western Red Damsel","Coenagrionidae","Dragonflies"
"Somatochlora williamsoni","Williamson's Emerald","Corduliidae","Dragonflies"
"Gomphus ventricosus","Skillet Clubtail","Gomphidae","Dragonflies"
"Perithemis tenera","Eastern Amberwing","Libellulidae","Dragonflies"
"Enallagma ebrium","Marsh Bluet","Coenagrionidae","Dragonflies"
"Sympetrum obtrusum","White-Faced Meadowhawk","Libellulidae","Dragonflies"
"Enallagma divagans","Turquoise Bluet","Coenagrionidae","Dragonflies"
"Enallagma antennatum","Rainbow Bluet","Coenagrionidae","Dragonflies"
"Coenagrion resolutum","Taiga Bluet","Coenagrionidae","Dragonflies"
"Lestes congener","Spotted Spreadwing","Lestidae","Dragonflies"
"Enallagma annexum","Northern Bluet","Coenagrionidae","Dragonflies"
"Lestes australis","Southern Spreadwing","Lestidae","Dragonflies"
"Pachydiplax longipennis","Blue Dasher","Libellulidae","Dragonflies"
"Lestes forcipatus","Sweetflag Spreadwing","Lestidae","Dragonflies"
"Gomphus exilis","Lancet Clubtail","Gomphidae","Dragonflies"
"Celithemis eponina","Halloween Pennant","Libellulidae","Dragonflies"
"Aeshna umbrosa","Shadow Darner","Aeshnidae","Dragonflies"
"Argia moesta","Powdered Dancer","Coenagrionidae","Dragonflies"
"Gomphus vastus","Cobra Clubtail","Gomphidae","Dragonflies"
"Enallagma geminatum","Skimming Bluet","Coenagrionidae","Dragonflies"
"Sympetrum rubicundulum","Ruby Meadowhawk","Libellulidae","Dragonflies"
"Libellula vibrans","Great Blue Skimmer","Libellulidae","Dragonflies"
"Hagenius brevistylus","Dragonhunter","Gomphidae","Dragonflies"
"Nehalennia irene","Sedge Sprite","Coenagrionidae","Dragonflies"
"Anax junius","Green Darner","Aeshnidae","Dragonflies"
"Erpetogomphus designatus","Eastern Ringtail","Gomphidae","Dragonflies"
"Epitheca princeps","Prince Baskettail","Corduliidae","Dragonflies"
"Somatochlora linearis","Mocha Emerald","Corduliidae","Dragonflies"
"Ladona julia","Chalk-Fronted Corporal","Libellulidae","Dragonflies"
"Lestes unguiculatus","Lyre-Tipped Spreadwing","Lestidae","Dragonflies"
"Leucorrhinia frigida","Frosted Whiteface","Libellulidae","Dragonflies"
"Sympetrum internum","Cherry-Faced Meadowhawk","Libellulidae","Dragonflies"
"Calopteryx maculata","Ebony Jewelwing","Calopterygidae","Dragonflies"
"Stylurus amnicola","Riverine Clubtail","Gomphidae","Dragonflies"
"Hetaerina americana","American Rubyspot","Calopterygidae","Dragonflies"
"Plathemis lydia","Common Whitetail","Libellulidae","Dragonflies"
"Dromogomphus spoliatus","Flag-Tailed Spinyleg","Gomphidae","Dragonflies"
"Argia emma","Emma's Dancer","Coenagrionidae","Dragonflies"
"Archilestes grandis","Great Spreadwing","Lestidae","Dragonflies"
"Somatochlora walshii","Brush-Tipped Emerald","Corduliidae","Dragonflies"
"Sympetrum corruptum","Variegated Meadowhawk","Libellulidae","Dragonflies"
"Aeshna canadensis","Canada Darner","Aeshnidae","Dragonflies"
"Sympetrum vicinum","Autumn Meadowhawk","Libellulidae","Dragonflies"
"Lestes inaequalis","Elegant Spreadwing","Lestidae","Dragonflies"
"Macromia pacifica","Gilded River Cruiser","Corduliidae","Dragonflies"
"Libellula cyanea","Spangled Skimmer","Libellulidae","Dragonflies"
"Lestes eurinus","Amber-Winged Spreadwing","Lestidae","Dragonflies"
"Amphiagrion saucium","Eastern Red Damsel","Coenagrionidae","Dragonflies"
"Enallagma signatum","Orange Bluet","Coenagrionidae","Dragonflies"
"Somatochlora hineana","Hine's Emerald","Corduliidae","Dragonflies"
"Ischnura hastata","Citrine Forktail","Coenagrionidae","Dragonflies"
"Tramea lacerata","Black Saddlebags","Libellulidae","Dragonflies"
"Hetaerina titia","Smoky Rubyspot","Calopterygidae","Dragonflies"
"Basiaeschna janata","Springtime Darner","Aeshnidae","Dragonflies"
"Tramea calverti","Striped Saddlebags","Libellulidae","Dragonflies"
"Enallagma traviatum","Slender Bluet","Coenagrionidae","Dragonflies"
"Erythemis simplicicollis","Eastern Pondhawk","Libellulidae","Dragonflies"
"Neurocordulia yamaskanensis","Stygian Shadowdragon","Corduliidae","Dragonflies"
"Leucorrhinia intacta","Dot-Tailed Whiteface","Libellulidae","Dragonflies"
"Pantala flavescens","Wandering Glider","Libellulidae","Dragonflies"
"Enallagma exsulans","Stream Bluet","Coenagrionidae","Dragonflies"
"Gomphus fraternus","Midland Clubtail","Gomphidae","Dragonflies"
"Enallagma hageni","Hagen's Bluet","Coenagrionidae","Dragonflies"
"Enallagma carunculatum","Tule Bluet","Coenagrionidae","Dragonflies"
"Neurocordulia molesta","Smoky Shadowdragon","Corduliidae","Dragonflies"
"Pantala hymenaea","Spot-Winged Glider","Libellulidae","Dragonflies"
"Aeshna verticalis","Green-Striped Darner","Aeshnidae","Dragonflies"
"Gomphus graslinellus","Pronghorn Clubtail","Gomphidae","Dragonflies"
"Argia apicalis","Blue-Fronted Dancer","Coenagrionidae","Dragonflies"
"Ophiogomphus rupinsulensis","Rusty Snaketail","Gomphidae","Dragonflies"
"Aeshna tuberculifera","Black-Tipped Darner","Aeshnidae","Dragonflies"
"Arigomphus cornutus","Horned Clubtail","Gomphidae","Dragonflies"
"Ophiogomphus severus","Pale Snaketail","Gomphidae","Dragonflies"
"Somatochlora minor","Ocellated Emerald","Corduliidae","Dragonflies"
"Macromia taeniolata","Royal River Cruiser","Corduliidae","Dragonflies"
"Gomphus externus","Plains Clubtail","Gomphidae","Dragonflies"
"Aeshna constricta","Lance-Tipped Darner","Aeshnidae","Dragonflies"
"Enallagma aspersum","Azure Bluet","Coenagrionidae","Dragonflies"
"Lestes disjunctus","Northern Spreadwing","Lestidae","Dragonflies"
"Macromia illinoiensis","Swift River Cruiser","Corduliidae","Dragonflies"
"Chromagrion conditum","Aurora Damsel","Coenagrionidae","Dragonflies"
"Stylurus spiniceps","Arrow Clubtail","Gomphidae","Dragonflies"
"Lestes vigilax","Swamp Spreadwing","Lestidae","Dragonflies"
"Somatochlora ensigera","Plains Emerald","Corduliidae","Dragonflies"
"Argia alberta","Paiute Dancer","Coenagrionidae","Dragonflies"
"Calopteryx aequabilis","River Jewelwing","Calopterygidae","Dragonflies"
"Argia sedula","Blue-Ringed Dancer","Coenagrionidae","Dragonflies"
"Enallagma civile","Familiar Bluet","Coenagrionidae","Dragonflies"
"Boyeria vinosa","Fawn Darner","Aeshnidae","Dragonflies"
"Ischnura verticalis","Eastern Forktail","Coenagrionidae","Dragonflies"
"Enallagma vesperum","Vesper Bluet","Coenagrionidae","Dragonflies"
"Rhionaeschna multicolor","Blue-Eyed Darner","Aeshnidae","Dragonflies"
"Cordulia shurtleffi","American Emerald","Corduliidae","Dragonflies"
"Enallagma anna","River Bluet","Coenagrionidae","Dragonflies"
"Libellula incesta","Slaty Skimmer","Libellulidae","Dragonflies"
"Lestes rectangularis","Slender Spreadwing","Lestidae","Dragonflies"
"Stylurus notatus","Elusive Clubtail","Gomphidae","Dragonflies"
"Sympetrum ambiguum","Blue-Faced Meadowhawk","Libellulidae","Dragonflies"
"Stylurus plagiatus","Russet-Tipped Clubtail","Gomphidae","Dragonflies"
"Sympetrum semicinctum","Band-Winged Meadowhawk","Libellulidae","Dragonflies"
"Argia fumipennis","Variable Dancer","Coenagrionidae","Dragonflies"
"Coenagrion angulatum","Prairie Bluet","Coenagrionidae","Dragonflies"
"Arigomphus furcifer","Lilypad Clubtail","Gomphidae","Dragonflies"
"Stylurus intricatus","Brimstone Clubtail","Gomphidae","Dragonflies"
"Sympetrum costiferum","Saffron-Winged Meadowhawk","Libellulidae","Dragonflies"
"Libellula semifasciata","Painted Skimmer","Libellulidae","Dragonflies"
"Libellula luctuosa","Widow Skimmer","Libellulidae","Dragonflies"
"Gomphus militaris","Sulphur-Tipped Clubtail","Gomphidae","Dragonflies"
"Gomphus quadricolor","Rapids Clubtail","Gomphidae","Dragonflies"
"Libellula pulchella","Twelve-Spotted Skimmer","Libellulidae","Dragonflies"
"Enallagma clausum","Alkali Bluet","Coenagrionidae","Dragonflies"
"Tilia americana","American Basswood","Malvaceae","Trees"
"Amelanchier arborea","Downy Serviceberry","Rosaceae","Trees"
"Carpinus caroliniana","American Hornbeam","Betulaceae","Trees"
"Cornus rugosa","Round-Leaf Dogwood","Cornaceae","Trees"
"Taxus canadensis","Canadian Yew","Taxaceae","Trees"
"Quercus velutina","Black Oak","Fagaceae","Trees"
"Salix exigua","Sandbar Willow","Salicaceae","Trees"
"Corylus cornuta","Beaked Hazelnut","Betulaceae","Trees"
"Viburnum lentago","Nannyberry","Adoxaceae","Trees"
"Populus balsamifera","Balsam Poplar","Salicaceae","Trees"
"Ilex verticillata","Virginia Winterberry","Aquifoliaceae","Trees"
"Carya tomentosa","Mockernut Hickory","Juglandaceae","Trees"
"Salix lucida","Shining Willow","Salicaceae","Trees"
"Prunus americana","American Plum","Rosaceae","Trees"
"Acer saccharum","Sugar Maple","Sapindaceae","Trees"
"Sassafras albidum","White Sassafras","Lauraceae","Trees"
"Salix discolor","American Pussy Willow","Salicaceae","Trees"
"Alnus rugosa","Speckled Alder","Betulaceae","Trees"
"Euonymus atropurpureus","Wahoo","Celastraceae","Trees"
"Cornus racemosa","Panicled Dogwood","Cornaceae","Trees"
"Quercus macrocarpa","Mossy-Cup Oak","Fagaceae","Trees"
"Acer negundo","Ash-Leaf Maple","Sapindaceae","Trees"
"Acer nigrum","Black Maple","Sapindaceae","Trees"
"Gymnocladus dioicus","Kentucky Coffeetree","Leguminosae","Trees"
"Quercus bicolor","Swamp White Oak","Fagaceae","Trees"
"Morus rubra","Red Mulberry","Moraceae","Trees"
"Crataegus succulenta","Fleshy Hawthorn","Rosaceae","Trees"
"Quercus imbricaria","Shingle Oak","Fagaceae","Trees"
"Carya illinoensis","Pecan","Juglandaceae","Trees"
"Betula nigra","River Birch","Betulaceae","Trees"
"Betula alleghaniensis","Yellow Birch","Betulaceae","Trees"
"Populus grandidentata","Bigtooth Aspen","Salicaceae","Trees"
"Salix nigra","Black Willow","Salicaceae","Trees"
"Salix bebbiana","Gray Willow","Salicaceae","Trees"
"Carya glabra","Sweet Pignut","Juglandaceae","Trees"
"Gleditsia triacanthos","Honey-Locust","Leguminosae","Trees"
"Aesculus glabra","Ohio Buckeye","Sapindaceae","Trees"
"Cornus florida","Flowering Dogwood","Cornaceae","Trees"
"Salix sericea","Silky Willow","Salicaceae","Trees"
"Ptelea trifoliata","Hoptree","Rutaceae","Trees"
"Sorbus decora","Northern Mountain-Ash","Rosaceae","Trees"
"Carya ovata","Shagbark Hickory","Juglandaceae","Trees"
"Cornus drummondii","Northern Roughleaf Dogwood","Cornaceae","Trees"
"Asimina triloba","Pawpaw","Annonaceae","Trees"
"Juniperus horizontalis","Creeping Juniper","Cupressaceae","Trees"
"Acer rubrum","Red Maple","Sapindaceae","Trees"
"Juglans cinerea","White Walnut","Juglandaceae","Trees"
"Quercus alba","White Oak","Fagaceae","Trees"
"Fraxinus nigra","Black Ash","Oleaceae","Trees"
"Ulmus americana","American Elm","Ulmaceae","Trees"
"Ilex decidua","Possum Haw","Aquifoliaceae","Trees"
"Zanthoxylum americanum","Toothachetree","Rutaceae","Trees"
"Fraxinus americana","White Ash","Oleaceae","Trees"
"Staphylea trifolia","American Bladdernut","Staphyleaceae","Trees"
"Crataegus chrysocarpa","Fire-Berry Hawthorn","Rosaceae","Trees"
"Platanus occidentalis","Buttonwood","Platanaceae","Trees"
"Prunus virginiana","Chokecherry","Rosaceae","Trees"
"Ulmus thomasii","Cork Elm","Ulmaceae","Trees"
"Cephalanthus occidentalis","Common Buttonbush","Rubiaceae","Trees"
"Quercus rubra","Red Oak","Fagaceae","Trees"
"Amelanchier interior","Inland Serviceberry","Rosaceae","Trees"
"Prunus hortulana","Hortulan Plum","Rosaceae","Trees"
"Rhus glabra","Smooth Sumac","Anacardiaceae","Trees"
"Amelanchier alnifolia","Juneberry","Rosaceae","Trees"
"Shepherdia argentea","Silver Buffaloberry","Elaeagnaceae","Trees"
"Fraxinus quadrangulata","Blue Ash","Oleaceae","Trees"
"Prunus serotina","Black Cherry","Rosaceae","Trees"
"Populus deltoides","Eastern Cottonwood","Salicaceae","Trees"
"Tilia heterophylla","American Basswood","Malvaceae","Trees"
"Prunus nigra","Black Plum","Rosaceae","Trees"
"Juniperus communis","Common Juniper","Cupressaceae","Trees"
"Prunus pensylvanica","Bird Cherry","Rosaceae","Trees"
"Ostrya virginiana","Ironwood","Betulaceae","Trees"
"Quercus stellata","Post Oak","Fagaceae","Trees"
"Acer spicatum","Moose Maple","Sapindaceae","Trees"
"Cercis canadensis","Eastern Redbud","Leguminosae","Trees"
"Celtis occidentalis","Hackberry","Cannabaceae","Trees"
"Rhus typhina","Staghorn Sumac","Anacardiaceae","Trees"
"Carya cordiformis","Pignut","Juglandaceae","Trees"
"Celtis tenuifolia","Georgia Hackberry","Cannabaceae","Trees"
"Viburnum trilobum","American Cranberrybush","Adoxaceae","Trees"
"Hamamelis virginiana","Witch-Hazel","Hamamelidaceae","Trees"
"Populus tremuloides","Quaking Aspen","Salicaceae","Trees"
"Rhus copallina","Flameleaf Sumac","Anacardiaceae","Trees"
"Juniperus virginiana","American Juniper","Cupressaceae","Trees"
"Acer saccharinum","Silver Maple","Sapindaceae","Trees"
"Malus ioensis","Prairie Crab Apple","Rosaceae","Trees"
"Amelanchier sanguinea","Huron Serviceberry","Rosaceae","Trees"
"Quercus muehlenbergii","Chinkapin Oak","Fagaceae","Trees"
"Salix amygdaloides","Peach-Leaf Willow","Salicaceae","Trees"
"Prunus angustifolia","Sand Plum","Rosaceae","Trees"
"Sambucus canadensis","Elderberry","Adoxaceae","Trees"
"Prunus munsoniana","Wildgrove Plum","Rosaceae","Trees"
"Salix petiolaris","Slender Willow","Salicaceae","Trees"
"Pinus strobus","Eastern White Pine","Pinaceae","Trees"
"Larix laricina","Tamarack Larch","Pinaceae","Trees"
"Prunus mexicana","Mexican Plum","Rosaceae","Trees"
"Diospyros virginiana","American Persimmon","Ebenaceae","Trees"
"Cornus stolonifera","Redosier","Cornaceae","Trees"
"Quercus ellipsoidalis","Hill's Oak","Fagaceae","Trees"
"Ulmus rubra","Slippery Elm","Ulmaceae","Trees"
"Cornus alternifolia","Pagoda Dogwood","Cornaceae","Trees"
"Betula papyrifera","Paper Birch","Betulaceae","Trees"
"Fraxinus pennsylvanica","Red Ash","Oleaceae","Trees"
"Abies balsamea","Canada Balsam","Pinaceae","Trees"
"Juglans nigra","Black Walnut","Juglandaceae","Trees"
"Quercus marilandica","Blackjack Oak","Fagaceae","Trees"
"Quercus palustris","Pin Oak","Fagaceae","Trees"
"Viburnum prunifolium","Black Haw","Adoxaceae","Trees"
"Carya laciniosa","Shellbark Hickory","Juglandaceae","Trees"
"Salix caroliniana","Coastal Plain Willow","Salicaceae","Trees"
"Opuntia humifusa","Creeping-Pear","Cactaceae","Cacti"
"Opuntia fragilis","Fragile Prickly-Pear","Cactaceae","Cacti"
"Escobaria vivipara","Pincushion Cactus","Cactaceae","Cacti"
