Downloaded from https://mol.org on Jun 20, 2022. Inclusive species list based on approximate intersections with Political boundary polygon for the Wyoming region. 


"Scientific Name","Common Name","Family","Taxonomic Group"
"Rallus limicola","Virginia Rail","Rallidae","Birds"
"Calidris minutilla","Least Sandpiper","Scolopacidae","Birds"
"Falco columbarius","Merlin","Falconidae","Birds"
"Passer domesticus","House Sparrow","Passeridae","Birds"
"Pica hudsonia","Black-Billed Magpie","Corvidae","Birds"
"Pandion haliaetus","Osprey","Accipitridae","Birds"
"Aeronautes saxatalis","White-Throated Swift","Apodidae","Birds"
"Calamospiza melanocorys","Lark Bunting","Emberizidae","Birds"
"Chondestes grammacus","Lark Sparrow","Emberizidae","Birds"
"Bucephala islandica","Barrow's Goldeneye","Anatidae","Birds"
"Tympanuchus phasianellus","Sharp-Tailed Grouse","Phasianidae","Birds"
"Chen rossii","Ross's Goose","Anatidae","Birds"
"Ardea herodias","Great Blue Heron","Ardeidae","Birds"
"Myiarchus cinerascens","Ash-Throated Flycatcher","Tyrannidae","Birds"
"Dendroica nigrescens","Black-Throated Grey Warbler","Parulidae","Birds"
"Actitis macularius","Spotted Sandpiper","Scolopacidae","Birds"
"Porzana carolina","Sora","Rallidae","Birds"
"Petrochelidon pyrrhonota","Cliff Swallow","Hirundinidae","Birds"
"Gallinago gallinago","Common Snipe","Scolopacidae","Birds"
"Catoptrophorus semipalmatus","Willet","Scolopacidae","Birds"
"Catherpes mexicanus","Canyon Wren","Troglodytidae","Birds"
"Histrionicus histrionicus","Harlequin Duck","Anatidae","Birds"
"Zenaida macroura","Mourning Dove","Columbidae","Birds"
"Polioptila caerulea","Blue-Grey Gnatcatcher","Polioptilidae","Birds"
"Hirundo rustica","Barn Swallow","Hirundinidae","Birds"
"Falco mexicanus","Prairie Falcon","Falconidae","Birds"
"Dendroica striata","Blackpoll Warbler","Parulidae","Birds"
"Lanius excubitor","Great Grey Shrike","Laniidae","Birds"
"Megaceryle alcyon","Belted Kingfisher","Alcedinidae","Birds"
"Charadrius semipalmatus","Semipalmated Plover","Charadriidae","Birds"
"Eremophila alpestris","Horned Lark","Alaudidae","Birds"
"Larus delawarensis","Ring-Billed Gull","Laridae","Birds"
"Mniotilta varia","Black-And-White Warbler","Parulidae","Birds"
"Empidonax minimus","Least Flycatcher","Tyrannidae","Birds"
"Otus flammeolus","Flammulated Owl","Strigidae","Birds"
"Molothrus ater","Brown-Headed Cowbird","Icteridae","Birds"
"Asio otus","Long-Eared Owl","Strigidae","Birds"
"Cinclus mexicanus","North American Dipper","Cinclidae","Birds"
"Lophodytes cucullatus","Hooded Merganser","Anatidae","Birds"
"Lanius ludovicianus","Loggerhead Shrike","Laniidae","Birds"
"Chlidonias niger","Black Tern","Laridae","Birds"
"Coccyzus americanus","Yellow-Billed Cuckoo","Cuculidae","Birds"
"Aythya collaris","Ring-Necked Duck","Anatidae","Birds"
"Cyanocitta cristata","Blue Jay","Corvidae","Birds"
"Anas platyrhynchos","Mallard","Anatidae","Birds"
"Setophaga ruticilla","American Redstart","Parulidae","Birds"
"Selasphorus platycercus","Broad-Tailed Hummingbird","Trochilidae","Birds"
"Parus gambeli","Mountain Chickadee","Paridae","Birds"
"Calcarius ornatus","Chestnut-Collared Longspur","Emberizidae","Birds"
"Euphagus cyanocephalus","Brewer's Blackbird","Icteridae","Birds"
"Recurvirostra americana","American Avocet","Recurvirostridae","Birds"
"Glaucidium californicum","California Pygmy-Owl","Strigidae","Birds"
"Aythya affinis","Lesser Scaup","Anatidae","Birds"
"Phalaropus lobatus","Red-Necked Phalarope","Scolopacidae","Birds"
"Podiceps nigricollis","Black-Necked Grebe","Podicipedidae","Birds"
"Anas discors","Blue-Winged Teal","Anatidae","Birds"
"Seiurus aurocapilla","Ovenbird","Parulidae","Birds"
"Catharus guttatus","Hermit Thrush","Turdidae","Birds"
"Perdix perdix","Grey Partridge","Phasianidae","Birds"
"Dendroica coronata","Yellow-Rumped Warbler","Parulidae","Birds"
"Vermivora peregrina","Tennessee Warbler","Parulidae","Birds"
"Vireo olivaceus","Red-Eyed Vireo","Vireonidae","Birds"
"Nucifraga columbiana","Clark's Nutcracker","Corvidae","Birds"
"Botaurus lentiginosus","American Bittern","Ardeidae","Birds"
"Tyrannus vociferans","Cassin's Kingbird","Tyrannidae","Birds"
"Spizella passerina","Chipping Sparrow","Emberizidae","Birds"
"Calidris bairdii","Baird's Sandpiper","Scolopacidae","Birds"
"Contopus sordidulus","Western Wood-Pewee","Tyrannidae","Birds"
"Eudocimus albus","White Ibis","Threskiornithidae","Birds"
"Oporornis tolmiei","Macgillivray's Warbler","Parulidae","Birds"
"Geothlypis trichas","Common Yellowthroat","Parulidae","Birds"
"Anas americana","American Wigeon","Anatidae","Birds"
"Anas crecca","Common Teal","Anatidae","Birds"
"Passerculus sandwichensis","Savannah Sparrow","Emberizidae","Birds"
"Calcarius lapponicus","Lapland Longspur","Emberizidae","Birds"
"Leucosticte australis","Brown-Capped Rosy-Finch","Fringillidae","Birds"
"Alectoris chukar","Chukar","Phasianidae","Birds"
"Buteo lagopus","Rough-Legged Buzzard","Accipitridae","Birds"
"Seiurus noveboracensis","Northern Waterthrush","Parulidae","Birds"
"Columba livia","Rock Dove","Columbidae","Birds"
"Bubo scandiaca","Snowy Owl","Strigidae","Birds"
"Buteo swainsoni","Swainson's Hawk","Accipitridae","Birds"
"Vermivora ruficapilla","Nashville Warbler","Parulidae","Birds"
"Coccothraustes vespertinus","Evening Grosbeak","Fringillidae","Birds"
"Picoides pubescens","Downy Woodpecker","Picidae","Birds"
"Contopus cooperi","Olive-Sided Flycatcher","Tyrannidae","Birds"
"Junco hyemalis","Dark-Eyed Junco","Emberizidae","Birds"
"Aimophila cassinii","Cassin's Sparrow","Emberizidae","Birds"
"Calidris melanotos","Pectoral Sandpiper","Scolopacidae","Birds"
"Carduelis flammea","Common Redpoll","Fringillidae","Birds"
"Larus pipixcan","Franklin's Gull","Laridae","Birds"
"Calcarius pictus","Smith's Longspur","Emberizidae","Birds"
"Parkesia noveboracensis","Northern Waterthrush","Parulidae","Birds"
"Pipilo maculatus","Spotted Towhee","Emberizidae","Birds"
"Oreoscoptes montanus","Sage Thrasher","Mimidae","Birds"
"Buteo jamaicensis","Red-Tailed Hawk","Accipitridae","Birds"
"Anser albifrons","Greater White-Fronted Goose","Anatidae","Birds"
"Falco sparverius","American Kestrel","Falconidae","Birds"
"Cathartes aura","Turkey Vulture","Cathartidae","Birds"
"Vireo solitarius","Solitary Vireo","Vireonidae","Birds"
"Cygnus buccinator","Trumpeter Swan","Anatidae","Birds"
"Picoides dorsalis","American Three-Toed Woodpecker","Picidae","Birds"
"Fulica americana","American Coot","Rallidae","Birds"
"Tympanuchus cupido","Greater Prairie-Chicken","Phasianidae","Birds"
"Pipilo chlorurus","Green-Tailed Towhee","Emberizidae","Birds"
"Parus atricapillus","Black-Capped Chickadee","Paridae","Birds"
"Sialia mexicana","Western Bluebird","Turdidae","Birds"
"Colaptes auratus","Northern Flicker","Picidae","Birds"
"Catharus fuscescens","Veery","Turdidae","Birds"
"Mergus merganser","Goosander","Anatidae","Birds"
"Plectrophenax nivalis","Snow Bunting","Emberizidae","Birds"
"Gavia immer","Common Loon","Gaviidae","Birds"
"Pooecetes gramineus","Vesper Sparrow","Emberizidae","Birds"
"Cygnus olor","Mute Swan","Anatidae","Birds"
"Sturnella neglecta","Western Meadowlark","Icteridae","Birds"
"Strix nebulosa","Great Grey Owl","Strigidae","Birds"
"Himantopus mexicanus","Black-Necked Stilt","Recurvirostridae","Birds"
"Sitta carolinensis","White-Breasted Nuthatch","Sittidae","Birds"
"Myadestes townsendi","Townsend's Solitaire","Turdidae","Birds"
"Bubulcus ibis","Cattle Egret","Ardeidae","Birds"
"Tringa solitaria","Solitary Sandpiper","Scolopacidae","Birds"
"Sturnus vulgaris","Common Starling","Sturnidae","Birds"
"Amphispiza belli","Sage Sparrow","Emberizidae","Birds"
"Carpodacus mexicanus","House Finch","Fringillidae","Birds"
"Peucaea cassinii","Cassin's Sparrow","Passerellidae","Birds"
"Dendroica petechia","Yellow Warbler","Parulidae","Birds"
"Icterus galbula","Baltimore Oriole","Icteridae","Birds"
"Sterna forsteri","Forster's Tern","Laridae","Birds"
"Spizella arborea","American Tree Sparrow","Emberizidae","Birds"
"Progne subis","Purple Martin","Hirundinidae","Birds"
"Megascops kennicottii","Western Screech Owl","Strigidae","Birds"
"Calidris alpina","Dunlin","Scolopacidae","Birds"
"Dendroica townsendi","Townsend's Warbler","Parulidae","Birds"
"Picoides tridactylus","Eurasian Three-Toed Woodpecker","Picidae","Birds"
"Calidris fuscicollis","White-Rumped Sandpiper","Scolopacidae","Birds"
"Aix sponsa","Wood Duck","Anatidae","Birds"
"Phalacrocorax auritus","Double-Crested Cormorant","Phalacrocoracidae","Birds"
"Quiscalus quiscula","Common Grackle","Icteridae","Birds"
"Spizella pusilla","Field Sparrow","Emberizidae","Birds"
"Melospiza georgiana","Swamp Sparrow","Emberizidae","Birds"
"Dolichonyx oryzivorus","Bobolink","Icteridae","Birds"
"Pinicola enucleator","Pine Grosbeak","Fringillidae","Birds"
"Turdus migratorius","American Robin","Turdidae","Birds"
"Vireo gilvus","Warbling Vireo","Vireonidae","Birds"
"Pluvialis dominica","American Golden-Plover","Charadriidae","Birds"
"Dumetella carolinensis","Gray Catbird","Mimidae","Birds"
"Lagopus leucura","White-Tailed Ptarmigan","Phasianidae","Birds"
"Catharus ustulatus","Swainson's Thrush","Turdidae","Birds"
"Charadrius vociferus","Kildeer","Charadriidae","Birds"
"Anas penelope","Eurasian Wigeon","Anatidae","Birds"
"Tachycineta thalassina","Violet-Green Swallow","Hirundinidae","Birds"
"Regulus satrapa","Golden-Crowned Kinglet","Reguliidae","Birds"
"Bartramia longicauda","Upland Sandpiper","Scolopacidae","Birds"
"Pipilo erythrophthalmus","Eastern Towhee","Emberizidae","Birds"
"Loxia leucoptera","White-Winged Crossbill","Fringillidae","Birds"
"Icteria virens","Yellow-Breasted Chat","Parulidae","Birds"
"Zonotrichia albicollis","White-Throated Sparrow","Emberizidae","Birds"
"Anthus rubescens","Buff-Bellied Pipit","Motacillidae","Birds"
"Aphelocoma californica","Western Scrub Jay","Corvidae","Birds"
"Asio flammeus","Short-Eared Owl","Strigidae","Birds"
"Ammodramus savannarum","Grasshopper Sparrow","Emberizidae","Birds"
"Bucephala albeola","Bufflehead","Anatidae","Birds"
"Mergus serrator","Red-Breasted Merganser","Anatidae","Birds"
"Aechmophorus clarkii","Clark's Grebe","Podicipedidae","Birds"
"Troglodytes troglodytes","Winter Wren","Troglodytidae","Birds"
"Falco peregrinus","Peregrine Falcon","Falconidae","Birds"
"Dendroica magnolia","Magnolia Warbler","Parulidae","Birds"
"Quiscalus mexicanus","Great-Tailed Grackle","Icteridae","Birds"
"Accipiter striatus","Plain-Breasted Hawk","Accipitridae","Birds"
"Vireo bellii","Bell's Vireo","Vireonidae","Birds"
"Empidonax oberholseri","Oberholser's Flycatcher","Tyrannidae","Birds"
"Dendroica aestiva","American Yellow Warbler","Parulidae","Birds"
"Sialia sialis","Eastern Bluebird","Turdidae","Birds"
"Sterna caspia","Caspian Tern","Laridae","Birds"
"Empidonax hammondii","Hammond's Flycatcher","Tyrannidae","Birds"
"Dendragapus canadensis","Spruce Grouse","Phasianidae","Birds"
"Vireo cassinii","Cassin's Vireo","Vireonidae","Birds"
"Passerina amoena","Lazuli Bunting","Emberizidae","Birds"
"Melanerpes erythrocephalus","Red-Headed Woodpecker","Picidae","Birds"
"Leucosticte tephrocotis","Gray-Crowned Rosy-Finch","Fringillidae","Birds"
"Larus californicus","California Gull","Laridae","Birds"
"Mimus polyglottos","Northern Mockingbird","Mimidae","Birds"
"Limnodromus scolopaceus","Long-Billed Dowitcher","Scolopacidae","Birds"
"Zonotrichia querula","Harris' Sparrow","Emberizidae","Birds"
"Psaltriparus minimus","Bushtit","Aegithalidae","Birds"
"Branta canadensis","Canada Goose","Anatidae","Birds"
"Picoides villosus","Hairy Woodpecker","Picidae","Birds"
"Bonasa umbellus","Ruffed Grouse","Phasianidae","Birds"
"Aechmophorus occidentalis","Western Grebe","Podicipedidae","Birds"
"Riparia riparia","Sand Martin","Hirundinidae","Birds"
"Aquila chrysaetos","Golden Eagle","Accipitridae","Birds"
"Anas acuta","Northern Pintail","Anatidae","Birds"
"Haliaeetus leucocephalus","Bald Eagle","Accipitridae","Birds"
"Accipiter gentilis","Goshawk","Accipitridae","Birds"
"Bubo virginianus","Great Horned Owl","Strigidae","Birds"
"Tringa melanoleuca","Greater Yellowlegs","Scolopacidae","Birds"
"Melospiza lincolnii","Lincoln's Sparrow","Emberizidae","Birds"
"Empidonax occidentalis","Cordilleran Flycatcher","Tyrannidae","Birds"
"Cyanocitta stelleri","Steller's Jay","Corvidae","Birds"
"Steganopus tricolor","Wilson's Phalarope","Scolopacidae","Birds"
"Egretta thula","Snowy Egret","Ardeidae","Birds"
"Sayornis phoebe","Eastern Phoebe","Tyrannidae","Birds"
"Buteo regalis","Ferruginous Hawk","Accipitridae","Birds"
"Sphyrapicus thyroideus","Williamson's Sapsucker","Picidae","Birds"
"Certhia americana","American Creeper","Certhiidae","Birds"
"Numenius americanus","Long-Billed Curlew","Scolopacidae","Birds"
"Plegadis chihi","White-Faced Ibis","Threskiornithidae","Birds"
"Cygnus columbianus","Tundra Swan","Anatidae","Birds"
"Corvus corax","Common Raven","Corvidae","Birds"
"Aegolius funereus","Boreal Owl","Strigidae","Birds"
"Bombycilla garrulus","Bohemian Waxwing","Bombycillidae","Birds"
"Stellula calliope","Calliope Hummingbird","Trochilidae","Birds"
"Podiceps auritus","Horned Grebe","Podicipedidae","Birds"
"Wilsonia pusilla","Wilson's Warbler","Parulidae","Birds"
"Icterus parisorum","Scott's Oriole","Icteridae","Birds"
"Cistothorus palustris","Marsh Wren","Troglodytidae","Birds"
"Megascops asio","Eastern Screech Owl","Strigidae","Birds"
"Baeolophus ridgwayi","Juniper Titmouse","Paridae","Birds"
"Pheucticus melanocephalus","Black-Headed Grosbeak","Cardinalidae","Birds"
"Icterus bullockii","Bullock's Oriole","Icteridae","Birds"
"Bucephala clangula","Common Goldeneye","Anatidae","Birds"
"Charadrius montanus","Mountain Plover","Charadriidae","Birds"
"Tyto alba","Barn Owl","Tytonidae","Birds"
"Spizella pallida","Clay-Coloured Sparrow","Emberizidae","Birds"
"Chen caerulescens","Snow Goose","Anatidae","Birds"
"Gymnorhinus cyanocephalus","Pinyon Jay","Corvidae","Birds"
"Calcarius mccownii","Mccown's Longspur","Emberizidae","Birds"
"Troglodytes aedon","House Wren","Troglodytidae","Birds"
"Carduelis hornemanni","Arctic Redpoll","Fringillidae","Birds"
"Chordeiles minor","Common Nighthawk","Caprimulgidae","Birds"
"Oxyura jamaicensis","Ruddy Duck","Anatidae","Birds"
"Pheucticus ludovicianus","Rose-Breasted Grosbeak","Cardinalidae","Birds"
"Athene cunicularia","Burrowing Owl","Strigidae","Birds"
"Aythya americana","Redhead","Anatidae","Birds"
"Phasianus colchicus","Common Pheasant","Phasianidae","Birds"
"Melanerpes lewis","Lewis' Woodpecker","Picidae","Birds"
"Thryomanes bewickii","Bewick's Wren","Troglodytidae","Birds"
"Agelaius phoeniceus","Red-Winged Blackbird","Icteridae","Birds"
"Tyrannus verticalis","Western Kingbird","Tyrannidae","Birds"
"Meleagris gallopavo","Common Turkey","Phasianidae","Birds"
"Colinus virginianus","Northern Bobwhite","Odontophoridae","Birds"
"Chaetura pelagica","Chimney Swift","Apodidae","Birds"
"Anas strepera","Gadwall","Anatidae","Birds"
"Coccyzus erythropthalmus","Black-Billed Cuckoo","Cuculidae","Birds"
"Passerina caerulea","Blue Grosbeak","Emberizidae","Birds"
"Corvus brachyrhynchos","American Crow","Corvidae","Birds"
"Dendragapus obscurus","Dusky Grouse","Phasianidae","Birds"
"Selasphorus rufus","Rufous Hummingbird","Trochilidae","Birds"
"Piranga ludoviciana","Western Tanager","Cardinalidae","Birds"
"Anthus spragueii","Sprague's Pipit","Motacillidae","Birds"
"Carduelis tristis","American Goldfinch","Fringillidae","Birds"
"Tyrannus tyrannus","Eastern Kingbird","Tyrannidae","Birds"
"Vireo plumbeus","Plumbeous Vireo","Vireonidae","Birds"
"Falco rusticolus","Gyr Falcon","Falconidae","Birds"
"Carduelis pinus","Pine Siskin","Fringillidae","Birds"
"Branta hutchinsii","Cackling Goose","Anatidae","Birds"
"Stelgidopteryx serripennis","Northern Rough-Winged Swallow","Hirundinidae","Birds"
"Loxia curvirostra","Red Crossbill","Fringillidae","Birds"
"Passerella iliaca","Fox Sparrow","Emberizidae","Birds"
"Leucosticte atrata","Black Rosy Finch","Fringillidae","Birds"
"Perisoreus canadensis","Grey Jay","Corvidae","Birds"
"Carpodacus cassinii","Cassin's Finch","Fringillidae","Birds"
"Centrocercus urophasianus","Sage Grouse","Phasianidae","Birds"
"Zonotrichia leucophrys","White-Crowned Sparrow","Emberizidae","Birds"
"Streptopelia decaocto","Collared Dove","Columbidae","Birds"
"Charadrius alexandrinus","Kentish Plover","Charadriidae","Birds"
"Regulus calendula","Ruby-Crowned Kinglet","Reguliidae","Birds"
"Anas cyanoptera","Cinnamon Teal","Anatidae","Birds"
"Melospiza melodia","Song Sparrow","Emberizidae","Birds"
"Grus canadensis","Sandhill Crane","Gruidae","Birds"
"Tachycineta bicolor","Tree Swallow","Hirundinidae","Birds"
"Larus argentatus","Herring Gull","Laridae","Birds"
"Eugenes fulgens","Rivoli's Hummingbird","Trochilidae","Birds"
"Empidonax traillii","Willow Flycatcher","Tyrannidae","Birds"
"Myiarchus crinitus","Great Crested Flycatcher","Tyrannidae","Birds"
"Circus cyaneus","Hen Harrier","Accipitridae","Birds"
"Archilochus alexandri","Black-Chinned Hummingbird","Trochilidae","Birds"
"Icterus spurius","Orchard Oriole","Icteridae","Birds"
"Glaucidium gnoma","Northern Pygmy-Owl","Strigidae","Birds"
"Spizella breweri","Brewer's Sparrow","Emberizidae","Birds"
"Xanthocephalus xanthocephalus","Yellow-Headed Blackbird","Icteridae","Birds"
"Toxostoma rufum","Brown Thrasher","Mimidae","Birds"
"Podilymbus podiceps","Pied-Billed Grebe","Podicipedidae","Birds"
"Euphagus carolinus","Rusty Blackbird","Icteridae","Birds"
"Mycteria americana","Wood Stork","Ciconiidae","Birds"
"Sayornis saya","Say's Phoebe","Tyrannidae","Birds"
"Sitta pygmaea","Pygmy Nuthatch","Sittidae","Birds"
"Bombycilla cedrorum","Cedar Waxwing","Bombycillidae","Birds"
"Vermivora celata","Orange-Crowned Warbler","Parulidae","Birds"
"Rhynchophanes mccownii","Mccown's Longspur","Calcariidae","Birds"
"Grus americana","Whooping Crane","Gruidae","Birds"
"Sialia currucoides","Mountain Bluebird","Turdidae","Birds"
"Aythya valisineria","Canvasback","Anatidae","Birds"
"Salpinctes obsoletus","Rock Wren","Troglodytidae","Birds"
"Tringa flavipes","Lesser Yellow-Legs","Scolopacidae","Birds"
"Sitta canadensis","Red-Breasted Nuthatch","Sittidae","Birds"
"Phalaenoptilus nuttallii","Common Poorwill","Caprimulgidae","Birds"
"Accipiter cooperii","Cooper's Hawk","Accipitridae","Birds"
"Spiza americana","Dickcissel","Cardinalidae","Birds"
"Nycticorax nycticorax","Black-Crowned Night-Heron","Ardeidae","Birds"
"Sphyrapicus nuchalis","Red-Naped Sapsucker","Picidae","Birds"
"Charadrius melodus","Piping Plover","Charadriidae","Birds"
"Empidonax wrightii","Grey Flycatcher","Tyrannidae","Birds"
"Vermivora virginiae","Virginia's Warbler","Parulidae","Birds"
"Carduelis psaltria","Dark-Backed Goldfinch","Fringillidae","Birds"
"Anas clypeata","Northern Shoveler","Anatidae","Birds"
"Calidris pusilla","Semipalmated Sandpiper","Scolopacidae","Birds"
"Pelecanus erythrorhynchos","American White Pelican","Pelecanidae","Birds"
"Larus philadelphia","Bonaparte's Gull","Laridae","Birds"
"Picoides arcticus","Black-Backed Woodpecker","Picidae","Birds"
"Aegolius acadicus","Northern Saw-Whet Owl","Strigidae","Birds"
"Microtus montanus","Montane Vole","Cricetidae","Mammals"
"Microtus ochrogaster","Prairie Vole","Cricetidae","Mammals"
"Zapus hudsonius","Meadow Jumping Mouse","Dipodidae","Mammals"
"Thomomys idahoensis","Idaho Pocket Gopher","Geomyidae","Mammals"
"Sorex merriami","Merriam's Shrew","Soricidae","Mammals"
"Oreamnos americanus","Mountain Goat","Bovidae","Mammals"
"Mustela nigripes","Black-Footed Ferret","Mustelidae","Mammals"
"Peromyscus boylii","Brush Mouse","Cricetidae","Mammals"
"Cynomys leucurus","White-Tailed Prairie Dog","Sciuridae","Mammals"
"Spilogale gracilis","Western Spotted Skunk","Mephitidae","Mammals"
"Ursus americanus","American Black Bear","Ursidae","Mammals"
"Peromyscus truei","Pinyon Mouse","Cricetidae","Mammals"
"Lasiurus blossevillii","Red Bat","Vespertilionidae","Mammals"
"Sciurus niger","Fox Squirrel","Sciuridae","Mammals"
"Tadarida brasiliensis","Brazilian Free Tailed Bat","Molossidae","Mammals"
"Tamiasciurus hudsonicus","Red Squirrel","Sciuridae","Mammals"
"Myotis volans","Long Legged Myotis","Vespertilionidae","Mammals"
"Procyon lotor","Raccoon","Procyonidae","Mammals"
"Sorex preblei","Preble's Shrew","Soricidae","Mammals"
"Thomomys clusius","Wyoming Pocket Gopher","Geomyidae","Mammals"
"Myotis ciliolabrum","Western Small Footed Myotis","Vespertilionidae","Mammals"
"Bison bison","American Bison","Bovidae","Mammals"
"Perognathus parvus","Great Basin Pocket Mouse","Heteromyidae","Mammals"
"Glaucomys sabrinus","Northern Flying Squirrel","Sciuridae","Mammals"
"Bassariscus astutus","Ringtail","Procyonidae","Mammals"
"Alces alces","Eurasian Elk","Cervidae","Mammals"
"Neotoma mexicana","Mexican Woodrat","Cricetidae","Mammals"
"Sorex hoyi","Pygmy Shrew","Soricidae","Mammals"
"Antrozous pallidus","Pallid Bat","Vespertilionidae","Mammals"
"Sorex haydeni","Hayden's Shrew","Soricidae","Mammals"
"Myotis californicus","California Myotis","Vespertilionidae","Mammals"
"Reithrodontomys montanus","Plains Harvest Mouse","Cricetidae","Mammals"
"Vulpes vulpes","Red Fox","Canidae","Mammals"
"Microtus richardsoni","Water Vole","Cricetidae","Mammals"
"Sylvilagus nuttallii","Mountain Cottontail","Leporidae","Mammals"
"Sorex cinereus","Masked Shrew","Soricidae","Mammals"
"Euderma maculatum","Spotted Bat","Vespertilionidae","Mammals"
"Myodes gapperi","Southern Red Backed Vole","Cricetidae","Mammals"
"Zapus princeps","Western Jumping Mouse","Dipodidae","Mammals"
"Lynx canadensis","Canada Lynx","Felidae","Mammals"
"Peromyscus nasutus","Northern Rock Mouse","Cricetidae","Mammals"
"Martes americana","American Marten","Mustelidae","Mammals"
"Myotis melanorhinus","Dark-Nosed Small-Footed Myotis","Vespertilionidae","Mammals"
"Neovison vison","American Mink","Mustelidae","Mammals"
"Myotis thysanodes","Fringed Myotis","Vespertilionidae","Mammals"
"Ochotona princeps","American Pika","Ochotonidae","Mammals"
"Sorex vagrans","Vagrant Shrew","Soricidae","Mammals"
"Didelphis virginiana","Virginia Opossum","Didelphidae","Mammals"
"Cynomys ludovicianus","Black Tailed Prairie Dog","Sciuridae","Mammals"
"Canis lupus","Wolf","Canidae","Mammals"
"Sciurus aberti","Abert's Squirrel","Sciuridae","Mammals"
"Myotis yumanensis","Yuma Myotis","Vespertilionidae","Mammals"
"Dipodomys ordii","Ord's Kangaroo Rat","Heteromyidae","Mammals"
"Sylvilagus audubonii","Desert Cottontail","Leporidae","Mammals"
"Peromyscus crinitus","Canyon Mouse","Cricetidae","Mammals"
"Lepus americanus","Snowshoe Hare","Leporidae","Mammals"
"Microtus pennsylvanicus","Meadow Vole","Cricetidae","Mammals"
"Sylvilagus floridanus","Eastern Cottontail","Leporidae","Mammals"
"Antilocapra americana","Pronghorn","Antilocapridae","Mammals"
"Spilogale putorius","Eastern Spotted Skunk","Mephitidae","Mammals"
"Neotoma cinerea","Bushy Tailed Woodrat","Cricetidae","Mammals"
"Microtus longicaudus","Long-Tailed Vole","Cricetidae","Mammals"
"Cervus canadensis","null","Cervidae","Mammals"
"Brachylagus idahoensis","Pygmy Rabbit","Leporidae","Mammals"
"Sorex nanus","Dwarf Shrew","Soricidae","Mammals"
"Myotis evotis","Long Eared Myotis","Vespertilionidae","Mammals"
"Ovis canadensis","Bighorn Sheep","Bovidae","Mammals"
"Cryptotis parva","Least Shrew","Soricidae","Mammals"
"Lepus californicus","Black-Tailed Jackrabbit","Leporidae","Mammals"
"Lemmiscus curtatus","Sagebrush Vole","Cricetidae","Mammals"
"Odocoileus virginianus","White-Tailed Deer","Cervidae","Mammals"
"Ursus arctos","Grizzly Bear","Ursidae","Mammals"
"Geomys bursarius","Plains Pocket Gopher","Geomyidae","Mammals"
"Corynorhinus townsendii","Townsend's Big-Eared Bat","Vespertilionidae","Mammals"
"Sorex monticolus","Montane Shrew","Soricidae","Mammals"
"Blarina brevicauda","Mole Shrew","Soricidae","Mammals"
"Chaetodipus hispidus","Hispid Pocket Mouse","Heteromyidae","Mammals"
"Perognathus flavescens","Plains Pocket Mouse","Heteromyidae","Mammals"
"Sorex palustris","American Water Shrew","Soricidae","Mammals"
"Myotis lucifugus","Little Brown Bat","Vespertilionidae","Mammals"
"Puma concolor","Cougar","Felidae","Mammals"
"Peromyscus leucopus","White-Footed Mouse","Cricetidae","Mammals"
"Phenacomys intermedius","Western Heather Vole","Cricetidae","Mammals"
"Reithrodontomys megalotis","Western Harvest Mouse","Cricetidae","Mammals"
"Onychomys leucogaster","Northern Grasshopper Mouse","Cricetidae","Mammals"
"Urocyon cinereoargenteus","Gray Fox","Canidae","Mammals"
"Thomomys talpoides","Northern Pocket Gopher","Geomyidae","Mammals"
"Perognathus flavus","Silky Pocket Mouse","Heteromyidae","Mammals"
"Scalopus aquaticus","Eastern Mole","Talpidae","Mammals"
"Vulpes velox","Swift Fox","Canidae","Mammals"
"Marmota flaviventris","Yellow Bellied Marmot","Sciuridae","Mammals"
"Mustela erminea","Stoat","Mustelidae","Mammals"
"Perognathus fasciatus","Olive-Backed Pocket Mouse","Heteromyidae","Mammals"
"Lampropeltis triangulum","Eastern Milksnake","Colubridae","Reptiles"
"Plestiodon obsoletus","Great Plains Skink","Scincidae","Reptiles"
"Aspidoscelis tigris","Tiger Whiptail","Teiidae","Reptiles"
"Eumeces skiltonianus","Western Skink","Scincidae","Reptiles"
"Crotalus oreganus","Western Rattlesnake","Viperidae","Reptiles"
"Eumeces obsoletus","Great Plains Skink","Scincidae","Reptiles"
"Storeria occipitomaculata","Redbelly Snake","Colubridae","Reptiles"
"Heterodon nasicus","Plains Hognose Snake","Colubridae","Reptiles"
"Thamnophis elegans","Western Terrestrial Garter Snake","Colubridae","Reptiles"
"Sceloporus undulatus","Mescalero Dunes Fence Lizard","Phrynosomatidae","Reptiles"
"Charina bottae","Northern Rubber Boa","Boidae","Reptiles"
"Liochlorophis vernalis","Smooth Green Snake","Colubridae","Reptiles"
"Sceloporus graciosus","Mountain Swift","Phrynosomatidae","Reptiles"
"Coluber constrictor","Eastern Racer","Colubridae","Reptiles"
"Thamnophis radix","Plains Garter Snake","Colubridae","Reptiles"
"Urosaurus ornatus","Tree Lizard","Phrynosomatidae","Reptiles"
"Aspidoscelis sexlineata","Six-Lined Racerunner","Teiidae","Reptiles"
"Thamnophis sirtalis","Common Garter Snake","Colubridae","Reptiles"
"Phrynosoma hernandesi","Mountain Short-Horned Lizard","Phrynosomatidae","Reptiles"
"Tantilla nigriceps","Plains Blackhead Snake","Colubridae","Reptiles"
"Diadophis punctatus","Ringneck Snake","Colubridae","Reptiles"
"Holbrookia maculata","Lesser Earless Lizard","Phrynosomatidae","Reptiles"
"Plestiodon multivirgatus","Many-Lined Skink","Scincidae","Reptiles"
"Eumeces multivirgatus","Multivirgatus: Northern Many-Lined Skink","Scincidae","Reptiles"
"Crotalus viridis","Prairie Rattlesnake","Viperidae","Reptiles"
"Plestiodon skiltonianus","Western Skink","Scincidae","Reptiles"
"Pituophis catenifer","Gopher Snake","Colubridae","Reptiles"
"Terrapene ornata","Ornate Box Turtle","Emydidae","Turtles (non-marine)"
"Apalone spinifera","Spiny Softshell","Trionychidae","Turtles (non-marine)"
"Chrysemys picta","Painted Turtle","Emydidae","Turtles (non-marine)"
"Kinosternon flavescens","Yellow Mud Turtle","Kinosternidae","Turtles (non-marine)"
"Chelydra serpentina","Common Snapping Turtle","Chelydridae","Turtles (non-marine)"
"Lithobates catesbeianus","Common Bullfrog","Ranidae","Amphibians"
"Acris crepitans","Eastern Cricket Frog","Hylidae","Amphibians"
"Ambystoma mavortium","Axolotl","Ambystomatidae","Amphibians"
"Spea intermontana","Great Basin Spadefoot","Scaphiopodidae","Amphibians"
"Anaxyrus cognatus","Texas Toad","Bufonidae","Amphibians"
"Spea bombifrons","Cope's Spea","Scaphiopodidae","Amphibians"
"Rana luteiventris","Columbia Spotted Frog","Ranidae","Amphibians"
"Anaxyrus woodhousii","East Texas Toad","Bufonidae","Amphibians"
"Lithobates sylvaticus","Wood Frog","Ranidae","Amphibians"
"Pseudacris maculata","Boreal Chorus Frog","Hylidae","Amphibians"
"Anaxyrus boreas","Boreal Toad","Bufonidae","Amphibians"
"Ambystoma tigrinum","Tiger Salamander","Ambystomatidae","Amphibians"
"Lithobates pipiens","Peeping Frog","Ranidae","Amphibians"
"Anaxyrus baxteri","Wyoming Toad","Bufonidae","Amphibians"
"Gila atraria","Utah Chub","Cyprinidae","Fishes"
"Chasmistes muriei","Snake River Sucker","Catostomidae","Fishes"
"Luxilus cornutus","Common Shiner","Cyprinidae","Fishes"
"Hybognathus argyritis","Western Silvery Minnow","Cyprinidae","Fishes"
"Gila elegans","Bonytail","Cyprinidae","Fishes"
"Catostomus latipinnis","Flannelmouth Sucker","Catostomidae","Fishes"
"Gila cypha","Humpback Chub","Cyprinidae","Fishes"
"Semotilus atromaculatus","Creek Chub","Cyprinidae","Fishes"
"Cottus bairdii","Mottled Sculpin","Cottidae","Fishes"
"Hybognathus placitus","Plains Minnow","Cyprinidae","Fishes"
"Etheostoma spectabile","Orangethroat Darter","Percidae","Fishes"
"Moxostoma macrolepidotum","Shorthead Redhorse","Catostomidae","Fishes"
"Catostomus platyrhynchus","Mountain Sucker","Catostomidae","Fishes"
"Hybognathus hankinsoni","Brassy Minnow","Cyprinidae","Fishes"
"Ptychocheilus lucius","Colorado Pikeminnow","Cyprinidae","Fishes"
"Lepomis macrochirus","Bluegill","Centrarchidae","Fishes"
"Fundulus kansae","Northern Plains Killifish","Fundulidae","Fishes"
"Phenacobius mirabilis","Suckermouth Minnow","Cyprinidae","Fishes"
"Thymallus arcticus","Arctic Grayling","Salmonidae","Fishes"
"Hiodon alosoides","Goldeye","Hiodontidae","Fishes"
"Pimephales promelas","Fathead Minnow","Cyprinidae","Fishes"
"Notropis dorsalis","Bigmouth Shiner","Cyprinidae","Fishes"
"Catostomus commersonii","White Sucker","Catostomidae","Fishes"
"Catostomus ardens","Utah Sucker","Catostomidae","Fishes"
"Gila robusta","Roundtail Chub","Cyprinidae","Fishes"
"Etheostoma nigrum","Johnny Darter","Percidae","Fishes"
"Chrosomus neogaeus","Finescale Dace","Cyprinidae","Fishes"
"Notropis stramineus","Sand Shiner","Cyprinidae","Fishes"
"Fundulus zebrinus","Plains Killifish","Fundulidae","Fishes"
"Cyprinella lutrensis","Red Shiner","Cyprinidae","Fishes"
"Cottus beldingii","Paiute Sculpin","Cottidae","Fishes"
"Dorosoma cepedianum","Gizzard Shad","Clupeidae","Fishes"
"Esox lucius","Pike","Esocidae","Fishes"
"Lepidomeda copei","Northern Leatherside Chub","Cyprinidae","Fishes"
"Lepomis cyanellus","Green Sunfish","Centrarchidae","Fishes"
"Catostomus catostomus","Longnose Sucker","Catostomidae","Fishes"
"Campostoma anomalum","Central Stoneroller","Cyprinidae","Fishes"
"Catostomus discobolus","Bluehead Sucker","Catostomidae","Fishes"
"Oncorhynchus clarkii","Cutthroat Trout","Salmonidae","Fishes"
"Fundulus sciadicus","Plains Topminnow","Fundulidae","Fishes"
"Nocomis biguttatus","Hornyhead Chub","Cyprinidae","Fishes"
"Scaphirhynchus platorynchus","Shovelnose Sturgeon","Acipenseridae","Fishes"
"Rhinichthys cataractae","Longnose Dace","Cyprinidae","Fishes"
"Etheostoma exile","Iowa Darter","Percidae","Fishes"
"Rhinichthys osculus","Speckled Dace","Cyprinidae","Fishes"
"Noturus flavus","Stonecat","Ictaluridae","Fishes"
"Hesperia ottoe","Ottoe Skipper","Hesperiidae","Butterflies"
"Cercyonis oetus","Small Wood-Nymph","Nymphalidae","Butterflies"
"Ochlodes snowi","null","Hesperiidae","Butterflies"
"Yvretta rhesus","null","Hesperiidae","Butterflies"
"Polygonia comma","Eastern Comma","Nymphalidae","Butterflies"
"Megisto cymela","Little Wood-Satyr","Nymphalidae","Butterflies"
"Lycaena cupreus","Lustrous Copper","Lycaenidae","Butterflies"
"Leptotes marina","Marine Blue","Lycaenidae","Butterflies"
"Hesperia nevada","Nevada Skipper","Hesperiidae","Butterflies"
"Speyeria mormonia","Mormon Fritillary","Nymphalidae","Butterflies"
"Oeneis jutta","Jutta Arctic","Nymphalidae","Butterflies"
"Euchloe hyantis","Pearly Marble","Pieridae","Butterflies"
"Satyrium calanus","Banded Hairstreak","Lycaenidae","Butterflies"
"Lycaena helloides","Purplish Copper","Lycaenidae","Butterflies"
"Glaucopsyche lygdamus","Silvery Blue","Lycaenidae","Butterflies"
"Nymphalis californica","California Tortoiseshell","Nymphalidae","Butterflies"
"Neophasia menapia","Pine White","Pieridae","Butterflies"
"Papilio machaon","Swallowtail","Papilionidae","Butterflies"
"Thorybes mexicana","Mexican Cloudywing","Hesperiidae","Butterflies"
"Colias pelidne","Pelidne Sulphur","Pieridae","Butterflies"
"Hesperia pahaska","Pahaska Skipper","Hesperiidae","Butterflies"
"Strymon melinus","Gray Hairstreak","Lycaenidae","Butterflies"
"Erynnis persius","Persius Dusky-Wing","Hesperiidae","Butterflies"
"Euphyes bimacula","Two-Spotted Skipper","Hesperiidae","Butterflies"
"Callophrys mossii","Moss' Elfin","Lycaenidae","Butterflies"
"Pieris virginiensis","West Virginia White","Pieridae","Butterflies"
"Speyeria atlantis","Atlantis Fritillary","Nymphalidae","Butterflies"
"Papilio cresphontes","Giant Swallowtail","Papilionidae","Butterflies"
"Phyciodes batesii","Tawny Crescent","Nymphalidae","Butterflies"
"Nymphalis antiopa","Mourning Cloak","Nymphalidae","Butterflies"
"Ancyloxypha numitor","Least Skipper","Hesperiidae","Butterflies"
"Vanessa atalanta","Red Admiral","Nymphalidae","Butterflies"
"Lycaena rubidus","Ruddy Copper","Lycaenidae","Butterflies"
"Pieris napi","Gray-Veined White","Pieridae","Butterflies"
"Colias eurytheme","Orange Sulphur","Pieridae","Butterflies"
"Oeneis chryxus","Ivallda Arctic","Nymphalidae","Butterflies"
"Speyeria edwardsii","Edwards' Fritillary","Nymphalidae","Butterflies"
"Papilio multicaudata","Two-Tailed Swallowtail","Papilionidae","Butterflies"
"Erebia epipsodea","Common Alpine","Nymphalidae","Butterflies"
"Lycaena mariposa","Mariposa Copper","Lycaenidae","Butterflies"
"Phyciodes tharos","Pearl Crescent","Nymphalidae","Butterflies"
"Chlosyne nycteis","Silvery Checkerspot","Nymphalidae","Butterflies"
"Epargyreus clarus","Silver-Spotted Skipper","Hesperiidae","Butterflies"
"Polites themistocles","Tawny-Edged Skipper","Hesperiidae","Butterflies"
"Asterocampa clyton","Tawny Emperor","Nymphalidae","Butterflies"
"Callophrys augustus","null","Lycaenidae","Butterflies"
"Nymphalis vaualbum","Compton Tortoiseshell","Nymphalidae","Butterflies"
"Euphyes vestris","Dun Skipper","Hesperiidae","Butterflies"
"Limenitis weidemeyerii","Weidemeyer's Admiral","Nymphalidae","Butterflies"
"Euphydryas chalcedona","Variable Checkerspot","Nymphalidae","Butterflies"
"Pyrgus ruralis","Two-Banded Checkered-Skipper","Hesperiidae","Butterflies"
"Satyrium sylvinus","Sylvan Hairstreak","Lycaenidae","Butterflies"
"Everes amyntula","Western Tailed-Blue","Lycaenidae","Butterflies"
"Cercyonis sthenele","Great Basin Wood-Nymph","Nymphalidae","Butterflies"
"Papilio polyxenes","Black Swallowtail","Papilionidae","Butterflies"
"Precis coenia","Common Buckeye","Nymphalidae","Butterflies"
"Chlosyne harrisii","Harris' Checkerspot","Nymphalidae","Butterflies"
"Boloria frigga","Frigga Fritillary","Nymphalidae","Butterflies"
"Oeneis polixenes","Polixenes Arctic","Nymphalidae","Butterflies"
"Phyciodes picta","Painted Crescent","Nymphalidae","Butterflies"
"Erynnis zarucco","Zarucco Duskywing","Hesperiidae","Butterflies"
"Danaus plexippus","Monarch","Nymphalidae","Butterflies"
"Speyeria callippe","Callippe Fritillary","Nymphalidae","Butterflies"
"Nymphalis milberti","Milbert's Tortoiseshell","Nymphalidae","Butterflies"
"Pieris sisymbrii","null","Pieridae","Butterflies"
"Anaea andria","Goatweed Leafwing","Nymphalidae","Butterflies"
"Plebejus saepiolus","Greenish Blue","Lycaenidae","Butterflies"
"Polites origenes","Crossline Skipper","Hesperiidae","Butterflies"
"Euphydryas editha","Edith's Checkerspot","Nymphalidae","Butterflies"
"Atrytonopsis hianna","Dusted Skipper","Hesperiidae","Butterflies"
"Pholisora catullus","Common Sootywing","Hesperiidae","Butterflies"
"Danaus gilippus","Queen","Nymphalidae","Butterflies"
"Boloria napaea","Mountain Fritillary","Nymphalidae","Butterflies"
"Erynnis icelus","Dreamy Dusky-Wing","Hesperiidae","Butterflies"
"Oeneis uhleri","Uhler's Arctic","Nymphalidae","Butterflies"
"Aguna asander","Gold-Spotted Aguna","Hesperiidae","Butterflies"
"Polygonia faunus","Faun","Nymphalidae","Butterflies"
"Speyeria cybele","Great Spangled Fritillary","Nymphalidae","Butterflies"
"Pieris rapae","Cabbage White","Pieridae","Butterflies"
"Piruna pirus","Russet Skipperling","Hesperiidae","Butterflies"
"Hesperopsis libya","Mojave Sootywing","Hesperiidae","Butterflies"
"Papilio eurymedon","Pale Swallowtail","Papilionidae","Butterflies"
"Hemiargus isola","Reakirt's Blue","Lycaenidae","Butterflies"
"Colias alexandra","Queen Alexandra's Sulphur","Pieridae","Butterflies"
"Phyciodes pallida","Pale Crescent","Nymphalidae","Butterflies"
"Erynnis brizo","Sleepy Duskywing","Hesperiidae","Butterflies"
"Hesperia leonardus","Leonard's Skipper","Hesperiidae","Butterflies"
"Boloria frisia","null","Nymphalidae","Butterflies"
"Speyeria coronis","Coronis Fritillary","Nymphalidae","Butterflies"
"Amblyscirtes simius","Simius Roadside-Skipper","Hesperiidae","Butterflies"
"Poanes hobomok","Hobomok Skipper","Hesperiidae","Butterflies"
"Ochlodes yuma","Yuma Skipper","Hesperiidae","Butterflies"
"Phoebis sennae","Cloudless Sulphur","Pieridae","Butterflies"
"Glaucopsyche piasus","Arrowhead Blue","Lycaenidae","Butterflies"
"Chlosyne palla","Northern Checkerspot","Nymphalidae","Butterflies"
"Satyrium fuliginosum","Sooty Gossamer-Wing","Lycaenidae","Butterflies"
"Satyrium acadica","Acadian Hairstreak","Lycaenidae","Butterflies"
"Polygonia satyrus","Satyr Anglewing","Nymphalidae","Butterflies"
"Pieris callidice","null","Pieridae","Butterflies"
"Pieris protodice","null","Pieridae","Butterflies"
"Erebia theano","Theano Alpine","Nymphalidae","Butterflies"
"Polites sonora","Sonoran Skipper","Hesperiidae","Butterflies"
"Pyrgus communis","Common Checkered-Skipper","Hesperiidae","Butterflies"
"Polites sabuleti","Sandhill Skipper","Hesperiidae","Butterflies"
"Eurema mexicana","Mexican Yellow","Pieridae","Butterflies"
"Boloria freija","Freija Fritillary","Nymphalidae","Butterflies"
"Satyrium californica","California Hairstreak","Lycaenidae","Butterflies"
"Celastrina argiolus","Spring/Summer Azure","Lycaenidae","Butterflies"
"Speyeria zerene","Zerene Fritillary","Nymphalidae","Butterflies"
"Erynnis martialis","Mottled Duskywing","Hesperiidae","Butterflies"
"Coenonympha haydenii","Hayden's Ringlet","Nymphalidae","Butterflies"
"Anthocharis sara","Sara Orangetip","Pieridae","Butterflies"
"Speyeria hydaspe","Hydaspe Fritillary","Nymphalidae","Butterflies"
"Colias scudderi","Scudder's Sulphur","Pieridae","Butterflies"
"Speyeria idalia","Regal Fritillary","Nymphalidae","Butterflies"
"Thorybes pylades","Northern Cloudywing","Hesperiidae","Butterflies"
"Erynnis juvenalis","Juvenal's Duskywing","Hesperiidae","Butterflies"
"Atalopedes campestris","Sachem","Hesperiidae","Butterflies"
"Euphilotes rita","Rita's Blue","Lycaenidae","Butterflies"
"Libytheana carinenta","American Snout","Nymphalidae","Butterflies"
"Polites draco","Draco Skipper","Hesperiidae","Butterflies"
"Lycaena phlaes","null","Lycaenidae","Butterflies"
"Harkenclenus titus","Coral Hairstreak","Lycaenidae","Butterflies"
"Erynnis telemachus","Rocky Mountain Duskywing","Hesperiidae","Butterflies"
"Pyrgus scriptura","Small Checkered-Skipper","Hesperiidae","Butterflies"
"Chlosyne gabbii","Gabb's Checkerspot","Nymphalidae","Butterflies"
"Boloria eunomia","Bog Fritillary","Nymphalidae","Butterflies"
"Phyciodes campestris","Field Crescent","Nymphalidae","Butterflies"
"Euchloe olympia","Olympia Marble","Pieridae","Butterflies"
"Boloria titania","Titania's Fritillary","Nymphalidae","Butterflies"
"Speyeria egleis","Great Basin Fritillary","Nymphalidae","Butterflies"
"Callophrys eryphon","Western Pine Elfin","Lycaenidae","Butterflies"
"Coenonympha tullia","Common Ringlet","Nymphalidae","Butterflies"
"Hesperia viridis","Green Skipper","Hesperiidae","Butterflies"
"Apodemia mormo","Mormon Metalmark","Riodinidae","Butterflies"
"Oeneis melissa","Melissa Arctic","Nymphalidae","Butterflies"
"Lycaena hyllus","Bronze Copper","Lycaenidae","Butterflies"
"Amblyscirtes oslari","Oslar's Roadside-Skipper","Hesperiidae","Butterflies"
"Lycaena arota","Tailed Copper","Lycaenidae","Butterflies"
"Asterocampa celtis","Hackberry Emperor","Nymphalidae","Butterflies"
"Speyeria claudia","null","Nymphalidae","Butterflies"
"Phyciodes mylitta","Mylitta Crescent","Nymphalidae","Butterflies"
"Polygonia interrogationis","Question Mark","Nymphalidae","Butterflies"
"Phyciodes phaon","Phaon Crescent","Nymphalidae","Butterflies"
"Pyrgus afranius","null","Hesperiidae","Butterflies"
"Euphilotes enoptes","Dotted Blue","Lycaenidae","Butterflies"
"Hesperia juba","Juba Skipper","Hesperiidae","Butterflies"
"Lethe eurydice","Eyed Brown","Nymphalidae","Butterflies"
"Atrytone arogos","Arogos Skipper","Hesperiidae","Butterflies"
"Satyrium saepium","Hedgerow Hairstreak","Lycaenidae","Butterflies"
"Eurema nicippe","Sleepy Orange","Pieridae","Butterflies"
"Plebejus idas","Idas Blue","Lycaenidae","Butterflies"
"Boloria bellona","Meadow Fritillary","Nymphalidae","Butterflies"
"Plebejus acmon","Acmon Blue","Lycaenidae","Butterflies"
"Colias philodice","Clouded Sulphur","Pieridae","Butterflies"
"Cercyonis pegala","Common Wood-Nymph","Nymphalidae","Butterflies"
"Vanessa carye","null","Nymphalidae","Butterflies"
"Speyeria nokomis","Nokomis Fritillary","Nymphalidae","Butterflies"
"Polites mystic","Long Dash","Hesperiidae","Butterflies"
"Euphilotes battoides","Square-Spotted Blue","Lycaenidae","Butterflies"
"Eurema lisa","Little Yellow","Pieridae","Butterflies"
"Hypaurotis crysalus","Colorado Hairstreak","Lycaenidae","Butterflies"
"Callophrys spinetorum","Thicket Hairstreak","Lycaenidae","Butterflies"
"Polygonia progne","Gray Comma","Nymphalidae","Butterflies"
"Limenitis archippus","Viceroy","Nymphalidae","Butterflies"
"Ochlodes sylvanoides","Woodland Skipper","Hesperiidae","Butterflies"
"Plebejus melissa","Melissa Blue","Lycaenidae","Butterflies"
"Callophrys gryneus","Juniper Hairstreak","Lycaenidae","Butterflies"
"Parnassius phoebus","Small Apollo","Papilionidae","Butterflies"
"Speyeria aphrodite","Aphrodite Fritillary","Nymphalidae","Butterflies"
"Battus philenor","Pipevine Swallowtail","Papilionidae","Butterflies"
"Plebejus icarioides","Boisduval's Blue","Lycaenidae","Butterflies"
"Plebejus glandon","Glandon Blue","Lycaenidae","Butterflies"
"Carterocephalus palaemon","Arctic Skipper","Hesperiidae","Butterflies"
"Amblyscirtes vialis","Common Roadside-Skipper","Hesperiidae","Butterflies"
"Lycaena heteronea","Blue Copper","Lycaenidae","Butterflies"
"Colias cesonia","Southern Dogface","Pieridae","Butterflies"
"Everes comyntas","Eastern Tailed-Blue","Lycaenidae","Butterflies"
"Nathalis iole","Dainty Sulphur","Pieridae","Butterflies"
"Polygonia gracilis","Hoary Comma","Nymphalidae","Butterflies"
"Vanessa cardui","Painted Lady","Nymphalidae","Butterflies"
"Atrytone logan","Delaware Skipper","Hesperiidae","Butterflies"
"Hesperia comma","Common Branded Skipper","Hesperiidae","Butterflies"
"Boloria selene","Silver-Bordered Fritillary","Nymphalidae","Butterflies"
"Phyciodes texana","Texan Crescent","Nymphalidae","Butterflies"
"Cercyonis meadii","Mead's Wood-Nymph","Nymphalidae","Butterflies"
"Oarisma garita","Garita Skipperling","Hesperiidae","Butterflies"
"Satyrium liparops","Striped Hairstreak","Lycaenidae","Butterflies"
"Parnassius clodius","Clodius Parnassian","Papilionidae","Butterflies"
"Lycaena nivalis","Lilac-Bordered Copper","Lycaenidae","Butterflies"
"Pieris chloridice","null","Pieridae","Butterflies"
"Neominois ridingsii","Ridings' Satyr","Nymphalidae","Butterflies"
"Poanes zabulon","Zabulon Skipper","Hesperiidae","Butterflies"
"Callophrys polios","Hoary Elfin","Lycaenidae","Butterflies"
"Poladryas minuta","Dotted Checkerspot","Nymphalidae","Butterflies"
"Euphydryas gillettii","Gillett's Checkerspot","Nymphalidae","Butterflies"
"Callophrys affinis","Western Green Hairstreak","Lycaenidae","Butterflies"
"Phyciodes morpheus","null","Nymphalidae","Butterflies"
"Plebejus shasta","Shasta Blue","Lycaenidae","Butterflies"
"Hesperia dacotae","Dakota Skipper","Hesperiidae","Butterflies"
"Satyrium behrii","Behr's Hairstreak","Lycaenidae","Butterflies"
"Pyrgus centaurae","null","Hesperiidae","Butterflies"
"Erynnis pacuvius","Pacuvius Duskywing","Hesperiidae","Butterflies"
"Brephidium exilis","Western Pygmy-Blue","Lycaenidae","Butterflies"
"Vanessa virginiensis","American Lady","Nymphalidae","Butterflies"
"Amblyscirtes aenus","Bronze Roadside-Skipper","Hesperiidae","Butterflies"
"Papilio zelicaon","Anise Swallowtail","Papilionidae","Butterflies"
"Megathymus streckeri","Strecker's Giant-Skipper","Hesperiidae","Butterflies"
"Bombus flavidus","Fernald Cuckoo Bumble Bee","Apidae","Bumblebees"
"Bombus centralis","Central Bumble Bee","Apidae","Bumblebees"
"Bombus cryptarum","Cryptic Bumble Bee","Apidae","Bumblebees"
"Bombus morrisoni","Morrison Bumble Bee","Apidae","Bumblebees"
"Bombus appositus","A Bumble Bee","Apidae","Bumblebees"
"Bombus frigidus","Frigid Bumble Bee","Apidae","Bumblebees"
"Bombus bifarius","Two Form Bumble Bee","Apidae","Bumblebees"
"Bombus suckleyi","Suckley Cuckoo Bumble Bee","Apidae","Bumblebees"
"Bombus mixtus","Sanderson's Bumble Bee","Apidae","Bumblebees"
"Bombus balteatus","Golden-Belted Bumblebee","Apidae","Bumblebees"
"Bombus rufocinctus","Sanderson's Bumble Bee","Apidae","Bumblebees"
"Bombus occidentalis","Western Bumble Bee","Apidae","Bumblebees"
"Bombus fraternus","Southern Plains Bumble Bee","Apidae","Bumblebees"
"Bombus auricomus","Black And Gold Bumble Bee","Apidae","Bumblebees"
"Bombus sitkensis","Sitka Bumble Bee","Apidae","Bumblebees"
"Bombus melanopygus","Black Tail Bumble Bee","Apidae","Bumblebees"
"Bombus terricola","Yellowbanded Bumble Bee","Apidae","Bumblebees"
"Bombus fervidus","Yellow Bumble Bee","Apidae","Bumblebees"
"Bombus pensylvanicus","American Bumble Bee","Apidae","Bumblebees"
"Bombus griseocollis","Brown-Belted Bumble Bee","Apidae","Bumblebees"
"Bombus insularis","Orange-Rumped Bumblebee","Apidae","Bumblebees"
"Bombus flavifrons","Yellow Head Bumble Bee","Apidae","Bumblebees"
"Bombus vagans","Half-Black Bumble Bee","Apidae","Bumblebees"
"Bombus huntii","Hunt Bumble Bee","Apidae","Bumblebees"
"Bombus nevadensis","Black And Gold Bumble Bee","Apidae","Bumblebees"
"Bombus sylvicola","Forest Bumble Bee","Apidae","Bumblebees"
"Leucorrhinia intacta","Dot-Tailed Whiteface","Libellulidae","Dragonflies"
"Enallagma boreale","Boreal Bluet","Coenagrionidae","Dragonflies"
"Argia plana","Springwater Dancer","Coenagrionidae","Dragonflies"
"Aeshna juncea","Common Hawker","Aeshnidae","Dragonflies"
"Lestes dryas","Scarce Emerald Damselfly","Lestidae","Dragonflies"
"Ischnura damula","Plains Forktail","Coenagrionidae","Dragonflies"
"Libellula quadrimaculata","Four-Spotted Chaser","Libellulidae","Dragonflies"
"Epitheca cynosura","Common Baskettail","Corduliidae","Dragonflies"
"Enallagma basidens","Double-Striped Bluet","Coenagrionidae","Dragonflies"
"Tramea onusta","Red Saddlebags","Libellulidae","Dragonflies"
"Celithemis elisa","Calico Pennant","Libellulidae","Dragonflies"
"Aeshna interrupta","Variable Darner","Aeshnidae","Dragonflies"
"Amphiagrion abbreviatum","Western Red Damsel","Coenagrionidae","Dragonflies"
"Sympetrum pallipes","Striped Meadowhawk","Libellulidae","Dragonflies"
"Sympetrum danae","Black Darter","Libellulidae","Dragonflies"
"Perithemis tenera","Eastern Amberwing","Libellulidae","Dragonflies"
"Enallagma ebrium","Marsh Bluet","Coenagrionidae","Dragonflies"
"Sympetrum obtrusum","White-Faced Meadowhawk","Libellulidae","Dragonflies"
"Enallagma antennatum","Rainbow Bluet","Coenagrionidae","Dragonflies"
"Coenagrion resolutum","Taiga Bluet","Coenagrionidae","Dragonflies"
"Lestes congener","Spotted Spreadwing","Lestidae","Dragonflies"
"Enallagma annexum","Northern Bluet","Coenagrionidae","Dragonflies"
"Pachydiplax longipennis","Blue Dasher","Libellulidae","Dragonflies"
"Somatochlora cingulata","Lake Emerald","Corduliidae","Dragonflies"
"Lestes forcipatus","Sweetflag Spreadwing","Lestidae","Dragonflies"
"Celithemis eponina","Halloween Pennant","Libellulidae","Dragonflies"
"Aeshna umbrosa","Shadow Darner","Aeshnidae","Dragonflies"
"Somatochlora semicircularis","Mountain Emerald","Corduliidae","Dragonflies"
"Leucorrhinia proxima","Belted Whiteface","Libellulidae","Dragonflies"
"Ischnura cervula","Pacific Forktail","Coenagrionidae","Dragonflies"
"Enallagma geminatum","Skimming Bluet","Coenagrionidae","Dragonflies"
"Sympetrum rubicundulum","Ruby Meadowhawk","Libellulidae","Dragonflies"
"Nehalennia irene","Sedge Sprite","Coenagrionidae","Dragonflies"
"Anax junius","Green Darner","Aeshnidae","Dragonflies"
"Erpetogomphus designatus","Eastern Ringtail","Gomphidae","Dragonflies"
"Leucorrhinia borealis","Boreal Whiteface","Libellulidae","Dragonflies"
"Lestes unguiculatus","Lyre-Tipped Spreadwing","Lestidae","Dragonflies"
"Sympetrum madidum","Red-Veined Meadowhawk","Libellulidae","Dragonflies"
"Sympetrum internum","Cherry-Faced Meadowhawk","Libellulidae","Dragonflies"
"Calopteryx maculata","Ebony Jewelwing","Calopterygidae","Dragonflies"
"Enallagma praevarum","Arroyo Bluet","Coenagrionidae","Dragonflies"
"Hetaerina americana","American Rubyspot","Calopterygidae","Dragonflies"
"Plathemis lydia","Common Whitetail","Libellulidae","Dragonflies"
"Argia emma","Emma's Dancer","Coenagrionidae","Dragonflies"
"Archilestes grandis","Great Spreadwing","Lestidae","Dragonflies"
"Sympetrum corruptum","Variegated Meadowhawk","Libellulidae","Dragonflies"
"Argia immunda","Kiowa Dancer","Coenagrionidae","Dragonflies"
"Cordulegaster dorsalis","Pacific Spiketail","Cordulegastridae","Dragonflies"
"Sympetrum vicinum","Autumn Meadowhawk","Libellulidae","Dragonflies"
"Libellula pulchella","Twelve-Spotted Skimmer","Libellulidae","Dragonflies"
"Enallagma clausum","Alkali Bluet","Coenagrionidae","Dragonflies"
"Argia vivida","Vivid Dancer","Coenagrionidae","Dragonflies"
"Enallagma signatum","Orange Bluet","Coenagrionidae","Dragonflies"
"Tramea lacerata","Black Saddlebags","Libellulidae","Dragonflies"
"Aeshna eremita","Lake Darner","Aeshnidae","Dragonflies"
"Erythemis simplicicollis","Eastern Pondhawk","Libellulidae","Dragonflies"
"Erythemis collocata","Western Pondhawk","Libellulidae","Dragonflies"
"Brechmorhoga mendax","Pale-Faced Clubskimmer","Libellulidae","Dragonflies"
"Pantala flavescens","Wandering Glider","Libellulidae","Dragonflies"
"Rhionaeschna californica","California Darner","Aeshnidae","Dragonflies"
"Leucorrhinia hudsonica","Hudsonian Whiteface","Libellulidae","Dragonflies"
"Enallagma hageni","Hagen's Bluet","Coenagrionidae","Dragonflies"
"Enallagma carunculatum","Tule Bluet","Coenagrionidae","Dragonflies"
"Pantala hymenaea","Spot-Winged Glider","Libellulidae","Dragonflies"
"Gomphus graslinellus","Pronghorn Clubtail","Gomphidae","Dragonflies"
"Ischnura perparva","Western Forktail","Coenagrionidae","Dragonflies"
"Aeshna palmata","Paddle-Tailed Darner","Aeshnidae","Dragonflies"
"Somatochlora hudsonica","Hudsonian Emerald","Corduliidae","Dragonflies"
"Arigomphus cornutus","Horned Clubtail","Gomphidae","Dragonflies"
"Ophiogomphus severus","Pale Snaketail","Gomphidae","Dragonflies"
"Somatochlora minor","Ocellated Emerald","Corduliidae","Dragonflies"
"Gomphus externus","Plains Clubtail","Gomphidae","Dragonflies"
"Aeshna constricta","Lance-Tipped Darner","Aeshnidae","Dragonflies"
"Libellula saturata","Flame Skimmer","Libellulidae","Dragonflies"
"Lestes disjunctus","Northern Spreadwing","Lestidae","Dragonflies"
"Somatochlora ensigera","Plains Emerald","Corduliidae","Dragonflies"
"Argia alberta","Paiute Dancer","Coenagrionidae","Dragonflies"
"Calopteryx aequabilis","River Jewelwing","Calopterygidae","Dragonflies"
"Argia sedula","Blue-Ringed Dancer","Coenagrionidae","Dragonflies"
"Libellula forensis","Eight-Spotted Skimmer","Libellulidae","Dragonflies"
"Enallagma civile","Familiar Bluet","Coenagrionidae","Dragonflies"
"Plathemis subornata","Desert Whitetail","Libellulidae","Dragonflies"
"Ischnura verticalis","Eastern Forktail","Coenagrionidae","Dragonflies"
"Rhionaeschna multicolor","Blue-Eyed Darner","Aeshnidae","Dragonflies"
"Cordulia shurtleffi","American Emerald","Corduliidae","Dragonflies"
"Enallagma anna","River Bluet","Coenagrionidae","Dragonflies"
"Sympetrum semicinctum","Band-Winged Meadowhawk","Libellulidae","Dragonflies"
"Argia fumipennis","Variable Dancer","Coenagrionidae","Dragonflies"
"Stylurus intricatus","Brimstone Clubtail","Gomphidae","Dragonflies"
"Sympetrum costiferum","Saffron-Winged Meadowhawk","Libellulidae","Dragonflies"
"Leucorrhinia glacialis","Crimson-Ringed Whiteface","Libellulidae","Dragonflies"
"Libellula luctuosa","Widow Skimmer","Libellulidae","Dragonflies"
"Aeshna sitchensis","Zigzag Darner","Aeshnidae","Dragonflies"
"Juniperus horizontalis","Creeping Juniper","Cupressaceae","Trees"
"Acer grandidentatum","Bigtooth Maple","Sapindaceae","Trees"
"Pseudotsuga menziesii","Coast Douglas-Fir","Pinaceae","Trees"
"Picea glauca","White Spruce","Pinaceae","Trees"
"Artemisia tridentata","Basin Sagebrush","Compositae","Trees"
"Salix bebbiana","Gray Willow","Salicaceae","Trees"
"Amelanchier utahensis","Utah Serviceberry","Rosaceae","Trees"
"Crataegus douglasii","Black Hawthorn","Rosaceae","Trees"
"Crataegus succulenta","Fleshy Hawthorn","Rosaceae","Trees"
"Acer negundo","Ash-Leaf Maple","Sapindaceae","Trees"
"Quercus macrocarpa","Mossy-Cup Oak","Fagaceae","Trees"
"Salix discolor","American Pussy Willow","Salicaceae","Trees"
"Prunus americana","American Plum","Rosaceae","Trees"
"Salix lucida","Shining Willow","Salicaceae","Trees"
"Populus balsamifera","Balsam Poplar","Salicaceae","Trees"
"Viburnum lentago","Nannyberry","Adoxaceae","Trees"
"Corylus cornuta","Beaked Hazelnut","Betulaceae","Trees"
"Salix exigua","Sandbar Willow","Salicaceae","Trees"
"Salix lasiandra","Pacific Willow","Salicaceae","Trees"
"Sambucus melanocarpa","European Red Elder","Adoxaceae","Trees"
"Populus trichocarpa","Western Balsam Poplar","Salicaceae","Trees"
"Quercus gambelii","Gambel Oak","Fagaceae","Trees"
"Sorbus scopulina","Western Mountain-Ash","Rosaceae","Trees"
"Betula papyrifera","Paper Birch","Betulaceae","Trees"
"Fraxinus pennsylvanica","Red Ash","Oleaceae","Trees"
"Alnus sinuata","Sitka Alder","Betulaceae","Trees"
"Populus angustifolia","Willow Cottonwood","Salicaceae","Trees"
"Picea engelmannii","Engelmann Spruce","Pinaceae","Trees"
"Salix scouleriana","Scouler Willow","Salicaceae","Trees"
"Acer glabrum","California Mountain Maple","Sapindaceae","Trees"
"Pinus flexilis","Limber Pine","Pinaceae","Trees"
"Ulmus americana","American Elm","Ulmaceae","Trees"
"Abies lasiocarpa","Subalpine Fir","Pinaceae","Trees"
"Pinus ponderosa","Ponderosa Pine","Pinaceae","Trees"
"Crataegus chrysocarpa","Fire-Berry Hawthorn","Rosaceae","Trees"
"Prunus virginiana","Chokecherry","Rosaceae","Trees"
"Juniperus scopulorum","Rocky Mountain Juniper","Cupressaceae","Trees"
"Crataegus erythropoda","Cerro Hawthorn","Rosaceae","Trees"
"Alnus tenuifolia","Mountain Alder","Betulaceae","Trees"
"Rhus glabra","Smooth Sumac","Anacardiaceae","Trees"
"Sambucus glauca","Blue Elderberry","Adoxaceae","Trees"
"Amelanchier alnifolia","Juneberry","Rosaceae","Trees"
"Shepherdia argentea","Silver Buffaloberry","Elaeagnaceae","Trees"
"Cercocarpus ledifolius","Curl-Leaf Mountain-Mahogany","Rosaceae","Trees"
"Populus deltoides","Eastern Cottonwood","Salicaceae","Trees"
"Juniperus communis","Common Juniper","Cupressaceae","Trees"
"Prunus pensylvanica","Bird Cherry","Rosaceae","Trees"
"Betula occidentalis","Water Birch","Betulaceae","Trees"
"Picea pungens","Blue Spruce","Pinaceae","Trees"
"Ostrya virginiana","Ironwood","Betulaceae","Trees"
"Celtis occidentalis","Hackberry","Cannabaceae","Trees"
"Salix mackenzieana","Mackenzie's Willow","Salicaceae","Trees"
"Viburnum trilobum","American Cranberrybush","Adoxaceae","Trees"
"Populus tremuloides","Quaking Aspen","Salicaceae","Trees"
"Pinus albicaulis","Whitebark Pine","Pinaceae","Trees"
"Salix geyeriana","Geyer's Willow","Salicaceae","Trees"
"Juniperus osteosperma","Utah Juniper","Cupressaceae","Trees"
"Salix amygdaloides","Peach-Leaf Willow","Salicaceae","Trees"
"Pinus edulis","Colorado Pinyon","Pinaceae","Trees"
"Pinus contorta","Lodgepole Pine","Pinaceae","Trees"
"Salix petiolaris","Slender Willow","Salicaceae","Trees"
"Cornus stolonifera","Redosier","Cornaceae","Trees"
"Pediocactus simpsonii","Simpson's Foot Cactus","Cactaceae","Cacti"
"Opuntia fragilis","Fragile Prickly-Pear","Cactaceae","Cacti"
"Escobaria vivipara","Pincushion Cactus","Cactaceae","Cacti"
"Echinocereus viridiflorus","Gold-Spine Hedgehog Cactus","Cactaceae","Cacti"
"Escobaria missouriensis","Missouri Foxtail Cactus","Cactaceae","Cacti"
"Opuntia polyacantha","Hedgehog Prickly-Pear","Cactaceae","Cacti"
