Downloaded from https://mol.org on Jun 20, 2022. Inclusive species list based on approximate intersections with Political boundary polygon for the Arizona region. 


"Scientific Name","Common Name","Family","Taxonomic Group"
"Crotophaga sulcirostris","Groove-Billed Ani","Cuculidae","Birds"
"Columbina passerina","Common Ground-Dove","Columbidae","Birds"
"Anser albifrons","Greater White-Fronted Goose","Anatidae","Birds"
"Falco sparverius","American Kestrel","Falconidae","Birds"
"Cathartes aura","Turkey Vulture","Cathartidae","Birds"
"Picoides dorsalis","American Three-Toed Woodpecker","Picidae","Birds"
"Fulica americana","American Coot","Rallidae","Birds"
"Pipilo chlorurus","Green-Tailed Towhee","Emberizidae","Birds"
"Parus atricapillus","Black-Capped Chickadee","Paridae","Birds"
"Buteogallus anthracinus","Common Black-Hawk","Accipitridae","Birds"
"Zoothera pinicola","Aztec Thrush","Turdidae","Birds"
"Contopus pertinax","Greater Pewee","Tyrannidae","Birds"
"Sialia mexicana","Western Bluebird","Turdidae","Birds"
"Laterallus jamaicensis","Black Rail","Rallidae","Birds"
"Colaptes auratus","Northern Flicker","Picidae","Birds"
"Catharus fuscescens","Veery","Turdidae","Birds"
"Sphyrapicus ruber","Red-Breasted Sapsucker","Picidae","Birds"
"Strix occidentalis","Spotted Owl","Strigidae","Birds"
"Mergus merganser","Goosander","Anatidae","Birds"
"Gavia immer","Common Loon","Gaviidae","Birds"
"Carduelis pinus","Pine Siskin","Fringillidae","Birds"
"Passerina cyanea","Indigo Bunting","Emberizidae","Birds"
"Leucosticte atrata","Black Rosy Finch","Fringillidae","Birds"
"Centrocercus urophasianus","Sage Grouse","Phasianidae","Birds"
"Zonotrichia leucophrys","White-Crowned Sparrow","Emberizidae","Birds"
"Regulus calendula","Ruby-Crowned Kinglet","Reguliidae","Birds"
"Tachycineta bicolor","Tree Swallow","Hirundinidae","Birds"
"Selasphorus sasin","Allen's Hummingbird","Trochilidae","Birds"
"Lanius excubitor","Great Grey Shrike","Laniidae","Birds"
"Pluvialis squatarola","Grey Plover","Charadriidae","Birds"
"Charadrius semipalmatus","Semipalmated Plover","Charadriidae","Birds"
"Larus delawarensis","Ring-Billed Gull","Laridae","Birds"
"Otus flammeolus","Flammulated Owl","Strigidae","Birds"
"Molothrus ater","Brown-Headed Cowbird","Icteridae","Birds"
"Asio otus","Long-Eared Owl","Strigidae","Birds"
"Lophodytes cucullatus","Hooded Merganser","Anatidae","Birds"
"Dendroica occidentalis","Hermit Warbler","Parulidae","Birds"
"Chlidonias niger","Black Tern","Laridae","Birds"
"Falco femoralis","Aplomado Falcon","Falconidae","Birds"
"Platalea ajaja","Roseate Spoonbill","Threskiornithidae","Birds"
"Passerina versicolor","Varied Bunting","Emberizidae","Birds"
"Parus gambeli","Mountain Chickadee","Paridae","Birds"
"Euphagus cyanocephalus","Brewer's Blackbird","Icteridae","Birds"
"Recurvirostra americana","American Avocet","Recurvirostridae","Birds"
"Podiceps nigricollis","Black-Necked Grebe","Podicipedidae","Birds"
"Anas discors","Blue-Winged Teal","Anatidae","Birds"
"Catharus guttatus","Hermit Thrush","Turdidae","Birds"
"Callipepla californica","California Quail","Odontophoridae","Birds"
"Glaucidium brasilianum","Ferruginous Pygmy-Owl","Strigidae","Birds"
"Geothlypis trichas","Common Yellowthroat","Parulidae","Birds"
"Anas americana","American Wigeon","Anatidae","Birds"
"Anas crecca","Common Teal","Anatidae","Birds"
"Alectoris chukar","Chukar","Phasianidae","Birds"
"Megascops trichopsis","Whiskered Screech Owl","Strigidae","Birds"
"Buteo swainsoni","Swainson's Hawk","Accipitridae","Birds"
"Colaptes chrysoides","Gilded Flicker","Picidae","Birds"
"Vermivora ruficapilla","Nashville Warbler","Parulidae","Birds"
"Contopus cooperi","Olive-Sided Flycatcher","Tyrannidae","Birds"
"Parkesia noveboracensis","Northern Waterthrush","Parulidae","Birds"
"Pipilo maculatus","Spotted Towhee","Emberizidae","Birds"
"Oreoscoptes montanus","Sage Thrasher","Mimidae","Birds"
"Vireo vicinior","Grey Vireo","Vireonidae","Birds"
"Empidonax wrightii","Grey Flycatcher","Tyrannidae","Birds"
"Spizella atrogularis","Black-Chinned Sparrow","Emberizidae","Birds"
"Carduelis psaltria","Dark-Backed Goldfinch","Fringillidae","Birds"
"Anas clypeata","Northern Shoveler","Anatidae","Birds"
"Jacana spinosa","Northern Jacana","Jacanidae","Birds"
"Aegolius acadicus","Northern Saw-Whet Owl","Strigidae","Birds"
"Pooecetes gramineus","Vesper Sparrow","Emberizidae","Birds"
"Sturnella neglecta","Western Meadowlark","Icteridae","Birds"
"Himantopus mexicanus","Black-Necked Stilt","Recurvirostridae","Birds"
"Myadestes townsendi","Townsend's Solitaire","Turdidae","Birds"
"Limosa fedoa","Marbled Godwit","Scolopacidae","Birds"
"Amazilia beryllina","Berylline Hummingbird","Trochilidae","Birds"
"Bubulcus ibis","Cattle Egret","Ardeidae","Birds"
"Carpodacus mexicanus","House Finch","Fringillidae","Birds"
"Peucaea cassinii","Cassin's Sparrow","Passerellidae","Birds"
"Sterna forsteri","Forster's Tern","Laridae","Birds"
"Melozone aberti","Abert's Towhee","Emberizidae","Birds"
"Aimophila carpalis","Rufous-Winged Sparrow","Emberizidae","Birds"
"Calidris alpina","Dunlin","Scolopacidae","Birds"
"Dendroica townsendi","Townsend's Warbler","Parulidae","Birds"
"Elanus leucurus","White-Tailed Kite","Accipitridae","Birds"
"Caprimulgus vociferus","Whip-Poor-Will","Caprimulgidae","Birds"
"Trogon elegans","Elegant Trogon","Trogonidae","Birds"
"Calidris minutilla","Least Sandpiper","Scolopacidae","Birds"
"Passer domesticus","House Sparrow","Passeridae","Birds"
"Calamospiza melanocorys","Lark Bunting","Emberizidae","Birds"
"Bucephala islandica","Barrow's Goldeneye","Anatidae","Birds"
"Dendroica nigrescens","Black-Throated Grey Warbler","Parulidae","Birds"
"Parabuteo unicinctus","Harris' Hawk","Accipitridae","Birds"
"Baeolophus wollweberi","Bridled Titmouse","Paridae","Birds"
"Porzana carolina","Sora","Rallidae","Birds"
"Pipilo aberti","Abert's Towhee","Emberizidae","Birds"
"Petrochelidon pyrrhonota","Cliff Swallow","Hirundinidae","Birds"
"Catoptrophorus semipalmatus","Willet","Scolopacidae","Birds"
"Buteo albonotatus","Zone-Tailed Hawk","Accipitridae","Birds"
"Catherpes mexicanus","Canyon Wren","Troglodytidae","Birds"
"Hirundo rustica","Barn Swallow","Hirundinidae","Birds"
"Anas strepera","Gadwall","Anatidae","Birds"
"Piranga flava","Hepatic Tanager","Cardinalidae","Birds"
"Passerina caerulea","Blue Grosbeak","Emberizidae","Birds"
"Corvus brachyrhynchos","American Crow","Corvidae","Birds"
"Pitangus sulphuratus","Great Kiskadee","Tyrannidae","Birds"
"Selasphorus rufus","Rufous Hummingbird","Trochilidae","Birds"
"Piranga ludoviciana","Western Tanager","Cardinalidae","Birds"
"Anthus spragueii","Sprague's Pipit","Motacillidae","Birds"
"Carduelis tristis","American Goldfinch","Fringillidae","Birds"
"Vermivora luciae","Lucy's Warbler","Parulidae","Birds"
"Cyrtonyx montezumae","Montezuma Quail","Odontophoridae","Birds"
"Auriparus flaviceps","Verdin","Remizidae","Birds"
"Lampornis clemenciae","Blue-Throated Hummingbird","Trochilidae","Birds"
"Carpodacus cassinii","Cassin's Finch","Fringillidae","Birds"
"Sturnella magna","Eastern Meadowlark","Icteridae","Birds"
"Charadrius alexandrinus","Kentish Plover","Charadriidae","Birds"
"Caprimulgus arizonae","Whip-Poor-Will (Mexican)","Caprimulgidae","Birds"
"Anas cyanoptera","Cinnamon Teal","Anatidae","Birds"
"Melospiza melodia","Song Sparrow","Emberizidae","Birds"
"Grus canadensis","Sandhill Crane","Gruidae","Birds"
"Eugenes fulgens","Rivoli's Hummingbird","Trochilidae","Birds"
"Empidonax traillii","Willow Flycatcher","Tyrannidae","Birds"
"Spizella breweri","Brewer's Sparrow","Emberizidae","Birds"
"Aimophila botterii","Botteri's Sparrow","Emberizidae","Birds"
"Podilymbus podiceps","Pied-Billed Grebe","Podicipedidae","Birds"
"Piranga rubra","Summer Tanager","Cardinalidae","Birds"
"Sayornis saya","Say's Phoebe","Tyrannidae","Birds"
"Pachyramphus aglaiae","Rose-Throated Becard","Cotingidae","Birds"
"Sitta pygmaea","Pygmy Nuthatch","Sittidae","Birds"
"Vermivora celata","Orange-Crowned Warbler","Parulidae","Birds"
"Rhynchophanes mccownii","Mccown's Longspur","Calcariidae","Birds"
"Buteo brachyurus","Short-Tailed Hawk","Accipitridae","Birds"
"Aimophila quinquestriata","Five-Striped Sparrow","Emberizidae","Birds"
"Myiarchus tuberculifer","Dusky-Capped Flycatcher","Tyrannidae","Birds"
"Toxostoma crissale","Crissal Thrasher","Mimidae","Birds"
"Peucaea botterii","Botteri's Sparrow","Passerellidae","Birds"
"Sitta canadensis","Red-Breasted Nuthatch","Sittidae","Birds"
"Larus livens","Yellow-Footed Gull","Laridae","Birds"
"Phalaenoptilus nuttallii","Common Poorwill","Caprimulgidae","Birds"
"Nycticorax nycticorax","Black-Crowned Night-Heron","Ardeidae","Birds"
"Charadrius melodus","Piping Plover","Charadriidae","Birds"
"Calidris mauri","Western Sandpiper","Scolopacidae","Birds"
"Micrathene whitneyi","Elf Owl","Strigidae","Birds"
"Melanerpes formicivorus","Acorn Woodpecker","Picidae","Birds"
"Baeolophus ridgwayi","Juniper Titmouse","Paridae","Birds"
"Pheucticus melanocephalus","Black-Headed Grosbeak","Cardinalidae","Birds"
"Corvus cryptoleucus","Chihuahuan Raven","Corvidae","Birds"
"Icterus bullockii","Bullock's Oriole","Icteridae","Birds"
"Bucephala clangula","Common Goldeneye","Anatidae","Birds"
"Charadrius montanus","Mountain Plover","Charadriidae","Birds"
"Tyto alba","Barn Owl","Tytonidae","Birds"
"Junco phaeonotus","Yellow-Eyed Junco","Emberizidae","Birds"
"Chen caerulescens","Snow Goose","Anatidae","Birds"
"Gymnorhinus cyanocephalus","Pinyon Jay","Corvidae","Birds"
"Calcarius mccownii","Mccown's Longspur","Emberizidae","Birds"
"Troglodytes aedon","House Wren","Troglodytidae","Birds"
"Molothrus aeneus","Bronzed Cowbird","Icteridae","Birds"
"Chordeiles minor","Common Nighthawk","Caprimulgidae","Birds"
"Melozone fuscus","null","Emberizidae","Birds"
"Ammodramus bairdii","Baird's Sparrow","Emberizidae","Birds"
"Oxyura jamaicensis","Ruddy Duck","Anatidae","Birds"
"Athene cunicularia","Burrowing Owl","Strigidae","Birds"
"Chloroceryle americana","Green Kingfisher","Alcedinidae","Birds"
"Aythya americana","Redhead","Anatidae","Birds"
"Phasianus colchicus","Common Pheasant","Phasianidae","Birds"
"Melanerpes lewis","Lewis' Woodpecker","Picidae","Birds"
"Thryomanes bewickii","Bewick's Wren","Troglodytidae","Birds"
"Aphelocoma ultramarina","Mexican Jay","Corvidae","Birds"
"Agelaius phoeniceus","Red-Winged Blackbird","Icteridae","Birds"
"Tyrannus verticalis","Western Kingbird","Tyrannidae","Birds"
"Meleagris gallopavo","Common Turkey","Phasianidae","Birds"
"Limnodromus scolopaceus","Long-Billed Dowitcher","Scolopacidae","Birds"
"Myiodynastes luteiventris","Sulphur-Bellied Flycatcher","Tyrannidae","Birds"
"Psaltriparus minimus","Bushtit","Aegithalidae","Birds"
"Branta canadensis","Canada Goose","Anatidae","Birds"
"Picoides villosus","Hairy Woodpecker","Picidae","Birds"
"Amphispiza quinquestriata","Five Striped Sparrow","Emberizidae","Birds"
"Ictinia mississippiensis","Mississippi Kite","Accipitridae","Birds"
"Aechmophorus occidentalis","Western Grebe","Podicipedidae","Birds"
"Riparia riparia","Sand Martin","Hirundinidae","Birds"
"Tyrannus melancholicus","Tropical Kingbird","Tyrannidae","Birds"
"Aquila chrysaetos","Golden Eagle","Accipitridae","Birds"
"Anas acuta","Northern Pintail","Anatidae","Birds"
"Haliaeetus leucocephalus","Bald Eagle","Accipitridae","Birds"
"Cynanthus latirostris","Broad-Billed Hummingbird","Trochilidae","Birds"
"Melanerpes uropygialis","Gila Woodpecker","Picidae","Birds"
"Accipiter gentilis","Goshawk","Accipitridae","Birds"
"Caprimulgus ridgwayi","Ridgway's Whip-Poor-Will","Caprimulgidae","Birds"
"Bubo virginianus","Great Horned Owl","Strigidae","Birds"
"Coragyps atratus","Black Vulture","Cathartidae","Birds"
"Tringa melanoleuca","Greater Yellowlegs","Scolopacidae","Birds"
"Melospiza lincolnii","Lincoln's Sparrow","Emberizidae","Birds"
"Dendrocygna bicolor","Fulvous Whistling-Duck","Anatidae","Birds"
"Empidonax occidentalis","Cordilleran Flycatcher","Tyrannidae","Birds"
"Cyanocitta stelleri","Steller's Jay","Corvidae","Birds"
"Amazilia violiceps","Violet-Crowned Hummingbird","Trochilidae","Birds"
"Steganopus tricolor","Wilson's Phalarope","Scolopacidae","Birds"
"Egretta thula","Snowy Egret","Ardeidae","Birds"
"Atthis heloisa","Bumblebee Hummingbird","Trochilidae","Birds"
"Buteo regalis","Ferruginous Hawk","Accipitridae","Birds"
"Sphyrapicus thyroideus","Williamson's Sapsucker","Picidae","Birds"
"Callipepla gambelii","Gambel's Quail","Odontophoridae","Birds"
"Euptilotis neoxenus","Eared Trogon","Trogonidae","Birds"
"Certhia americana","American Creeper","Certhiidae","Birds"
"Numenius americanus","Long-Billed Curlew","Scolopacidae","Birds"
"Plegadis chihi","White-Faced Ibis","Threskiornithidae","Birds"
"Cygnus columbianus","Tundra Swan","Anatidae","Birds"
"Corvus corax","Common Raven","Corvidae","Birds"
"Ixobrychus exilis","Least Bittern","Ardeidae","Birds"
"Bombycilla garrulus","Bohemian Waxwing","Bombycillidae","Birds"
"Sterna nilotica","Gull-Billed Tern","Laridae","Birds"
"Podiceps auritus","Horned Grebe","Podicipedidae","Birds"
"Wilsonia pusilla","Wilson's Warbler","Parulidae","Birds"
"Icterus parisorum","Scott's Oriole","Icteridae","Birds"
"Cistothorus palustris","Marsh Wren","Troglodytidae","Birds"
"Loxia leucoptera","White-Winged Crossbill","Fringillidae","Birds"
"Dendroica graciae","Grace's Warbler","Parulidae","Birds"
"Campylorhynchus brunneicapillus","Cactus Wren","Troglodytidae","Birds"
"Icteria virens","Yellow-Breasted Chat","Parulidae","Birds"
"Zonotrichia albicollis","White-Throated Sparrow","Emberizidae","Birds"
"Anthus rubescens","Buff-Bellied Pipit","Motacillidae","Birds"
"Aphelocoma californica","Western Scrub Jay","Corvidae","Birds"
"Asio flammeus","Short-Eared Owl","Strigidae","Birds"
"Ammodramus savannarum","Grasshopper Sparrow","Emberizidae","Birds"
"Aimophila ruficeps","Rufous-Crowned Sparrow","Emberizidae","Birds"
"Bucephala albeola","Bufflehead","Anatidae","Birds"
"Mergus serrator","Red-Breasted Merganser","Anatidae","Birds"
"Aechmophorus clarkii","Clark's Grebe","Podicipedidae","Birds"
"Picoides scalaris","Ladder-Backed Woodpecker","Picidae","Birds"
"Empidonax fulvifrons","Buff-Breasted Flycatcher","Tyrannidae","Birds"
"Troglodytes troglodytes","Winter Wren","Troglodytidae","Birds"
"Falco peregrinus","Peregrine Falcon","Falconidae","Birds"
"Myioborus pictus","Painted Redstart","Parulidae","Birds"
"Calothorax lucifer","Lucifer Hummingbird","Trochilidae","Birds"
"Quiscalus mexicanus","Great-Tailed Grackle","Icteridae","Birds"
"Toxostoma lecontei","Le Conte's Thrasher","Mimidae","Birds"
"Egretta caerulea","Little Blue Heron","Ardeidae","Birds"
"Calypte costae","Costa's Hummingbird","Trochilidae","Birds"
"Accipiter striatus","Plain-Breasted Hawk","Accipitridae","Birds"
"Zonotrichia atricapilla","Golden-Crowned Sparrow","Emberizidae","Birds"
"Calypte anna","Anna's Hummingbird","Trochilidae","Birds"
"Vireo bellii","Bell's Vireo","Vireonidae","Birds"
"Empidonax oberholseri","Oberholser's Flycatcher","Tyrannidae","Birds"
"Dendroica aestiva","American Yellow Warbler","Parulidae","Birds"
"Calidris ruficollis","Red-Necked Stint","Scolopacidae","Birds"
"Sialia sialis","Eastern Bluebird","Turdidae","Birds"
"Sterna caspia","Caspian Tern","Laridae","Birds"
"Empidonax hammondii","Hammond's Flycatcher","Tyrannidae","Birds"
"Caracara cheriway","Crested Caracara","Falconidae","Birds"
"Vireo cassinii","Cassin's Vireo","Vireonidae","Birds"
"Passerina amoena","Lazuli Bunting","Emberizidae","Birds"
"Larus californicus","California Gull","Laridae","Birds"
"Pyrocephalus rubinus","Vermillion Flycatcher","Tyrannidae","Birds"
"Mimus polyglottos","Northern Mockingbird","Mimidae","Birds"
"Sterna hirundo","Common Tern","Laridae","Birds"
"Pelecanus erythrorhynchos","American White Pelican","Pelecanidae","Birds"
"Larus philadelphia","Bonaparte's Gull","Laridae","Birds"
"Sitta carolinensis","White-Breasted Nuthatch","Sittidae","Birds"
"Chaetura vauxi","Vaux's Swift","Apodidae","Birds"
"Rallus longirostris","Clapper Rail","Rallidae","Birds"
"Tringa solitaria","Solitary Sandpiper","Scolopacidae","Birds"
"Sturnus vulgaris","Common Starling","Sturnidae","Birds"
"Amphispiza belli","Sage Sparrow","Emberizidae","Birds"
"Dendroica petechia","Yellow Warbler","Parulidae","Birds"
"Icterus galbula","Baltimore Oriole","Icteridae","Birds"
"Spizella arborea","American Tree Sparrow","Emberizidae","Birds"
"Phalacrocorax brasilianus","Neotropic Cormorant","Phalacrocoracidae","Birds"
"Progne subis","Purple Martin","Hirundinidae","Birds"
"Megascops kennicottii","Western Screech Owl","Strigidae","Birds"
"Sayornis nigricans","Black Phoebe","Tyrannidae","Birds"
"Picoides tridactylus","Eurasian Three-Toed Woodpecker","Picidae","Birds"
"Icterus cucullatus","Hooded Oriole","Icteridae","Birds"
"Aix sponsa","Wood Duck","Anatidae","Birds"
"Phalacrocorax auritus","Double-Crested Cormorant","Phalacrocoracidae","Birds"
"Quiscalus quiscula","Common Grackle","Icteridae","Birds"
"Melospiza georgiana","Swamp Sparrow","Emberizidae","Birds"
"Piranga hepatica","Hepatic Tanager","Cardinalidae","Birds"
"Dolichonyx oryzivorus","Bobolink","Icteridae","Birds"
"Turdus migratorius","American Robin","Turdidae","Birds"
"Zenaida asiatica","White-Winged Dove","Columbidae","Birds"
"Vireo gilvus","Warbling Vireo","Vireonidae","Birds"
"Dumetella carolinensis","Gray Catbird","Mimidae","Birds"
"Casmerodius albus","Great Egret","Ardeidae","Birds"
"Catharus ustulatus","Swainson's Thrush","Turdidae","Birds"
"Buteo nitidus","Grey Hawk","Accipitridae","Birds"
"Charadrius vociferus","Kildeer","Charadriidae","Birds"
"Numenius phaeopus","Whimbrel","Scolopacidae","Birds"
"Pipilo fuscus","Canyon Towhee","Emberizidae","Birds"
"Tachycineta thalassina","Violet-Green Swallow","Hirundinidae","Birds"
"Regulus satrapa","Golden-Crowned Kinglet","Reguliidae","Birds"
"Pipilo erythrophthalmus","Eastern Towhee","Emberizidae","Birds"
"Butorides virescens","Green Heron","Ardeidae","Birds"
"Rallus limicola","Virginia Rail","Rallidae","Birds"
"Vireo plumbeus","Plumbeous Vireo","Vireonidae","Birds"
"Peucedramus taeniatus","Olive Warbler","Peucedramidae","Birds"
"Branta hutchinsii","Cackling Goose","Anatidae","Birds"
"Stelgidopteryx serripennis","Northern Rough-Winged Swallow","Hirundinidae","Birds"
"Loxia curvirostra","Red Crossbill","Fringillidae","Birds"
"Passerella iliaca","Fox Sparrow","Emberizidae","Birds"
"Cardellina rubrifrons","Red-Faced Warbler","Parulidae","Birds"
"Toxostoma bendirei","Bendire's Thrasher","Mimidae","Birds"
"Tyrannus crassirostris","Thick-Billed Kingbird","Tyrannidae","Birds"
"Geococcyx californianus","Greater Roadrunner","Cuculidae","Birds"
"Larus argentatus","Herring Gull","Laridae","Birds"
"Circus cyaneus","Hen Harrier","Accipitridae","Birds"
"Archilochus alexandri","Black-Chinned Hummingbird","Trochilidae","Birds"
"Toxostoma curvirostre","Curve-Billed Thrasher","Mimidae","Birds"
"Callipepla squamata","Scaled Quail","Odontophoridae","Birds"
"Glaucidium gnoma","Northern Pygmy-Owl","Strigidae","Birds"
"Myiarchus tyrannulus","Brown-Crested Flycatcher","Tyrannidae","Birds"
"Xanthocephalus xanthocephalus","Yellow-Headed Blackbird","Icteridae","Birds"
"Toxostoma rufum","Brown Thrasher","Mimidae","Birds"
"Mycteria americana","Wood Stork","Ciconiidae","Birds"
"Bombycilla cedrorum","Cedar Waxwing","Bombycillidae","Birds"
"Sialia currucoides","Mountain Bluebird","Turdidae","Birds"
"Egretta tricolor","Tricoloured Heron","Ardeidae","Birds"
"Aythya valisineria","Canvasback","Anatidae","Birds"
"Salpinctes obsoletus","Rock Wren","Troglodytidae","Birds"
"Carduelis lawrencei","Lawrence's Goldfinch","Fringillidae","Birds"
"Tringa flavipes","Lesser Yellow-Legs","Scolopacidae","Birds"
"Accipiter cooperii","Cooper's Hawk","Accipitridae","Birds"
"Sphyrapicus nuchalis","Red-Naped Sapsucker","Picidae","Birds"
"Polioptila melanura","Black-Tailed Gnatcatcher","Polioptilidae","Birds"
"Vermivora virginiae","Virginia's Warbler","Parulidae","Birds"
"Picoides arizonae","Arizona Woodpecker","Picidae","Birds"
"Glaucidium californicum","California Pygmy-Owl","Strigidae","Birds"
"Aythya affinis","Lesser Scaup","Anatidae","Birds"
"Phalaropus lobatus","Red-Necked Phalarope","Scolopacidae","Birds"
"Dendroica coronata","Yellow-Rumped Warbler","Parulidae","Birds"
"Peucaea carpalis","Rufous Winged Sparrow","Passerellidae","Birds"
"Parus sclateri","Mexican Chickadee","Paridae","Birds"
"Nucifraga columbiana","Clark's Nutcracker","Corvidae","Birds"
"Botaurus lentiginosus","American Bittern","Ardeidae","Birds"
"Tyrannus vociferans","Cassin's Kingbird","Tyrannidae","Birds"
"Spizella passerina","Chipping Sparrow","Emberizidae","Birds"
"Calidris bairdii","Baird's Sandpiper","Scolopacidae","Birds"
"Contopus sordidulus","Western Wood-Pewee","Tyrannidae","Birds"
"Carpodacus purpureus","Purple Finch","Fringillidae","Birds"
"Eudocimus albus","White Ibis","Threskiornithidae","Birds"
"Oporornis tolmiei","Macgillivray's Warbler","Parulidae","Birds"
"Columbina inca","Inca Dove","Columbidae","Birds"
"Patagioenas fasciata","Band-Tailed Pigeon","Columbidae","Birds"
"Passerculus sandwichensis","Savannah Sparrow","Emberizidae","Birds"
"Buteo lagopus","Rough-Legged Buzzard","Accipitridae","Birds"
"Seiurus noveboracensis","Northern Waterthrush","Parulidae","Birds"
"Odontophorus hyperythrus","Chestnut Wood-Quail","Odontophoridae","Birds"
"Columba livia","Rock Dove","Columbidae","Birds"
"Bubo scandiaca","Snowy Owl","Strigidae","Birds"
"Coccothraustes vespertinus","Evening Grosbeak","Fringillidae","Birds"
"Picoides pubescens","Downy Woodpecker","Picidae","Birds"
"Junco hyemalis","Dark-Eyed Junco","Emberizidae","Birds"
"Aimophila cassinii","Cassin's Sparrow","Emberizidae","Birds"
"Calidris melanotos","Pectoral Sandpiper","Scolopacidae","Birds"
"Larus pipixcan","Franklin's Gull","Laridae","Birds"
"Cypseloides niger","Black Swift","Apodidae","Birds"
"Buteo jamaicensis","Red-Tailed Hawk","Accipitridae","Birds"
"Cardinalis cardinalis","Common Cardinal","Cardinalidae","Birds"
"Centrocercus minimus","Gunnison Sage Grouse","Phasianidae","Birds"
"Tyrannus forficatus","Scissor-Tailed Flycatcher","Tyrannidae","Birds"
"Amphispiza bilineata","Black-Throated Sparrow","Emberizidae","Birds"
"Falco columbarius","Merlin","Falconidae","Birds"
"Pica hudsonia","Black-Billed Magpie","Corvidae","Birds"
"Pandion haliaetus","Osprey","Accipitridae","Birds"
"Aeronautes saxatalis","White-Throated Swift","Apodidae","Birds"
"Chondestes grammacus","Lark Sparrow","Emberizidae","Birds"
"Vireo huttoni","Hutton's Vireo","Vireonidae","Birds"
"Chen rossii","Ross's Goose","Anatidae","Birds"
"Ardea herodias","Great Blue Heron","Ardeidae","Birds"
"Cistothorus platensis","Sedge Wren","Troglodytidae","Birds"
"Myiarchus cinerascens","Ash-Throated Flycatcher","Tyrannidae","Birds"
"Actitis macularius","Spotted Sandpiper","Scolopacidae","Birds"
"Gymnogyps californianus","California Condor","Cathartidae","Birds"
"Passerina ciris","Painted Bunting","Emberizidae","Birds"
"Phainopepla nitens","Phainopepla","Bombycillidae","Birds"
"Gallinago gallinago","Common Snipe","Scolopacidae","Birds"
"Chordeiles acutipennis","Lesser Nighthawk","Caprimulgidae","Birds"
"Zenaida macroura","Mourning Dove","Columbidae","Birds"
"Polioptila caerulea","Blue-Grey Gnatcatcher","Polioptilidae","Birds"
"Gallinula chloropus","Common Moorhen","Rallidae","Birds"
"Falco mexicanus","Prairie Falcon","Falconidae","Birds"
"Cardinalis sinuatus","Pyrrhuloxia","Cardinalidae","Birds"
"Megaceryle alcyon","Belted Kingfisher","Alcedinidae","Birds"
"Eremophila alpestris","Horned Lark","Alaudidae","Birds"
"Camptostoma imberbe","Northern Beardless Tyrannulet","Tyrannidae","Birds"
"Mniotilta varia","Black-And-White Warbler","Parulidae","Birds"
"Dendrocygna autumnalis","Black-Bellied Whistling-Duck","Anatidae","Birds"
"Cinclus mexicanus","North American Dipper","Cinclidae","Birds"
"Hylocharis leucotis","White-Eared Hummingbird","Trochilidae","Birds"
"Lanius ludovicianus","Loggerhead Shrike","Laniidae","Birds"
"Coccyzus americanus","Yellow-Billed Cuckoo","Cuculidae","Birds"
"Aythya collaris","Ring-Necked Duck","Anatidae","Birds"
"Anas platyrhynchos","Mallard","Anatidae","Birds"
"Setophaga ruticilla","American Redstart","Parulidae","Birds"
"Selasphorus platycercus","Broad-Tailed Hummingbird","Trochilidae","Birds"
"Calcarius ornatus","Chestnut-Collared Longspur","Emberizidae","Birds"
"Antrozous pallidus","Pallid Bat","Vespertilionidae","Mammals"
"Castor canadensis","American Beaver","Castoridae","Mammals"
"Myotis velifer","Cave Myotis","Vespertilionidae","Mammals"
"Myotis californicus","California Myotis","Vespertilionidae","Mammals"
"Idionycteris phyllotis","Allen's Big-Eared Bat","Vespertilionidae","Mammals"
"Erethizon dorsatum","North American Porcupine","Erethizontidae","Mammals"
"Mephitis mephitis","Striped Skunk","Mephitidae","Mammals"
"Perognathus amplus","Arizona Pocket Mouse","Heteromyidae","Mammals"
"Myotis auriculus","Southwestern Myotis","Vespertilionidae","Mammals"
"Lepus callotis","Gaillard Jack Rabbit","Leporidae","Mammals"
"Dipodomys panamintinus","Panamint Kangaroo Rat","Heteromyidae","Mammals"
"Sigmodon fulviventer","Tawny-Bellied Cotton Rat","Cricetidae","Mammals"
"Peromyscus crinitus","Canyon Mouse","Cricetidae","Mammals"
"Eumops perotis","Western Bonneted Bat","Molossidae","Mammals"
"Dipodomys ordii","Ord's Kangaroo Rat","Heteromyidae","Mammals"
"Neotoma lepida","Desert Woodrat","Cricetidae","Mammals"
"Chaetodipus spinatus","Spiny Pocket Mouse","Heteromyidae","Mammals"
"Cynomys ludovicianus","Black Tailed Prairie Dog","Sciuridae","Mammals"
"Thomomys bottae","Botta's Pocket Gopher","Geomyidae","Mammals"
"Peromyscus merriami","Mesquite Mouse","Cricetidae","Mammals"
"Myotis thysanodes","Fringed Myotis","Vespertilionidae","Mammals"
"Ammospermophilus harrisii","Harris's Antelope Squirrel","Sciuridae","Mammals"
"Baiomys taylori","Northern Pygmy Mouse","Cricetidae","Mammals"
"Myotis melanorhinus","Dark-Nosed Small-Footed Myotis","Vespertilionidae","Mammals"
"Mus musculus","House Mouse","Muridae","Mammals"
"Chaetodipus penicillatus","Desert Pocket Mouse","Heteromyidae","Mammals"
"Peromyscus truei","Pinyon Mouse","Cricetidae","Mammals"
"Lasiurus cinereus","Hoary Bat","Vespertilionidae","Mammals"
"Spilogale gracilis","Western Spotted Skunk","Mephitidae","Mammals"
"Eumops underwoodi","Underwood's Bonneted Bat","Molossidae","Mammals"
"Neotoma devia","Arizona Woodrat","Cricetidae","Mammals"
"Lasionycteris noctivagans","Silver-Haired Bat","Vespertilionidae","Mammals"
"Notiosorex crawfordi","Desert Shrew","Soricidae","Mammals"
"Taxidea taxus","American Badger","Mustelidae","Mammals"
"Cervus canadensis","null","Cervidae","Mammals"
"Microtus longicaudus","Long-Tailed Vole","Cricetidae","Mammals"
"Neotoma cinerea","Bushy Tailed Woodrat","Cricetidae","Mammals"
"Antilocapra americana","Pronghorn","Antilocapridae","Mammals"
"Macrotus californicus","California Leaf-Nosed Bat","Phyllostomidae","Mammals"
"Ammospermophilus leucurus","White Tailed Antelope Squirrel","Sciuridae","Mammals"
"Lasiurus xanthinus","Western Yellow Bat","Vespertilionidae","Mammals"
"Perognathus longimembris","Little Pocket Mouse","Heteromyidae","Mammals"
"Perognathus flavescens","Plains Pocket Mouse","Heteromyidae","Mammals"
"Neotoma mexicana","Mexican Woodrat","Cricetidae","Mammals"
"Perognathus parvus","Great Basin Pocket Mouse","Heteromyidae","Mammals"
"Leptonycteris yerbabuenae","Lesser Long Nosed Bat","Phyllostomidae","Mammals"
"Sorex arizonae","Arizona Shrew","Soricidae","Mammals"
"Tadarida brasiliensis","Brazilian Free Tailed Bat","Molossidae","Mammals"
"Odocoileus virginianus","White-Tailed Deer","Cervidae","Mammals"
"Odocoileus hemionus","Mule Deer","Cervidae","Mammals"
"Lemmiscus curtatus","Sagebrush Vole","Cricetidae","Mammals"
"Lepus californicus","Black-Tailed Jackrabbit","Leporidae","Mammals"
"Ondatra zibethicus","Musk Rat","Cricetidae","Mammals"
"Ovis canadensis","Bighorn Sheep","Bovidae","Mammals"
"Mormoops megalophylla","Ghost-Faced Bat","Mormoopidae","Mammals"
"Panthera onca","Jaguar","Felidae","Mammals"
"Myotis evotis","Long Eared Myotis","Vespertilionidae","Mammals"
"Sorex nanus","Dwarf Shrew","Soricidae","Mammals"
"Brachylagus idahoensis","Pygmy Rabbit","Leporidae","Mammals"
"Myotis lucifugus","Little Brown Bat","Vespertilionidae","Mammals"
"Dipodomys deserti","Desert Kangaroo Rat","Heteromyidae","Mammals"
"Sorex palustris","American Water Shrew","Soricidae","Mammals"
"Sciurus aberti","Abert's Squirrel","Sciuridae","Mammals"
"Myotis yumanensis","Yuma Myotis","Vespertilionidae","Mammals"
"Dipodomys spectabilis","Banner Tailed Kangaroo Rat","Heteromyidae","Mammals"
"Sylvilagus audubonii","Desert Cottontail","Leporidae","Mammals"
"Nyctinomops femorosaccus","Pocketed Free-Tailed Bat","Molossidae","Mammals"
"Sylvilagus floridanus","Eastern Cottontail","Leporidae","Mammals"
"Peromyscus eremicus","Cactus Mouse","Cricetidae","Mammals"
"Chaetodipus rudinoris","Baja Pocket Mouse","Heteromyidae","Mammals"
"Peromyscus fraterculus","Northern Baja Deermouse","Cricetidae","Mammals"
"Choeronycteris mexicana","Mexican Long Tongued Bat","Phyllostomidae","Mammals"
"Sylvilagus nuttallii","Mountain Cottontail","Leporidae","Mammals"
"Microtus mexicanus","Mexican Vole","Cricetidae","Mammals"
"Nyctinomops macrotis","Big Free-Tailed Bat","Molossidae","Mammals"
"Lynx rufus","Bobcat","Felidae","Mammals"
"Eptesicus fuscus","Big Brown Bat","Vespertilionidae","Mammals"
"Dipodomys microps","House Rock Valley Kangaroo Rat","Heteromyidae","Mammals"
"Reithrodontomys montanus","Plains Harvest Mouse","Cricetidae","Mammals"
"Onychomys arenicola","Mearns's Grasshopper Mouse","Cricetidae","Mammals"
"Myotis occultus","Arizona Myotis","Vespertilionidae","Mammals"
"Vulpes vulpes","Red Fox","Canidae","Mammals"
"Microtus montanus","Montane Vole","Cricetidae","Mammals"
"Sorex cinereus","Masked Shrew","Soricidae","Mammals"
"Dipodomys merriami","Merriam's Kangaroo Rat","Heteromyidae","Mammals"
"Euderma maculatum","Spotted Bat","Vespertilionidae","Mammals"
"Cynomys gunnisoni","Gunnison's Prairie Dog","Sciuridae","Mammals"
"Myodes gapperi","Southern Red Backed Vole","Cricetidae","Mammals"
"Peromyscus nasutus","Northern Rock Mouse","Cricetidae","Mammals"
"Notiosorex cockrumi","Cockrum's Grey Shrew","Soricidae","Mammals"
"Didelphis virginiana","Virginia Opossum","Didelphidae","Mammals"
"Pecari tajacu","Collared Peccary","Tayassuidae","Mammals"
"Canis lupus","Wolf","Canidae","Mammals"
"Ursus americanus","American Black Bear","Ursidae","Mammals"
"Lasiurus blossevillii","Red Bat","Vespertilionidae","Mammals"
"Lepus townsendii","White Tailed Jackrabbit","Leporidae","Mammals"
"Thomomys umbrinus","Southern Pocket Gopher","Geomyidae","Mammals"
"Natalus mexicanus","Mexican Greater Funnel-Eared Bat","Natalidae","Mammals"
"Tamiasciurus hudsonicus","Red Squirrel","Sciuridae","Mammals"
"Myotis volans","Long Legged Myotis","Vespertilionidae","Mammals"
"Procyon lotor","Raccoon","Procyonidae","Mammals"
"Sciurus nayaritensis","Mexican Fox Squirrel","Sciuridae","Mammals"
"Leopardus pardalis","Ocelot","Felidae","Mammals"
"Bison bison","American Bison","Bovidae","Mammals"
"Chaetodipus intermedius","Rock Pocket Mouse","Heteromyidae","Mammals"
"Bassariscus astutus","Ringtail","Procyonidae","Mammals"
"Peromyscus maniculatus","Deer Mouse","Cricetidae","Mammals"
"Neotoma albigula","White Throated Woodrat","Cricetidae","Mammals"
"Lepus alleni","Antelope Jackrabbit","Leporidae","Mammals"
"Sigmodon ochrognathus","Yellow Nosed Cotton Rat","Cricetidae","Mammals"
"Sigmodon hispidus","Hispid Cotton Rat","Cricetidae","Mammals"
"Marmota flaviventris","Yellow Bellied Marmot","Sciuridae","Mammals"
"Mephitis macroura","Hooded Skunk","Mephitidae","Mammals"
"Lontra canadensis","Northern River Otter","Mustelidae","Mammals"
"Canis latrans","Coyote","Canidae","Mammals"
"Zapus hudsonius","Meadow Jumping Mouse","Dipodidae","Mammals"
"Sorex merriami","Merriam's Shrew","Soricidae","Mammals"
"Peromyscus boylii","Brush Mouse","Cricetidae","Mammals"
"Neotoma stephensi","Stephen's Woodrat","Cricetidae","Mammals"
"Pipistrellus hesperus","Western Pipistrelle","Vespertilionidae","Mammals"
"Puma concolor","Cougar","Felidae","Mammals"
"Peromyscus leucopus","White-Footed Mouse","Cricetidae","Mammals"
"Phenacomys intermedius","Western Heather Vole","Cricetidae","Mammals"
"Reithrodontomys megalotis","Western Harvest Mouse","Cricetidae","Mammals"
"Onychomys leucogaster","Northern Grasshopper Mouse","Cricetidae","Mammals"
"Urocyon cinereoargenteus","Gray Fox","Canidae","Mammals"
"Thomomys talpoides","Northern Pocket Gopher","Geomyidae","Mammals"
"Chaetodipus formosus","Long Tailed Pocket Mouse","Heteromyidae","Mammals"
"Nasua narica","White-Nosed Coati","Procyonidae","Mammals"
"Reithrodontomys fulvescens","Fulvous Harvest Mouse","Cricetidae","Mammals"
"Perognathus flavus","Silky Pocket Mouse","Heteromyidae","Mammals"
"Sciurus arizonensis","Arizona Gray Squirrel","Sciuridae","Mammals"
"Vulpes macrotis","Kit Fox","Canidae","Mammals"
"Chaetodipus baileyi","Bailey's Pocket Mouse","Heteromyidae","Mammals"
"Sigmodon arizonae","Arizona Cotton Rat","Cricetidae","Mammals"
"Conepatus leuconotus","American Hog Nosed Skunk","Mephitidae","Mammals"
"Corynorhinus townsendii","Townsend's Big-Eared Bat","Vespertilionidae","Mammals"
"Peromyscus melanotis","Black-Eared Mouse","Cricetidae","Mammals"
"Sorex monticolus","Montane Shrew","Soricidae","Mammals"
"Onychomys torridus","Southern Grasshopper Mouse","Cricetidae","Mammals"
"Mustela frenata","Long Tailed Weasel","Mustelidae","Mammals"
"Chaetodipus hispidus","Hispid Pocket Mouse","Heteromyidae","Mammals"
"Masticophis flagellum","Coachwhip","Colubridae","Reptiles"
"Uma notata","Colorado Desert Fringe-Toed Lizard","Phrynosomatidae","Reptiles"
"Diadophis punctatus","Ringneck Snake","Colubridae","Reptiles"
"Holbrookia maculata","Lesser Earless Lizard","Phrynosomatidae","Reptiles"
"Sceloporus clarkii","Clark's Spiny Lizard","Phrynosomatidae","Reptiles"
"Phrynosoma cornutum","Texas Horned Lizard","Phrynosomatidae","Reptiles"
"Sceloporus jarrovii","Yarrow's Spiny Lizard","Phrynosomatidae","Reptiles"
"Sceloporus poinsettii","Crevice Spiny Lizard","Phrynosomatidae","Reptiles"
"Urosaurus graciosus","Long-Tailed Brush Lizard","Phrynosomatidae","Reptiles"
"Lampropeltis pyromelana","Sonoran Mountain Kingsnake","Colubridae","Reptiles"
"Crotalus pricei","Twin-Spotted Rattlesnake","Viperidae","Reptiles"
"Crotalus atrox","Western Diamond-Backed Rattlesnake","Viperidae","Reptiles"
"Heterodon nasicus","Plains Hognose Snake","Colubridae","Reptiles"
"Thamnophis elegans","Western Terrestrial Garter Snake","Colubridae","Reptiles"
"Aspidoscelis arizonae","Arizona Striped Whiptail","Teiidae","Reptiles"
"Aspidoscelis pai","Pai Striped Whiptail","Teiidae","Reptiles"
"Sceloporus undulatus","Mescalero Dunes Fence Lizard","Phrynosomatidae","Reptiles"
"Uta stansburiana","Eastern Side-Blotched Lizard","Phrynosomatidae","Reptiles"
"Aspidoscelis burti","Canyon Spotted Whiptail","Teiidae","Reptiles"
"Crotalus scutulatus","Mohave Rattlesnake","Viperidae","Reptiles"
"Aspidoscelis uniparens","Desert Grassland Whiptail","Teiidae","Reptiles"
"Coleonyx variegatus","Western Banded Gecko","Eublepharidae","Reptiles"
"Aspidoscelis tigris","Tiger Whiptail","Teiidae","Reptiles"
"Eumeces skiltonianus","Western Skink","Scincidae","Reptiles"
"Cophosaurus texanus","Southwestern Earless Lizard","Phrynosomatidae","Reptiles"
"Crotalus cerastes","Sidewinder","Viperidae","Reptiles"
"Plestiodon callicephalus","Mountain Skink","Scincidae","Reptiles"
"Elgaria kingii","Madrean Alligator Lizard","Anguidae","Reptiles"
"Plestiodon gilberti","Gilbert's Skink","Scincidae","Reptiles"
"Phrynosoma solare","Regal Horned Lizard","Phrynosomatidae","Reptiles"
"Plestiodon multivirgatus","Many-Lined Skink","Scincidae","Reptiles"
"Crotalus molossus","Western Black-Tailed Rattlesnake","Viperidae","Reptiles"
"Gyalopion quadrangulare","Desert Hooknose Snake","Colubridae","Reptiles"
"Senticolis triaspis","Green Rat Snake","Colubridae","Reptiles"
"Charina trivirgata","Rosy Boa","Boidae","Reptiles"
"Eumeces multivirgatus","Multivirgatus: Northern Many-Lined Skink","Scincidae","Reptiles"
"Dipsosaurus dorsalis","Desert Iguana","Iguanidae","Reptiles"
"Gambelia wislizenii","Longnose Leopard Lizard","Crotaphytidae","Reptiles"
"Salvadora hexalepis","Western Patchnose Snake","Colubridae","Reptiles"
"Sceloporus virgatus","Striped Plateau Lizard","Phrynosomatidae","Reptiles"
"Phrynosoma modestum","Roundtail Horned Lizard","Phrynosomatidae","Reptiles"
"Plestiodon skiltonianus","Western Skink","Scincidae","Reptiles"
"Gyalopion canum","Western Hooknose Snake","Colubridae","Reptiles"
"Sistrurus catenatus","Prairie Massasauga","Viperidae","Reptiles"
"Lampropeltis getula","Common Kingsnake","Colubridae","Reptiles"
"Phrynosoma mcallii","Flat-Tail Horned Lizard","Phrynosomatidae","Reptiles"
"Phrynosoma platyrhinos","Desert Horned Lizard","Phrynosomatidae","Reptiles"
"Sonora semiannulata","Ground Snake","Colubridae","Reptiles"
"Uma rufopunctata","Yuman Desert Fringe-Toed Lizard","Phrynosomatidae","Reptiles"
"Crotaphytus bicinctores","Desert Collared Lizard","Crotaphytidae","Reptiles"
"Crotaphytus nebrius","Sonoran Collared Lizard","Crotaphytidae","Reptiles"
"Salvadora grahamiae","Mountain Patchnose Snake","Colubridae","Reptiles"
"Phrynosoma hernandesi","Mountain Short-Horned Lizard","Phrynosomatidae","Reptiles"
"Tantilla nigriceps","Plains Blackhead Snake","Colubridae","Reptiles"
"Aspidoscelis dixoni","Gray Checkered Whiptail","Teiidae","Reptiles"
"Callisaurus draconoides","Zebra-Tailed Lizard","Phrynosomatidae","Reptiles"
"Crotalus lepidus","Rock Rattlesnake","Viperidae","Reptiles"
"Sceloporus slevini","Slevins's Bunch Grass Lizard","Phrynosomatidae","Reptiles"
"Masticophis taeniatus","Striped Whipsnake","Colubridae","Reptiles"
"Hypsiglena torquata","Klauberi","Colubridae","Reptiles"
"Thamnophis marcianus","Checkered Garter Snake","Colubridae","Reptiles"
"Leptotyphlops humilis","Western Threadsnake","Leptotyphlopidae","Reptiles"
"Trimorphodon biscutatus","Costal Lyre Snake","Colubridae","Reptiles"
"Sceloporus occidentalis","Pacific Blue-Bellied Lizard","Phrynosomatidae","Reptiles"
"Rena dulcis","Texas Blind Snake","Leptotyphlopidae","Reptiles"
"Sceloporus jarrovi","Yarrow's Spiny Lizard","Phrynosomatidae","Reptiles"
"Sceloporus magister","Desert Spiny Lizard","Phrynosomatidae","Reptiles"
"Crotalus mitchellii","Speckled Rattlesnake","Viperidae","Reptiles"
"Pituophis catenifer","Gopher Snake","Colubridae","Reptiles"
"Phyllorhynchus decurtatus","Spotted Leafnose Snake","Colubridae","Reptiles"
"Crotalus willardi","Arizona Ridge-Nosed Rattlesnake","Viperidae","Reptiles"
"Micruroides euryxanthus","Western Coral Snake","Elapidae","Reptiles"
"Leptotyphlops dissectus","null","Leptotyphlopidae","Reptiles"
"Tantilla wilcoxi","Chihuahuan Blackhead Snake","Colubridae","Reptiles"
"Aspidoscelis inornata","Little Striped Whiptail","Teiidae","Reptiles"
"Phyllorhynchus browni","Saddled Leafnose Snake","Colubridae","Reptiles"
"Liochlorophis vernalis","Smooth Green Snake","Colubridae","Reptiles"
"Phrynosoma orbiculare","Mountain Horned Lizard","Phrynosomatidae","Reptiles"
"Aspidoscelis exsanguis","Chihuahuan Spotted Whiptail","Teiidae","Reptiles"
"Heloderma suspectum","Gila Monster","Helodermatidae","Reptiles"
"Chilomeniscus stramineus","Banded Sand Snake","Colubridae","Reptiles"
"Urosaurus ornatus","Tree Lizard","Phrynosomatidae","Reptiles"
"Crotalus tigris","Tiger Rattlesnake","Viperidae","Reptiles"
"Crotalus viridis","Prairie Rattlesnake","Viperidae","Reptiles"
"Tantilla hobartsmithi","Southwestern Blackhead Snake","Colubridae","Reptiles"
"Masticophis bilineatus","Sonoran Whipsnake","Colubridae","Reptiles"
"Aspidoscelis flagellicauda","Gila Spotted Whiptail","Teiidae","Reptiles"
"Chionactis palarostris","Sonoran Shovelnose Snake","Colubridae","Reptiles"
"Lichanura trivirgata","Rosy Boa","Boidae","Reptiles"
"Rena dissecta","New Mexico Threadsnake","Leptotyphlopidae","Reptiles"
"Eumeces callicephalus","Mountain Skink","Scincidae","Reptiles"
"Lampropeltis triangulum","Eastern Milksnake","Colubridae","Reptiles"
"Oxybelis aeneus","Brown Vinesnake","Colubridae","Reptiles"
"Thamnophis rufipunctatus","Narrowhead Watersnake","Colubridae","Reptiles"
"Rhinocheilus lecontei","Longnose Snake","Colubridae","Reptiles"
"Sauromalus ater","Northern Chuckwalla","Iguanidae","Reptiles"
"Plestiodon obsoletus","Great Plains Skink","Scincidae","Reptiles"
"Tantilla yaquia","Yaquia Blackhead Snake","Colubridae","Reptiles"
"Crotalus oreganus","Western Rattlesnake","Viperidae","Reptiles"
"Aspidoscelis neomexicana","New Mexican Whiptail","Teiidae","Reptiles"
"Eumeces obsoletus","Great Plains Skink","Scincidae","Reptiles"
"Holbrookia elegans","Elegant Earless Lizard","Phrynosomatidae","Reptiles"
"Xantusia vigilis","Desert Night Lizard","Xantusiidae","Reptiles"
"Crotaphytus collaris","Collared Lizard","Crotaphytidae","Reptiles"
"Aspidoscelis velox","Plateau Striped Whiptail","Teiidae","Reptiles"
"Uma scoparia","Mojave Fringe-Toed Lizard","Phrynosomatidae","Reptiles"
"Arizona elegans","California Glossy Snake","Colubridae","Reptiles"
"Thamnophis eques","Mexican Garter Snake","Colubridae","Reptiles"
"Chionactis occipitalis","Western Shovelnose Snake","Colubridae","Reptiles"
"Thamnophis cyrtopsis","Blackneck Garter Snake","Colubridae","Reptiles"
"Eumeces gilberti","Gilbert's Skink","Scincidae","Reptiles"
"Aspidoscelis sonorae","Sonoran Spotted Whiptail","Teiidae","Reptiles"
"Sceloporus graciosus","Mountain Swift","Phrynosomatidae","Reptiles"
"Coluber constrictor","Eastern Racer","Colubridae","Reptiles"
"Gopherus agassizii","Agassiz's Desert Tortoise","Testudinidae","Turtles (non-marine)"
"Kinosternon sonoriense","Sonoran Mud Turtle","Kinosternidae","Turtles (non-marine)"
"Kinosternon flavescens","Yellow Mud Turtle","Kinosternidae","Turtles (non-marine)"
"Chrysemys picta","Painted Turtle","Emydidae","Turtles (non-marine)"
"Gopherus morafkai","Morafka's Desert Tortoise","Testudinidae","Turtles (non-marine)"
"Terrapene ornata","Ornate Box Turtle","Emydidae","Turtles (non-marine)"
"Scaphiopus couchii","Sonoran Spadefoot","Scaphiopodidae","Amphibians"
"Lithobates subaquavocalis","Chiricahua Leopard Frog","Ranidae","Amphibians"
"Lithobates pipiens","Peeping Frog","Ranidae","Amphibians"
"Hyla wrightorum","Arizona Treefrog","Hylidae","Amphibians"
"Smilisca fodiens","Burrowing Treefrog","Hylidae","Amphibians"
"Xenopus laevis","African Clawed Frog","Pipidae","Amphibians"
"Anaxyrus microscaphus","Small Spaded Toad","Bufonidae","Amphibians"
"Anaxyrus boreas","Boreal Toad","Bufonidae","Amphibians"
"Lithobates blairi","Plains Leopard Frog","Ranidae","Amphibians"
"Craugastor augusti","Barking Frog","Craugastoridae","Amphibians"
"Lithobates berlandieri","Berlandier's Frog","Ranidae","Amphibians"
"Anaxyrus retiformis","Pima Green Toad","Bufonidae","Amphibians"
"Anaxyrus punctatus","Red-Spotted Toad","Bufonidae","Amphibians"
"Anaxyrus woodhousii","East Texas Toad","Bufonidae","Amphibians"
"Pseudacris maculata","Boreal Chorus Frog","Hylidae","Amphibians"
"Anaxyrus debilis","Eastern Green Toad","Bufonidae","Amphibians"
"Gastrophryne olivacea","Great Plains Narrowmouth Toad","Microhylidae","Amphibians"
"Anaxyrus cognatus","Texas Toad","Bufonidae","Amphibians"
"Lithobates catesbeianus","Common Bullfrog","Ranidae","Amphibians"
"Incilius alvarius","Girard's Toad","Bufonidae","Amphibians"
"Ambystoma tigrinum","Tiger Salamander","Ambystomatidae","Amphibians"
"Lithobates yavapaiensis","Lowland Leopard Frog","Ranidae","Amphibians"
"Lithobates onca","Relict Leopard Frog","Ranidae","Amphibians"
"Hyla arenicolor","Canyon Treefrog","Hylidae","Amphibians"
"Spea bombifrons","Cope's Spea","Scaphiopodidae","Amphibians"
"Ambystoma mavortium","Axolotl","Ambystomatidae","Amphibians"
"Spea intermontana","Great Basin Spadefoot","Scaphiopodidae","Amphibians"
"Lithobates chiricahuensis","Chiricahua Leopard Frog","Ranidae","Amphibians"
"Pseudacris regilla","Pacific Treefrog","Hylidae","Amphibians"
"Spea multiplicata","New Mexico Spadefoot Toad","Scaphiopodidae","Amphibians"
"Plagopterus argentissimus","Woundfin","Cyprinidae","Fishes"
"Agosia chrysogaster","Longfin Dace","Cyprinidae","Fishes"
"Poeciliopsis occidentalis","Gila Topminnow","Poeciliidae","Fishes"
"Gila ditaenia","Sonora Chub","Cyprinidae","Fishes"
"Lepidomeda mollispinis","Virgin Spinedace","Cyprinidae","Fishes"
"Catostomus discobolus","Bluehead Sucker","Catostomidae","Fishes"
"Gila robusta","Roundtail Chub","Cyprinidae","Fishes"
"Gila intermedia","Gila Chub","Cyprinidae","Fishes"
"Oncorhynchus apache","Apache Trout","Salmonidae","Fishes"
"Gila seminuda","Virgin Chub","Cyprinidae","Fishes"
"Gila nigra","Headwater Chub","Cyprinidae","Fishes"
"Lepidomeda vittata","Little Colorado Spinedace","Cyprinidae","Fishes"
"Cyprinodon arcuatus","Santa Cruz Pupfish","Cyprinodontidae","Fishes"
"Cyprinella formosa","Beautiful Shiner","Cyprinidae","Fishes"
"Meda fulgida","Spikedace","Cyprinidae","Fishes"
"Cyprinodon macularius","Desert Pupfish","Cyprinodontidae","Fishes"
"Ptychocheilus lucius","Colorado Pikeminnow","Cyprinidae","Fishes"
"Gila purpurea","Yaqui Chub","Cyprinidae","Fishes"
"Catostomus bernardini","Yaqui Sucker","Catostomidae","Fishes"
"Catostomus insignis","Sonora Sucker","Catostomidae","Fishes"
"Catostomus latipinnis","Flannelmouth Sucker","Catostomidae","Fishes"
"Gila cypha","Humpback Chub","Cyprinidae","Fishes"
"Cyprinodon eremus","Sonoyta Pupfish","Cyprinodontidae","Fishes"
"Oncorhynchus gilae","Gila Trout","Salmonidae","Fishes"
"Catostomus clarkii","Desert Sucker","Catostomidae","Fishes"
"Gila elegans","Bonytail","Cyprinidae","Fishes"
"Catostomus plebeius","Rio Grande Sucker","Catostomidae","Fishes"
"Rhinichthys osculus","Speckled Dace","Cyprinidae","Fishes"
"Campostoma ornatum","Mexican Stoneroller","Cyprinidae","Fishes"
"Pimephales promelas","Fathead Minnow","Cyprinidae","Fishes"
"Oncorhynchus clarkii","Cutthroat Trout","Salmonidae","Fishes"
"Rhinichthys cobitis","Loach Minnow","Cyprinidae","Fishes"
"Dorosoma petenense","Threadfin Shad","Clupeidae","Fishes"
"Anthocharis lanceolata","Gray Marble","Pieridae","Butterflies"
"Pieris virginiensis","West Virginia White","Pieridae","Butterflies"
"Papilio cresphontes","Giant Swallowtail","Papilionidae","Butterflies"
"Agathymus stephensi","California Giant-Skipper","Hesperiidae","Butterflies"
"Nymphalis antiopa","Mourning Cloak","Nymphalidae","Butterflies"
"Chioides zilpa","Zilpa Longtail","Hesperiidae","Butterflies"
"Erynnis propertius","Propertius Duskywing","Hesperiidae","Butterflies"
"Vanessa atalanta","Red Admiral","Nymphalidae","Butterflies"
"Ganyra howarthi","Howarth's White","Pieridae","Butterflies"
"Phyciodes tharos","Pearl Crescent","Nymphalidae","Butterflies"
"Amblyscirtes tolteca","Toltec Roadside-Skipper","Hesperiidae","Butterflies"
"Polites themistocles","Tawny-Edged Skipper","Hesperiidae","Butterflies"
"Ochlodes yuma","Yuma Skipper","Hesperiidae","Butterflies"
"Boloria frisia","null","Nymphalidae","Butterflies"
"Phoebis agarithe","Large Orange Sulphur","Pieridae","Butterflies"
"Precis evarete","null","Nymphalidae","Butterflies"
"Eurema boisduvaliana","Boisduval's Yellow","Pieridae","Butterflies"
"Colias alexandra","Queen Alexandra's Sulphur","Pieridae","Butterflies"
"Lerodea dysaules","Olive-Clouded Skipper","Hesperiidae","Butterflies"
"Callophrys xami","Xami Hairstreak","Lycaenidae","Butterflies"
"Strymon istapa","Mallow Scrub-Hairstreak","Lycaenidae","Butterflies"
"Leptotes cassius","Cassius Blue","Lycaenidae","Butterflies"
"Hemiargus isola","Reakirt's Blue","Lycaenidae","Butterflies"
"Amblyscirtes exoteria","Large Roadside-Skipper","Hesperiidae","Butterflies"
"Achalarus casica","Desert Cloudywing","Hesperiidae","Butterflies"
"Hesperopsis libya","Mojave Sootywing","Hesperiidae","Butterflies"
"Aguna asander","Gold-Spotted Aguna","Hesperiidae","Butterflies"
"Atrytonopsis edwardsii","Sheep Skipper","Hesperiidae","Butterflies"
"Erynnis icelus","Dreamy Dusky-Wing","Hesperiidae","Butterflies"
"Pyrgus albescens","White Checkered-Skipper","Hesperiidae","Butterflies"
"Dymasia dymas","Tiny Checkerspot","Nymphalidae","Butterflies"
"Plebejus acmon","Acmon Blue","Lycaenidae","Butterflies"
"Colias philodice","Clouded Sulphur","Pieridae","Butterflies"
"Cercyonis pegala","Common Wood-Nymph","Nymphalidae","Butterflies"
"Vanessa carye","null","Nymphalidae","Butterflies"
"Speyeria nokomis","Nokomis Fritillary","Nymphalidae","Butterflies"
"Erynnis tristis","Mournful Duskywing","Hesperiidae","Butterflies"
"Euphilotes battoides","Square-Spotted Blue","Lycaenidae","Butterflies"
"Eurema lisa","Little Yellow","Pieridae","Butterflies"
"Hypaurotis crysalus","Colorado Hairstreak","Lycaenidae","Butterflies"
"Callophrys spinetorum","Thicket Hairstreak","Lycaenidae","Butterflies"
"Vanessa cardui","Painted Lady","Nymphalidae","Butterflies"
"Phyciodes texana","Texan Crescent","Nymphalidae","Butterflies"
"Cercyonis meadii","Mead's Wood-Nymph","Nymphalidae","Butterflies"
"Heliopetes domicella","Erichson's White-Skipper","Hesperiidae","Butterflies"
"Ochlodes snowi","null","Hesperiidae","Butterflies"
"Leptotes marina","Marine Blue","Lycaenidae","Butterflies"
"Hesperia nevada","Nevada Skipper","Hesperiidae","Butterflies"
"Agathymus neumoegeni","Orange Giant-Skipper","Hesperiidae","Butterflies"
"Speyeria mormonia","Mormon Fritillary","Nymphalidae","Butterflies"
"Cogia hippalus","Acacia Skipper","Hesperiidae","Butterflies"
"Euchloe hyantis","Pearly Marble","Pieridae","Butterflies"
"Lycaena helloides","Purplish Copper","Lycaenidae","Butterflies"
"Pyrrhopyge araxes","Dull Firetip","Hesperiidae","Butterflies"
"Atlides halesus","Great Purple Hairstreak","Lycaenidae","Butterflies"
"Nymphalis californica","California Tortoiseshell","Nymphalidae","Butterflies"
"Danaus eresimus","Soldier","Nymphalidae","Butterflies"
"Neophasia menapia","Pine White","Pieridae","Butterflies"
"Atrytonopsis lunus","Moon-Marked Skipper","Hesperiidae","Butterflies"
"Thorybes mexicana","Mexican Cloudywing","Hesperiidae","Butterflies"
"Nastra julia","Julia's Skipper","Hesperiidae","Butterflies"
"Coenonympha tullia","Common Ringlet","Nymphalidae","Butterflies"
"Polygonus leo","Hammock Skipper","Hesperiidae","Butterflies"
"Megisto rubricata","Red Satyr","Nymphalidae","Butterflies"
"Hesperia viridis","Green Skipper","Hesperiidae","Butterflies"
"Agathymus alliae","Mojave Giant-Skipper","Hesperiidae","Butterflies"
"Apodemia mormo","Mormon Metalmark","Riodinidae","Butterflies"
"Pyrgus oileus","Tropical Checkered-Skipper","Hesperiidae","Butterflies"
"Paramacera allyni","Pine Satyr","Nymphalidae","Butterflies"
"Amblyscirtes oslari","Oslar's Roadside-Skipper","Hesperiidae","Butterflies"
"Codatractus mysie","Valeriana Skipper","Hesperiidae","Butterflies"
"Neophasia terlootii","Chiricahua White","Pieridae","Butterflies"
"Lycaena arota","Tailed Copper","Lycaenidae","Butterflies"
"Asterocampa celtis","Hackberry Emperor","Nymphalidae","Butterflies"
"Microtia elva","Elf","Nymphalidae","Butterflies"
"Marpesia petreus","Ruddy Daggerwing","Nymphalidae","Butterflies"
"Phyciodes mylitta","Mylitta Crescent","Nymphalidae","Butterflies"
"Pontia protodice","Checkered White","Pieridae","Butterflies"
"Polygonia interrogationis","Question Mark","Nymphalidae","Butterflies"
"Chlosyne cyneas","Black Checkerspot","Nymphalidae","Butterflies"
"Phyciodes phaon","Phaon Crescent","Nymphalidae","Butterflies"
"Pyrgus afranius","null","Hesperiidae","Butterflies"
"Euphilotes enoptes","Dotted Blue","Lycaenidae","Butterflies"
"Hesperia juba","Juba Skipper","Hesperiidae","Butterflies"
"Erynnis horatius","Horace's Duskywing","Hesperiidae","Butterflies"
"Codatractus arizonensis","Arizona Skipper","Hesperiidae","Butterflies"
"Satyrium saepium","Hedgerow Hairstreak","Lycaenidae","Butterflies"
"Eurema nicippe","Sleepy Orange","Pieridae","Butterflies"
"Pyrgus xanthus","Mountain Checkered-Skipper","Hesperiidae","Butterflies"
"Asterocampa idyja","'Cream-Banded' Dusky Emp.","Nymphalidae","Butterflies"
"Autochton pseudocellus","Sonoran Banded-Skipper","Hesperiidae","Butterflies"
"Thorybes pylades","Northern Cloudywing","Hesperiidae","Butterflies"
"Erynnis juvenalis","Juvenal's Duskywing","Hesperiidae","Butterflies"
"Atalopedes campestris","Sachem","Hesperiidae","Butterflies"
"Euphilotes rita","Rita's Blue","Lycaenidae","Butterflies"
"Amblyscirtes nysa","Nysa Roadside-Skipper","Hesperiidae","Butterflies"
"Phoebis philea","Orange-Barred Sulphur","Pieridae","Butterflies"
"Libytheana carinenta","American Snout","Nymphalidae","Butterflies"
"Polites draco","Draco Skipper","Hesperiidae","Butterflies"
"Speyeria hegesia","null","Nymphalidae","Butterflies"
"Thorybes drusius","Drusius Cloudywing","Hesperiidae","Butterflies"
"Yvretta rhesus","null","Hesperiidae","Butterflies"
"Polites carus","Carus Skipper","Hesperiidae","Butterflies"
"Cercyonis oetus","Small Wood-Nymph","Nymphalidae","Butterflies"
"Autochton cellus","Golden Banded-Skipper","Hesperiidae","Butterflies"
"Polygonia gracilis","Hoary Comma","Nymphalidae","Butterflies"
"Nathalis iole","Dainty Sulphur","Pieridae","Butterflies"
"Everes comyntas","Eastern Tailed-Blue","Lycaenidae","Butterflies"
"Lerodea eufala","Eufala Skipper","Hesperiidae","Butterflies"
"Colias cesonia","Southern Dogface","Pieridae","Butterflies"
"Apodemia palmeri","Palmer's Metalmark","Riodinidae","Butterflies"
"Poanes melane","Umber Skipper","Hesperiidae","Butterflies"
"Lycaena heteronea","Blue Copper","Lycaenidae","Butterflies"
"Carterocephalus palaemon","Arctic Skipper","Hesperiidae","Butterflies"
"Kricogonia lyside","Lyside Sulphur","Pieridae","Butterflies"
"Battus philenor","Pipevine Swallowtail","Papilionidae","Butterflies"
"Adopaeoides prittwitzi","Sunrise Skipper","Hesperiidae","Butterflies"
"Speyeria aphrodite","Aphrodite Fritillary","Nymphalidae","Butterflies"
"Megathymus yuccae","Yucca Giant-Skipper","Hesperiidae","Butterflies"
"Heliopetes ericetorum","Northern White-Skipper","Hesperiidae","Butterflies"
"Plebejus melissa","Melissa Blue","Lycaenidae","Butterflies"
"Limenitis archippus","Viceroy","Nymphalidae","Butterflies"
"Amblyscirtes cassus","Cassus Roadside-Skipper","Hesperiidae","Butterflies"
"Hypaurotis crysalis","Colorado Hairstreak","Lycaenidae","Butterflies"
"Calephelis nemesis","Fatal Metalmark","Riodinidae","Butterflies"
"Erynnis funeralis","Funereal Duskywing","Hesperiidae","Butterflies"
"Papilio zelicaon","Anise Swallowtail","Papilionidae","Butterflies"
"Amblyscirtes aenus","Bronze Roadside-Skipper","Hesperiidae","Butterflies"
"Vanessa virginiensis","American Lady","Nymphalidae","Butterflies"
"Calephelis rawsoni","Rawson's Metalmark","Riodinidae","Butterflies"
"Chlosyne theona","Theona Checkerspot","Nymphalidae","Butterflies"
"Asterocampa leilia","Empress Leilia","Nymphalidae","Butterflies"
"Urbanus proteus","Long-Tailed Skipper","Hesperiidae","Butterflies"
"Cogia caicus","Gold-Costa Skipper","Hesperiidae","Butterflies"
"Paratrytone melane","null","Hesperiidae","Butterflies"
"Harkenclenus titus","Coral Hairstreak","Lycaenidae","Butterflies"
"Chlosyne janais","Crimson Patch","Nymphalidae","Butterflies"
"Hypostrymon critola","Sonoran Hairstreak","Lycaenidae","Butterflies"
"Eurema proterpia","Tailed Orange","Pieridae","Butterflies"
"Erynnis telemachus","Rocky Mountain Duskywing","Hesperiidae","Butterflies"
"Pyrgus scriptura","Small Checkered-Skipper","Hesperiidae","Butterflies"
"Agraulis vanillae","Gulf Fritillary","Nymphalidae","Butterflies"
"Urbanus simplicius","Plain Longtail","Hesperiidae","Butterflies"
"Plebejus lupini","Lupine Blue","Lycaenidae","Butterflies"
"Chlosyne gabbii","Gabb's Checkerspot","Nymphalidae","Butterflies"
"Proteides mercurius","Mercurial Skipper","Hesperiidae","Butterflies"
"Agathymus evansi","Huachuca Giant-Skipper","Hesperiidae","Butterflies"
"Heliopetes laviana","Laviana White-Skipper","Hesperiidae","Butterflies"
"Phaeostrymon alcestis","Soapberry Hairstreak","Lycaenidae","Butterflies"
"Atrytonopsis vierecki","Viereck's Skipper","Hesperiidae","Butterflies"
"Phyciodes campestris","Field Crescent","Nymphalidae","Butterflies"
"Callophrys eryphon","Western Pine Elfin","Lycaenidae","Butterflies"
"Pseudocopaeodes eunus","Alkali Skipper","Hesperiidae","Butterflies"
"Euptoieta claudia","Variegated Fritillary","Nymphalidae","Butterflies"
"Papilio thoas","Thoas Swallowtail","Papilionidae","Butterflies"
"Emesis ares","Ares Metalmark","Riodinidae","Butterflies"
"Polites sonora","Sonoran Skipper","Hesperiidae","Butterflies"
"Pyrgus communis","Common Checkered-Skipper","Hesperiidae","Butterflies"
"Oarisma edwardsii","Edwards' Skipperling","Hesperiidae","Butterflies"
"Atrytonopsis cestus","Cestus Skipper","Hesperiidae","Butterflies"
"Apodemia nais","Nais Metalmark","Riodinidae","Butterflies"
"Atrytonopsis deva","Deva Skipper","Hesperiidae","Butterflies"
"Polites sabuleti","Sandhill Skipper","Hesperiidae","Butterflies"
"Hesperia woodgatei","Apache Skipper","Hesperiidae","Butterflies"
"Eurema mexicana","Mexican Yellow","Pieridae","Butterflies"
"Dione moneta","Mexican Silverspot","Nymphalidae","Butterflies"
"Epargyreus exadeus","Broken Silverdrop","Hesperiidae","Butterflies"
"Chlosyne leanira","Leanira Checkerspot","Nymphalidae","Butterflies"
"Megathymus ursus","Ursine Giant-Skipper","Hesperiidae","Butterflies"
"Arawacus jada","Creamy Stripe-Streak","Lycaenidae","Butterflies"
"Zestusa dorus","Short-Tailed Skipper","Hesperiidae","Butterflies"
"Amblyscirtes texanae","Texas Roadside-Skipper","Hesperiidae","Butterflies"
"Emesis zela","Zela Metalmark","Riodinidae","Butterflies"
"Celastrina argiolus","Spring/Summer Azure","Lycaenidae","Butterflies"
"Speyeria zerene","Zerene Fritillary","Nymphalidae","Butterflies"
"Papilio multicaudatus","Two-Tailed Swallowtail","Papilionidae","Butterflies"
"Ascia monuste","Great Southern White","Pieridae","Butterflies"
"Anthocharis sara","Sara Orangetip","Pieridae","Butterflies"
"Panoquina errans","Wandering Skipper","Hesperiidae","Butterflies"
"Copaeodes aurantiaca","Orange Skipperling","Hesperiidae","Butterflies"
"Pyrgus philetas","Desert Checkered-Skipper","Hesperiidae","Butterflies"
"Anthocharis cethura","Desert Orangetip","Pieridae","Butterflies"
"Lerema accius","Clouded Skipper","Hesperiidae","Butterflies"
"Amblyscirtes elissa","Elissa Roadside Skipper","Hesperiidae","Butterflies"
"Hemiargus ceraunus","Ceraunus Blue","Lycaenidae","Butterflies"
"Parides alopius","White-Dotted Cattleheart","Papilionidae","Butterflies"
"Agathymus aryxna","Arizona Giant-Skipper","Hesperiidae","Butterflies"
"Lycaena rubidus","Ruddy Copper","Lycaenidae","Butterflies"
"Neophasia terlooti","Chiricahua White","Pieridae","Butterflies"
"Colias eurytheme","Orange Sulphur","Pieridae","Butterflies"
"Phoebis statira","Statira Sulphur","Pieridae","Butterflies"
"Papilio multicaudata","Two-Tailed Swallowtail","Papilionidae","Butterflies"
"Chlosyne nycteis","Silvery Checkerspot","Nymphalidae","Butterflies"
"Epargyreus clarus","Silver-Spotted Skipper","Hesperiidae","Butterflies"
"Calpodes ethlius","Brazilian Skipper","Hesperiidae","Butterflies"
"Atrytonopsis pittacus","White-Barred Skipper","Hesperiidae","Butterflies"
"Asterocampa clyton","Tawny Emperor","Nymphalidae","Butterflies"
"Callophrys fotis","Desert Elfin","Lycaenidae","Butterflies"
"Callophrys augustus","null","Lycaenidae","Butterflies"
"Tmolus azia","null","Lycaenidae","Butterflies"
"Eurema salome","Salome Yellow","Pieridae","Butterflies"
"Chiomara asychis","White-Patched Skipper","Hesperiidae","Butterflies"
"Chlosyne californica","California Patch","Nymphalidae","Butterflies"
"Chlosyne lacinia","Bordered Patch","Nymphalidae","Butterflies"
"Phoebis sennae","Cloudless Sulphur","Pieridae","Butterflies"
"Glaucopsyche piasus","Arrowhead Blue","Lycaenidae","Butterflies"
"Chlosyne palla","Northern Checkerspot","Nymphalidae","Butterflies"
"Phyciodes vesta","Vesta Crescent","Nymphalidae","Butterflies"
"Nyctelius nyctelius","Violet-Banded Skipper","Hesperiidae","Butterflies"
"Polygonia satyrus","Satyr Anglewing","Nymphalidae","Butterflies"
"Pieris protodice","null","Pieridae","Butterflies"
"Amblyscirtes eos","Dotted Roadside-Skipper","Hesperiidae","Butterflies"
"Papilio ornythion","Ornythion Swallowtail","Papilionidae","Butterflies"
"Cyllopsis pyracmon","Nabokov's Satyr","Nymphalidae","Butterflies"
"Ochlodes sylvanoides","Woodland Skipper","Hesperiidae","Butterflies"
"Callophrys gryneus","Juniper Hairstreak","Lycaenidae","Butterflies"
"Ministrymon leda","Leda Ministreak","Lycaenidae","Butterflies"
"Plebejus icarioides","Boisduval's Blue","Lycaenidae","Butterflies"
"Plebejus glandon","Glandon Blue","Lycaenidae","Butterflies"
"Copaeodes minimus","Southern Skipperling","Hesperiidae","Butterflies"
"Piruna cingo","Many-Spotted Skipperling","Hesperiidae","Butterflies"
"Anaea troglodyta","Leafwing","Nymphalidae","Butterflies"
"Hesperia comma","Common Branded Skipper","Hesperiidae","Butterflies"
"Oarisma garita","Garita Skipperling","Hesperiidae","Butterflies"
"Anteos maerula","Yellow Angled-Sulphur","Pieridae","Butterflies"
"Limenitis arthemis","Red-Spotted Admiral","Nymphalidae","Butterflies"
"Eurema nise","Mimosa Yellow","Pieridae","Butterflies"
"Glaucopsyche lygdamus","Silvery Blue","Lycaenidae","Butterflies"
"Papilio machaon","Swallowtail","Papilionidae","Butterflies"
"Calephelis wrighti","Wright's Metalmark","Riodinidae","Butterflies"
"Erynnis persius","Persius Dusky-Wing","Hesperiidae","Butterflies"
"Ascia josephina","Giant White","Pieridae","Butterflies"
"Apodemia palmerii","Palmer's Metalmark","Riodinidae","Butterflies"
"Adelpha bredowi","California Sister","Nymphalidae","Butterflies"
"Speyeria atlantis","Atlantis Fritillary","Nymphalidae","Butterflies"
"Everes amyntula","Western Tailed-Blue","Lycaenidae","Butterflies"
"Satyrium sylvinus","Sylvan Hairstreak","Lycaenidae","Butterflies"
"Pyrgus ruralis","Two-Banded Checkered-Skipper","Hesperiidae","Butterflies"
"Systasea zampa","Arizona Powdered-Skipper","Hesperiidae","Butterflies"
"Limenitis weidemeyerii","Weidemeyer's Admiral","Nymphalidae","Butterflies"
"Erynnis scudderi","Scudder's Duskywing","Hesperiidae","Butterflies"
"Amblyscirtes fimbriata","Orange-Edged Roadside-Skipper","Hesperiidae","Butterflies"
"Chioides catillus","White-Striped Longtail","Hesperiidae","Butterflies"
"Satyrium calanus","Banded Hairstreak","Lycaenidae","Butterflies"
"Heliconius charithonia","Zebra Heliconian","Nymphalidae","Butterflies"
"Pieris chloridice","null","Pieridae","Butterflies"
"Lerodea arabus","Violet-Clouded Skipper","Hesperiidae","Butterflies"
"Cyllopsis pertepida","Canyonland Satyr","Nymphalidae","Butterflies"
"Ancyloxypha arene","Tropical Least Skipper","Hesperiidae","Butterflies"
"Neominois ridingsii","Ridings' Satyr","Nymphalidae","Butterflies"
"Erora laeta","Early Hairstreak","Lycaenidae","Butterflies"
"Agathymus polingi","Poling's Giant-Skipper","Hesperiidae","Butterflies"
"Euphilotes spaldingi","Spalding's Blue","Lycaenidae","Butterflies"
"Zizula cyna","Cyna Blue","Lycaenidae","Butterflies"
"Piruna polingii","Four-Spotted Skipperling","Hesperiidae","Butterflies"
"Amblyscirtes phylace","Orange-Headed Roadside-Skipper","Hesperiidae","Butterflies"
"Urbanus dorantes","Dorantes Longtail","Hesperiidae","Butterflies"
"Plebejus shasta","Shasta Blue","Lycaenidae","Butterflies"
"Satyrium behrii","Behr's Hairstreak","Lycaenidae","Butterflies"
"Chlorostrymon simaethis","Silver-Banded Hairstreak","Lycaenidae","Butterflies"
"Erynnis pacuvius","Pacuvius Duskywing","Hesperiidae","Butterflies"
"Systasea pulverulenta","Texas Powdered-Skipper","Hesperiidae","Butterflies"
"Brephidium exilis","Western Pygmy-Blue","Lycaenidae","Butterflies"
"Anaea glycerium","Angled Leafwing","Nymphalidae","Butterflies"
"Megathymus streckeri","Strecker's Giant-Skipper","Hesperiidae","Butterflies"
"Strymon columella","Mallow Scrub-Hairstreak","Lycaenidae","Butterflies"
"Amblyscirtes simius","Simius Roadside-Skipper","Hesperiidae","Butterflies"
"Phoebis neocypris","Tailed Sulphur","Pieridae","Butterflies"
"Speyeria coronis","Coronis Fritillary","Nymphalidae","Butterflies"
"Thorybes valeriana","Desert Mottled Skipper","Hesperiidae","Butterflies"
"Erynnis brizo","Sleepy Duskywing","Hesperiidae","Butterflies"
"Phyciodes pallida","Pale Crescent","Nymphalidae","Butterflies"
"Eurema dina","Dina Yellow","Pieridae","Butterflies"
"Mestra amymone","Common Mestra","Nymphalidae","Butterflies"
"Amblyscirtes nereus","Slaty Roadside-Skipper","Hesperiidae","Butterflies"
"Eunica monima","Dingy Purplewing","Nymphalidae","Butterflies"
"Piruna pirus","Russet Skipperling","Hesperiidae","Butterflies"
"Pieris rapae","Cabbage White","Pieridae","Butterflies"
"Polygonia faunus","Faun","Nymphalidae","Butterflies"
"Appias drusilla","Florida White","Pieridae","Butterflies"
"Copaeodes aurantiacus","Orange Skipperling","Hesperiidae","Butterflies"
"Hesperopsis alpheus","Salt Bush Sootywing","Hesperiidae","Butterflies"
"Yvretta carus","null","Hesperiidae","Butterflies"
"Fixsenia favonius","Southern Hairstreak","Lycaenidae","Butterflies"
"Danaus gilippus","Queen","Nymphalidae","Butterflies"
"Cyanophrys amyntor","Cramer's Greenstreak","Lycaenidae","Butterflies"
"Stinga morrisoni","Morrison's Skipper","Hesperiidae","Butterflies"
"Plebejus saepiolus","Greenish Blue","Lycaenidae","Butterflies"
"Apodemia phyciodoides","Crescent Metalmark","Riodinidae","Butterflies"
"Pieris sisymbrii","null","Pieridae","Butterflies"
"Nymphalis milberti","Milbert's Tortoiseshell","Nymphalidae","Butterflies"
"Danaus plexippus","Monarch","Nymphalidae","Butterflies"
"Celotes nessus","Common Streaky-Skipper","Hesperiidae","Butterflies"
"Erora quaderna","Arizona Hairstreak","Lycaenidae","Butterflies"
"Texola elada","Elada Checkerspot","Nymphalidae","Butterflies"
"Urbanus procne","Brown Longtail","Hesperiidae","Butterflies"
"Anteos clorinde","White Angled-Sulphur","Pieridae","Butterflies"
"Gyrocheilus patrobas","Red-Bordered Satyr","Nymphalidae","Butterflies"
"Chlosyne harrisii","Harris' Checkerspot","Nymphalidae","Butterflies"
"Cercyonis sthenele","Great Basin Wood-Nymph","Nymphalidae","Butterflies"
"Brephidium exile","Western Pygmy-Blue","Lycaenidae","Butterflies"
"Callophrys augustinus","Brown Elfin","Lycaenidae","Butterflies"
"Euphydryas chalcedona","Variable Checkerspot","Nymphalidae","Butterflies"
"Chlosyne fulvia","Fulvia Checkerspot","Nymphalidae","Butterflies"
"Euphyes vestris","Dun Skipper","Hesperiidae","Butterflies"
"Lycaena nivalis","Lilac-Bordered Copper","Lycaenidae","Butterflies"
"Atrytonopsis python","Python Skipper","Hesperiidae","Butterflies"
"Poanes zabulon","Zabulon Skipper","Hesperiidae","Butterflies"
"Hylephila phyleus","Fiery Skipper","Hesperiidae","Butterflies"
"Limenitis bredowii","Mexican Sister","Nymphalidae","Butterflies"
"Ministrymon clytie","Clytie Ministreak","Lycaenidae","Butterflies"
"Poladryas minuta","Dotted Checkerspot","Nymphalidae","Butterflies"
"Poanes taxiles","Taxiles Skipper","Hesperiidae","Butterflies"
"Eurema daira","Barred Yellow","Pieridae","Butterflies"
"Phyciodes morpheus","null","Nymphalidae","Butterflies"
"Staphylus ceos","Golden-Headed Scallopwing","Hesperiidae","Butterflies"
"Hesperia dacotae","Dakota Skipper","Hesperiidae","Butterflies"
"Hesperia pahaska","Pahaska Skipper","Hesperiidae","Butterflies"
"Strymon melinus","Gray Hairstreak","Lycaenidae","Butterflies"
"Philotiella speciosa","Small Blue","Lycaenidae","Butterflies"
"Pholisora catullus","Common Sootywing","Hesperiidae","Butterflies"
"Atrytonopsis ovinia","Sheep Skipper","Hesperiidae","Butterflies"
"Vanessa annabella","West Coast Lady","Nymphalidae","Butterflies"
"Euphydryas editha","Edith's Checkerspot","Nymphalidae","Butterflies"
"Anaea andria","Goatweed Leafwing","Nymphalidae","Butterflies"
"Synapte syraces","'Bold' Faceted Skipper","Hesperiidae","Butterflies"
"Erynnis zarucco","Zarucco Duskywing","Hesperiidae","Butterflies"
"Phyciodes picta","Painted Crescent","Nymphalidae","Butterflies"
"Oeneis alberta","Alberta Arctic","Nymphalidae","Butterflies"
"Precis coenia","Common Buckeye","Nymphalidae","Butterflies"
"Papilio polyxenes","Black Swallowtail","Papilionidae","Butterflies"
"Chlosyne acastus","Sagebrush Checkerspot","Nymphalidae","Butterflies"
"Bombus occidentalis","Western Bumble Bee","Apidae","Bumblebees"
"Bombus bifarius","Two Form Bumble Bee","Apidae","Bumblebees"
"Bombus suckleyi","Suckley Cuckoo Bumble Bee","Apidae","Bumblebees"
"Bombus melanopygus","Black Tail Bumble Bee","Apidae","Bumblebees"
"Bombus nevadensis","Black And Gold Bumble Bee","Apidae","Bumblebees"
"Bombus sylvicola","Forest Bumble Bee","Apidae","Bumblebees"
"Bombus rufocinctus","Sanderson's Bumble Bee","Apidae","Bumblebees"
"Bombus insularis","Orange-Rumped Bumblebee","Apidae","Bumblebees"
"Bombus flavifrons","Yellow Head Bumble Bee","Apidae","Bumblebees"
"Bombus huntii","Hunt Bumble Bee","Apidae","Bumblebees"
"Bombus griseocollis","Brown-Belted Bumble Bee","Apidae","Bumblebees"
"Bombus pensylvanicus","American Bumble Bee","Apidae","Bumblebees"
"Bombus fervidus","Yellow Bumble Bee","Apidae","Bumblebees"
"Bombus fraternus","Southern Plains Bumble Bee","Apidae","Bumblebees"
"Bombus mixtus","Sanderson's Bumble Bee","Apidae","Bumblebees"
"Bombus variabilis","Yellow-Faced Bumblebee","Apidae","Bumblebees"
"Bombus flavidus","Fernald Cuckoo Bumble Bee","Apidae","Bumblebees"
"Bombus centralis","Central Bumble Bee","Apidae","Bumblebees"
"Bombus morrisoni","Morrison Bumble Bee","Apidae","Bumblebees"
"Bombus appositus","A Bumble Bee","Apidae","Bumblebees"
"Amphiagrion abbreviatum","Western Red Damsel","Coenagrionidae","Dragonflies"
"Hetaerina americana","American Rubyspot","Calopterygidae","Dragonflies"
"Archilestes californicus","California Spreadwing","Lestidae","Dragonflies"
"Micrathyria aequalis","Spot-Tailed Dasher","Libellulidae","Dragonflies"
"Sympetrum corruptum","Variegated Meadowhawk","Libellulidae","Dragonflies"
"Argia munda","Apache Dancer","Coenagrionidae","Dragonflies"
"Cordulegaster dorsalis","Pacific Spiketail","Cordulegastridae","Dragonflies"
"Perithemis domitia","Slough Amberwing","Libellulidae","Dragonflies"
"Dythemis maya","Mayan Setwing","Libellulidae","Dragonflies"
"Erythemis vesiculosa","Great Pondhawk","Libellulidae","Dragonflies"
"Libellula quadrimaculata","Four-Spotted Chaser","Libellulidae","Dragonflies"
"Enallagma eiseni","Baja Bluet","Coenagrionidae","Dragonflies"
"Pseudoleon superbus","Filigree Skimmer","Libellulidae","Dragonflies"
"Cordulegaster diadema","Apache Spiketail","Cordulegastridae","Dragonflies"
"Enallagma basidens","Double-Striped Bluet","Coenagrionidae","Dragonflies"
"Tramea onusta","Red Saddlebags","Libellulidae","Dragonflies"
"Sympetrum danae","Black Darter","Libellulidae","Dragonflies"
"Telebasis salva","Desert Firetail","Coenagrionidae","Dragonflies"
"Sympetrum obtrusum","White-Faced Meadowhawk","Libellulidae","Dragonflies"
"Sympetrum signiferum","Spot-Winged Meadowhawk","Libellulidae","Dragonflies"
"Argia lacrimans","Sierra Madre Dancer","Coenagrionidae","Dragonflies"
"Celithemis eponina","Halloween Pennant","Libellulidae","Dragonflies"
"Aeshna umbrosa","Shadow Darner","Aeshnidae","Dragonflies"
"Somatochlora semicircularis","Mountain Emerald","Corduliidae","Dragonflies"
"Ischnura cervula","Pacific Forktail","Coenagrionidae","Dragonflies"
"Brachymesia furcata","Red-Tailed Pennant","Libellulidae","Dragonflies"
"Erythemis collocata","Western Pondhawk","Libellulidae","Dragonflies"
"Erpetogomphus lampropeltis","Serpent Ringtail","Gomphidae","Dragonflies"
"Argia pallens","Amethyst Dancer","Coenagrionidae","Dragonflies"
"Pantala flavescens","Wandering Glider","Libellulidae","Dragonflies"
"Dythemis nigrescens","Black Setwing","Libellulidae","Dragonflies"
"Enallagma boreale","Boreal Bluet","Coenagrionidae","Dragonflies"
"Argia plana","Springwater Dancer","Coenagrionidae","Dragonflies"
"Tramea insularis","Antillean Saddlebags","Libellulidae","Dragonflies"
"Apanisagrion lais","Black-And-White Damsel","Coenagrionidae","Dragonflies"
"Dythemis velox","Swift Setwing","Libellulidae","Dragonflies"
"Argia tarascana","Tarascan Dancer","Coenagrionidae","Dragonflies"
"Libellula luctuosa","Widow Skimmer","Libellulidae","Dragonflies"
"Sympetrum illotum","Cardinal Meadowhawk","Libellulidae","Dragonflies"
"Rhionaeschna psilus","Turquoise-Tipped Darner","Aeshnidae","Dragonflies"
"Paltothemis lineatipes","Red Rock Skimmer","Libellulidae","Dragonflies"
"Argia immunda","Kiowa Dancer","Coenagrionidae","Dragonflies"
"Argia tonto","Tonto Dancer","Coenagrionidae","Dragonflies"
"Libellula pulchella","Twelve-Spotted Skimmer","Libellulidae","Dragonflies"
"Enallagma clausum","Alkali Bluet","Coenagrionidae","Dragonflies"
"Tramea lacerata","Black Saddlebags","Libellulidae","Dragonflies"
"Rhionaeschna multicolor","Blue-Eyed Darner","Aeshnidae","Dragonflies"
"Tholymis citrina","Evening Skimmer","Libellulidae","Dragonflies"
"Ophiogomphus arizonicus","Arizona Snaketail","Gomphidae","Dragonflies"
"Stylurus plagiatus","Russet-Tipped Clubtail","Gomphidae","Dragonflies"
"Ischnura ramburii","Rambur's Forktail","Coenagrionidae","Dragonflies"
"Argia tezpi","Tezpi Dancer","Coenagrionidae","Dragonflies"
"Sympetrum semicinctum","Band-Winged Meadowhawk","Libellulidae","Dragonflies"
"Argia fumipennis","Variable Dancer","Coenagrionidae","Dragonflies"
"Libellula composita","Bleached Skimmer","Libellulidae","Dragonflies"
"Micrathyria hagenii","Thornbush Dasher","Libellulidae","Dragonflies"
"Rhionaeschna dugesi","Arroyo Darner","Aeshnidae","Dragonflies"
"Orthemis discolor","Carmine Skimmer","Libellulidae","Dragonflies"
"Dythemis fugax","Checkered Setwing","Libellulidae","Dragonflies"
"Stylurus intricatus","Brimstone Clubtail","Gomphidae","Dragonflies"
"Perithemis intensa","Mexican Amberwing","Libellulidae","Dragonflies"
"Enallagma semicirculare","Claw-Tipped Bluet","Coenagrionidae","Dragonflies"
"Ischnura demorsa","Mexican Forktail","Coenagrionidae","Dragonflies"
"Anax walsinghami","Giant Green Darner","Aeshnidae","Dragonflies"
"Erythemis plebeja","Pin-Tailed Pondhawk","Libellulidae","Dragonflies"
"Argia alberta","Paiute Dancer","Coenagrionidae","Dragonflies"
"Argia sedula","Blue-Ringed Dancer","Coenagrionidae","Dragonflies"
"Libellula forensis","Eight-Spotted Skimmer","Libellulidae","Dragonflies"
"Enallagma civile","Familiar Bluet","Coenagrionidae","Dragonflies"
"Argia carlcooki","Yaqui Dancer","Coenagrionidae","Dragonflies"
"Plathemis subornata","Desert Whitetail","Libellulidae","Dragonflies"
"Libellula nodisticta","Hoary Skimmer","Libellulidae","Dragonflies"
"Erythrodiplax basifusca","Plateau Dragonlet","Libellulidae","Dragonflies"
"Argia pima","Pima Dancer","Coenagrionidae","Dragonflies"
"Argia translata","Dusky Dancer","Coenagrionidae","Dragonflies"
"Argia agrioides","California Dancer","Coenagrionidae","Dragonflies"
"Ophiogomphus severus","Pale Snaketail","Gomphidae","Dragonflies"
"Palaemnema domina","Desert Shadowdamsel","Platystictidae","Dragonflies"
"Libellula saturata","Flame Skimmer","Libellulidae","Dragonflies"
"Argia nahuana","Aztec Dancer","Coenagrionidae","Dragonflies"
"Ischnura denticollis","Black-Fronted Forktail","Coenagrionidae","Dragonflies"
"Lestes disjunctus","Northern Spreadwing","Lestidae","Dragonflies"
"Argia hinei","Lavender Dancer","Coenagrionidae","Dragonflies"
"Libellula croceipennis","Neon Skimmer","Libellulidae","Dragonflies"
"Erpetogomphus compositus","White-Belted Ringtail","Gomphidae","Dragonflies"
"Hesperagrion heterodoxum","Painted Damsel","Coenagrionidae","Dragonflies"
"Tramea calverti","Striped Saddlebags","Libellulidae","Dragonflies"
"Erythemis simplicicollis","Eastern Pondhawk","Libellulidae","Dragonflies"
"Macromia magnifica","Western River Cruiser","Corduliidae","Dragonflies"
"Brechmorhoga mendax","Pale-Faced Clubskimmer","Libellulidae","Dragonflies"
"Leucorrhinia intacta","Dot-Tailed Whiteface","Libellulidae","Dragonflies"
"Remartinia luteipennis","Malachite Darner","Aeshnidae","Dragonflies"
"Hetaerina vulnerata","Canyon Rubyspot","Calopterygidae","Dragonflies"
"Enallagma carunculatum","Tule Bluet","Coenagrionidae","Dragonflies"
"Pantala hymenaea","Spot-Winged Glider","Libellulidae","Dragonflies"
"Ischnura perparva","Western Forktail","Coenagrionidae","Dragonflies"
"Aeshna palmata","Paddle-Tailed Darner","Aeshnidae","Dragonflies"
"Progomphus borealis","Gray Sanddragon","Gomphidae","Dragonflies"
"Argia apicalis","Blue-Fronted Dancer","Coenagrionidae","Dragonflies"
"Aeshna persephone","Persephone's Darner","Aeshnidae","Dragonflies"
"Enallagma praevarum","Arroyo Bluet","Coenagrionidae","Dragonflies"
"Argia lugens","Sooty Dancer","Coenagrionidae","Dragonflies"
"Erythrodiplax funerea","Black-Winged Dragonlet","Libellulidae","Dragonflies"
"Plathemis lydia","Common Whitetail","Libellulidae","Dragonflies"
"Archilestes grandis","Great Spreadwing","Lestidae","Dragonflies"
"Argia oenea","Fiery-Eyed Dancer","Coenagrionidae","Dragonflies"
"Argia vivida","Vivid Dancer","Coenagrionidae","Dragonflies"
"Libellula comanche","Comanche Skimmer","Libellulidae","Dragonflies"
"Lestes alacer","Plateau Spreadwing","Lestidae","Dragonflies"
"Ischnura hastata","Citrine Forktail","Coenagrionidae","Dragonflies"
"Macrodiplax balteata","Marl Pennant","Libellulidae","Dragonflies"
"Perithemis tenera","Eastern Amberwing","Libellulidae","Dragonflies"
"Coenagrion resolutum","Taiga Bluet","Coenagrionidae","Dragonflies"
"Lestes congener","Spotted Spreadwing","Lestidae","Dragonflies"
"Enallagma annexum","Northern Bluet","Coenagrionidae","Dragonflies"
"Orthemis ferruginea","Roseate Skimmer","Libellulidae","Dragonflies"
"Argia sabino","Sabino Dancer","Coenagrionidae","Dragonflies"
"Pachydiplax longipennis","Blue Dasher","Libellulidae","Dragonflies"
"Argia moesta","Powdered Dancer","Coenagrionidae","Dragonflies"
"Anax junius","Green Darner","Aeshnidae","Dragonflies"
"Oplonaeschna armata","Riffle Darner","Aeshnidae","Dragonflies"
"Argia harknessi","Harkness's Dancer","Coenagrionidae","Dragonflies"
"Sympetrum internum","Cherry-Faced Meadowhawk","Libellulidae","Dragonflies"
"Ischnura barberi","Desert Forktail","Coenagrionidae","Dragonflies"
"Brachymesia gravida","Four-Spotted Pennant","Libellulidae","Dragonflies"
"Brechmorhoga pertinax","Masked Clubskimmer","Libellulidae","Dragonflies"
"Lestes dryas","Scarce Emerald Damselfly","Lestidae","Dragonflies"
"Ischnura damula","Plains Forktail","Coenagrionidae","Dragonflies"
"Argia extranea","Spine-Tipped Dancer","Coenagrionidae","Dragonflies"
"Macrothemis inacuta","Straw-Colored Sylph","Libellulidae","Dragonflies"
"Erpetogomphus crotalinus","Yellow-Legged Ringtail","Gomphidae","Dragonflies"
"Aeshna interrupta","Variable Darner","Aeshnidae","Dragonflies"
"Sympetrum pallipes","Striped Meadowhawk","Libellulidae","Dragonflies"
"Yucca schottii","Schott's Yucca","Asparagaceae","Trees"
"Cowania mexicana","null","Rosaceae","Trees"
"Larrea divaricata","Creosote Bush","Zygophyllaceae","Trees"
"Sapindus drummondii","Western Soapberry","Sapindaceae","Trees"
"Salix geyeriana","Geyer's Willow","Salicaceae","Trees"
"Quercus ajoensis","Ajo Mountain Scrub Oak","Fagaceae","Trees"
"Populus tremuloides","Quaking Aspen","Salicaceae","Trees"
"Rhus microphylla","Littleleaf Sumac","Anacardiaceae","Trees"
"Dodonaea viscosa","Hopshrub","Sapindaceae","Trees"
"Condalia globosa","Bitter Snakewood","Rhamnaceae","Trees"
"Cercidium floridum","Blue Palo Verde","Leguminosae","Trees"
"Nolina bigelovii","Beargrass","Asparagaceae","Trees"
"Rhus choriophylla","Mearns Sumac","Anacardiaceae","Trees"
"Pinus edulis","Colorado Pinyon","Pinaceae","Trees"
"Salix amygdaloides","Peach-Leaf Willow","Salicaceae","Trees"
"Cereus giganteus","Suwarron","Cactaceae","Trees"
"Quercus rugosa","Netleaf Oak","Fagaceae","Trees"
"Quercus hypoleucoides","Silverleaf Oak","Fagaceae","Trees"
"Salix lasiolepis","Arroyo Willow","Salicaceae","Trees"
"Bursera fagaroides","Fragrant Bursera","Burseraceae","Trees"
"Sambucus mexicana","Desert Elderberry","Adoxaceae","Trees"
"Parkinsonia aculeata","Barbados Flowerfence","Leguminosae","Trees"
"Sorbus scopulina","Western Mountain-Ash","Rosaceae","Trees"
"Sambucus velutina","Blue Elder","Adoxaceae","Trees"
"Populus fremontii","Fremont's Cottonwood","Salicaceae","Trees"
"Chilopsis linearis","Desert-Willow","Bignoniaceae","Trees"
"Vauquelinia californica","Torrey's Vauquelinia","Rosaceae","Trees"
"Quercus arizonica","Arizona White Oak","Fagaceae","Trees"
"Fraxinus gooddingii","Goodding Ash","Oleaceae","Trees"
"Cornus stolonifera","Redosier","Cornaceae","Trees"
"Salix bonplandiana","Bonpland Willow","Salicaceae","Trees"
"Abies lasiocarpa","Subalpine Fir","Pinaceae","Trees"
"Forestiera phillyreoides","Desert-Olive Forestiera","Oleaceae","Trees"
"Salix scouleriana","Scouler Willow","Salicaceae","Trees"
"Canotia holacantha","Crucifixion-Thorn","Celastraceae","Trees"
"Rhus kearneyi","Kearney Sumac","Anacardiaceae","Trees"
"Salix laevigata","Red Willow","Salicaceae","Trees"
"Quercus chrysolepis","Maul Oak","Fagaceae","Trees"
"Cercocarpus betuloides","Birch-Leaf Mountain Mahog","Rosaceae","Trees"
"Prosopis juliflora","Ironwood","Leguminosae","Trees"
"Erythrina flabelliformis","Western Coral-Bean","Leguminosae","Trees"
"Yucca mohavensis","Mohave Yucca","Asparagaceae","Trees"
"Populus angustifolia","Willow Cottonwood","Salicaceae","Trees"
"Fraxinus anomala","Dwarf Ash","Oleaceae","Trees"
"Bumelia lanuginosa","Chittamwood","Sapotaceae","Trees"
"Yucca elata","Soaptree Yucca","Asparagaceae","Trees"
"Salix taxifolia","Yew-Leaf Willow","Salicaceae","Trees"
"Robinia neomexicana","Desert Locust","Leguminosae","Trees"
"Quercus emoryi","Emory Oak","Fagaceae","Trees"
"Prunus serotina","Black Cherry","Rosaceae","Trees"
"Rhamnus californica","California Buckthorn","Rhamnaceae","Trees"
"Rhamnus betulaefolia","null","Rhamnaceae","Trees"
"Abies concolor","White Fir","Pinaceae","Trees"
"Agave utahensis","Utah Agave","Asparagaceae","Trees"
"Salix nigra","Black Willow","Salicaceae","Trees"
"Amelanchier utahensis","Utah Serviceberry","Rosaceae","Trees"
"Salix bebbiana","Gray Willow","Salicaceae","Trees"
"Fraxinus velutina","Velvet Ash","Oleaceae","Trees"
"Juglans major","Arizona Walnut","Juglandaceae","Trees"
"Arctostaphylos pringlei","Pinkbracted Manzanita","Ericaceae","Trees"
"Pseudotsuga menziesii","Coast Douglas-Fir","Pinaceae","Trees"
"Acacia farnesiana","Cassie Flower","Leguminosae","Trees"
"Pinus leiophylla","Chihuahua Pine","Pinaceae","Trees"
"Platanus wrightii","Arizona Sycamore","Platanaceae","Trees"
"Pinus strobiformis","Chihuahua White Pine","Pinaceae","Trees"
"Ostrya knowltonii","Almond Willow","Betulaceae","Trees"
"Juniperus erythrocarpa","Pinchot Juniper","Cupressaceae","Trees"
"Acacia greggii","Cat Claw Acacia","Leguminosae","Trees"
"Alnus oblongifolia","Arizona Alder","Betulaceae","Trees"
"Quercus grisea","Gray Oak","Fagaceae","Trees"
"Prunus virginiana","Chokecherry","Rosaceae","Trees"
"Cephalanthus occidentalis","Common Buttonbush","Rubiaceae","Trees"
"Alnus tenuifolia","Mountain Alder","Betulaceae","Trees"
"Dalea spinosa","Smoke Tree","Leguminosae","Trees"
"Rhamnus crocea","Spiny Redberry","Rhamnaceae","Trees"
"Quercus dunnii","Dunn's Oak","Fagaceae","Trees"
"Koeberlinia spinosa","Crown-Of-Thorns","Koeberliniaceae","Trees"
"Arbutus arizonica","Arizona Madrone","Ericaceae","Trees"
"Salix exigua","Sandbar Willow","Salicaceae","Trees"
"Holacantha emoryi","Crucifixion Thorn","Simaroubaceae","Trees"
"Lysiloma microphylla","null","Leguminosae","Trees"
"Salix lasiandra","Pacific Willow","Salicaceae","Trees"
"Opuntia fulgida","Sonoran Jumping Cholla","Cactaceae","Trees"
"Sambucus melanocarpa","European Red Elder","Adoxaceae","Trees"
"Fraxinus papillosa","Chihuahua Ash","Oleaceae","Trees"
"Cercidium microphyllum","Foothill Palo Verde","Leguminosae","Trees"
"Quercus gambelii","Gambel Oak","Fagaceae","Trees"
"Juniperus californica","California Juniper","Cupressaceae","Trees"
"Yucca brevifolia","Joshua-Tree","Asparagaceae","Trees"
"Sapium biloculare","null","Euphorbiaceae","Trees"
"Acer negundo","Ash-Leaf Maple","Sapindaceae","Trees"
"Juniperus deppeana","Alligator Juniper","Cupressaceae","Trees"
"Morus microphylla","Texas Mulberry","Moraceae","Trees"
"Prosopis pubescens","Screw-Bean","Leguminosae","Trees"
"Vauquelinia pauciflora","null","Rosaceae","Trees"
"Quercus oblongifolia","Sonoran Blue Oak","Fagaceae","Trees"
"Pinus ponderosa","Ponderosa Pine","Pinaceae","Trees"
"Populus arizonica","Fremont's Cottonwood","Salicaceae","Trees"
"Bursera microphylla","Elephant-Tree","Burseraceae","Trees"
"Eysenhardtia polystachya","Kidneywood","Leguminosae","Trees"
"Pinus flexilis","Limber Pine","Pinaceae","Trees"
"Acer glabrum","California Mountain Maple","Sapindaceae","Trees"
"Quercus pungens","Pungent Oak","Fagaceae","Trees"
"Cercis occidentalis","California Redbud","Leguminosae","Trees"
"Picea engelmannii","Engelmann Spruce","Pinaceae","Trees"
"Acer grandidentatum","Bigtooth Maple","Sapindaceae","Trees"
"Washingtonia filifera","California Fan Palm","Arecaceae","Trees"
"Ptelea trifoliata","Hoptree","Rutaceae","Trees"
"Pinus monophylla","Singleleaf Pinyon","Pinaceae","Trees"
"Quercus turbinella","Sonoran Scrub Oak","Fagaceae","Trees"
"Artemisia tridentata","Basin Sagebrush","Compositae","Trees"
"Cercocarpus breviflorus","Hairy Mountain-Mahogany","Rosaceae","Trees"
"Olneya tesota","Desert Ironwood","Leguminosae","Trees"
"Picea pungens","Blue Spruce","Pinaceae","Trees"
"Betula occidentalis","Water Birch","Betulaceae","Trees"
"Quercus toumeyi","Toumey Oak","Fagaceae","Trees"
"Juniperus communis","Common Juniper","Cupressaceae","Trees"
"Pinus cembroides","Mexican Pinyon","Pinaceae","Trees"
"Prunus emarginata","Bitter Cherry","Rosaceae","Trees"
"Cercocarpus ledifolius","Curl-Leaf Mountain-Mahogany","Rosaceae","Trees"
"Shepherdia argentea","Silver Buffaloberry","Elaeagnaceae","Trees"
"Pinus engelmannii","Apache Pine","Pinaceae","Trees"
"Celtis reticulata","Netleaf Hackberry","Cannabaceae","Trees"
"Sambucus glauca","Blue Elderberry","Adoxaceae","Trees"
"Rhus glabra","Smooth Sumac","Anacardiaceae","Trees"
"Crataegus erythropoda","Cerro Hawthorn","Rosaceae","Trees"
"Juniperus monosperma","Oneseed Juniper","Cupressaceae","Trees"
"Juniperus scopulorum","Rocky Mountain Juniper","Cupressaceae","Trees"
"Cupressus arizonica","Arizona Cypress","Cupressaceae","Trees"
"Juniperus osteosperma","Utah Juniper","Cupressaceae","Trees"
"Escobaria tuberculosa","White Column Foxtail Cactus","Cactaceae","Cacti"
"Epithelantha micromeris","Button Cactus","Cactaceae","Cacti"
"Mammillaria dioica","Strawberry Cactus","Cactaceae","Cacti"
"Opuntia aurea","null","Cactaceae","Cacti"
"Escobaria missouriensis","Missouri Foxtail Cactus","Cactaceae","Cacti"
"Cylindropuntia davisii","Tuna Cholla","Cactaceae","Cacti"
"Mammillaria barbata","Greenflower Nipple Cactus","Cactaceae","Cacti"
"Cylindropuntia imbricata","Cane Cactus","Cactaceae","Cacti"
"Pediocactus sileri","Gypsum Cactus","Cactaceae","Cacti"
"Cylindropuntia munzii","Pricklypear","Cactaceae","Cacti"
"Sclerocactus uncinatus","Brown-Flower Hedgehog","Cactaceae","Cacti"
"Echinocereus ledingii","Leding's Hedgehog-Cactus","Cactaceae","Cacti"
"Sclerocactus johnsonii","Pygmy Barrel Cactus","Cactaceae","Cacti"
"Echinocereus nicholii","Nichol's Hedgehog Cactus","Cactaceae","Cacti"
"Sclerocactus unguispinus","null","Cactaceae","Cacti"
"Escobaria alversonii","Cushion Fox-Tail Cactus","Cactaceae","Cacti"
"Pachycereus schottii","Old-Man Cactus","Cactaceae","Cacti"
"Mammillaria tetrancistra","Common Fishhook Cactus","Cactaceae","Cacti"
"Coryphantha robustispina","Scheer's Cory Cactus","Cactaceae","Cacti"
"Escobaria vivipara","Pincushion Cactus","Cactaceae","Cacti"
"Cylindropuntia abyssi","Peach Springs Cholla","Cactaceae","Cacti"
"Mammillaria lasiacantha","Lace-Spine Nipple Cactus","Cactaceae","Cacti"
"Echinocereus engelmannii","Engelmann's Hedgehog Cactus","Cactaceae","Cacti"
"Sclerocactus erectocentrus","Red-Spine Butterfly-Cactus","Cactaceae","Cacti"
"Sclerocactus whipplei","Devil's-Claw Barrel Cactus","Cactaceae","Cacti"
"Cylindropuntia leptocaulis","Desert Christmas Cactus","Cactaceae","Cacti"
"Cylindropuntia acanthocarpa","Buckhorn Cholla","Cactaceae","Cacti"
"Pediocactus peeblesianus","Navajo Pincushion Cactus","Cactaceae","Cacti"
"Cylindropuntia fulgida","Jumping Cholla","Cactaceae","Cacti"
"Escobaria sneedii","Carpet Foxtail Cactus","Cactaceae","Cacti"
"Echinocereus rigidissimus","Arizona Rainbow Cactus","Cactaceae","Cacti"
"Ferocactus cylindraceus","Spiny Barrel Cactus","Cactaceae","Cacti"
"Escobaria robbinsorum","Cochise Pincushion Cactus","Cactaceae","Cacti"
"Echinocereus fasciculatus","Robust Hedgehog","Cactaceae","Cacti"
"Carnegiea gigantea","Saguaro","Cactaceae","Cacti"
"Mammillaria thornberi","Cluster Fishhook Cactus","Cactaceae","Cacti"
"Corynopuntia parishii","Matted Cholla","Cactaceae","Cacti"
"Opuntia macrocentra","Martin's Blunt-Spine Prickly-Pear","Cactaceae","Cacti"
"Opuntia engelmannii","Cowtongue Prickly-Pear","Cactaceae","Cacti"
"Cylindropuntia bigelovii","Teddybear Cholla","Cactaceae","Cacti"
"Ferocactus emoryi","Coville's Barrel Cactus","Cactaceae","Cacti"
"Corynopuntia emoryi","null","Cactaceae","Cacti"
"Echinocereus pseudopectinatus","Devil-Thorn","Cactaceae","Cacti"
"Echinocereus santaritensis","null","Cactaceae","Cacti"
"Sclerocactus intertextus","White Fishhook Cactus","Cactaceae","Cacti"
"Opuntia gosseliniana","null","Cactaceae","Cacti"
"Mammillaria mainiae","Main's Nipple-Cactus","Cactaceae","Cacti"
"Sclerocactus mesae-verdae","Mesa Verde Cactus","Cactaceae","Cacti"
"Echinocereus fendleri","Strawberry Cactus","Cactaceae","Cacti"
"Cylindropuntia californica","California Cholla","Cactaceae","Cacti"
"Opuntia pinkavae","null","Cactaceae","Cacti"
"Cylindropuntia arbuscula","Pencil Cholla","Cactaceae","Cacti"
"Opuntia phaeacantha","Yellow-Spine Prickly-Pear","Cactaceae","Cacti"
"Cylindropuntia echinocarpa","Silver Cholla","Cactaceae","Cacti"
"Sclerocactus parviflorus","Smallflower Fishhook Cactus","Cactaceae","Cacti"
"Opuntia pottsii","Potts's Prickly-Pear","Cactaceae","Cacti"
"Echinocereus triglochidiatus","Claret-Cup Cactus","Cactaceae","Cacti"
"Ferocactus wislizeni","Fishhook Cactus","Cactaceae","Cacti"
"Opuntia basilaris","Branching Beaver-Tail Cactus","Cactaceae","Cacti"
"Opuntia macrorhiza","Western Prickly-Pear","Cactaceae","Cacti"
"Stenocereus thurberi","Organ-Pipe Cactus","Cactaceae","Cacti"
"Echinocactus horizonthalonius","Devil-Head Cactus","Cactaceae","Cacti"
"Mammillaria wrightii","Wright's Nipple Cactus","Cactaceae","Cacti"
"Cylindropuntia ramosissima","Branched Pencil Cholla","Cactaceae","Cacti"
"Echinocereus bonkerae","Fendler's Hedgehog Cactus","Cactaceae","Cacti"
"Mammillaria heyderi","Little Nipple Cactus","Cactaceae","Cacti"
"Peniocereus greggii","Arizona Queen-Of-The-Night","Cactaceae","Cacti"
"Cylindropuntia whipplei","Whipple Cholla","Cactaceae","Cacti"
"Opuntia fragilis","Fragile Prickly-Pear","Cactaceae","Cacti"
"Cylindropuntia spinosior","Spiny Cholla","Cactaceae","Cacti"
"Echinocereus coccineus","White-Spine Claret-Cup Cactus","Cactaceae","Cacti"
"Cylindropuntia versicolor","Staghorn Cholla","Cactaceae","Cacti"
"Opuntia polyacantha","Hedgehog Prickly-Pear","Cactaceae","Cacti"
"Opuntia chlorotica","Pancake-Pear","Cactaceae","Cacti"
"Mammillaria grahamii","Graham's Nipple Cactus","Cactaceae","Cacti"
"Corynopuntia kunzei","Devil's Prickly-Pear","Cactaceae","Cacti"
"Echinocactus polycephalus","Many-Head Barrel Cactus","Cactaceae","Cacti"
"Pediocactus paradinei","Paradine Cactus","Cactaceae","Cacti"
"Pediocactus bradyi","Brady's Hedgehog Cactus","Cactaceae","Cacti"
"Coryphantha recurvata","Santa Cruz Beehive Cactus","Cactaceae","Cacti"
"Peniocereus striatus","Gearstem Cactus","Cactaceae","Cacti"
"Cylindropuntia thurberi","null","Cactaceae","Cacti"
"Sclerocactus papyracanthus","Paper-Spine Pincushion Cactus","Cactaceae","Cacti"
"Juniperus scopulorum","Rocky Mountain Juniper","Cupressaceae","Conifers"
"Pinus arizonica","Arizona Pine","Pinaceae","Conifers"
"Pinus leiophylla","Chihuahua Pine","Pinaceae","Conifers"
"Juniperus coahuilensis","Redberry Juniper","Cupressaceae","Conifers"
"Abies concolor","White Fir","Pinaceae","Conifers"
"Pinus ponderosa","Ponderosa Pine","Pinaceae","Conifers"
"Pinus engelmannii","Apache Pine","Pinaceae","Conifers"
"Pseudotsuga menziesii","Coast Douglas-Fir","Pinaceae","Conifers"
"Pinus flexilis","Limber Pine","Pinaceae","Conifers"
"Cupressus arizonica","Arizona Cypress","Cupressaceae","Conifers"
"Pinus edulis","Colorado Pinyon","Pinaceae","Conifers"
"Pinus strobiformis","Chihuahua White Pine","Pinaceae","Conifers"
"Picea pungens","Blue Spruce","Pinaceae","Conifers"
"Juniperus osteosperma","Utah Juniper","Cupressaceae","Conifers"
"Pinus cembroides","Mexican Pinyon","Pinaceae","Conifers"
"Abies lasiocarpa","Subalpine Fir","Pinaceae","Conifers"
"Juniperus arizonica","Redberry Juniper","Cupressaceae","Conifers"
"Pinus longaeva","Great Basin Bristlecone Pine","Pinaceae","Conifers"
"Juniperus deppeana","Alligator Juniper","Cupressaceae","Conifers"
"Juniperus monosperma","Oneseed Juniper","Cupressaceae","Conifers"
"Pinus monophylla","Singleleaf Pinyon","Pinaceae","Conifers"
"Picea engelmannii","Engelmann Spruce","Pinaceae","Conifers"
"Juniperus californica","California Juniper","Cupressaceae","Conifers"
"Washingtonia filifera","California Fan Palm","Arecaceae","Palms"
