Downloaded from https://mol.org on Jun 20, 2022. Inclusive species list based on approximate intersections with Political boundary polygon for the Minnesota region. 


"Scientific Name","Common Name","Family","Taxonomic Group"
"Butorides virescens","Green Heron","Ardeidae","Birds"
"Strix varia","Barred Owl","Strigidae","Birds"
"Calidris minutilla","Least Sandpiper","Scolopacidae","Birds"
"Falco columbarius","Merlin","Falconidae","Birds"
"Passer domesticus","House Sparrow","Passeridae","Birds"
"Pica hudsonia","Black-Billed Magpie","Corvidae","Birds"
"Pandion haliaetus","Osprey","Accipitridae","Birds"
"Chondestes grammacus","Lark Sparrow","Emberizidae","Birds"
"Tympanuchus phasianellus","Sharp-Tailed Grouse","Phasianidae","Birds"
"Chen rossii","Ross's Goose","Anatidae","Birds"
"Vermivora chrysoptera","Golden-Winged Warbler","Parulidae","Birds"
"Ammodramus leconteii","Le Conte's Sparrow","Emberizidae","Birds"
"Ardea herodias","Great Blue Heron","Ardeidae","Birds"
"Cistothorus platensis","Sedge Wren","Troglodytidae","Birds"
"Actitis macularius","Spotted Sandpiper","Scolopacidae","Birds"
"Parula americana","Northern Parula","Parulidae","Birds"
"Porzana carolina","Sora","Rallidae","Birds"
"Dryocopus pileatus","Pileated Woodpecker","Picidae","Birds"
"Ammodramus nelsoni","Nelson's Sparrow","Emberizidae","Birds"
"Petrochelidon pyrrhonota","Cliff Swallow","Hirundinidae","Birds"
"Gallinago gallinago","Common Snipe","Scolopacidae","Birds"
"Protonotaria citrea","Prothonotary Warbler","Parulidae","Birds"
"Catoptrophorus semipalmatus","Willet","Scolopacidae","Birds"
"Aythya marila","Greater Scaup","Anatidae","Birds"
"Zenaida macroura","Mourning Dove","Columbidae","Birds"
"Polioptila caerulea","Blue-Grey Gnatcatcher","Polioptilidae","Birds"
"Hirundo rustica","Barn Swallow","Hirundinidae","Birds"
"Gallinula chloropus","Common Moorhen","Rallidae","Birds"
"Dendroica striata","Blackpoll Warbler","Parulidae","Birds"
"Wilsonia canadensis","Canada Warbler","Parulidae","Birds"
"Lanius excubitor","Great Grey Shrike","Laniidae","Birds"
"Pluvialis squatarola","Grey Plover","Charadriidae","Birds"
"Megaceryle alcyon","Belted Kingfisher","Alcedinidae","Birds"
"Charadrius semipalmatus","Semipalmated Plover","Charadriidae","Birds"
"Eremophila alpestris","Horned Lark","Alaudidae","Birds"
"Larus delawarensis","Ring-Billed Gull","Laridae","Birds"
"Mniotilta varia","Black-And-White Warbler","Parulidae","Birds"
"Larus hyperboreus","Glaucous Gull","Laridae","Birds"
"Dendrocygna autumnalis","Black-Bellied Whistling-Duck","Anatidae","Birds"
"Empidonax minimus","Least Flycatcher","Tyrannidae","Birds"
"Molothrus ater","Brown-Headed Cowbird","Icteridae","Birds"
"Asio otus","Long-Eared Owl","Strigidae","Birds"
"Lophodytes cucullatus","Hooded Merganser","Anatidae","Birds"
"Lanius ludovicianus","Loggerhead Shrike","Laniidae","Birds"
"Chlidonias niger","Black Tern","Laridae","Birds"
"Hylocichla mustelina","Wood Thrush","Turdidae","Birds"
"Coccyzus americanus","Yellow-Billed Cuckoo","Cuculidae","Birds"
"Aythya collaris","Ring-Necked Duck","Anatidae","Birds"
"Cyanocitta cristata","Blue Jay","Corvidae","Birds"
"Empidonax flaviventris","Yellow-Bellied Flycatcher","Tyrannidae","Birds"
"Anas platyrhynchos","Mallard","Anatidae","Birds"
"Setophaga ruticilla","American Redstart","Parulidae","Birds"
"Calcarius ornatus","Chestnut-Collared Longspur","Emberizidae","Birds"
"Euphagus cyanocephalus","Brewer's Blackbird","Icteridae","Birds"
"Buteo lineatus","Red-Shouldered Hawk","Accipitridae","Birds"
"Aythya affinis","Lesser Scaup","Anatidae","Birds"
"Podiceps nigricollis","Black-Necked Grebe","Podicipedidae","Birds"
"Anas discors","Blue-Winged Teal","Anatidae","Birds"
"Seiurus aurocapilla","Ovenbird","Parulidae","Birds"
"Catharus guttatus","Hermit Thrush","Turdidae","Birds"
"Perdix perdix","Grey Partridge","Phasianidae","Birds"
"Dendroica coronata","Yellow-Rumped Warbler","Parulidae","Birds"
"Vermivora peregrina","Tennessee Warbler","Parulidae","Birds"
"Vireo olivaceus","Red-Eyed Vireo","Vireonidae","Birds"
"Botaurus lentiginosus","American Bittern","Ardeidae","Birds"
"Spizella passerina","Chipping Sparrow","Emberizidae","Birds"
"Calidris bairdii","Baird's Sandpiper","Scolopacidae","Birds"
"Contopus sordidulus","Western Wood-Pewee","Tyrannidae","Birds"
"Carpodacus purpureus","Purple Finch","Fringillidae","Birds"
"Geothlypis trichas","Common Yellowthroat","Parulidae","Birds"
"Anas americana","American Wigeon","Anatidae","Birds"
"Anas crecca","Common Teal","Anatidae","Birds"
"Dendroica cerulea","Cerulean Warbler","Parulidae","Birds"
"Passerculus sandwichensis","Savannah Sparrow","Emberizidae","Birds"
"Calcarius lapponicus","Lapland Longspur","Emberizidae","Birds"
"Buteo platypterus","Broad-Winged Hawk","Accipitridae","Birds"
"Buteo lagopus","Rough-Legged Buzzard","Accipitridae","Birds"
"Seiurus noveboracensis","Northern Waterthrush","Parulidae","Birds"
"Columba livia","Rock Dove","Columbidae","Birds"
"Bubo scandiaca","Snowy Owl","Strigidae","Birds"
"Oporornis formosus","Kentucky Warbler","Parulidae","Birds"
"Melanitta fusca","White-Winged Scoter","Anatidae","Birds"
"Buteo swainsoni","Swainson's Hawk","Accipitridae","Birds"
"Vermivora ruficapilla","Nashville Warbler","Parulidae","Birds"
"Coccothraustes vespertinus","Evening Grosbeak","Fringillidae","Birds"
"Picoides pubescens","Downy Woodpecker","Picidae","Birds"
"Contopus cooperi","Olive-Sided Flycatcher","Tyrannidae","Birds"
"Junco hyemalis","Dark-Eyed Junco","Emberizidae","Birds"
"Calidris melanotos","Pectoral Sandpiper","Scolopacidae","Birds"
"Carduelis flammea","Common Redpoll","Fringillidae","Birds"
"Larus pipixcan","Franklin's Gull","Laridae","Birds"
"Calcarius pictus","Smith's Longspur","Emberizidae","Birds"
"Parkesia noveboracensis","Northern Waterthrush","Parulidae","Birds"
"Buteo jamaicensis","Red-Tailed Hawk","Accipitridae","Birds"
"Anser albifrons","Greater White-Fronted Goose","Anatidae","Birds"
"Calidris alba","Sanderling","Scolopacidae","Birds"
"Falco sparverius","American Kestrel","Falconidae","Birds"
"Cathartes aura","Turkey Vulture","Cathartidae","Birds"
"Empidonax virescens","Acadian Flycatcher","Tyrannidae","Birds"
"Vireo solitarius","Solitary Vireo","Vireonidae","Birds"
"Cardinalis cardinalis","Common Cardinal","Cardinalidae","Birds"
"Dendroica tigrina","Cape May Warbler","Parulidae","Birds"
"Cygnus buccinator","Trumpeter Swan","Anatidae","Birds"
"Picoides dorsalis","American Three-Toed Woodpecker","Picidae","Birds"
"Fulica americana","American Coot","Rallidae","Birds"
"Seiurus motacilla","Louisiana Waterthrush","Parulidae","Birds"
"Tympanuchus cupido","Greater Prairie-Chicken","Phasianidae","Birds"
"Parus atricapillus","Black-Capped Chickadee","Paridae","Birds"
"Casmerodius albus","Great Egret","Ardeidae","Birds"
"Catharus ustulatus","Swainson's Thrush","Turdidae","Birds"
"Empidonax alnorum","Alder Flycatcher","Tyrannidae","Birds"
"Melanitta nigra","Common Scoter","Anatidae","Birds"
"Charadrius vociferus","Kildeer","Charadriidae","Birds"
"Dendroica pensylvanica","Chestnut-Sided Warbler","Parulidae","Birds"
"Anas rubripes","American Black Duck","Anatidae","Birds"
"Regulus satrapa","Golden-Crowned Kinglet","Reguliidae","Birds"
"Bartramia longicauda","Upland Sandpiper","Scolopacidae","Birds"
"Pipilo erythrophthalmus","Eastern Towhee","Emberizidae","Birds"
"Ammodramus henslowii","Henslow's Sparrow","Emberizidae","Birds"
"Loxia leucoptera","White-Winged Crossbill","Fringillidae","Birds"
"Scolopax minor","American Woodcock","Scolopacidae","Birds"
"Stercorarius longicaudus","Long-Tailed Skua","Stercorariidae","Birds"
"Icteria virens","Yellow-Breasted Chat","Parulidae","Birds"
"Zonotrichia albicollis","White-Throated Sparrow","Emberizidae","Birds"
"Anthus rubescens","Buff-Bellied Pipit","Motacillidae","Birds"
"Asio flammeus","Short-Eared Owl","Strigidae","Birds"
"Ammodramus savannarum","Grasshopper Sparrow","Emberizidae","Birds"
"Bucephala albeola","Bufflehead","Anatidae","Birds"
"Mergus serrator","Red-Breasted Merganser","Anatidae","Birds"
"Aechmophorus clarkii","Clark's Grebe","Podicipedidae","Birds"
"Troglodytes troglodytes","Winter Wren","Troglodytidae","Birds"
"Dendroica magnolia","Magnolia Warbler","Parulidae","Birds"
"Charadrius wilsonia","Wilson's Plover","Charadriidae","Birds"
"Accipiter striatus","Plain-Breasted Hawk","Accipitridae","Birds"
"Vireo bellii","Bell's Vireo","Vireonidae","Birds"
"Coturnicops noveboracensis","Yellow Rail","Rallidae","Birds"
"Dendroica aestiva","American Yellow Warbler","Parulidae","Birds"
"Sialia sialis","Eastern Bluebird","Turdidae","Birds"
"Sterna caspia","Caspian Tern","Laridae","Birds"
"Baeolophus bicolor","Tufted Titmouse","Paridae","Birds"
"Dendragapus canadensis","Spruce Grouse","Phasianidae","Birds"
"Melanerpes erythrocephalus","Red-Headed Woodpecker","Picidae","Birds"
"Larus californicus","California Gull","Laridae","Birds"
"Mimus polyglottos","Northern Mockingbird","Mimidae","Birds"
"Sterna hirundo","Common Tern","Laridae","Birds"
"Limnodromus scolopaceus","Long-Billed Dowitcher","Scolopacidae","Birds"
"Zonotrichia querula","Harris' Sparrow","Emberizidae","Birds"
"Branta canadensis","Canada Goose","Anatidae","Birds"
"Picoides villosus","Hairy Woodpecker","Picidae","Birds"
"Bonasa umbellus","Ruffed Grouse","Phasianidae","Birds"
"Aechmophorus occidentalis","Western Grebe","Podicipedidae","Birds"
"Philomachus pugnax","Ruff","Scolopacidae","Birds"
"Riparia riparia","Sand Martin","Hirundinidae","Birds"
"Aquila chrysaetos","Golden Eagle","Accipitridae","Birds"
"Anas acuta","Northern Pintail","Anatidae","Birds"
"Haliaeetus leucocephalus","Bald Eagle","Accipitridae","Birds"
"Dendroica castanea","Bay-Breasted Warbler","Parulidae","Birds"
"Podiceps grisegena","Red-Necked Grebe","Podicipedidae","Birds"
"Accipiter gentilis","Goshawk","Accipitridae","Birds"
"Oporornis philadelphia","Mourning Warbler","Parulidae","Birds"
"Bubo virginianus","Great Horned Owl","Strigidae","Birds"
"Tringa melanoleuca","Greater Yellowlegs","Scolopacidae","Birds"
"Tyrannus savana","Fork-Tailed Flycatcher","Tyrannidae","Birds"
"Melospiza lincolnii","Lincoln's Sparrow","Emberizidae","Birds"
"Calidris ferruginea","Curlew Sandpiper","Scolopacidae","Birds"
"Vireo flavifrons","Yellow-Throated Vireo","Vireonidae","Birds"
"Piranga olivacea","Scarlet Tanager","Cardinalidae","Birds"
"Steganopus tricolor","Wilson's Phalarope","Scolopacidae","Birds"
"Egretta thula","Snowy Egret","Ardeidae","Birds"
"Larus thayeri","Thayer's Gull","Laridae","Birds"
"Sayornis phoebe","Eastern Phoebe","Tyrannidae","Birds"
"Parkesia motacilla","Louisiana Waterthrush","Parulidae","Birds"
"Buteo regalis","Ferruginous Hawk","Accipitridae","Birds"
"Certhia americana","American Creeper","Certhiidae","Birds"
"Plegadis chihi","White-Faced Ibis","Threskiornithidae","Birds"
"Cygnus columbianus","Tundra Swan","Anatidae","Birds"
"Corvus corax","Common Raven","Corvidae","Birds"
"Ixobrychus exilis","Least Bittern","Ardeidae","Birds"
"Aegolius funereus","Boreal Owl","Strigidae","Birds"
"Bombycilla garrulus","Bohemian Waxwing","Bombycillidae","Birds"
"Podiceps auritus","Horned Grebe","Podicipedidae","Birds"
"Wilsonia pusilla","Wilson's Warbler","Parulidae","Birds"
"Cistothorus palustris","Marsh Wren","Troglodytidae","Birds"
"Megascops asio","Eastern Screech Owl","Strigidae","Birds"
"Dendroica palmarum","Palm Warbler","Parulidae","Birds"
"Bucephala clangula","Common Goldeneye","Anatidae","Birds"
"Tyto alba","Barn Owl","Tytonidae","Birds"
"Spizella pallida","Clay-Coloured Sparrow","Emberizidae","Birds"
"Oporornis agilis","Connecticut Warbler","Parulidae","Birds"
"Chen caerulescens","Snow Goose","Anatidae","Birds"
"Troglodytes aedon","House Wren","Troglodytidae","Birds"
"Carduelis hornemanni","Arctic Redpoll","Fringillidae","Birds"
"Chordeiles minor","Common Nighthawk","Caprimulgidae","Birds"
"Ammodramus bairdii","Baird's Sparrow","Emberizidae","Birds"
"Oxyura jamaicensis","Ruddy Duck","Anatidae","Birds"
"Pheucticus ludovicianus","Rose-Breasted Grosbeak","Cardinalidae","Birds"
"Athene cunicularia","Burrowing Owl","Strigidae","Birds"
"Aythya americana","Redhead","Anatidae","Birds"
"Phasianus colchicus","Common Pheasant","Phasianidae","Birds"
"Agelaius phoeniceus","Red-Winged Blackbird","Icteridae","Birds"
"Tyrannus verticalis","Western Kingbird","Tyrannidae","Birds"
"Meleagris gallopavo","Common Turkey","Phasianidae","Birds"
"Colinus virginianus","Northern Bobwhite","Odontophoridae","Birds"
"Chaetura pelagica","Chimney Swift","Apodidae","Birds"
"Anas strepera","Gadwall","Anatidae","Birds"
"Coccyzus erythropthalmus","Black-Billed Cuckoo","Cuculidae","Birds"
"Parus hudsonicus","Boreal Chickadee","Paridae","Birds"
"Melanerpes carolinus","Red-Bellied Woodpecker","Picidae","Birds"
"Passerina caerulea","Blue Grosbeak","Emberizidae","Birds"
"Contopus virens","Eastern Wood-Pewee","Tyrannidae","Birds"
"Dendroica pinus","Pine Warbler","Parulidae","Birds"
"Corvus brachyrhynchos","American Crow","Corvidae","Birds"
"Larus ridibundus","Common Black-Headed Gull","Laridae","Birds"
"Anthus spragueii","Sprague's Pipit","Motacillidae","Birds"
"Carduelis tristis","American Goldfinch","Fringillidae","Birds"
"Sturnella magna","Eastern Meadowlark","Icteridae","Birds"
"Melospiza melodia","Song Sparrow","Emberizidae","Birds"
"Grus canadensis","Sandhill Crane","Gruidae","Birds"
"Empidonax traillii","Willow Flycatcher","Tyrannidae","Birds"
"Myiarchus crinitus","Great Crested Flycatcher","Tyrannidae","Birds"
"Icterus spurius","Orchard Oriole","Icteridae","Birds"
"Podilymbus podiceps","Pied-Billed Grebe","Podicipedidae","Birds"
"Surnia ulula","Northern Hawk Owl","Strigidae","Birds"
"Dendroica virens","Black-Throated Green Warbler","Parulidae","Birds"
"Vermivora celata","Orange-Crowned Warbler","Parulidae","Birds"
"Sitta canadensis","Red-Breasted Nuthatch","Sittidae","Birds"
"Nycticorax nycticorax","Black-Crowned Night-Heron","Ardeidae","Birds"
"Charadrius melodus","Piping Plover","Charadriidae","Birds"
"Anas clypeata","Northern Shoveler","Anatidae","Birds"
"Calidris pusilla","Semipalmated Sandpiper","Scolopacidae","Birds"
"Picoides arcticus","Black-Backed Woodpecker","Picidae","Birds"
"Aegolius acadicus","Northern Saw-Whet Owl","Strigidae","Birds"
"Pooecetes gramineus","Vesper Sparrow","Emberizidae","Birds"
"Sturnella neglecta","Western Meadowlark","Icteridae","Birds"
"Strix nebulosa","Great Grey Owl","Strigidae","Birds"
"Limosa fedoa","Marbled Godwit","Scolopacidae","Birds"
"Clangula hyemalis","Long-Tailed Duck","Anatidae","Birds"
"Colaptes auratus","Northern Flicker","Picidae","Birds"
"Catharus fuscescens","Veery","Turdidae","Birds"
"Nyctanassa violacea","Yellow-Crowned Night-Heron","Ardeidae","Birds"
"Mergus merganser","Goosander","Anatidae","Birds"
"Plectrophenax nivalis","Snow Bunting","Emberizidae","Birds"
"Gavia immer","Common Loon","Gaviidae","Birds"
"Rallus limicola","Virginia Rail","Rallidae","Birds"
"Tyrannus tyrannus","Eastern Kingbird","Tyrannidae","Birds"
"Falco rusticolus","Gyr Falcon","Falconidae","Birds"
"Carduelis pinus","Pine Siskin","Fringillidae","Birds"
"Branta hutchinsii","Cackling Goose","Anatidae","Birds"
"Passerina cyanea","Indigo Bunting","Emberizidae","Birds"
"Stelgidopteryx serripennis","Northern Rough-Winged Swallow","Hirundinidae","Birds"
"Vireo philadelphicus","Philadelphia Vireo","Vireonidae","Birds"
"Loxia curvirostra","Red Crossbill","Fringillidae","Birds"
"Passerella iliaca","Fox Sparrow","Emberizidae","Birds"
"Perisoreus canadensis","Grey Jay","Corvidae","Birds"
"Zonotrichia leucophrys","White-Crowned Sparrow","Emberizidae","Birds"
"Streptopelia decaocto","Collared Dove","Columbidae","Birds"
"Regulus calendula","Ruby-Crowned Kinglet","Reguliidae","Birds"
"Larus atricilla","Laughing Gull","Laridae","Birds"
"Tachycineta bicolor","Tree Swallow","Hirundinidae","Birds"
"Larus argentatus","Herring Gull","Laridae","Birds"
"Sphyrapicus varius","Yellow-Bellied Sapsucker","Picidae","Birds"
"Circus cyaneus","Hen Harrier","Accipitridae","Birds"
"Xanthocephalus xanthocephalus","Yellow-Headed Blackbird","Icteridae","Birds"
"Toxostoma rufum","Brown Thrasher","Mimidae","Birds"
"Euphagus carolinus","Rusty Blackbird","Icteridae","Birds"
"Catharus minimus","Grey-Cheeked Thrush","Turdidae","Birds"
"Calidris himantopus","Stilt Sandpiper","Scolopacidae","Birds"
"Bombycilla cedrorum","Cedar Waxwing","Bombycillidae","Birds"
"Grus americana","Whooping Crane","Gruidae","Birds"
"Aythya valisineria","Canvasback","Anatidae","Birds"
"Vermivora pinus","Blue-Winged Warbler","Parulidae","Birds"
"Tringa flavipes","Lesser Yellow-Legs","Scolopacidae","Birds"
"Accipiter cooperii","Cooper's Hawk","Accipitridae","Birds"
"Tryngites subruficollis","Buff-Breasted Sandpiper","Scolopacidae","Birds"
"Spiza americana","Dickcissel","Cardinalidae","Birds"
"Dendroica caerulescens","Black-Throated Blue Warbler","Parulidae","Birds"
"Pelecanus erythrorhynchos","American White Pelican","Pelecanidae","Birds"
"Larus philadelphia","Bonaparte's Gull","Laridae","Birds"
"Sitta carolinensis","White-Breasted Nuthatch","Sittidae","Birds"
"Vermivora cyanoptera","Blue-Winged Swamp Warbler","Parulidae","Birds"
"Bubulcus ibis","Cattle Egret","Ardeidae","Birds"
"Tringa solitaria","Solitary Sandpiper","Scolopacidae","Birds"
"Sturnus vulgaris","Common Starling","Sturnidae","Birds"
"Carpodacus mexicanus","House Finch","Fringillidae","Birds"
"Dendroica petechia","Yellow Warbler","Parulidae","Birds"
"Icterus galbula","Baltimore Oriole","Icteridae","Birds"
"Sterna forsteri","Forster's Tern","Laridae","Birds"
"Spizella arborea","American Tree Sparrow","Emberizidae","Birds"
"Progne subis","Purple Martin","Hirundinidae","Birds"
"Larus minutus","Little Gull","Laridae","Birds"
"Gavia stellata","Red-Throated Diver","Gaviidae","Birds"
"Calidris alpina","Dunlin","Scolopacidae","Birds"
"Dendroica fusca","Blackburnian Warbler","Parulidae","Birds"
"Picoides tridactylus","Eurasian Three-Toed Woodpecker","Picidae","Birds"
"Calidris fuscicollis","White-Rumped Sandpiper","Scolopacidae","Birds"
"Caprimulgus vociferus","Whip-Poor-Will","Caprimulgidae","Birds"
"Archilochus colubris","Ruby-Throated Hummingbird","Trochilidae","Birds"
"Aix sponsa","Wood Duck","Anatidae","Birds"
"Phalacrocorax auritus","Double-Crested Cormorant","Phalacrocoracidae","Birds"
"Quiscalus quiscula","Common Grackle","Icteridae","Birds"
"Spizella pusilla","Field Sparrow","Emberizidae","Birds"
"Melospiza georgiana","Swamp Sparrow","Emberizidae","Birds"
"Dolichonyx oryzivorus","Bobolink","Icteridae","Birds"
"Rallus elegans","King Rail","Rallidae","Birds"
"Pinicola enucleator","Pine Grosbeak","Fringillidae","Birds"
"Turdus migratorius","American Robin","Turdidae","Birds"
"Vireo gilvus","Warbling Vireo","Vireonidae","Birds"
"Pluvialis dominica","American Golden-Plover","Charadriidae","Birds"
"Dumetella carolinensis","Gray Catbird","Mimidae","Birds"
"Sorex fumeus","Smoky Shrew","Soricidae","Mammals"
"Sorex palustris","American Water Shrew","Soricidae","Mammals"
"Myotis lucifugus","Little Brown Bat","Vespertilionidae","Mammals"
"Tamias striatus","Eastern Chipmunk","Sciuridae","Mammals"
"Peromyscus leucopus","White-Footed Mouse","Cricetidae","Mammals"
"Lasiurus borealis","Red Bat","Vespertilionidae","Mammals"
"Reithrodontomys megalotis","Western Harvest Mouse","Cricetidae","Mammals"
"Onychomys leucogaster","Northern Grasshopper Mouse","Cricetidae","Mammals"
"Urocyon cinereoargenteus","Gray Fox","Canidae","Mammals"
"Thomomys talpoides","Northern Pocket Gopher","Geomyidae","Mammals"
"Scalopus aquaticus","Eastern Mole","Talpidae","Mammals"
"Mustela nivalis","Weasel","Mustelidae","Mammals"
"Mustela erminea","Stoat","Mustelidae","Mammals"
"Microtus ochrogaster","Prairie Vole","Cricetidae","Mammals"
"Lontra canadensis","Northern River Otter","Mustelidae","Mammals"
"Canis latrans","Coyote","Canidae","Mammals"
"Zapus hudsonius","Meadow Jumping Mouse","Dipodidae","Mammals"
"Glaucomys volans","Southern Flying Squirrel","Sciuridae","Mammals"
"Phenacomys ungava","Eastern Heather Vole","Cricetidae","Mammals"
"Lasionycteris noctivagans","Silver-Haired Bat","Vespertilionidae","Mammals"
"Sorex arcticus","Arctic Shrew","Soricidae","Mammals"
"Ursus americanus","American Black Bear","Ursidae","Mammals"
"Lepus townsendii","White Tailed Jackrabbit","Leporidae","Mammals"
"Tamiasciurus hudsonicus","Red Squirrel","Sciuridae","Mammals"
"Procyon lotor","Raccoon","Procyonidae","Mammals"
"Martes pennanti","Fisher","Mustelidae","Mammals"
"Glaucomys sabrinus","Northern Flying Squirrel","Sciuridae","Mammals"
"Alces alces","Eurasian Elk","Cervidae","Mammals"
"Peromyscus maniculatus","Deer Mouse","Cricetidae","Mammals"
"Sorex hoyi","Pygmy Shrew","Soricidae","Mammals"
"Sorex haydeni","Hayden's Shrew","Soricidae","Mammals"
"Mephitis mephitis","Striped Skunk","Mephitidae","Mammals"
"Erethizon dorsatum","North American Porcupine","Erethizontidae","Mammals"
"Eptesicus fuscus","Big Brown Bat","Vespertilionidae","Mammals"
"Castor canadensis","American Beaver","Castoridae","Mammals"
"Vulpes vulpes","Red Fox","Canidae","Mammals"
"Sciurus carolinensis","Eastern Grey Squirrel","Sciuridae","Mammals"
"Sorex cinereus","Masked Shrew","Soricidae","Mammals"
"Microtus pinetorum","Woodland Vole","Cricetidae","Mammals"
"Myodes gapperi","Southern Red Backed Vole","Cricetidae","Mammals"
"Zapus princeps","Western Jumping Mouse","Dipodidae","Mammals"
"Lynx canadensis","Canada Lynx","Felidae","Mammals"
"Mus musculus","House Mouse","Muridae","Mammals"
"Microtus chrotorrhinus","Rock Vole","Cricetidae","Mammals"
"Myotis septentrionalis","Northern Myotis","Vespertilionidae","Mammals"
"Martes americana","American Marten","Mustelidae","Mammals"
"Pipistrellus subflavus","Eastern Pipistrelle","Vespertilionidae","Mammals"
"Napaeozapus insignis","Woodland Jumping Mouse","Dipodidae","Mammals"
"Neovison vison","American Mink","Mustelidae","Mammals"
"Canis lupus","Wolf","Canidae","Mammals"
"Lepus americanus","Snowshoe Hare","Leporidae","Mammals"
"Microtus pennsylvanicus","Meadow Vole","Cricetidae","Mammals"
"Sylvilagus floridanus","Eastern Cottontail","Leporidae","Mammals"
"Antilocapra americana","Pronghorn","Antilocapridae","Mammals"
"Spilogale putorius","Eastern Spotted Skunk","Mephitidae","Mammals"
"Cervus canadensis","null","Cervidae","Mammals"
"Taxidea taxus","American Badger","Mustelidae","Mammals"
"Lynx rufus","Bobcat","Felidae","Mammals"
"Lasiurus cinereus","Hoary Bat","Vespertilionidae","Mammals"
"Synaptomys borealis","Northern Bog Lemming","Cricetidae","Mammals"
"Sciurus niger","Fox Squirrel","Sciuridae","Mammals"
"Marmota monax","Woodchuck","Sciuridae","Mammals"
"Ondatra zibethicus","Musk Rat","Cricetidae","Mammals"
"Cryptotis parva","Least Shrew","Soricidae","Mammals"
"Synaptomys cooperi","Southern Bog Lemming","Cricetidae","Mammals"
"Condylura cristata","Star-Nosed Mole","Talpidae","Mammals"
"Odocoileus virginianus","White-Tailed Deer","Cervidae","Mammals"
"Geomys bursarius","Plains Pocket Gopher","Geomyidae","Mammals"
"Mustela frenata","Long Tailed Weasel","Mustelidae","Mammals"
"Blarina brevicauda","Mole Shrew","Soricidae","Mammals"
"Perognathus flavescens","Plains Pocket Mouse","Heteromyidae","Mammals"
"Liochlorophis vernalis","Smooth Green Snake","Colubridae","Reptiles"
"Sistrurus catenatus","Prairie Massasauga","Viperidae","Reptiles"
"Diadophis punctatus","Ringneck Snake","Colubridae","Reptiles"
"Plestiodon septentrionalis","Northern Prairie Skink","Scincidae","Reptiles"
"Storeria dekayi","Brown Snake","Colubridae","Reptiles"
"Tropidoclonion lineatum","Lined Snake","Colubridae","Reptiles"
"Pantherophis vulpinus","Eastern Fox Snake","Colubridae","Reptiles"
"Storeria occipitomaculata","Redbelly Snake","Colubridae","Reptiles"
"Heterodon platirhinos","Eastern Hognose Snake","Colubridae","Reptiles"
"Heterodon nasicus","Plains Hognose Snake","Colubridae","Reptiles"
"Crotalus horridus","Timber Rattlesnake","Viperidae","Reptiles"
"Ophisaurus attenuatus","Slender Glass Lizard","Anguidae","Reptiles"
"Thamnophis proximus","Western Ribbon Snake","Colubridae","Reptiles"
"Lampropeltis triangulum","Eastern Milksnake","Colubridae","Reptiles"
"Thamnophis radix","Plains Garter Snake","Colubridae","Reptiles"
"Coluber constrictor","Eastern Racer","Colubridae","Reptiles"
"Nerodia sipedon","Northern Water Snake","Colubridae","Reptiles"
"Pituophis catenifer","Gopher Snake","Colubridae","Reptiles"
"Eumeces septentrionalis","Prairie Skink","Scincidae","Reptiles"
"Plestiodon fasciatus","Five-Lined Skink","Scincidae","Reptiles"
"Aspidoscelis sexlineata","Six-Lined Racerunner","Teiidae","Reptiles"
"Eumeces fasciatus","Five-Lined Skink","Scincidae","Reptiles"
"Thamnophis sirtalis","Common Garter Snake","Colubridae","Reptiles"
"Pantherophis obsoletus","Western Rat Snake","Colubridae","Reptiles"
"Graptemys pseudogeographica","False Map Turtle","Emydidae","Turtles (non-marine)"
"Terrapene ornata","Ornate Box Turtle","Emydidae","Turtles (non-marine)"
"Apalone mutica","Smooth Softshelled Turtle","Trionychidae","Turtles (non-marine)"
"Glyptemys insculpta","North American Wood Turtle","Emydidae","Turtles (non-marine)"
"Graptemys geographica","Common Map Turtle","Emydidae","Turtles (non-marine)"
"Graptemys ouachitensis","Ouachita Map Turtle","Emydidae","Turtles (non-marine)"
"Chelydra serpentina","Common Snapping Turtle","Chelydridae","Turtles (non-marine)"
"Apalone spinifera","Spiny Softshell","Trionychidae","Turtles (non-marine)"
"Chrysemys picta","Painted Turtle","Emydidae","Turtles (non-marine)"
"Spea bombifrons","Cope's Spea","Scaphiopodidae","Amphibians"
"Anaxyrus woodhousii","East Texas Toad","Bufonidae","Amphibians"
"Lithobates septentrionalis","Rocky Mountain Frog","Ranidae","Amphibians"
"Plethodon cinereus","Eastern Red-Backed Salamander","Plethodontidae","Amphibians"
"Pseudacris maculata","Boreal Chorus Frog","Hylidae","Amphibians"
"Anaxyrus hemiophrys","Canadian Toad","Bufonidae","Amphibians"
"Necturus maculosus","Mudpuppy","Proteidae","Amphibians"
"Ambystoma maculatum","Brown-Spotted Salamander","Ambystomatidae","Amphibians"
"Hyla chrysoscelis","Cope's Gray Treefrog","Hylidae","Amphibians"
"Anaxyrus americanus","American Toad","Bufonidae","Amphibians"
"Notophthalmus viridescens","Eastern Newt","Salamandridae","Amphibians"
"Ambystoma tigrinum","Tiger Salamander","Ambystomatidae","Amphibians"
"Lithobates pipiens","Peeping Frog","Ranidae","Amphibians"
"Ambystoma laterale","Blue-Spotted Salamander","Ambystomatidae","Amphibians"
"Lithobates clamitans","Bronze Frog","Ranidae","Amphibians"
"Pseudacris crucifer","Spring Peeper","Hylidae","Amphibians"
"Lithobates catesbeianus","Common Bullfrog","Ranidae","Amphibians"
"Lithobates palustris","Marsh Frog","Ranidae","Amphibians"
"Acris crepitans","Eastern Cricket Frog","Hylidae","Amphibians"
"Ambystoma mavortium","Axolotl","Ambystomatidae","Amphibians"
"Anaxyrus cognatus","Texas Toad","Bufonidae","Amphibians"
"Hemidactylium scutatum","Scaly Lizard","Plethodontidae","Amphibians"
"Lithobates sylvaticus","Wood Frog","Ranidae","Amphibians"
"Hyla versicolor","Gray Treefrog","Hylidae","Amphibians"
"Pomoxis nigromaculatus","Black Crappie","Centrarchidae","Fishes"
"Noturus exilis","Slender Madtom","Ictaluridae","Fishes"
"Notropis heterolepis","Blacknose Shiner","Cyprinidae","Fishes"
"Pimephales promelas","Fathead Minnow","Cyprinidae","Fishes"
"Gasterosteus aculeatus","Three-Spined Stickleback","Gasterosteidae","Fishes"
"Lethenteron appendix","American Brook Lamprey","Petromyzontidae","Fishes"
"Notropis stramineus","Sand Shiner","Cyprinidae","Fishes"
"Opsopoeodus emiliae","Pugnose Minnow","Cyprinidae","Fishes"
"Aplodinotus grunniens","Freshwater Drum","Sciaenidae","Fishes"
"Ichthyomyzon fossor","Northern Brook Lamprey","Petromyzontidae","Fishes"
"Notropis hudsonius","Spottail Shiner","Cyprinidae","Fishes"
"Coregonus kiyi","Kiyi","Salmonidae","Fishes"
"Pimephales vigilax","Bullhead Minnow","Cyprinidae","Fishes"
"Percina caprodes","Zebra Fish","Percidae","Fishes"
"Luxilus cornutus","Common Shiner","Cyprinidae","Fishes"
"Ammocrypta clara","Western Sand Darter","Percidae","Fishes"
"Moxostoma erythrurum","Golden Redhorse","Catostomidae","Fishes"
"Etheostoma chlorosoma","Bluntnose Darter","Percidae","Fishes"
"Semotilus atromaculatus","Creek Chub","Cyprinidae","Fishes"
"Lepomis peltastes","Northern Sunfish","Centrarchidae","Fishes"
"Etheostoma flabellare","Fantail Darter","Percidae","Fishes"
"Alosa chrysochloris","Skipjack Herring","Clupeidae","Fishes"
"Cottus bairdii","Mottled Sculpin","Cottidae","Fishes"
"Moxostoma carinatum","River Redhorse","Catostomidae","Fishes"
"Petromyzon marinus","Sea Lamprey","Petromyzontidae","Fishes"
"Moxostoma macrolepidotum","Shorthead Redhorse","Catostomidae","Fishes"
"Acipenser fulvescens","Lake Sturgeon","Acipenseridae","Fishes"
"Notropis buchanani","Ghost Shiner","Cyprinidae","Fishes"
"Micropterus dolomieu","Smallmouth Bass","Centrarchidae","Fishes"
"Hybognathus hankinsoni","Brassy Minnow","Cyprinidae","Fishes"
"Lepomis gulosus","Warmouth","Centrarchidae","Fishes"
"Pungitius pungitius","Nine-Spined Stickleback","Gasterosteidae","Fishes"
"Coregonus reighardi","Shortnose Cisco","Salmonidae","Fishes"
"Notropis anogenus","Pugnose Shiner","Cyprinidae","Fishes"
"Chrosomus erythrogaster","Southern Redbelly Dace","Cyprinidae","Fishes"
"Amia calva","Bowfin","Amiidae","Fishes"
"Coregonus artedi","Cisco","Salmonidae","Fishes"
"Rhinichthys atratulus","Eastern Blacknose Dace","Cyprinidae","Fishes"
"Lepomis macrochirus","Bluegill","Centrarchidae","Fishes"
"Fundulus diaphanus","Banded Killifish","Fundulidae","Fishes"
"Notropis nubilus","Ozark Minnow","Cyprinidae","Fishes"
"Etheostoma microperca","Least Darter","Percidae","Fishes"
"Percina maculata","Blackside Darter","Percidae","Fishes"
"Hybognathus nuchalis","Mississippi Silvery Minnow","Cyprinidae","Fishes"
"Coregonus johannae","Deepwater Cisco","Salmonidae","Fishes"
"Phenacobius mirabilis","Suckermouth Minnow","Cyprinidae","Fishes"
"Campostoma oligolepis","Largescale Stoneroller","Cyprinidae","Fishes"
"Umbra limi","Central Mudminnow","Umbridae","Fishes"
"Salvelinus namaycush","Lake Trout","Salmonidae","Fishes"
"Cyprinella spiloptera","Spotfin Shiner","Cyprinidae","Fishes"
"Cottus cognatus","Slimy Sculpin","Cottidae","Fishes"
"Lepomis gibbosus","Pumpkinseed","Centrarchidae","Fishes"
"Coregonus hoyi","Bloater","Salmonidae","Fishes"
"Etheostoma zonale","Banded Darter","Percidae","Fishes"
"Hiodon alosoides","Goldeye","Hiodontidae","Fishes"
"Esox masquinongy","Lunge","Esocidae","Fishes"
"Coregonus zenthicus","Shortjaw Cisco","Salmonidae","Fishes"
"Notropis topeka","Topeka Shiner","Cyprinidae","Fishes"
"Moxostoma duquesnei","Black Redhorse","Catostomidae","Fishes"
"Lepisosteus platostomus","Shortnose Gar","Lepisosteidae","Fishes"
"Myoxocephalus thompsonii","Deepwater Sculpin","Cottidae","Fishes"
"Notropis blennius","River Shiner","Cyprinidae","Fishes"
"Percina shumardi","River Darter","Percidae","Fishes"
"Osmerus mordax","Rainbow Smelt","Osmeridae","Fishes"
"Moxostoma valenciennesi","Greater Redhorse","Catostomidae","Fishes"
"Notropis dorsalis","Bigmouth Shiner","Cyprinidae","Fishes"
"Catostomus commersonii","White Sucker","Catostomidae","Fishes"
"Ichthyomyzon unicuspis","Silver Lamprey","Petromyzontidae","Fishes"
"Etheostoma nigrum","Johnny Darter","Percidae","Fishes"
"Chrosomus neogaeus","Finescale Dace","Cyprinidae","Fishes"
"Pimephales notatus","Bluntnose Minnow","Cyprinidae","Fishes"
"Hybopsis amnis","Pallid Shiner","Cyprinidae","Fishes"
"Clinostomus elongatus","Redside Dace","Cyprinidae","Fishes"
"Moxostoma anisurum","Silver Redhorse","Catostomidae","Fishes"
"Lepisosteus osseus","Long Nosed Gar","Lepisosteidae","Fishes"
"Cyprinella lutrensis","Red Shiner","Cyprinidae","Fishes"
"Etheostoma asprigene","Mud Darter","Percidae","Fishes"
"Noturus gyrinus","Tadpole Madtom","Ictaluridae","Fishes"
"Crystallaria asprella","Crystal Darter","Percidae","Fishes"
"Salvelinus fontinalis","Brook Trout","Salmonidae","Fishes"
"Dorosoma cepedianum","Gizzard Shad","Clupeidae","Fishes"
"Esox lucius","Pike","Esocidae","Fishes"
"Coregonus clupeaformis","Lake Whitefish","Salmonidae","Fishes"
"Cottus ricei","Spoonhead Sculpin","Cottidae","Fishes"
"Morone chrysops","White Bass","Moronidae","Fishes"
"Hypentelium nigricans","Northern Hog Sucker","Catostomidae","Fishes"
"Pomoxis annularis","White Crappie","Centrarchidae","Fishes"
"Ichthyomyzon castaneus","Chestnut Lamprey","Petromyzontidae","Fishes"
"Notropis percobromus","Carmine Shiner","Cyprinidae","Fishes"
"Notropis texanus","Weed Shiner","Cyprinidae","Fishes"
"Percina evides","Gilt Darter","Percidae","Fishes"
"Lepomis humilis","Orangespotted Sunfish","Centrarchidae","Fishes"
"Percina phoxocephala","Slenderhead Darter","Percidae","Fishes"
"Esox americanus","Grass Pickerel","Esocidae","Fishes"
"Chrosomus eos","Northern Redbelly Dace","Cyprinidae","Fishes"
"Notropis atherinoides","Emerald Shiner","Cyprinidae","Fishes"
"Ambloplites rupestris","Rock Bass","Centrarchidae","Fishes"
"Morone mississippiensis","Yellow Bass","Moronidae","Fishes"
"Lepomis cyanellus","Green Sunfish","Centrarchidae","Fishes"
"Notropis heterodon","Blackchin Shiner","Cyprinidae","Fishes"
"Catostomus catostomus","Longnose Sucker","Catostomidae","Fishes"
"Etheostoma caeruleum","Rainbow Darter","Percidae","Fishes"
"Campostoma anomalum","Central Stoneroller","Cyprinidae","Fishes"
"Ichthyomyzon gagei","Southern Brook Lamprey","Petromyzontidae","Fishes"
"Notropis volucellus","Mimic Shiner","Cyprinidae","Fishes"
"Anguilla rostrata","American Eel","Anguillidae","Fishes"
"Hiodon tergisus","Mooneye","Hiodontidae","Fishes"
"Perca flavescens","Yellow Perch","Percidae","Fishes"
"Coregonus nipigon","Nipigon Cisco","Salmonidae","Fishes"
"Fundulus sciadicus","Plains Topminnow","Fundulidae","Fishes"
"Nocomis biguttatus","Hornyhead Chub","Cyprinidae","Fishes"
"Cycleptus elongatus","Blue Sucker","Catostomidae","Fishes"
"Micropterus salmoides","Largemouth Bass","Centrarchidae","Fishes"
"Scaphirhynchus platorynchus","Shovelnose Sturgeon","Acipenseridae","Fishes"
"Rhinichthys cataractae","Longnose Dace","Cyprinidae","Fishes"
"Etheostoma exile","Iowa Darter","Percidae","Fishes"
"Noturus flavus","Stonecat","Ictaluridae","Fishes"
"Speyeria callippe","Callippe Fritillary","Nymphalidae","Butterflies"
"Nymphalis milberti","Milbert's Tortoiseshell","Nymphalidae","Butterflies"
"Euphyes conspicua","Black Dash","Hesperiidae","Butterflies"
"Plebejus saepiolus","Greenish Blue","Lycaenidae","Butterflies"
"Polites origenes","Crossline Skipper","Hesperiidae","Butterflies"
"Atrytonopsis hianna","Dusted Skipper","Hesperiidae","Butterflies"
"Pholisora catullus","Common Sootywing","Hesperiidae","Butterflies"
"Erebia discoidalis","Red-Disked Alpine","Nymphalidae","Butterflies"
"Erynnis icelus","Dreamy Dusky-Wing","Hesperiidae","Butterflies"
"Callophrys niphon","Eastern Pine Elfin","Lycaenidae","Butterflies"
"Oeneis uhleri","Uhler's Arctic","Nymphalidae","Butterflies"
"Aguna asander","Gold-Spotted Aguna","Hesperiidae","Butterflies"
"Polygonia faunus","Faun","Nymphalidae","Butterflies"
"Speyeria cybele","Great Spangled Fritillary","Nymphalidae","Butterflies"
"Pieris rapae","Cabbage White","Pieridae","Butterflies"
"Lycaena epixanthe","Bog Copper","Lycaenidae","Butterflies"
"Hemiargus isola","Reakirt's Blue","Lycaenidae","Butterflies"
"Mestra amymone","Common Mestra","Nymphalidae","Butterflies"
"Poanes viator","Broad-Winged Skipper","Hesperiidae","Butterflies"
"Erynnis brizo","Sleepy Duskywing","Hesperiidae","Butterflies"
"Hesperia leonardus","Leonard's Skipper","Hesperiidae","Butterflies"
"Boloria frisia","null","Nymphalidae","Butterflies"
"Hesperia attalus","Dotted Skipper","Hesperiidae","Butterflies"
"Poanes hobomok","Hobomok Skipper","Hesperiidae","Butterflies"
"Oeneis macounii","Macoun's Arctic","Nymphalidae","Butterflies"
"Lycaena helloides","Purplish Copper","Lycaenidae","Butterflies"
"Thymelicus lineola","Essex Skipper","Hesperiidae","Butterflies"
"Nymphalis californica","California Tortoiseshell","Nymphalidae","Butterflies"
"Feniseca tarquinius","Harvester","Lycaenidae","Butterflies"
"Euphyes dion","Dion Skipper","Hesperiidae","Butterflies"
"Thorybes bathyllus","Southern Cloudywing","Hesperiidae","Butterflies"
"Strymon melinus","Gray Hairstreak","Lycaenidae","Butterflies"
"Calephelis muticum","Swamp Metalmark","Riodinidae","Butterflies"
"Papilio cresphontes","Giant Swallowtail","Papilionidae","Butterflies"
"Phyciodes batesii","Tawny Crescent","Nymphalidae","Butterflies"
"Nymphalis antiopa","Mourning Cloak","Nymphalidae","Butterflies"
"Staphylus hayhurstii","Hayhurst's Scallopwing","Hesperiidae","Butterflies"
"Ancyloxypha numitor","Least Skipper","Hesperiidae","Butterflies"
"Wallengrenia egeremet","Northern Broken-Dash","Hesperiidae","Butterflies"
"Lycaena hyllus","Bronze Copper","Lycaenidae","Butterflies"
"Asterocampa celtis","Hackberry Emperor","Nymphalidae","Butterflies"
"Speyeria claudia","null","Nymphalidae","Butterflies"
"Polygonia interrogationis","Question Mark","Nymphalidae","Butterflies"
"Achalarus lyciades","Hoary Edge","Hesperiidae","Butterflies"
"Erynnis horatius","Horace's Duskywing","Hesperiidae","Butterflies"
"Lethe eurydice","Eyed Brown","Nymphalidae","Butterflies"
"Atrytone arogos","Arogos Skipper","Hesperiidae","Butterflies"
"Eurema nicippe","Sleepy Orange","Pieridae","Butterflies"
"Plebejus idas","Idas Blue","Lycaenidae","Butterflies"
"Boloria bellona","Meadow Fritillary","Nymphalidae","Butterflies"
"Colias philodice","Clouded Sulphur","Pieridae","Butterflies"
"Cercyonis pegala","Common Wood-Nymph","Nymphalidae","Butterflies"
"Vanessa carye","null","Nymphalidae","Butterflies"
"Polites mystic","Long Dash","Hesperiidae","Butterflies"
"Eurema lisa","Little Yellow","Pieridae","Butterflies"
"Coenonympha tullia","Common Ringlet","Nymphalidae","Butterflies"
"Vanessa cardui","Painted Lady","Nymphalidae","Butterflies"
"Phyciodes texana","Texan Crescent","Nymphalidae","Butterflies"
"Poanes massasoit","Mulberry Wing","Hesperiidae","Butterflies"
"Ochlodes snowi","null","Hesperiidae","Butterflies"
"Megisto cymela","Little Wood-Satyr","Nymphalidae","Butterflies"
"Leptotes marina","Marine Blue","Lycaenidae","Butterflies"
"Oeneis jutta","Jutta Arctic","Nymphalidae","Butterflies"
"Parrhasius m-album","White M Hairstreak","Lycaenidae","Butterflies"
"Callophrys eryphon","Western Pine Elfin","Lycaenidae","Butterflies"
"Boloria titania","Titania's Fritillary","Nymphalidae","Butterflies"
"Euchloe olympia","Olympia Marble","Pieridae","Butterflies"
"Boloria eunomia","Bog Fritillary","Nymphalidae","Butterflies"
"Agraulis vanillae","Gulf Fritillary","Nymphalidae","Butterflies"
"Callophrys irus","Frosted Elfin","Lycaenidae","Butterflies"
"Harkenclenus titus","Coral Hairstreak","Lycaenidae","Butterflies"
"Lycaena phlaes","null","Lycaenidae","Butterflies"
"Libytheana carinenta","American Snout","Nymphalidae","Butterflies"
"Phoebis philea","Orange-Barred Sulphur","Pieridae","Butterflies"
"Atalopedes campestris","Sachem","Hesperiidae","Butterflies"
"Erynnis juvenalis","Juvenal's Duskywing","Hesperiidae","Butterflies"
"Thorybes pylades","Northern Cloudywing","Hesperiidae","Butterflies"
"Speyeria idalia","Regal Fritillary","Nymphalidae","Butterflies"
"Colias scudderi","Scudder's Sulphur","Pieridae","Butterflies"
"Erynnis martialis","Mottled Duskywing","Hesperiidae","Butterflies"
"Celastrina argiolus","Spring/Summer Azure","Lycaenidae","Butterflies"
"Boloria freija","Freija Fritillary","Nymphalidae","Butterflies"
"Eurema mexicana","Mexican Yellow","Pieridae","Butterflies"
"Oarisma powesheik","null","Hesperiidae","Butterflies"
"Pyrgus baptisiae","null","Hesperiidae","Butterflies"
"Erebia disa","Disa Alpine","Nymphalidae","Butterflies"
"Calycopis cecrops","Red-Banded Hairstreak","Lycaenidae","Butterflies"
"Pyrgus communis","Common Checkered-Skipper","Hesperiidae","Butterflies"
"Callophrys henrici","Henry's Elfin","Lycaenidae","Butterflies"
"Pieris protodice","null","Pieridae","Butterflies"
"Polygonia satyrus","Satyr Anglewing","Nymphalidae","Butterflies"
"Satyrium acadica","Acadian Hairstreak","Lycaenidae","Butterflies"
"Phoebis sennae","Cloudless Sulphur","Pieridae","Butterflies"
"Chlosyne lacinia","Bordered Patch","Nymphalidae","Butterflies"
"Pompeius verna","Little Glassywing","Hesperiidae","Butterflies"
"Nymphalis vaualbum","Compton Tortoiseshell","Nymphalidae","Butterflies"
"Amblyscirtes hegon","Pepper And Salt Skipper","Hesperiidae","Butterflies"
"Callophrys augustus","null","Lycaenidae","Butterflies"
"Hesperia sassacus","Indian Skipper","Hesperiidae","Butterflies"
"Asterocampa clyton","Tawny Emperor","Nymphalidae","Butterflies"
"Polites themistocles","Tawny-Edged Skipper","Hesperiidae","Butterflies"
"Epargyreus clarus","Silver-Spotted Skipper","Hesperiidae","Butterflies"
"Chlosyne nycteis","Silvery Checkerspot","Nymphalidae","Butterflies"
"Phyciodes tharos","Pearl Crescent","Nymphalidae","Butterflies"
"Oeneis chryxus","Ivallda Arctic","Nymphalidae","Butterflies"
"Colias eurytheme","Orange Sulphur","Pieridae","Butterflies"
"Vanessa atalanta","Red Admiral","Nymphalidae","Butterflies"
"Hesperia metea","Cobweb Skipper","Hesperiidae","Butterflies"
"Speyeria atlantis","Atlantis Fritillary","Nymphalidae","Butterflies"
"Euphyes bimacula","Two-Spotted Skipper","Hesperiidae","Butterflies"
"Erynnis persius","Persius Dusky-Wing","Hesperiidae","Butterflies"
"Papilio machaon","Swallowtail","Papilionidae","Butterflies"
"Glaucopsyche lygdamus","Silvery Blue","Lycaenidae","Butterflies"
"Limenitis arthemis","Red-Spotted Admiral","Nymphalidae","Butterflies"
"Polygonia comma","Eastern Comma","Nymphalidae","Butterflies"
"Hesperia ottoe","Ottoe Skipper","Hesperiidae","Butterflies"
"Satyrium liparops","Striped Hairstreak","Lycaenidae","Butterflies"
"Oarisma garita","Garita Skipperling","Hesperiidae","Butterflies"
"Boloria selene","Silver-Bordered Fritillary","Nymphalidae","Butterflies"
"Hesperia comma","Common Branded Skipper","Hesperiidae","Butterflies"
"Atrytone logan","Delaware Skipper","Hesperiidae","Butterflies"
"Polygonia gracilis","Hoary Comma","Nymphalidae","Butterflies"
"Nathalis iole","Dainty Sulphur","Pieridae","Butterflies"
"Everes comyntas","Eastern Tailed-Blue","Lycaenidae","Butterflies"
"Colias cesonia","Southern Dogface","Pieridae","Butterflies"
"Amblyscirtes vialis","Common Roadside-Skipper","Hesperiidae","Butterflies"
"Carterocephalus palaemon","Arctic Skipper","Hesperiidae","Butterflies"
"Lethe anthedon","Northern Pearly-Eye","Nymphalidae","Butterflies"
"Plebejus glandon","Glandon Blue","Lycaenidae","Butterflies"
"Battus philenor","Pipevine Swallowtail","Papilionidae","Butterflies"
"Speyeria aphrodite","Aphrodite Fritillary","Nymphalidae","Butterflies"
"Callophrys gryneus","Juniper Hairstreak","Lycaenidae","Butterflies"
"Plebejus melissa","Melissa Blue","Lycaenidae","Butterflies"
"Limenitis archippus","Viceroy","Nymphalidae","Butterflies"
"Polygonia progne","Gray Comma","Nymphalidae","Butterflies"
"Vanessa virginiensis","American Lady","Nymphalidae","Butterflies"
"Pyrgus centaurae","null","Hesperiidae","Butterflies"
"Satyrium edwardsii","Edwards' Hairstreak","Lycaenidae","Butterflies"
"Lethe appalachia","Appalachian Eyed Brown","Nymphalidae","Butterflies"
"Phyciodes morpheus","null","Nymphalidae","Butterflies"
"Callophrys polios","Hoary Elfin","Lycaenidae","Butterflies"
"Hylephila phyleus","Fiery Skipper","Hesperiidae","Butterflies"
"Colias interior","Pink-Edged Sulphur","Pieridae","Butterflies"
"Satyrium caryaevorus","null","Lycaenidae","Butterflies"
"Euphydryas phaeton","Baltimore Checkerspot","Nymphalidae","Butterflies"
"Satyrium calanus","Banded Hairstreak","Lycaenidae","Butterflies"
"Euphyes vestris","Dun Skipper","Hesperiidae","Butterflies"
"Eurytides marcellus","Zebra Swallowtail","Papilionidae","Butterflies"
"Everes amyntula","Western Tailed-Blue","Lycaenidae","Butterflies"
"Papilio polyxenes","Black Swallowtail","Papilionidae","Butterflies"
"Precis coenia","Common Buckeye","Nymphalidae","Butterflies"
"Chlosyne harrisii","Harris' Checkerspot","Nymphalidae","Butterflies"
"Boloria frigga","Frigga Fritillary","Nymphalidae","Butterflies"
"Lycaena dorcas","Dorcas Copper","Lycaenidae","Butterflies"
"Danaus plexippus","Monarch","Nymphalidae","Butterflies"
"Bombus sandersoni","Sanderson Bumble Bee","Apidae","Bumblebees"
"Bombus flavidus","Fernald Cuckoo Bumble Bee","Apidae","Bumblebees"
"Bombus affinis","Rusty-Patched Bumblebee","Apidae","Bumblebees"
"Bombus perplexus","Red-Belted Bumble Bee","Apidae","Bumblebees"
"Bombus frigidus","Frigid Bumble Bee","Apidae","Bumblebees"
"Bombus borealis","Northern Amber Bumble Bee","Apidae","Bumblebees"
"Bombus bifarius","Two Form Bumble Bee","Apidae","Bumblebees"
"Bombus suckleyi","Suckley Cuckoo Bumble Bee","Apidae","Bumblebees"
"Bombus variabilis","Yellow-Faced Bumblebee","Apidae","Bumblebees"
"Bombus fraternus","Southern Plains Bumble Bee","Apidae","Bumblebees"
"Bombus auricomus","Black And Gold Bumble Bee","Apidae","Bumblebees"
"Bombus terricola","Yellowbanded Bumble Bee","Apidae","Bumblebees"
"Bombus ternarius","Tri-Colored Bumble Bee","Apidae","Bumblebees"
"Bombus fervidus","Yellow Bumble Bee","Apidae","Bumblebees"
"Bombus impatiens","Indiscriminate Cuckoo Bumble Bee","Apidae","Bumblebees"
"Bombus pensylvanicus","American Bumble Bee","Apidae","Bumblebees"
"Bombus griseocollis","Brown-Belted Bumble Bee","Apidae","Bumblebees"
"Bombus bimaculatus","Two-Spotted Bumble Bee","Apidae","Bumblebees"
"Bombus insularis","Orange-Rumped Bumblebee","Apidae","Bumblebees"
"Bombus bohemicus","Barbut's Cuckoo-Bee","Apidae","Bumblebees"
"Bombus vagans","Half-Black Bumble Bee","Apidae","Bumblebees"
"Bombus huntii","Hunt Bumble Bee","Apidae","Bumblebees"
"Bombus nevadensis","Black And Gold Bumble Bee","Apidae","Bumblebees"
"Bombus rufocinctus","Sanderson's Bumble Bee","Apidae","Bumblebees"
"Bombus citrinus","Indiscriminate Cuckoo Bumble Bee","Apidae","Bumblebees"
"Somatochlora ensigera","Plains Emerald","Corduliidae","Dragonflies"
"Dromogomphus spinosus","Black-Shouldered Spinyleg","Gomphidae","Dragonflies"
"Enallagma vernale","Vernal Bluet","Coenagrionidae","Dragonflies"
"Argia alberta","Paiute Dancer","Coenagrionidae","Dragonflies"
"Calopteryx aequabilis","River Jewelwing","Calopterygidae","Dragonflies"
"Enallagma civile","Familiar Bluet","Coenagrionidae","Dragonflies"
"Boyeria vinosa","Fawn Darner","Aeshnidae","Dragonflies"
"Ischnura verticalis","Eastern Forktail","Coenagrionidae","Dragonflies"
"Enallagma vesperum","Vesper Bluet","Coenagrionidae","Dragonflies"
"Rhionaeschna multicolor","Blue-Eyed Darner","Aeshnidae","Dragonflies"
"Cordulia shurtleffi","American Emerald","Corduliidae","Dragonflies"
"Enallagma anna","River Bluet","Coenagrionidae","Dragonflies"
"Lestes rectangularis","Slender Spreadwing","Lestidae","Dragonflies"
"Stylurus notatus","Elusive Clubtail","Gomphidae","Dragonflies"
"Sympetrum ambiguum","Blue-Faced Meadowhawk","Libellulidae","Dragonflies"
"Stylurus plagiatus","Russet-Tipped Clubtail","Gomphidae","Dragonflies"
"Sympetrum semicinctum","Band-Winged Meadowhawk","Libellulidae","Dragonflies"
"Ophiogomphus susbehcha","St. Croix Snaketail","Gomphidae","Dragonflies"
"Argia fumipennis","Variable Dancer","Coenagrionidae","Dragonflies"
"Coenagrion angulatum","Prairie Bluet","Coenagrionidae","Dragonflies"
"Arigomphus furcifer","Lilypad Clubtail","Gomphidae","Dragonflies"
"Stylogomphus albistylus","Eastern Least Clubtail","Gomphidae","Dragonflies"
"Sympetrum costiferum","Saffron-Winged Meadowhawk","Libellulidae","Dragonflies"
"Leucorrhinia glacialis","Crimson-Ringed Whiteface","Libellulidae","Dragonflies"
"Libellula luctuosa","Widow Skimmer","Libellulidae","Dragonflies"
"Arigomphus villosipes","Unicorn Clubtail","Gomphidae","Dragonflies"
"Aeshna sitchensis","Zigzag Darner","Aeshnidae","Dragonflies"
"Gomphus quadricolor","Rapids Clubtail","Gomphidae","Dragonflies"
"Libellula pulchella","Twelve-Spotted Skimmer","Libellulidae","Dragonflies"
"Enallagma clausum","Alkali Bluet","Coenagrionidae","Dragonflies"
"Aeshna clepsydra","Mottled Darner","Aeshnidae","Dragonflies"
"Lestes eurinus","Amber-Winged Spreadwing","Lestidae","Dragonflies"
"Tramea lacerata","Black Saddlebags","Libellulidae","Dragonflies"
"Aeshna eremita","Lake Darner","Aeshnidae","Dragonflies"
"Lestes disjunctus","Northern Spreadwing","Lestidae","Dragonflies"
"Enallagma aspersum","Azure Bluet","Coenagrionidae","Dragonflies"
"Aeshna constricta","Lance-Tipped Darner","Aeshnidae","Dragonflies"
"Gomphus externus","Plains Clubtail","Gomphidae","Dragonflies"
"Macromia taeniolata","Royal River Cruiser","Corduliidae","Dragonflies"
"Somatochlora minor","Ocellated Emerald","Corduliidae","Dragonflies"
"Arigomphus cornutus","Horned Clubtail","Gomphidae","Dragonflies"
"Aeshna tuberculifera","Black-Tipped Darner","Aeshnidae","Dragonflies"
"Ophiogomphus rupinsulensis","Rusty Snaketail","Gomphidae","Dragonflies"
"Argia apicalis","Blue-Fronted Dancer","Coenagrionidae","Dragonflies"
"Epitheca canis","Beaverpond Baskettail","Corduliidae","Dragonflies"
"Gomphus graslinellus","Pronghorn Clubtail","Gomphidae","Dragonflies"
"Aeshna verticalis","Green-Striped Darner","Aeshnidae","Dragonflies"
"Pantala hymenaea","Spot-Winged Glider","Libellulidae","Dragonflies"
"Neurocordulia molesta","Smoky Shadowdragon","Corduliidae","Dragonflies"
"Ophiogomphus colubrinus","Boreal Snaketail","Gomphidae","Dragonflies"
"Enallagma carunculatum","Tule Bluet","Coenagrionidae","Dragonflies"
"Gomphus viridifrons","Green-Faced Clubtail","Gomphidae","Dragonflies"
"Enallagma hageni","Hagen's Bluet","Coenagrionidae","Dragonflies"
"Gomphus fraternus","Midland Clubtail","Gomphidae","Dragonflies"
"Leucorrhinia hudsonica","Hudsonian Whiteface","Libellulidae","Dragonflies"
"Enallagma exsulans","Stream Bluet","Coenagrionidae","Dragonflies"
"Pantala flavescens","Wandering Glider","Libellulidae","Dragonflies"
"Leucorrhinia intacta","Dot-Tailed Whiteface","Libellulidae","Dragonflies"
"Neurocordulia yamaskanensis","Stygian Shadowdragon","Corduliidae","Dragonflies"
"Erythemis simplicicollis","Eastern Pondhawk","Libellulidae","Dragonflies"
"Tramea calverti","Striped Saddlebags","Libellulidae","Dragonflies"
"Basiaeschna janata","Springtime Darner","Aeshnidae","Dragonflies"
"Ischnura hastata","Citrine Forktail","Coenagrionidae","Dragonflies"
"Somatochlora elongata","Ski-Tipped Emerald","Corduliidae","Dragonflies"
"Ophiogomphus carolus","Riffle Snaketail","Gomphidae","Dragonflies"
"Boyeria grafiana","Ocellated Darner","Aeshnidae","Dragonflies"
"Enallagma signatum","Orange Bluet","Coenagrionidae","Dragonflies"
"Amphiagrion saucium","Eastern Red Damsel","Coenagrionidae","Dragonflies"
"Gomphus adelphus","Mustached Clubtail","Gomphidae","Dragonflies"
"Lestes inaequalis","Elegant Spreadwing","Lestidae","Dragonflies"
"Sympetrum vicinum","Autumn Meadowhawk","Libellulidae","Dragonflies"
"Aeshna canadensis","Canada Darner","Aeshnidae","Dragonflies"
"Sympetrum corruptum","Variegated Meadowhawk","Libellulidae","Dragonflies"
"Somatochlora walshii","Brush-Tipped Emerald","Corduliidae","Dragonflies"
"Dromogomphus spoliatus","Flag-Tailed Spinyleg","Gomphidae","Dragonflies"
"Williamsonia fletcheri","Ebony Boghaunter","Corduliidae","Dragonflies"
"Plathemis lydia","Common Whitetail","Libellulidae","Dragonflies"
"Cordulegaster obliqua","Arrowhead Spiketail","Cordulegastridae","Dragonflies"
"Stylurus amnicola","Riverine Clubtail","Gomphidae","Dragonflies"
"Calopteryx maculata","Ebony Jewelwing","Calopterygidae","Dragonflies"
"Sympetrum internum","Cherry-Faced Meadowhawk","Libellulidae","Dragonflies"
"Sympetrum madidum","Red-Veined Meadowhawk","Libellulidae","Dragonflies"
"Leucorrhinia frigida","Frosted Whiteface","Libellulidae","Dragonflies"
"Dorocordulia libera","Racket-Tailed Emerald","Corduliidae","Dragonflies"
"Somatochlora franklini","Delicate Emerald","Corduliidae","Dragonflies"
"Lestes unguiculatus","Lyre-Tipped Spreadwing","Lestidae","Dragonflies"
"Ladona julia","Chalk-Fronted Corporal","Libellulidae","Dragonflies"
"Leucorrhinia borealis","Boreal Whiteface","Libellulidae","Dragonflies"
"Epitheca princeps","Prince Baskettail","Corduliidae","Dragonflies"
"Ophiogomphus howei","Howe's Midget Snaketail","Gomphidae","Dragonflies"
"Anax junius","Green Darner","Aeshnidae","Dragonflies"
"Nehalennia irene","Sedge Sprite","Coenagrionidae","Dragonflies"
"Hagenius brevistylus","Dragonhunter","Gomphidae","Dragonflies"
"Tramea carolina","Carolina Saddlebags","Libellulidae","Dragonflies"
"Sympetrum rubicundulum","Ruby Meadowhawk","Libellulidae","Dragonflies"
"Enallagma geminatum","Skimming Bluet","Coenagrionidae","Dragonflies"
"Gomphus vastus","Cobra Clubtail","Gomphidae","Dragonflies"
"Argia moesta","Powdered Dancer","Coenagrionidae","Dragonflies"
"Leucorrhinia proxima","Belted Whiteface","Libellulidae","Dragonflies"
"Aeshna umbrosa","Shadow Darner","Aeshnidae","Dragonflies"
"Stylurus scudderi","Zebra Clubtail","Gomphidae","Dragonflies"
"Celithemis eponina","Halloween Pennant","Libellulidae","Dragonflies"
"Gomphus exilis","Lancet Clubtail","Gomphidae","Dragonflies"
"Lestes forcipatus","Sweetflag Spreadwing","Lestidae","Dragonflies"
"Somatochlora cingulata","Lake Emerald","Corduliidae","Dragonflies"
"Pachydiplax longipennis","Blue Dasher","Libellulidae","Dragonflies"
"Lestes australis","Southern Spreadwing","Lestidae","Dragonflies"
"Enallagma annexum","Northern Bluet","Coenagrionidae","Dragonflies"
"Lestes congener","Spotted Spreadwing","Lestidae","Dragonflies"
"Coenagrion resolutum","Taiga Bluet","Coenagrionidae","Dragonflies"
"Enallagma antennatum","Rainbow Bluet","Coenagrionidae","Dragonflies"
"Somatochlora forcipata","Forcipate Emerald","Corduliidae","Dragonflies"
"Sympetrum obtrusum","White-Faced Meadowhawk","Libellulidae","Dragonflies"
"Enallagma ebrium","Marsh Bluet","Coenagrionidae","Dragonflies"
"Perithemis tenera","Eastern Amberwing","Libellulidae","Dragonflies"
"Sympetrum danae","Black Darter","Libellulidae","Dragonflies"
"Aeshna subarctica","Subarctic Darner","Aeshnidae","Dragonflies"
"Gomphus ventricosus","Skillet Clubtail","Gomphidae","Dragonflies"
"Somatochlora williamsoni","Williamson's Emerald","Corduliidae","Dragonflies"
"Amphiagrion abbreviatum","Western Red Damsel","Coenagrionidae","Dragonflies"
"Progomphus obscurus","Common Sanddragon","Gomphidae","Dragonflies"
"Aeshna interrupta","Variable Darner","Aeshnidae","Dragonflies"
"Celithemis elisa","Calico Pennant","Libellulidae","Dragonflies"
"Tramea onusta","Red Saddlebags","Libellulidae","Dragonflies"
"Gomphus lividus","Ashy Clubtail","Gomphidae","Dragonflies"
"Enallagma basidens","Double-Striped Bluet","Coenagrionidae","Dragonflies"
"Cordulegaster maculata","Twin-Spotted Spiketail","Cordulegastridae","Dragonflies"
"Nasiaeschna pentacantha","Cyrano Darner","Aeshnidae","Dragonflies"
"Triacanthagyna caribbea","Caribbean Darner","Aeshnidae","Dragonflies"
"Epitheca spinigera","Spiny Baskettail","Corduliidae","Dragonflies"
"Gomphus spicatus","Dusky Clubtail","Gomphidae","Dragonflies"
"Epitheca cynosura","Common Baskettail","Corduliidae","Dragonflies"
"Libellula quadrimaculata","Four-Spotted Chaser","Libellulidae","Dragonflies"
"Argia tibialis","Blue-Tipped Dancer","Coenagrionidae","Dragonflies"
"Ischnura damula","Plains Forktail","Coenagrionidae","Dragonflies"
"Lestes dryas","Scarce Emerald Damselfly","Lestidae","Dragonflies"
"Gomphus lineatifrons","Splendid Clubtail","Gomphidae","Dragonflies"
"Coenagrion interrogatum","Subarctic Bluet","Coenagrionidae","Dragonflies"
"Somatochlora kennedyi","Kennedy's Emerald","Corduliidae","Dragonflies"
"Ophiogomphus anomalus","Extra-Striped Snaketail","Gomphidae","Dragonflies"
"Aeshna juncea","Common Hawker","Aeshnidae","Dragonflies"
"Argia plana","Springwater Dancer","Coenagrionidae","Dragonflies"
"Ischnura posita","Fragile Forktail","Coenagrionidae","Dragonflies"
"Enallagma boreale","Boreal Bluet","Coenagrionidae","Dragonflies"
"Ophiogomphus smithi","Sioux Snaketail","Gomphidae","Dragonflies"
"Enallagma traviatum","Slender Bluet","Coenagrionidae","Dragonflies"
"Lestes vigilax","Swamp Spreadwing","Lestidae","Dragonflies"
"Nannothemis bella","Elfin Skimmer","Libellulidae","Dragonflies"
"Stylurus spiniceps","Arrow Clubtail","Gomphidae","Dragonflies"
"Chromagrion conditum","Aurora Damsel","Coenagrionidae","Dragonflies"
"Macromia illinoiensis","Swift River Cruiser","Corduliidae","Dragonflies"
"Tilia americana","American Basswood","Malvaceae","Trees"
"Acer saccharum","Sugar Maple","Sapindaceae","Trees"
"Prunus americana","American Plum","Rosaceae","Trees"
"Salix lucida","Shining Willow","Salicaceae","Trees"
"Ilex verticillata","Virginia Winterberry","Aquifoliaceae","Trees"
"Populus balsamifera","Balsam Poplar","Salicaceae","Trees"
"Viburnum lentago","Nannyberry","Adoxaceae","Trees"
"Corylus cornuta","Beaked Hazelnut","Betulaceae","Trees"
"Salix exigua","Sandbar Willow","Salicaceae","Trees"
"Tsuga canadensis","Eastern Hemlock","Pinaceae","Trees"
"Quercus velutina","Black Oak","Fagaceae","Trees"
"Picea mariana","Black Spruce","Pinaceae","Trees"
"Taxus canadensis","Canadian Yew","Taxaceae","Trees"
"Sorbus americana","American Mountain-Ash","Rosaceae","Trees"
"Cornus rugosa","Round-Leaf Dogwood","Cornaceae","Trees"
"Carpinus caroliniana","American Hornbeam","Betulaceae","Trees"
"Amelanchier arborea","Downy Serviceberry","Rosaceae","Trees"
"Quercus rubra","Red Oak","Fagaceae","Trees"
"Cephalanthus occidentalis","Common Buttonbush","Rubiaceae","Trees"
"Prunus virginiana","Chokecherry","Rosaceae","Trees"
"Crataegus chrysocarpa","Fire-Berry Hawthorn","Rosaceae","Trees"
"Zanthoxylum americanum","Toothachetree","Rutaceae","Trees"
"Fraxinus nigra","Black Ash","Oleaceae","Trees"
"Pinus resinosa","Red Pine","Pinaceae","Trees"
"Quercus alba","White Oak","Fagaceae","Trees"
"Juglans cinerea","White Walnut","Juglandaceae","Trees"
"Acer rubrum","Red Maple","Sapindaceae","Trees"
"Juglans nigra","Black Walnut","Juglandaceae","Trees"
"Abies balsamea","Canada Balsam","Pinaceae","Trees"
"Fraxinus pennsylvanica","Red Ash","Oleaceae","Trees"
"Betula papyrifera","Paper Birch","Betulaceae","Trees"
"Cornus alternifolia","Pagoda Dogwood","Cornaceae","Trees"
"Ulmus rubra","Slippery Elm","Ulmaceae","Trees"
"Quercus ellipsoidalis","Hill's Oak","Fagaceae","Trees"
"Toxicodendron vernix","Poison Sumac","Anacardiaceae","Trees"
"Cornus stolonifera","Redosier","Cornaceae","Trees"
"Larix laricina","Tamarack Larch","Pinaceae","Trees"
"Pinus strobus","Eastern White Pine","Pinaceae","Trees"
"Salix petiolaris","Slender Willow","Salicaceae","Trees"
"Thuja occidentalis","Arborvitae","Cupressaceae","Trees"
"Sambucus canadensis","Elderberry","Adoxaceae","Trees"
"Salix amygdaloides","Peach-Leaf Willow","Salicaceae","Trees"
"Quercus muehlenbergii","Chinkapin Oak","Fagaceae","Trees"
"Amelanchier sanguinea","Huron Serviceberry","Rosaceae","Trees"
"Malus ioensis","Prairie Crab Apple","Rosaceae","Trees"
"Acer saccharinum","Silver Maple","Sapindaceae","Trees"
"Juniperus virginiana","American Juniper","Cupressaceae","Trees"
"Populus tremuloides","Quaking Aspen","Salicaceae","Trees"
"Hamamelis virginiana","Witch-Hazel","Hamamelidaceae","Trees"
"Viburnum trilobum","American Cranberrybush","Adoxaceae","Trees"
"Carya cordiformis","Pignut","Juglandaceae","Trees"
"Rhus typhina","Staghorn Sumac","Anacardiaceae","Trees"
"Celtis occidentalis","Hackberry","Cannabaceae","Trees"
"Acer spicatum","Moose Maple","Sapindaceae","Trees"
"Ostrya virginiana","Ironwood","Betulaceae","Trees"
"Betula occidentalis","Water Birch","Betulaceae","Trees"
"Salix pellita","Satiny Willow","Salicaceae","Trees"
"Prunus pensylvanica","Bird Cherry","Rosaceae","Trees"
"Juniperus communis","Common Juniper","Cupressaceae","Trees"
"Prunus nigra","Black Plum","Rosaceae","Trees"
"Populus deltoides","Eastern Cottonwood","Salicaceae","Trees"
"Prunus serotina","Black Cherry","Rosaceae","Trees"
"Shepherdia argentea","Silver Buffaloberry","Elaeagnaceae","Trees"
"Amelanchier alnifolia","Juneberry","Rosaceae","Trees"
"Rhus glabra","Smooth Sumac","Anacardiaceae","Trees"
"Pinus banksiana","Jack Pine","Pinaceae","Trees"
"Amelanchier interior","Inland Serviceberry","Rosaceae","Trees"
"Ulmus thomasii","Cork Elm","Ulmaceae","Trees"
"Staphylea trifolia","American Bladdernut","Staphyleaceae","Trees"
"Fraxinus americana","White Ash","Oleaceae","Trees"
"Ulmus americana","American Elm","Ulmaceae","Trees"
"Juniperus horizontalis","Creeping Juniper","Cupressaceae","Trees"
"Carya ovata","Shagbark Hickory","Juglandaceae","Trees"
"Sorbus decora","Northern Mountain-Ash","Rosaceae","Trees"
"Salix sericea","Silky Willow","Salicaceae","Trees"
"Picea glauca","White Spruce","Pinaceae","Trees"
"Gleditsia triacanthos","Honey-Locust","Leguminosae","Trees"
"Salix bebbiana","Gray Willow","Salicaceae","Trees"
"Salix nigra","Black Willow","Salicaceae","Trees"
"Populus grandidentata","Bigtooth Aspen","Salicaceae","Trees"
"Betula alleghaniensis","Yellow Birch","Betulaceae","Trees"
"Salix pyrifolia","Balsam Willow","Salicaceae","Trees"
"Crataegus douglasii","Black Hawthorn","Rosaceae","Trees"
"Betula nigra","River Birch","Betulaceae","Trees"
"Crataegus succulenta","Fleshy Hawthorn","Rosaceae","Trees"
"Morus rubra","Red Mulberry","Moraceae","Trees"
"Quercus bicolor","Swamp White Oak","Fagaceae","Trees"
"Gymnocladus dioicus","Kentucky Coffeetree","Leguminosae","Trees"
"Acer nigrum","Black Maple","Sapindaceae","Trees"
"Acer negundo","Ash-Leaf Maple","Sapindaceae","Trees"
"Quercus macrocarpa","Mossy-Cup Oak","Fagaceae","Trees"
"Cornus racemosa","Panicled Dogwood","Cornaceae","Trees"
"Euonymus atropurpureus","Wahoo","Celastraceae","Trees"
"Alnus rugosa","Speckled Alder","Betulaceae","Trees"
"Salix discolor","American Pussy Willow","Salicaceae","Trees"
"Escobaria missouriensis","Missouri Foxtail Cactus","Cactaceae","Cacti"
"Opuntia fragilis","Fragile Prickly-Pear","Cactaceae","Cacti"
"Escobaria vivipara","Pincushion Cactus","Cactaceae","Cacti"
"Pinus strobus","Eastern White Pine","Pinaceae","Conifers"
"Thuja occidentalis","Arborvitae","Cupressaceae","Conifers"
"Juniperus communis","Common Juniper","Cupressaceae","Conifers"
"Juniperus virginiana","American Juniper","Cupressaceae","Conifers"
"Pinus resinosa","Red Pine","Pinaceae","Conifers"
"Pinus banksiana","Jack Pine","Pinaceae","Conifers"
"Abies balsamea","Canada Balsam","Pinaceae","Conifers"
"Taxus canadensis","Canadian Yew","Taxaceae","Conifers"
"Picea mariana","Black Spruce","Pinaceae","Conifers"
"Tsuga canadensis","Eastern Hemlock","Pinaceae","Conifers"
"Juniperus horizontalis","Creeping Juniper","Cupressaceae","Conifers"
"Picea glauca","White Spruce","Pinaceae","Conifers"
"Larix laricina","Tamarack Larch","Pinaceae","Conifers"
