Downloaded from https://mol.org on Jun 20, 2022. Inclusive species list based on approximate intersections with Political boundary polygon for the New Jersey region. 


"Scientific Name","Common Name","Family","Taxonomic Group"
"Helmitheros vermivorum","Worm-Eating Warbler","Parulidae","Birds"
"Porzana carolina","Sora","Rallidae","Birds"
"Ammodramus nelsoni","Nelson's Sparrow","Emberizidae","Birds"
"Petrochelidon pyrrhonota","Cliff Swallow","Hirundinidae","Birds"
"Protonotaria citrea","Prothonotary Warbler","Parulidae","Birds"
"Catoptrophorus semipalmatus","Willet","Scolopacidae","Birds"
"Aythya marila","Greater Scaup","Anatidae","Birds"
"Larus fuscus","Scandinavian Lesser Black-Backed Gull","Laridae","Birds"
"Hirundo rustica","Barn Swallow","Hirundinidae","Birds"
"Somateria spectabilis","King Eider","Anatidae","Birds"
"Dendroica striata","Blackpoll Warbler","Parulidae","Birds"
"Wilsonia canadensis","Canada Warbler","Parulidae","Birds"
"Lanius excubitor","Great Grey Shrike","Laniidae","Birds"
"Pluvialis squatarola","Grey Plover","Charadriidae","Birds"
"Charadrius semipalmatus","Semipalmated Plover","Charadriidae","Birds"
"Larus delawarensis","Ring-Billed Gull","Laridae","Birds"
"Molothrus ater","Brown-Headed Cowbird","Icteridae","Birds"
"Asio otus","Long-Eared Owl","Strigidae","Birds"
"Lophodytes cucullatus","Hooded Merganser","Anatidae","Birds"
"Icterus spurius","Orchard Oriole","Icteridae","Birds"
"Myiopsitta monachus","Monk Parakeet","Psittacidae","Birds"
"Podilymbus podiceps","Pied-Billed Grebe","Podicipedidae","Birds"
"Dendroica virens","Black-Throated Green Warbler","Parulidae","Birds"
"Piranga rubra","Summer Tanager","Cardinalidae","Birds"
"Plegadis falcinellus","Glossy Ibis","Threskiornithidae","Birds"
"Vermivora celata","Orange-Crowned Warbler","Parulidae","Birds"
"Thryothorus ludovicianus","Carolina Wren","Troglodytidae","Birds"
"Sitta canadensis","Red-Breasted Nuthatch","Sittidae","Birds"
"Nycticorax nycticorax","Black-Crowned Night-Heron","Ardeidae","Birds"
"Charadrius melodus","Piping Plover","Charadriidae","Birds"
"Anas clypeata","Northern Shoveler","Anatidae","Birds"
"Calidris pusilla","Semipalmated Sandpiper","Scolopacidae","Birds"
"Aegolius acadicus","Northern Saw-Whet Owl","Strigidae","Birds"
"Pooecetes gramineus","Vesper Sparrow","Emberizidae","Birds"
"Cygnus olor","Mute Swan","Anatidae","Birds"
"Sterna dougallii","Roseate Tern","Laridae","Birds"
"Limosa fedoa","Marbled Godwit","Scolopacidae","Birds"
"Bubulcus ibis","Cattle Egret","Ardeidae","Birds"
"Carpodacus mexicanus","House Finch","Fringillidae","Birds"
"Peucaea cassinii","Cassin's Sparrow","Passerellidae","Birds"
"Sterna forsteri","Forster's Tern","Laridae","Birds"
"Larus minutus","Little Gull","Laridae","Birds"
"Calidris alpina","Dunlin","Scolopacidae","Birds"
"Calidris fuscicollis","White-Rumped Sandpiper","Scolopacidae","Birds"
"Chlidonias hybrida","Whiskered Tern","Laridae","Birds"
"Caprimulgus vociferus","Whip-Poor-Will","Caprimulgidae","Birds"
"Calidris minutilla","Least Sandpiper","Scolopacidae","Birds"
"Passer domesticus","House Sparrow","Passeridae","Birds"
"Parula americana","Northern Parula","Parulidae","Birds"
"Dendroica palmarum","Palm Warbler","Parulidae","Birds"
"Alca torda","Razorbill","Alcidae","Birds"
"Bucephala clangula","Common Goldeneye","Anatidae","Birds"
"Melanitta perspicillata","Surf Scoter","Anatidae","Birds"
"Tyto alba","Barn Owl","Tytonidae","Birds"
"Chen caerulescens","Snow Goose","Anatidae","Birds"
"Troglodytes aedon","House Wren","Troglodytidae","Birds"
"Carduelis hornemanni","Arctic Redpoll","Fringillidae","Birds"
"Chordeiles minor","Common Nighthawk","Caprimulgidae","Birds"
"Oxyura jamaicensis","Ruddy Duck","Anatidae","Birds"
"Pheucticus ludovicianus","Rose-Breasted Grosbeak","Cardinalidae","Birds"
"Aythya americana","Redhead","Anatidae","Birds"
"Phasianus colchicus","Common Pheasant","Phasianidae","Birds"
"Agelaius phoeniceus","Red-Winged Blackbird","Icteridae","Birds"
"Meleagris gallopavo","Common Turkey","Phasianidae","Birds"
"Colinus virginianus","Northern Bobwhite","Odontophoridae","Birds"
"Chaetura pelagica","Chimney Swift","Apodidae","Birds"
"Anas strepera","Gadwall","Anatidae","Birds"
"Coccyzus erythropthalmus","Black-Billed Cuckoo","Cuculidae","Birds"
"Melanerpes carolinus","Red-Bellied Woodpecker","Picidae","Birds"
"Passerina caerulea","Blue Grosbeak","Emberizidae","Birds"
"Contopus virens","Eastern Wood-Pewee","Tyrannidae","Birds"
"Dendroica pinus","Pine Warbler","Parulidae","Birds"
"Corvus brachyrhynchos","American Crow","Corvidae","Birds"
"Fulmarus glacialis","Fulmar","Procellariidae","Birds"
"Carduelis tristis","American Goldfinch","Fringillidae","Birds"
"Dendroica discolor","Prairie Warbler","Parulidae","Birds"
"Dendroica dominica","Yellow-Throated Warbler","Parulidae","Birds"
"Arenaria interpres","Ruddy Turnstone","Scolopacidae","Birds"
"Sturnella magna","Eastern Meadowlark","Icteridae","Birds"
"Melospiza melodia","Song Sparrow","Emberizidae","Birds"
"Empidonax traillii","Willow Flycatcher","Tyrannidae","Birds"
"Myiarchus crinitus","Great Crested Flycatcher","Tyrannidae","Birds"
"Limnodromus scolopaceus","Long-Billed Dowitcher","Scolopacidae","Birds"
"Branta canadensis","Canada Goose","Anatidae","Birds"
"Tringa glareola","Wood Sandpiper","Scolopacidae","Birds"
"Picoides villosus","Hairy Woodpecker","Picidae","Birds"
"Bonasa umbellus","Ruffed Grouse","Phasianidae","Birds"
"Philomachus pugnax","Ruff","Scolopacidae","Birds"
"Riparia riparia","Sand Martin","Hirundinidae","Birds"
"Aquila chrysaetos","Golden Eagle","Accipitridae","Birds"
"Anas acuta","Northern Pintail","Anatidae","Birds"
"Haliaeetus leucocephalus","Bald Eagle","Accipitridae","Birds"
"Dendroica castanea","Bay-Breasted Warbler","Parulidae","Birds"
"Podiceps grisegena","Red-Necked Grebe","Podicipedidae","Birds"
"Accipiter gentilis","Goshawk","Accipitridae","Birds"
"Oporornis philadelphia","Mourning Warbler","Parulidae","Birds"
"Caprimulgus carolinensis","Chuck-Will's-Widow","Caprimulgidae","Birds"
"Bubo virginianus","Great Horned Owl","Strigidae","Birds"
"Coragyps atratus","Black Vulture","Cathartidae","Birds"
"Tringa melanoleuca","Greater Yellowlegs","Scolopacidae","Birds"
"Rynchops niger","Black Skimmer","Laridae","Birds"
"Tyrannus savana","Fork-Tailed Flycatcher","Tyrannidae","Birds"
"Melospiza lincolnii","Lincoln's Sparrow","Emberizidae","Birds"
"Dendrocygna bicolor","Fulvous Whistling-Duck","Anatidae","Birds"
"Calidris ferruginea","Curlew Sandpiper","Scolopacidae","Birds"
"Vireo flavifrons","Yellow-Throated Vireo","Vireonidae","Birds"
"Ammodramus caudacutus","Sharp-Tailed Sparrow","Emberizidae","Birds"
"Piranga olivacea","Scarlet Tanager","Cardinalidae","Birds"
"Puffinus puffinus","Manx Shearwater","Procellariidae","Birds"
"Egretta thula","Snowy Egret","Ardeidae","Birds"
"Larus thayeri","Thayer's Gull","Laridae","Birds"
"Sayornis phoebe","Eastern Phoebe","Tyrannidae","Birds"
"Parkesia motacilla","Louisiana Waterthrush","Parulidae","Birds"
"Certhia americana","American Creeper","Certhiidae","Birds"
"Limosa haemastica","Hudsonian Godwit","Scolopacidae","Birds"
"Cygnus columbianus","Tundra Swan","Anatidae","Birds"
"Ixobrychus exilis","Least Bittern","Ardeidae","Birds"
"Sterna nilotica","Gull-Billed Tern","Laridae","Birds"
"Podiceps auritus","Horned Grebe","Podicipedidae","Birds"
"Wilsonia pusilla","Wilson's Warbler","Parulidae","Birds"
"Cistothorus palustris","Marsh Wren","Troglodytidae","Birds"
"Corvus ossifragus","Fish Crow","Corvidae","Birds"
"Calidris mauri","Western Sandpiper","Scolopacidae","Birds"
"Megascops asio","Eastern Screech Owl","Strigidae","Birds"
"Rissa tridactyla","Kittiwake","Laridae","Birds"
"Egretta caerulea","Little Blue Heron","Ardeidae","Birds"
"Accipiter striatus","Plain-Breasted Hawk","Accipitridae","Birds"
"Dendroica aestiva","American Yellow Warbler","Parulidae","Birds"
"Calidris ruficollis","Red-Necked Stint","Scolopacidae","Birds"
"Sialia sialis","Eastern Bluebird","Turdidae","Birds"
"Sterna caspia","Caspian Tern","Laridae","Birds"
"Calidris maritima","Purple Sandpiper","Scolopacidae","Birds"
"Baeolophus bicolor","Tufted Titmouse","Paridae","Birds"
"Ammodramus maritimus","Seaside Sparrow","Emberizidae","Birds"
"Pelecanus occidentalis","Brown Pelican","Pelecanidae","Birds"
"Melanerpes erythrocephalus","Red-Headed Woodpecker","Picidae","Birds"
"Mimus polyglottos","Northern Mockingbird","Mimidae","Birds"
"Sterna hirundo","Common Tern","Laridae","Birds"
"Toxostoma rufum","Brown Thrasher","Mimidae","Birds"
"Euphagus carolinus","Rusty Blackbird","Icteridae","Birds"
"Catharus minimus","Grey-Cheeked Thrush","Turdidae","Birds"
"Calidris himantopus","Stilt Sandpiper","Scolopacidae","Birds"
"Phalacrocorax carbo","Cormorant","Phalacrocoracidae","Birds"
"Mycteria americana","Wood Stork","Ciconiidae","Birds"
"Bombycilla cedrorum","Cedar Waxwing","Bombycillidae","Birds"
"Puffinus griseus","Sooty Shearwater","Procellariidae","Birds"
"Egretta tricolor","Tricoloured Heron","Ardeidae","Birds"
"Aythya valisineria","Canvasback","Anatidae","Birds"
"Vermivora pinus","Blue-Winged Warbler","Parulidae","Birds"
"Tringa flavipes","Lesser Yellow-Legs","Scolopacidae","Birds"
"Accipiter cooperii","Cooper's Hawk","Accipitridae","Birds"
"Tryngites subruficollis","Buff-Breasted Sandpiper","Scolopacidae","Birds"
"Spiza americana","Dickcissel","Cardinalidae","Birds"
"Catharacta skua","Great Skua","Stercorariidae","Birds"
"Dendroica caerulescens","Black-Throated Blue Warbler","Parulidae","Birds"
"Larus philadelphia","Bonaparte's Gull","Laridae","Birds"
"Parus carolinensis","Carolina Chickadee","Paridae","Birds"
"Sitta carolinensis","White-Breasted Nuthatch","Sittidae","Birds"
"Vermivora cyanoptera","Blue-Winged Swamp Warbler","Parulidae","Birds"
"Rallus longirostris","Clapper Rail","Rallidae","Birds"
"Tringa solitaria","Solitary Sandpiper","Scolopacidae","Birds"
"Sturnus vulgaris","Common Starling","Sturnidae","Birds"
"Dendroica petechia","Yellow Warbler","Parulidae","Birds"
"Icterus galbula","Baltimore Oriole","Icteridae","Birds"
"Spizella arborea","American Tree Sparrow","Emberizidae","Birds"
"Progne subis","Purple Martin","Hirundinidae","Birds"
"Gavia stellata","Red-Throated Diver","Gaviidae","Birds"
"Dendroica fusca","Blackburnian Warbler","Parulidae","Birds"
"Archilochus colubris","Ruby-Throated Hummingbird","Trochilidae","Birds"
"Aix sponsa","Wood Duck","Anatidae","Birds"
"Phalacrocorax auritus","Double-Crested Cormorant","Phalacrocoracidae","Birds"
"Quiscalus quiscula","Common Grackle","Icteridae","Birds"
"Spizella pusilla","Field Sparrow","Emberizidae","Birds"
"Melospiza georgiana","Swamp Sparrow","Emberizidae","Birds"
"Dolichonyx oryzivorus","Bobolink","Icteridae","Birds"
"Phaethon lepturus","White-Tailed Tropicbird","Phaethontidae","Birds"
"Rallus elegans","King Rail","Rallidae","Birds"
"Pinicola enucleator","Pine Grosbeak","Fringillidae","Birds"
"Turdus migratorius","American Robin","Turdidae","Birds"
"Vireo gilvus","Warbling Vireo","Vireonidae","Birds"
"Pluvialis dominica","American Golden-Plover","Charadriidae","Birds"
"Calidris canutus","Red Knot","Scolopacidae","Birds"
"Cardinalis cardinalis","Common Cardinal","Cardinalidae","Birds"
"Dendroica tigrina","Cape May Warbler","Parulidae","Birds"
"Fulica americana","American Coot","Rallidae","Birds"
"Seiurus motacilla","Louisiana Waterthrush","Parulidae","Birds"
"Haematopus palliatus","American Oystercatcher","Haematopodidae","Birds"
"Tympanuchus cupido","Greater Prairie-Chicken","Phasianidae","Birds"
"Parus atricapillus","Black-Capped Chickadee","Paridae","Birds"
"Butorides virescens","Green Heron","Ardeidae","Birds"
"Branta bernicla","Brant","Anatidae","Birds"
"Clangula hyemalis","Long-Tailed Duck","Anatidae","Birds"
"Laterallus jamaicensis","Black Rail","Rallidae","Birds"
"Colaptes auratus","Northern Flicker","Picidae","Birds"
"Catharus fuscescens","Veery","Turdidae","Birds"
"Nyctanassa violacea","Yellow-Crowned Night-Heron","Ardeidae","Birds"
"Mergus merganser","Goosander","Anatidae","Birds"
"Plectrophenax nivalis","Snow Bunting","Emberizidae","Birds"
"Fringilla montifringilla","Brambling","Fringillidae","Birds"
"Gavia immer","Common Loon","Gaviidae","Birds"
"Rallus limicola","Virginia Rail","Rallidae","Birds"
"Tyrannus tyrannus","Eastern Kingbird","Tyrannidae","Birds"
"Carduelis pinus","Pine Siskin","Fringillidae","Birds"
"Passerina cyanea","Indigo Bunting","Emberizidae","Birds"
"Stelgidopteryx serripennis","Northern Rough-Winged Swallow","Hirundinidae","Birds"
"Vireo philadelphicus","Philadelphia Vireo","Vireonidae","Birds"
"Loxia curvirostra","Red Crossbill","Fringillidae","Birds"
"Passerella iliaca","Fox Sparrow","Emberizidae","Birds"
"Zonotrichia leucophrys","White-Crowned Sparrow","Emberizidae","Birds"
"Somateria mollissima","Eider","Anatidae","Birds"
"Regulus calendula","Ruby-Crowned Kinglet","Reguliidae","Birds"
"Larus atricilla","Laughing Gull","Laridae","Birds"
"Tachycineta bicolor","Tree Swallow","Hirundinidae","Birds"
"Larus argentatus","Herring Gull","Laridae","Birds"
"Sphyrapicus varius","Yellow-Bellied Sapsucker","Picidae","Birds"
"Circus cyaneus","Hen Harrier","Accipitridae","Birds"
"Dendroica coronata","Yellow-Rumped Warbler","Parulidae","Birds"
"Vermivora peregrina","Tennessee Warbler","Parulidae","Birds"
"Vireo olivaceus","Red-Eyed Vireo","Vireonidae","Birds"
"Botaurus lentiginosus","American Bittern","Ardeidae","Birds"
"Vireo griseus","White-Eyed Vireo","Vireonidae","Birds"
"Spizella passerina","Chipping Sparrow","Emberizidae","Birds"
"Carpodacus purpureus","Purple Finch","Fringillidae","Birds"
"Geothlypis trichas","Common Yellowthroat","Parulidae","Birds"
"Anas americana","American Wigeon","Anatidae","Birds"
"Anas crecca","Common Teal","Anatidae","Birds"
"Dendroica cerulea","Cerulean Warbler","Parulidae","Birds"
"Passerculus sandwichensis","Savannah Sparrow","Emberizidae","Birds"
"Calcarius lapponicus","Lapland Longspur","Emberizidae","Birds"
"Buteo platypterus","Broad-Winged Hawk","Accipitridae","Birds"
"Buteo lagopus","Rough-Legged Buzzard","Accipitridae","Birds"
"Seiurus noveboracensis","Northern Waterthrush","Parulidae","Birds"
"Columba livia","Rock Dove","Columbidae","Birds"
"Bubo scandiaca","Snowy Owl","Strigidae","Birds"
"Oporornis formosus","Kentucky Warbler","Parulidae","Birds"
"Melanitta fusca","White-Winged Scoter","Anatidae","Birds"
"Vermivora ruficapilla","Nashville Warbler","Parulidae","Birds"
"Coccothraustes vespertinus","Evening Grosbeak","Fringillidae","Birds"
"Morus bassanus","Gannet","Sulidae","Birds"
"Picoides pubescens","Downy Woodpecker","Picidae","Birds"
"Contopus cooperi","Olive-Sided Flycatcher","Tyrannidae","Birds"
"Quiscalus major","Boat-Tailed Grackle","Icteridae","Birds"
"Junco hyemalis","Dark-Eyed Junco","Emberizidae","Birds"
"Aimophila cassinii","Cassin's Sparrow","Emberizidae","Birds"
"Calidris melanotos","Pectoral Sandpiper","Scolopacidae","Birds"
"Carduelis flammea","Common Redpoll","Fringillidae","Birds"
"Parkesia noveboracensis","Northern Waterthrush","Parulidae","Birds"
"Buteo jamaicensis","Red-Tailed Hawk","Accipitridae","Birds"
"Oceanodroma leucorhoa","Leach's Storm-Petrel","Hydrobatidae","Birds"
"Calidris alba","Sanderling","Scolopacidae","Birds"
"Falco sparverius","American Kestrel","Falconidae","Birds"
"Cathartes aura","Turkey Vulture","Cathartidae","Birds"
"Empidonax virescens","Acadian Flycatcher","Tyrannidae","Birds"
"Vireo solitarius","Solitary Vireo","Vireonidae","Birds"
"Aythya fuligula","Tufted Duck","Anatidae","Birds"
"Strix varia","Barred Owl","Strigidae","Birds"
"Falco columbarius","Merlin","Falconidae","Birds"
"Pandion haliaetus","Osprey","Accipitridae","Birds"
"Vermivora chrysoptera","Golden-Winged Warbler","Parulidae","Birds"
"Ardea herodias","Great Blue Heron","Ardeidae","Birds"
"Actitis macularius","Spotted Sandpiper","Scolopacidae","Birds"
"Dryocopus pileatus","Pileated Woodpecker","Picidae","Birds"
"Gallinago gallinago","Common Snipe","Scolopacidae","Birds"
"Wilsonia citrina","Hooded Warbler","Parulidae","Birds"
"Histrionicus histrionicus","Harlequin Duck","Anatidae","Birds"
"Zenaida macroura","Mourning Dove","Columbidae","Birds"
"Polioptila caerulea","Blue-Grey Gnatcatcher","Polioptilidae","Birds"
"Limnodromus griseus","Short-Billed Dowitcher","Scolopacidae","Birds"
"Sterna anaethetus","Bridled Tern","Laridae","Birds"
"Gallinula chloropus","Common Moorhen","Rallidae","Birds"
"Megaceryle alcyon","Belted Kingfisher","Alcedinidae","Birds"
"Eremophila alpestris","Horned Lark","Alaudidae","Birds"
"Mniotilta varia","Black-And-White Warbler","Parulidae","Birds"
"Larus hyperboreus","Glaucous Gull","Laridae","Birds"
"Empidonax minimus","Least Flycatcher","Tyrannidae","Birds"
"Sterna fuscata","Sooty Tern","Laridae","Birds"
"Lanius ludovicianus","Loggerhead Shrike","Laniidae","Birds"
"Chlidonias niger","Black Tern","Laridae","Birds"
"Hylocichla mustelina","Wood Thrush","Turdidae","Birds"
"Coccyzus americanus","Yellow-Billed Cuckoo","Cuculidae","Birds"
"Aythya collaris","Ring-Necked Duck","Anatidae","Birds"
"Cyanocitta cristata","Blue Jay","Corvidae","Birds"
"Oceanites oceanicus","Wilson's Petrel","Hydrobatidae","Birds"
"Platalea ajaja","Roseate Spoonbill","Threskiornithidae","Birds"
"Sterna maxima","Royal Tern","Laridae","Birds"
"Empidonax flaviventris","Yellow-Bellied Flycatcher","Tyrannidae","Birds"
"Anas platyrhynchos","Mallard","Anatidae","Birds"
"Setophaga ruticilla","American Redstart","Parulidae","Birds"
"Buteo lineatus","Red-Shouldered Hawk","Accipitridae","Birds"
"Aythya affinis","Lesser Scaup","Anatidae","Birds"
"Phalaropus lobatus","Red-Necked Phalarope","Scolopacidae","Birds"
"Anas discors","Blue-Winged Teal","Anatidae","Birds"
"Seiurus aurocapilla","Ovenbird","Parulidae","Birds"
"Catharus guttatus","Hermit Thrush","Turdidae","Birds"
"Dumetella carolinensis","Gray Catbird","Mimidae","Birds"
"Casmerodius albus","Great Egret","Ardeidae","Birds"
"Catharus ustulatus","Swainson's Thrush","Turdidae","Birds"
"Empidonax alnorum","Alder Flycatcher","Tyrannidae","Birds"
"Melanitta nigra","Common Scoter","Anatidae","Birds"
"Charadrius vociferus","Kildeer","Charadriidae","Birds"
"Numenius phaeopus","Whimbrel","Scolopacidae","Birds"
"Anas penelope","Eurasian Wigeon","Anatidae","Birds"
"Dendroica pensylvanica","Chestnut-Sided Warbler","Parulidae","Birds"
"Anas rubripes","American Black Duck","Anatidae","Birds"
"Stercorarius parasiticus","Arctic Skua","Stercorariidae","Birds"
"Regulus satrapa","Golden-Crowned Kinglet","Reguliidae","Birds"
"Bartramia longicauda","Upland Sandpiper","Scolopacidae","Birds"
"Pipilo erythrophthalmus","Eastern Towhee","Emberizidae","Birds"
"Sterna antillarum","Least Tern","Laridae","Birds"
"Ammodramus henslowii","Henslow's Sparrow","Emberizidae","Birds"
"Loxia leucoptera","White-Winged Crossbill","Fringillidae","Birds"
"Scolopax minor","American Woodcock","Scolopacidae","Birds"
"Stercorarius longicaudus","Long-Tailed Skua","Stercorariidae","Birds"
"Larus glaucoides","Iceland Gull","Laridae","Birds"
"Icteria virens","Yellow-Breasted Chat","Parulidae","Birds"
"Zonotrichia albicollis","White-Throated Sparrow","Emberizidae","Birds"
"Anthus rubescens","Buff-Bellied Pipit","Motacillidae","Birds"
"Asio flammeus","Short-Eared Owl","Strigidae","Birds"
"Puffinus gravis","Great Shearwater","Procellariidae","Birds"
"Ammodramus savannarum","Grasshopper Sparrow","Emberizidae","Birds"
"Bucephala albeola","Bufflehead","Anatidae","Birds"
"Calonectris diomedea","Scopoli's Shearwater","Procellariidae","Birds"
"Mergus serrator","Red-Breasted Merganser","Anatidae","Birds"
"Troglodytes troglodytes","Winter Wren","Troglodytidae","Birds"
"Falco peregrinus","Peregrine Falcon","Falconidae","Birds"
"Larus marinus","Great Black-Backed Gull","Laridae","Birds"
"Dendroica magnolia","Magnolia Warbler","Parulidae","Birds"
"Balaenoptera edeni","Bryde's Whale","Balaenopteridae","Mammals"
"Tamias striatus","Eastern Chipmunk","Sciuridae","Mammals"
"Myotis lucifugus","Little Brown Bat","Vespertilionidae","Mammals"
"Mesoplodon densirostris","Blainville's Beaked Whale","Ziphiidae","Mammals"
"Sorex palustris","American Water Shrew","Soricidae","Mammals"
"Megaptera novaeangliae","Humpback Whale","Balaenopteridae","Mammals"
"Oryzomys palustris","Marsh Rice Rat","Cricetidae","Mammals"
"Blarina brevicauda","Mole Shrew","Soricidae","Mammals"
"Hyperoodon ampullatus","Northern Bottlenose Whale","Ziphiidae","Mammals"
"Kogia sima","Dwarf Sperm Whale","Physeteridae","Mammals"
"Kogia breviceps","Pygmy Sperm Whale","Physeteridae","Mammals"
"Stenella clymene","Clymene Dolphin","Delphinidae","Mammals"
"Sylvilagus floridanus","Eastern Cottontail","Leporidae","Mammals"
"Phocoena phocoena","Harbour Porpoise","Phocoenidae","Mammals"
"Mesoplodon europaeus","Gervais' Beaked Whale","Ziphiidae","Mammals"
"Lynx rufus","Bobcat","Felidae","Mammals"
"Castor canadensis","American Beaver","Castoridae","Mammals"
"Vulpes vulpes","Red Fox","Canidae","Mammals"
"Sciurus carolinensis","Eastern Grey Squirrel","Sciuridae","Mammals"
"Sorex cinereus","Masked Shrew","Soricidae","Mammals"
"Balaenoptera acutorostrata","Common Minke Whale","Balaenopteridae","Mammals"
"Myotis sodalis","Indiana Bat","Vespertilionidae","Mammals"
"Stenella attenuata","Pantropical Spotted Dolphin","Delphinidae","Mammals"
"Microtus pinetorum","Woodland Vole","Cricetidae","Mammals"
"Myodes gapperi","Southern Red Backed Vole","Cricetidae","Mammals"
"Mus musculus","House Mouse","Muridae","Mammals"
"Microtus chrotorrhinus","Rock Vole","Cricetidae","Mammals"
"Myotis septentrionalis","Northern Myotis","Vespertilionidae","Mammals"
"Pipistrellus subflavus","Eastern Pipistrelle","Vespertilionidae","Mammals"
"Napaeozapus insignis","Woodland Jumping Mouse","Dipodidae","Mammals"
"Neovison vison","American Mink","Mustelidae","Mammals"
"Parascalops breweri","Hairy-Tailed Mole","Talpidae","Mammals"
"Didelphis virginiana","Virginia Opossum","Didelphidae","Mammals"
"Mustela frenata","Long Tailed Weasel","Mustelidae","Mammals"
"Rattus norvegicus","Brown Rat","Muridae","Mammals"
"Stenella frontalis","Atlantic Spotted Dolphin","Delphinidae","Mammals"
"Odocoileus virginianus","White-Tailed Deer","Cervidae","Mammals"
"Stenella coeruleoalba","Striped Dolphin","Delphinidae","Mammals"
"Mesoplodon mirus","True's Beaked Whale","Ziphiidae","Mammals"
"Lontra canadensis","Northern River Otter","Mustelidae","Mammals"
"Lepus europaeus","Brown Hare","Leporidae","Mammals"
"Mustela erminea","Stoat","Mustelidae","Mammals"
"Nycticeius humeralis","Evening Bat","Vespertilionidae","Mammals"
"Scalopus aquaticus","Eastern Mole","Talpidae","Mammals"
"Halichoerus grypus","Grey Seal","Phocidae","Mammals"
"Urocyon cinereoargenteus","Gray Fox","Canidae","Mammals"
"Grampus griseus","Risso's Dolphin","Delphinidae","Mammals"
"Lasiurus borealis","Red Bat","Vespertilionidae","Mammals"
"Peromyscus leucopus","White-Footed Mouse","Cricetidae","Mammals"
"Procyon lotor","Raccoon","Procyonidae","Mammals"
"Tamiasciurus hudsonicus","Red Squirrel","Sciuridae","Mammals"
"Balaenoptera musculus","Blue Whale","Balaenopteridae","Mammals"
"Ursus americanus","American Black Bear","Ursidae","Mammals"
"Tursiops truncatus","Bottlenose Dolphin","Delphinidae","Mammals"
"Glaucomys volans","Southern Flying Squirrel","Sciuridae","Mammals"
"Zapus hudsonius","Meadow Jumping Mouse","Dipodidae","Mammals"
"Neotoma magister","Allegheny Woodrat","Cricetidae","Mammals"
"Canis latrans","Coyote","Canidae","Mammals"
"Eptesicus fuscus","Big Brown Bat","Vespertilionidae","Mammals"
"Globicephala melas","Long Finned Pilot Whale","Delphinidae","Mammals"
"Erethizon dorsatum","North American Porcupine","Erethizontidae","Mammals"
"Myotis leibii","Eastern Small Footed Myotis","Vespertilionidae","Mammals"
"Mephitis mephitis","Striped Skunk","Mephitidae","Mammals"
"Physeter macrocephalus","Sperm Whale","Physeteridae","Mammals"
"Peromyscus maniculatus","Deer Mouse","Cricetidae","Mammals"
"Glaucomys sabrinus","Northern Flying Squirrel","Sciuridae","Mammals"
"Martes pennanti","Fisher","Mustelidae","Mammals"
"Delphinus delphis","Atlantic Dolphin","Delphinidae","Mammals"
"Sorex dispar","Rock Shrew","Soricidae","Mammals"
"Ondatra zibethicus","Musk Rat","Cricetidae","Mammals"
"Cryptotis parva","Least Shrew","Soricidae","Mammals"
"Synaptomys cooperi","Southern Bog Lemming","Cricetidae","Mammals"
"Ziphius cavirostris","Cuvier's Beaked Whale","Ziphiidae","Mammals"
"Condylura cristata","Star-Nosed Mole","Talpidae","Mammals"
"Balaenoptera physalus","Fin Whale","Balaenopteridae","Mammals"
"Lasiurus intermedius","Northern Yellow Bat","Vespertilionidae","Mammals"
"Sorex fumeus","Smoky Shrew","Soricidae","Mammals"
"Lagenorhynchus acutus","Atlantic White Sided Dolphin","Delphinidae","Mammals"
"Lasionycteris noctivagans","Silver-Haired Bat","Vespertilionidae","Mammals"
"Globicephala macrorhynchus","Short Finned Pilot Whale","Delphinidae","Mammals"
"Eubalaena glacialis","North Atlantic Right Whale","Balaenidae","Mammals"
"Lasiurus seminolus","Seminole Bat","Vespertilionidae","Mammals"
"Lasiurus cinereus","Hoary Bat","Vespertilionidae","Mammals"
"Sciurus niger","Fox Squirrel","Sciuridae","Mammals"
"Marmota monax","Woodchuck","Sciuridae","Mammals"
"Stenella longirostris","Spinner Dolphin","Delphinidae","Mammals"
"Orcinus orca","Killer Whale","Delphinidae","Mammals"
"Mesoplodon bidens","Sowerby's Beaked Whale","Ziphiidae","Mammals"
"Lepus americanus","Snowshoe Hare","Leporidae","Mammals"
"Microtus pennsylvanicus","Meadow Vole","Cricetidae","Mammals"
"Balaenoptera borealis","Sei Whale","Balaenopteridae","Mammals"
"Phoca vitulina","Harbour Seal","Phocidae","Mammals"
"Carphophis amoenus","Eastern Wormsnake","Colubridae","Reptiles"
"Sceloporus undulatus","Mescalero Dunes Fence Lizard","Phrynosomatidae","Reptiles"
"Lampropeltis triangulum","Eastern Milksnake","Colubridae","Reptiles"
"Thamnophis sauritus","Eastern Ribbonsnake","Colubridae","Reptiles"
"Coluber constrictor","Eastern Racer","Colubridae","Reptiles"
"Heterodon platirhinos","Eastern Hognose Snake","Colubridae","Reptiles"
"Crotalus horridus","Timber Rattlesnake","Viperidae","Reptiles"
"Plestiodon laticeps","Broadhead Skink","Scincidae","Reptiles"
"Storeria occipitomaculata","Redbelly Snake","Colubridae","Reptiles"
"Storeria dekayi","Brown Snake","Colubridae","Reptiles"
"Agkistrodon contortrix","Southern Copperhead","Viperidae","Reptiles"
"Opheodrys aestivus","Rough Greensnake","Colubridae","Reptiles"
"Pituophis melanoleucus","Eastern Pine Snake","Colubridae","Reptiles"
"Lampropeltis getula","Common Kingsnake","Colubridae","Reptiles"
"Diadophis punctatus","Ringneck Snake","Colubridae","Reptiles"
"Virginia valeriae","Smooth Earth Snake","Colubridae","Reptiles"
"Scincella lateralis","Little Brown Skink","Scincidae","Reptiles"
"Thamnophis sirtalis","Common Garter Snake","Colubridae","Reptiles"
"Pantherophis obsoletus","Western Rat Snake","Colubridae","Reptiles"
"Pantherophis guttatus","Eastern Corn Snake","Colubridae","Reptiles"
"Lepidochelys olivacea","Pacific Ridley","Cheloniidae","Reptiles"
"Plestiodon fasciatus","Five-Lined Skink","Scincidae","Reptiles"
"Dermochelys coriacea","Leatherback Sea Turtle","Dermochelyidae","Reptiles"
"Caretta caretta","Loggerhead","Cheloniidae","Reptiles"
"Chelonia mydas","Green Turtle","Cheloniidae","Reptiles"
"Eumeces fasciatus","Five-Lined Skink","Scincidae","Reptiles"
"Eretmochelys imbricata","Hawksbill","Cheloniidae","Reptiles"
"Nerodia erythrogaster","Plainbelly Water Snake","Colubridae","Reptiles"
"Nerodia sipedon","Northern Water Snake","Colubridae","Reptiles"
"Cemophora coccinea","Scarlet Snake","Colubridae","Reptiles"
"Regina septemvittata","Queen Snake","Colubridae","Reptiles"
"Eumeces laticeps","Broadhead Skink","Scincidae","Reptiles"
"Liochlorophis vernalis","Smooth Green Snake","Colubridae","Reptiles"
"Terrapene carolina","Eastern Box Turtle","Emydidae","Turtles (non-marine)"
"Malaclemys terrapin","Diamondback Terrapin","Emydidae","Turtles (non-marine)"
"Pseudemys rubriventris","Eastern Redbelly Turtle","Emydidae","Turtles (non-marine)"
"Glyptemys insculpta","North American Wood Turtle","Emydidae","Turtles (non-marine)"
"Sternotherus odoratus","Common Musk Turtle","Kinosternidae","Turtles (non-marine)"
"Graptemys geographica","Common Map Turtle","Emydidae","Turtles (non-marine)"
"Chelydra serpentina","Common Snapping Turtle","Chelydridae","Turtles (non-marine)"
"Glyptemys muhlenbergii","Bog Turtle","Emydidae","Turtles (non-marine)"
"Chrysemys picta","Painted Turtle","Emydidae","Turtles (non-marine)"
"Kinosternon subrubrum","Common Mud Turtle","Kinosternidae","Turtles (non-marine)"
"Clemmys guttata","Spotted Turtle","Emydidae","Turtles (non-marine)"
"Lithobates sylvaticus","Wood Frog","Ranidae","Amphibians"
"Necturus maculosus","Mudpuppy","Proteidae","Amphibians"
"Ambystoma opacum","Marbled Salamander","Ambystomatidae","Amphibians"
"Gyrinophilus porphyriticus","Spring Salamander","Plethodontidae","Amphibians"
"Hyla chrysoscelis","Cope's Gray Treefrog","Hylidae","Amphibians"
"Desmognathus fuscus","Black Ebbet","Plethodontidae","Amphibians"
"Anaxyrus americanus","American Toad","Bufonidae","Amphibians"
"Ambystoma maculatum","Brown-Spotted Salamander","Ambystomatidae","Amphibians"
"Pseudacris crucifer","Spring Peeper","Hylidae","Amphibians"
"Ambystoma laterale","Blue-Spotted Salamander","Ambystomatidae","Amphibians"
"Lithobates pipiens","Peeping Frog","Ranidae","Amphibians"
"Acris crepitans","Eastern Cricket Frog","Hylidae","Amphibians"
"Pseudacris kalmi","New Jersey Chorus Frog","Hylidae","Amphibians"
"Anaxyrus fowleri","Fowler's Toad","Bufonidae","Amphibians"
"Pseudotriton montanus","Eastern Mud Salamander","Plethodontidae","Amphibians"
"Lithobates catesbeianus","Common Bullfrog","Ranidae","Amphibians"
"Pseudotriton ruber","Red Salamander","Plethodontidae","Amphibians"
"Lithobates palustris","Marsh Frog","Ranidae","Amphibians"
"Notophthalmus viridescens","Eastern Newt","Salamandridae","Amphibians"
"Eurycea bislineata","Northern Two-Lined Salamander","Plethodontidae","Amphibians"
"Ambystoma tigrinum","Tiger Salamander","Ambystomatidae","Amphibians"
"Plethodon glutinosus","Viscid Salamander","Plethodontidae","Amphibians"
"Ambystoma jeffersonianum","Granulated Salamander","Ambystomatidae","Amphibians"
"Lithobates clamitans","Bronze Frog","Ranidae","Amphibians"
"Eurycea longicauda","Cave Salamander","Plethodontidae","Amphibians"
"Plethodon cinereus","Eastern Red-Backed Salamander","Plethodontidae","Amphibians"
"Hyla versicolor","Gray Treefrog","Hylidae","Amphibians"
"Hemidactylium scutatum","Scaly Lizard","Plethodontidae","Amphibians"
"Desmognathus ochrophaeus","Triton","Plethodontidae","Amphibians"
"Scaphiopus holbrookii","Eastern Spadefoot","Scaphiopodidae","Amphibians"
"Hyla gratiosa","Barking Treefrogs","Hylidae","Amphibians"
"Lithobates sphenocephalus","Southern Leopard Frog","Ranidae","Amphibians"
"Hyla andersonii","Pine Barrens Treefrog","Hylidae","Amphibians"
"Cryptobranchus alleganiensis","Alleghany Salamander","Cryptobranchidae","Amphibians"
"Chaetodon striatus","Banded Mariposa","Chaetodontidae","Fishes"
"Ginglymostoma cirratum","Nurse Shark","Ginglymostomatidae","Fishes"
"Anguilla rostrata","American Eel","Anguillidae","Fishes"
"Centroscymnus coelolepis","Portuguese Shark","Somniosidae","Fishes"
"Carcharias taurus","Spotted Raggedtooth Shark","Odontaspididae","Fishes"
"Alopias superciliosus","Bigeye Thresher","Alopiidae","Fishes"
"Perca flavescens","Yellow Perch","Percidae","Fishes"
"Odontaspis ferox","Sand Shark","Odontaspididae","Fishes"
"Leucoraja ocellata","Winter Skate","Rajidae","Fishes"
"Leucoraja erinacea","Little Skate","Rajidae","Fishes"
"Gambusia holbrooki","Eastern Mosquitofish","Poeciliidae","Fishes"
"Acanthurus chirurgus","Black Doctorfish","Acanthuridae","Fishes"
"Dasyatis centroura","Roughtail Stingray","Dasyatidae","Fishes"
"Alopias vulpinus","Thresher Shark","Alopiidae","Fishes"
"Sphyrna lewini","Scalloped Hammerhead","Sphyrnidae","Fishes"
"Apristurus melanoasper","Black Roughscale Catshark","Pentanchidae","Fishes"
"Rhinichthys cataractae","Longnose Dace","Cyprinidae","Fishes"
"Archosargus rhomboidalis","Sea Bream","Sparidae","Fishes"
"Pomoxis nigromaculatus","Black Crappie","Centrarchidae","Fishes"
"Leucoraja garmani","Rosette Skate","Rajidae","Fishes"
"Istiophorus platypterus","Atlantic Sailfish","Istiophoridae","Fishes"
"Lagocephalus laevigatus","Smooth Puffer","Tetraodontidae","Fishes"
"Heptranchias perlo","Perlon Shark","Hexanchidae","Fishes"
"Odontaspis noronhai","Bigeye Sand Tiger","Odontaspididae","Fishes"
"Kajikia albida","White Marlin","Istiophoridae","Fishes"
"Morone americana","White Perch","Moronidae","Fishes"
"Isurus oxyrinchus","Shortfin Mako","Lamnidae","Fishes"
"Esox americanus","Grass Pickerel","Esocidae","Fishes"
"Alosa pseudoharengus","Alewife","Clupeidae","Fishes"
"Sphoeroides testudineus","Checkered Puffer","Tetraodontidae","Fishes"
"Ambloplites rupestris","Rock Bass","Centrarchidae","Fishes"
"Prionace glauca","Blue Shark","Carcharhinidae","Fishes"
"Hypsoblennius hentz","Feather Blenny","Blenniidae","Fishes"
"Lagodon rhomboides","Red Porgy","Sparidae","Fishes"
"Tautoga onitis","Tautog","Labridae","Fishes"
"Lepisosteus osseus","Long Nosed Gar","Lepisosteidae","Fishes"
"Tetrapturus georgii","Roundscale Spearfish","Istiophoridae","Fishes"
"Esox niger","Chain Pickerel","Esocidae","Fishes"
"Dasyatis americana","Southern Stingray","Dasyatidae","Fishes"
"Noturus insignis","Margined Madtom","Ictaluridae","Fishes"
"Noturus gyrinus","Tadpole Madtom","Ictaluridae","Fishes"
"Salvelinus fontinalis","Brook Trout","Salmonidae","Fishes"
"Chasmodes bosquianus","Striped Blenny","Blenniidae","Fishes"
"Dorosoma cepedianum","Gizzard Shad","Clupeidae","Fishes"
"Acipenser oxyrhynchus","American Atlantic Sturgeon","Acipenseridae","Fishes"
"Carcharodon carcharias","Great White Shark","Lamnidae","Fishes"
"Sphyrna mokarran","Squat Headed Hammerhead Shark","Sphyrnidae","Fishes"
"Hypentelium nigricans","Northern Hog Sucker","Catostomidae","Fishes"
"Manta birostris","Giant Manta","Myliobatidae","Fishes"
"Isurus paucus","Longfin Mako","Lamnidae","Fishes"
"Stenotomus chrysops","Porgy","Sparidae","Fishes"
"Cottus cognatus","Slimy Sculpin","Cottidae","Fishes"
"Lepomis gibbosus","Pumpkinseed","Centrarchidae","Fishes"
"Cyprinella analostana","Satinfin Shiner","Cyprinidae","Fishes"
"Cetorhinus maximus","Basking Shark","Cetorhinidae","Fishes"
"Hybognathus regius","Eastern Silvery Minnow","Cyprinidae","Fishes"
"Osmerus mordax","Rainbow Smelt","Osmeridae","Fishes"
"Sphoeroides maculatus","Northern Puffer","Tetraodontidae","Fishes"
"Archosargus probatocephalus","Convictt Fish","Sparidae","Fishes"
"Lamna nasus","Porbeagle","Lamnidae","Fishes"
"Rhincodon typus","Whale Shark","Rhincodontidae","Fishes"
"Catostomus commersonii","White Sucker","Catostomidae","Fishes"
"Sphoeroides spengleri","Bandtail Puffer","Tetraodontidae","Fishes"
"Ichthyomyzon unicuspis","Silver Lamprey","Petromyzontidae","Fishes"
"Scomber scombrus","Mackerel","Scombridae","Fishes"
"Epinephelus adscensionis","Rock Hind","Serranidae","Fishes"
"Mycteroperca bonaci","Marbled Rockfish","Serranidae","Fishes"
"Squalus acanthias","Piked Dogfish","Squalidae","Fishes"
"Carcharhinus signatus","Night Shark","Carcharhinidae","Fishes"
"Scomberomorus maculatus","Atlantic Spanish Mackerel","Scombridae","Fishes"
"Pimephales notatus","Bluntnose Minnow","Cyprinidae","Fishes"
"Notropis bifrenatus","Bridle Shiner","Cyprinidae","Fishes"
"Scomberomorus cavalla","King Mackerel","Scombridae","Fishes"
"Rhinichthys atratulus","Eastern Blacknose Dace","Cyprinidae","Fishes"
"Scyliorhinus retifer","Chain Catshark","Scyliorhinidae","Fishes"
"Fundulus diaphanus","Banded Killifish","Fundulidae","Fishes"
"Euthynnus alletteratus","Atlantic Little Tunny","Scombridae","Fishes"
"Chaetodon ocellatus","School Mistress","Chaetodontidae","Fishes"
"Sphyrna zygaena","Smooth Hammerhead","Sphyrnidae","Fishes"
"Etheostoma olmstedi","Tessellated Darter","Percidae","Fishes"
"Sphoeroides pachygaster","Blunthead Puffer","Tetraodontidae","Fishes"
"Carcharhinus plumbeus","Sandbar Shark","Carcharhinidae","Fishes"
"Carcharhinus leucas","Bull Shark","Carcharhinidae","Fishes"
"Acanthurus coeruleus","Blue Barber","Acanthuridae","Fishes"
"Menidia audens","Mississippi Silverside","Atherinopsidae","Fishes"
"Negaprion brevirostris","Lemon Shark","Carcharhinidae","Fishes"
"Somniosus microcephalus","Greenland Shark","Somniosidae","Fishes"
"Cyprinella spiloptera","Spotfin Shiner","Cyprinidae","Fishes"
"Pagrus pagrus","Couch's Sea Bream","Sparidae","Fishes"
"Petromyzon marinus","Sea Lamprey","Petromyzontidae","Fishes"
"Raja eglanteria","Clearnose Skate","Rajidae","Fishes"
"Carcharhinus longimanus","Oceanic Whitetip Shark","Carcharhinidae","Fishes"
"Torpedo nobiliana","Electric Ray","Torpedinidae","Fishes"
"Notropis procne","Swallowtail Shiner","Cyprinidae","Fishes"
"Notropis chalybaeus","Ironcolor Shiner","Cyprinidae","Fishes"
"Lampetra aepyptera","Least Brook Lamprey","Petromyzontidae","Fishes"
"Percina crassa","Piedmont Darter","Percidae","Fishes"
"Menidia beryllina","Inland Silverside","Atherinopsidae","Fishes"
"Alosa mediocris","Hickory Shad","Clupeidae","Fishes"
"Dasyatis say","Bluntnose Stingray","Dasyatidae","Fishes"
"Pungitius pungitius","Nine-Spined Stickleback","Gasterosteidae","Fishes"
"Lepomis auritus","Redbreast Sunfish","Centrarchidae","Fishes"
"Rhinoptera bonasus","Cownose Ray","Myliobatidae","Fishes"
"Sarda sarda","Atlantic Bonito","Scombridae","Fishes"
"Semotilus corporalis","Fallfish","Cyprinidae","Fishes"
"Auxis thazard","Frigate Tuna","Scombridae","Fishes"
"Notropis amoenus","Comely Shiner","Cyprinidae","Fishes"
"Mustelus canis","Nurse Shark","Triakidae","Fishes"
"Amia calva","Bowfin","Amiidae","Fishes"
"Notropis hudsonius","Spottail Shiner","Cyprinidae","Fishes"
"Acipenser brevirostrum","Shortnose Sturgeon","Acipenseridae","Fishes"
"Chaetodon capistratus","Four Eye Butterflyfish","Chaetodontidae","Fishes"
"Myliobatis freminvillii","Bullnose Ray","Myliobatidae","Fishes"
"Etheostoma fusiforme","Swamp Darter","Percidae","Fishes"
"Harriotta raleighana","Bigspine Spookfish","Rhinochimaeridae","Fishes"
"Percina caprodes","Zebra Fish","Percidae","Fishes"
"Sparisoma rubripinne","Roughscale Kwob","Scaridae","Fishes"
"Luxilus cornutus","Common Shiner","Cyprinidae","Fishes"
"Carcharhinus falciformis","Silky Shark","Carcharhinidae","Fishes"
"Apristurus profundorum","Deepwater Catshark","Pentanchidae","Fishes"
"Morone saxatilis","Green Heads","Moronidae","Fishes"
"Umbra pygmaea","Eastern Mudminnow","Umbridae","Fishes"
"Semotilus atromaculatus","Creek Chub","Cyprinidae","Fishes"
"Thunnus thynnus","Bluefin Tuna","Scombridae","Fishes"
"Gymnura altavela","Spiny Butterfly Ray","Gymnuridae","Fishes"
"Tautogolabrus adspersus","Perch","Labridae","Fishes"
"Calamus bajonado","Jolthead Porgy","Sparidae","Fishes"
"Katsuwonus pelamis","Oceanic Skipjack","Scombridae","Fishes"
"Scomberomorus regalis","Spanish Mackerel","Scombridae","Fishes"
"Carcharhinus obscurus","Dusky Shark","Carcharhinidae","Fishes"
"Carcharhinus limbatus","Blacktip Shark","Carcharhinidae","Fishes"
"Echinorhinus brucus","Spinous Shark","Echinorhinidae","Fishes"
"Lagocephalus lagocephalus","Puffer","Tetraodontidae","Fishes"
"Dipturus laevis","Barndoor Skate","Rajidae","Fishes"
"Galeocerdo cuvier","Tiger Shark","Carcharhinidae","Fishes"
"Sphyrna tiburo","Bonnethead Shark","Sphyrnidae","Fishes"
"Auxis rochei","Bullet Tuna","Scombridae","Fishes"
"Pseudotriakis microdon","False Catshark","Pseudotriakidae","Fishes"
"Thunnus atlanticus","Blackfin Tuna","Scombridae","Fishes"
"Alosa aestivalis","Blueback Herring","Clupeidae","Fishes"
"Rhizoprionodon terraenovae","Atlantic Sharpnose Shark","Carcharhinidae","Fishes"
"Gasterosteus aculeatus","Three-Spined Stickleback","Gasterosteidae","Fishes"
"Lethenteron appendix","American Brook Lamprey","Petromyzontidae","Fishes"
"Alosa sapidissima","American Shad","Clupeidae","Fishes"
"Carcharhinus brevipinna","Spinner Shark","Carcharhinidae","Fishes"
"Centroscyllium fabricii","Black Dogfish","Etmopteridae","Fishes"
"Etmopterus princeps","Great Lanternshark","Etmopteridae","Fishes"
"Percina peltata","Shield Darter","Percidae","Fishes"
"Tetrapturus pfluegeri","Longbill Spearfish","Istiophoridae","Fishes"
"Squatina dumeril","Sand Devil","Squatinidae","Fishes"
"Lucania parva","Rainwater Killifish","Fundulidae","Fishes"
"Carcharhinus isodon","Smoothtooth Shark","Carcharhinidae","Fishes"
"Speyeria cybele","Great Spangled Fritillary","Nymphalidae","Butterflies"
"Ancyloxypha numitor","Least Skipper","Hesperiidae","Butterflies"
"Staphylus hayhurstii","Hayhurst's Scallopwing","Hesperiidae","Butterflies"
"Nymphalis antiopa","Mourning Cloak","Nymphalidae","Butterflies"
"Phyciodes batesii","Tawny Crescent","Nymphalidae","Butterflies"
"Papilio cresphontes","Giant Swallowtail","Papilionidae","Butterflies"
"Pieris virginiensis","West Virginia White","Pieridae","Butterflies"
"Strymon melinus","Gray Hairstreak","Lycaenidae","Butterflies"
"Thorybes bathyllus","Southern Cloudywing","Hesperiidae","Butterflies"
"Euphyes dion","Dion Skipper","Hesperiidae","Butterflies"
"Feniseca tarquinius","Harvester","Lycaenidae","Butterflies"
"Atlides halesus","Great Purple Hairstreak","Lycaenidae","Butterflies"
"Thymelicus lineola","Essex Skipper","Hesperiidae","Butterflies"
"Parrhasius m-album","White M Hairstreak","Lycaenidae","Butterflies"
"Amblyscirtes aesculapius","Lace-Winged Roadside-Skipper","Hesperiidae","Butterflies"
"Atrytonopsis hianna","Dusted Skipper","Hesperiidae","Butterflies"
"Pholisora catullus","Common Sootywing","Hesperiidae","Butterflies"
"Erynnis icelus","Dreamy Dusky-Wing","Hesperiidae","Butterflies"
"Callophrys niphon","Eastern Pine Elfin","Lycaenidae","Butterflies"
"Aguna asander","Gold-Spotted Aguna","Hesperiidae","Butterflies"
"Papilio polyxenes","Black Swallowtail","Papilionidae","Butterflies"
"Precis coenia","Common Buckeye","Nymphalidae","Butterflies"
"Chlosyne harrisii","Harris' Checkerspot","Nymphalidae","Butterflies"
"Erynnis zarucco","Zarucco Duskywing","Hesperiidae","Butterflies"
"Danaus plexippus","Monarch","Nymphalidae","Butterflies"
"Nymphalis milberti","Milbert's Tortoiseshell","Nymphalidae","Butterflies"
"Euphyes conspicua","Black Dash","Hesperiidae","Butterflies"
"Polites origenes","Crossline Skipper","Hesperiidae","Butterflies"
"Fixsenia favonius","Southern Hairstreak","Lycaenidae","Butterflies"
"Panoquina ocola","Ocola Skipper","Hesperiidae","Butterflies"
"Appias drusilla","Florida White","Pieridae","Butterflies"
"Polygonia faunus","Faun","Nymphalidae","Butterflies"
"Pieris rapae","Cabbage White","Pieridae","Butterflies"
"Anthocharis midea","Falcate Orangetip","Pieridae","Butterflies"
"Erynnis brizo","Sleepy Duskywing","Hesperiidae","Butterflies"
"Hesperia leonardus","Leonard's Skipper","Hesperiidae","Butterflies"
"Poanes hobomok","Hobomok Skipper","Hesperiidae","Butterflies"
"Vanessa virginiensis","American Lady","Nymphalidae","Butterflies"
"Pyrgus centaurae","null","Hesperiidae","Butterflies"
"Satyrium edwardsii","Edwards' Hairstreak","Lycaenidae","Butterflies"
"Lethe appalachia","Appalachian Eyed Brown","Nymphalidae","Butterflies"
"Phyciodes morpheus","null","Nymphalidae","Butterflies"
"Eurema daira","Barred Yellow","Pieridae","Butterflies"
"Callophrys polios","Hoary Elfin","Lycaenidae","Butterflies"
"Hylephila phyleus","Fiery Skipper","Hesperiidae","Butterflies"
"Poanes zabulon","Zabulon Skipper","Hesperiidae","Butterflies"
"Papilio palamedes","Palamedes Swallowtail","Papilionidae","Butterflies"
"Erora laeta","Early Hairstreak","Lycaenidae","Butterflies"
"Satyrium caryaevorus","null","Lycaenidae","Butterflies"
"Lethe creola","Creole Pearly-Eye","Nymphalidae","Butterflies"
"Euphydryas phaeton","Baltimore Checkerspot","Nymphalidae","Butterflies"
"Satyrium calanus","Banded Hairstreak","Lycaenidae","Butterflies"
"Euphyes vestris","Dun Skipper","Hesperiidae","Butterflies"
"Eurytides marcellus","Zebra Swallowtail","Papilionidae","Butterflies"
"Limenitis arthemis","Red-Spotted Admiral","Nymphalidae","Butterflies"
"Hermeuptychia hermes","Little Wood Satyr","Nymphalidae","Butterflies"
"Polygonia comma","Eastern Comma","Nymphalidae","Butterflies"
"Satyrium liparops","Striped Hairstreak","Lycaenidae","Butterflies"
"Boloria selene","Silver-Bordered Fritillary","Nymphalidae","Butterflies"
"Autochton cellus","Golden Banded-Skipper","Hesperiidae","Butterflies"
"Atrytone logan","Delaware Skipper","Hesperiidae","Butterflies"
"Nathalis iole","Dainty Sulphur","Pieridae","Butterflies"
"Everes comyntas","Eastern Tailed-Blue","Lycaenidae","Butterflies"
"Colias cesonia","Southern Dogface","Pieridae","Butterflies"
"Poanes aaroni","Aaron's Skipper","Hesperiidae","Butterflies"
"Amblyscirtes vialis","Common Roadside-Skipper","Hesperiidae","Butterflies"
"Carterocephalus palaemon","Arctic Skipper","Hesperiidae","Butterflies"
"Lethe anthedon","Northern Pearly-Eye","Nymphalidae","Butterflies"
"Battus philenor","Pipevine Swallowtail","Papilionidae","Butterflies"
"Speyeria aphrodite","Aphrodite Fritillary","Nymphalidae","Butterflies"
"Callophrys gryneus","Juniper Hairstreak","Lycaenidae","Butterflies"
"Plebejus melissa","Melissa Blue","Lycaenidae","Butterflies"
"Limenitis archippus","Viceroy","Nymphalidae","Butterflies"
"Polygonia progne","Gray Comma","Nymphalidae","Butterflies"
"Nastra lherminier","Swarthy Skipper","Hesperiidae","Butterflies"
"Phoebis sennae","Cloudless Sulphur","Pieridae","Butterflies"
"Pompeius verna","Little Glassywing","Hesperiidae","Butterflies"
"Nymphalis vaualbum","Compton Tortoiseshell","Nymphalidae","Butterflies"
"Amblyscirtes hegon","Pepper And Salt Skipper","Hesperiidae","Butterflies"
"Callophrys augustus","null","Lycaenidae","Butterflies"
"Hesperia sassacus","Indian Skipper","Hesperiidae","Butterflies"
"Asterocampa clyton","Tawny Emperor","Nymphalidae","Butterflies"
"Epargyreus clarus","Silver-Spotted Skipper","Hesperiidae","Butterflies"
"Chlosyne nycteis","Silvery Checkerspot","Nymphalidae","Butterflies"
"Colias eurytheme","Orange Sulphur","Pieridae","Butterflies"
"Hesperia metea","Cobweb Skipper","Hesperiidae","Butterflies"
"Lerema accius","Clouded Skipper","Hesperiidae","Butterflies"
"Speyeria atlantis","Atlantis Fritillary","Nymphalidae","Butterflies"
"Euphyes bimacula","Two-Spotted Skipper","Hesperiidae","Butterflies"
"Erynnis persius","Persius Dusky-Wing","Hesperiidae","Butterflies"
"Glaucopsyche lygdamus","Silvery Blue","Lycaenidae","Butterflies"
"Ascia monuste","Great Southern White","Pieridae","Butterflies"
"Erynnis martialis","Mottled Duskywing","Hesperiidae","Butterflies"
"Amblyscirtes carolina","Carolina Roadside-Skipper","Hesperiidae","Butterflies"
"Celastrina argiolus","Spring/Summer Azure","Lycaenidae","Butterflies"
"Pyrgus baptisiae","null","Hesperiidae","Butterflies"
"Calycopis cecrops","Red-Banded Hairstreak","Lycaenidae","Butterflies"
"Pyrgus communis","Common Checkered-Skipper","Hesperiidae","Butterflies"
"Callophrys henrici","Henry's Elfin","Lycaenidae","Butterflies"
"Pieris protodice","null","Pieridae","Butterflies"
"Satyrium acadica","Acadian Hairstreak","Lycaenidae","Butterflies"
"Wallengrenia otho","Southern Broken-Dash","Hesperiidae","Butterflies"
"Callophrys hesseli","Hessel's Hairstreak","Lycaenidae","Butterflies"
"Neonympha areolata","Georgia Satyr","Nymphalidae","Butterflies"
"Coenonympha tullia","Common Ringlet","Nymphalidae","Butterflies"
"Calephelis borealis","Northern Metalmark","Riodinidae","Butterflies"
"Polites vibex","Whirlabout","Hesperiidae","Butterflies"
"Agraulis vanillae","Gulf Fritillary","Nymphalidae","Butterflies"
"Callophrys irus","Frosted Elfin","Lycaenidae","Butterflies"
"Harkenclenus titus","Coral Hairstreak","Lycaenidae","Butterflies"
"Lycaena phlaes","null","Lycaenidae","Butterflies"
"Urbanus proteus","Long-Tailed Skipper","Hesperiidae","Butterflies"
"Libytheana carinenta","American Snout","Nymphalidae","Butterflies"
"Phoebis philea","Orange-Barred Sulphur","Pieridae","Butterflies"
"Atalopedes campestris","Sachem","Hesperiidae","Butterflies"
"Erynnis juvenalis","Juvenal's Duskywing","Hesperiidae","Butterflies"
"Thorybes pylades","Northern Cloudywing","Hesperiidae","Butterflies"
"Speyeria idalia","Regal Fritillary","Nymphalidae","Butterflies"
"Megisto cymela","Little Wood-Satyr","Nymphalidae","Butterflies"
"Ochlodes snowi","null","Hesperiidae","Butterflies"
"Poanes massasoit","Mulberry Wing","Hesperiidae","Butterflies"
"Thorybes confusis","Confused Cloudywing","Hesperiidae","Butterflies"
"Vanessa cardui","Painted Lady","Nymphalidae","Butterflies"
"Eurema lisa","Little Yellow","Pieridae","Butterflies"
"Polites mystic","Long Dash","Hesperiidae","Butterflies"
"Cercyonis pegala","Common Wood-Nymph","Nymphalidae","Butterflies"
"Colias philodice","Clouded Sulphur","Pieridae","Butterflies"
"Boloria bellona","Meadow Fritillary","Nymphalidae","Butterflies"
"Eurema nicippe","Sleepy Orange","Pieridae","Butterflies"
"Atrytone arogos","Arogos Skipper","Hesperiidae","Butterflies"
"Lethe eurydice","Eyed Brown","Nymphalidae","Butterflies"
"Erynnis horatius","Horace's Duskywing","Hesperiidae","Butterflies"
"Achalarus lyciades","Hoary Edge","Hesperiidae","Butterflies"
"Polygonia interrogationis","Question Mark","Nymphalidae","Butterflies"
"Asterocampa celtis","Hackberry Emperor","Nymphalidae","Butterflies"
"Lycaena hyllus","Bronze Copper","Lycaenidae","Butterflies"
"Lycaena epixanthe","Bog Copper","Lycaenidae","Butterflies"
"Poanes viator","Broad-Winged Skipper","Hesperiidae","Butterflies"
"Polites themistocles","Tawny-Edged Skipper","Hesperiidae","Butterflies"
"Phyciodes tharos","Pearl Crescent","Nymphalidae","Butterflies"
"Vanessa atalanta","Red Admiral","Nymphalidae","Butterflies"
"Wallengrenia egeremet","Northern Broken-Dash","Hesperiidae","Butterflies"
"Bombus fraternus","Southern Plains Bumble Bee","Apidae","Bumblebees"
"Bombus auricomus","Black And Gold Bumble Bee","Apidae","Bumblebees"
"Bombus terricola","Yellowbanded Bumble Bee","Apidae","Bumblebees"
"Bombus ternarius","Tri-Colored Bumble Bee","Apidae","Bumblebees"
"Bombus fervidus","Yellow Bumble Bee","Apidae","Bumblebees"
"Bombus variabilis","Yellow-Faced Bumblebee","Apidae","Bumblebees"
"Bombus pensylvanicus","American Bumble Bee","Apidae","Bumblebees"
"Bombus flavidus","Fernald Cuckoo Bumble Bee","Apidae","Bumblebees"
"Bombus affinis","Rusty-Patched Bumblebee","Apidae","Bumblebees"
"Bombus impatiens","Indiscriminate Cuckoo Bumble Bee","Apidae","Bumblebees"
"Bombus bimaculatus","Two-Spotted Bumble Bee","Apidae","Bumblebees"
"Bombus sandersoni","Sanderson Bumble Bee","Apidae","Bumblebees"
"Bombus griseocollis","Brown-Belted Bumble Bee","Apidae","Bumblebees"
"Bombus rufocinctus","Sanderson's Bumble Bee","Apidae","Bumblebees"
"Bombus vagans","Half-Black Bumble Bee","Apidae","Bumblebees"
"Bombus bohemicus","Barbut's Cuckoo-Bee","Apidae","Bumblebees"
"Bombus perplexus","Red-Belted Bumble Bee","Apidae","Bumblebees"
"Bombus citrinus","Indiscriminate Cuckoo Bumble Bee","Apidae","Bumblebees"
"Bombus borealis","Northern Amber Bumble Bee","Apidae","Bumblebees"
"Nehalennia irene","Sedge Sprite","Coenagrionidae","Dragonflies"
"Anax junius","Green Darner","Aeshnidae","Dragonflies"
"Tachopteryx thoreyi","Gray Petaltail","Petaluridae","Dragonflies"
"Calopteryx amata","Superb Jewelwing","Calopterygidae","Dragonflies"
"Brachymesia gravida","Four-Spotted Pennant","Libellulidae","Dragonflies"
"Epitheca costalis","Slender Baskettail","Corduliidae","Dragonflies"
"Somatochlora kennedyi","Kennedy's Emerald","Corduliidae","Dragonflies"
"Lestes dryas","Scarce Emerald Damselfly","Lestidae","Dragonflies"
"Gomphus spicatus","Dusky Clubtail","Gomphidae","Dragonflies"
"Nasiaeschna pentacantha","Cyrano Darner","Aeshnidae","Dragonflies"
"Somatochlora tenebrosa","Clamp-Tipped Emerald","Corduliidae","Dragonflies"
"Cordulegaster maculata","Twin-Spotted Spiketail","Cordulegastridae","Dragonflies"
"Ladona deplanata","Blue Corporal","Libellulidae","Dragonflies"
"Rhionaeschna mutata","Spatterdock Darner","Aeshnidae","Dragonflies"
"Epiaeschna heros","Swamp Darner","Aeshnidae","Dragonflies"
"Enallagma basidens","Double-Striped Bluet","Coenagrionidae","Dragonflies"
"Gomphus lividus","Ashy Clubtail","Gomphidae","Dragonflies"
"Argia bipunctulata","Seepage Dancer","Coenagrionidae","Dragonflies"
"Tramea onusta","Red Saddlebags","Libellulidae","Dragonflies"
"Libellula axilena","Bar-Winged Skimmer","Libellulidae","Dragonflies"
"Celithemis elisa","Calico Pennant","Libellulidae","Dragonflies"
"Aeshna interrupta","Variable Darner","Aeshnidae","Dragonflies"
"Progomphus obscurus","Common Sanddragon","Gomphidae","Dragonflies"
"Somatochlora williamsoni","Williamson's Emerald","Corduliidae","Dragonflies"
"Gomphus ventricosus","Skillet Clubtail","Gomphidae","Dragonflies"
"Aeshna subarctica","Subarctic Darner","Aeshnidae","Dragonflies"
"Dorocordulia libera","Racket-Tailed Emerald","Corduliidae","Dragonflies"
"Gomphus descriptus","Harpoon Clubtail","Gomphidae","Dragonflies"
"Celithemis fasciata","Banded Pennant","Libellulidae","Dragonflies"
"Argia tibialis","Blue-Tipped Dancer","Coenagrionidae","Dragonflies"
"Libellula quadrimaculata","Four-Spotted Chaser","Libellulidae","Dragonflies"
"Epitheca cynosura","Common Baskettail","Corduliidae","Dragonflies"
"Epitheca spinigera","Spiny Baskettail","Corduliidae","Dragonflies"
"Aeshna clepsydra","Mottled Darner","Aeshnidae","Dragonflies"
"Somatochlora filosa","Fine-Lined Emerald","Corduliidae","Dragonflies"
"Lestes eurinus","Amber-Winged Spreadwing","Lestidae","Dragonflies"
"Enallagma durum","Big Bluet","Coenagrionidae","Dragonflies"
"Macromia alleghaniensis","Allegheny River Cruiser","Corduliidae","Dragonflies"
"Tramea lacerata","Black Saddlebags","Libellulidae","Dragonflies"
"Nehalennia gracilis","Sphagnum Sprite","Coenagrionidae","Dragonflies"
"Gomphaeschna furcillata","Harlequin Darner","Aeshnidae","Dragonflies"
"Enallagma traviatum","Slender Bluet","Coenagrionidae","Dragonflies"
"Celithemis ornata","Ornate Pennant","Libellulidae","Dragonflies"
"Neurocordulia yamaskanensis","Stygian Shadowdragon","Corduliidae","Dragonflies"
"Lanthus vernalis","Southern Pygmy Clubtail","Gomphidae","Dragonflies"
"Pantala flavescens","Wandering Glider","Libellulidae","Dragonflies"
"Enallagma exsulans","Stream Bluet","Coenagrionidae","Dragonflies"
"Leucorrhinia hudsonica","Hudsonian Whiteface","Libellulidae","Dragonflies"
"Enallagma hageni","Hagen's Bluet","Coenagrionidae","Dragonflies"
"Cordulegaster diastatops","Delta-Spotted Spiketail","Cordulegastridae","Dragonflies"
"Gomphus viridifrons","Green-Faced Clubtail","Gomphidae","Dragonflies"
"Gomphus borealis","Beaverpond Clubtail","Gomphidae","Dragonflies"
"Enallagma boreale","Boreal Bluet","Coenagrionidae","Dragonflies"
"Somatochlora georgiana","Coppery Emerald","Corduliidae","Dragonflies"
"Ischnura posita","Fragile Forktail","Coenagrionidae","Dragonflies"
"Ophiogomphus anomalus","Extra-Striped Snaketail","Gomphidae","Dragonflies"
"Lestes rectangularis","Slender Spreadwing","Lestidae","Dragonflies"
"Sympetrum ambiguum","Blue-Faced Meadowhawk","Libellulidae","Dragonflies"
"Ischnura kellicotti","Lilypad Forktail","Coenagrionidae","Dragonflies"
"Stylurus plagiatus","Russet-Tipped Clubtail","Gomphidae","Dragonflies"
"Ischnura ramburii","Rambur's Forktail","Coenagrionidae","Dragonflies"
"Sympetrum semicinctum","Band-Winged Meadowhawk","Libellulidae","Dragonflies"
"Argia fumipennis","Variable Dancer","Coenagrionidae","Dragonflies"
"Enallagma pictum","Scarlet Bluet","Coenagrionidae","Dragonflies"
"Epitheca spinosa","Robust Baskettail","Corduliidae","Dragonflies"
"Arigomphus furcifer","Lilypad Clubtail","Gomphidae","Dragonflies"
"Stylogomphus albistylus","Eastern Least Clubtail","Gomphidae","Dragonflies"
"Cordulegaster erronea","Tiger Spiketail","Cordulegastridae","Dragonflies"
"Sympetrum costiferum","Saffron-Winged Meadowhawk","Libellulidae","Dragonflies"
"Leucorrhinia glacialis","Crimson-Ringed Whiteface","Libellulidae","Dragonflies"
"Libellula semifasciata","Painted Skimmer","Libellulidae","Dragonflies"
"Neurocordulia obsoleta","Umber Shadowdragon","Corduliidae","Dragonflies"
"Libellula auripennis","Golden-Winged Skimmer","Libellulidae","Dragonflies"
"Ophiogomphus aspersus","Brook Snaketail","Gomphidae","Dragonflies"
"Libellula luctuosa","Widow Skimmer","Libellulidae","Dragonflies"
"Arigomphus villosipes","Unicorn Clubtail","Gomphidae","Dragonflies"
"Gomphus abbreviatus","Spine-Crowned Clubtail","Gomphidae","Dragonflies"
"Gomphus quadricolor","Rapids Clubtail","Gomphidae","Dragonflies"
"Libellula pulchella","Twelve-Spotted Skimmer","Libellulidae","Dragonflies"
"Lestes vigilax","Swamp Spreadwing","Lestidae","Dragonflies"
"Gomphus septima","Septima's Clubtail Dragonfly","Gomphidae","Dragonflies"
"Dromogomphus spinosus","Black-Shouldered Spinyleg","Gomphidae","Dragonflies"
"Erythrodiplax berenice","Seaside Dragonlet","Libellulidae","Dragonflies"
"Calopteryx dimidiata","Sparkling Jewelwing","Calopterygidae","Dragonflies"
"Calopteryx aequabilis","River Jewelwing","Calopterygidae","Dragonflies"
"Argia sedula","Blue-Ringed Dancer","Coenagrionidae","Dragonflies"
"Enallagma civile","Familiar Bluet","Coenagrionidae","Dragonflies"
"Cordulegaster bilineata","Brown Spiketail","Cordulegastridae","Dragonflies"
"Celithemis verna","Double-Ringed Pennant","Libellulidae","Dragonflies"
"Celithemis martha","Martha's Pennant","Libellulidae","Dragonflies"
"Boyeria vinosa","Fawn Darner","Aeshnidae","Dragonflies"
"Ischnura verticalis","Eastern Forktail","Coenagrionidae","Dragonflies"
"Enallagma vesperum","Vesper Bluet","Coenagrionidae","Dragonflies"
"Cordulia shurtleffi","American Emerald","Corduliidae","Dragonflies"
"Libellula incesta","Slaty Skimmer","Libellulidae","Dragonflies"
"Epitheca canis","Beaverpond Baskettail","Corduliidae","Dragonflies"
"Telebasis byersi","Duckweed Firetail","Coenagrionidae","Dragonflies"
"Argia apicalis","Blue-Fronted Dancer","Coenagrionidae","Dragonflies"
"Dorocordulia lepida","Petite Emerald","Corduliidae","Dragonflies"
"Ophiogomphus rupinsulensis","Rusty Snaketail","Gomphidae","Dragonflies"
"Argia translata","Dusky Dancer","Coenagrionidae","Dragonflies"
"Aeshna tuberculifera","Black-Tipped Darner","Aeshnidae","Dragonflies"
"Macromia taeniolata","Royal River Cruiser","Corduliidae","Dragonflies"
"Enallagma laterale","New England Bluet","Coenagrionidae","Dragonflies"
"Aeshna constricta","Lance-Tipped Darner","Aeshnidae","Dragonflies"
"Gomphaeschna antilope","Taper-Tailed Darner","Aeshnidae","Dragonflies"
"Erythrodiplax minuscula","Little Blue Dragonlet","Libellulidae","Dragonflies"
"Enallagma aspersum","Azure Bluet","Coenagrionidae","Dragonflies"
"Lestes disjunctus","Northern Spreadwing","Lestidae","Dragonflies"
"Nehalennia integricollis","Southern Sprite","Coenagrionidae","Dragonflies"
"Macromia illinoiensis","Swift River Cruiser","Corduliidae","Dragonflies"
"Lanthus parvulus","Northern Pygmy Clubtail","Gomphidae","Dragonflies"
"Chromagrion conditum","Aurora Damsel","Coenagrionidae","Dragonflies"
"Stylurus spiniceps","Arrow Clubtail","Gomphidae","Dragonflies"
"Gomphus rogersi","Sable Clubtail","Gomphidae","Dragonflies"
"Nannothemis bella","Elfin Skimmer","Libellulidae","Dragonflies"
"Enallagma weewa","Blackwater Bluet","Coenagrionidae","Dragonflies"
"Stylurus laurae","Laura's Clubtail","Gomphidae","Dragonflies"
"Amphiagrion saucium","Eastern Red Damsel","Coenagrionidae","Dragonflies"
"Enallagma signatum","Orange Bluet","Coenagrionidae","Dragonflies"
"Boyeria grafiana","Ocellated Darner","Aeshnidae","Dragonflies"
"Gomphus apomyius","Banner Clubtail","Gomphidae","Dragonflies"
"Ophiogomphus carolus","Riffle Snaketail","Gomphidae","Dragonflies"
"Somatochlora elongata","Ski-Tipped Emerald","Corduliidae","Dragonflies"
"Ischnura hastata","Citrine Forktail","Coenagrionidae","Dragonflies"
"Basiaeschna janata","Springtime Darner","Aeshnidae","Dragonflies"
"Tramea calverti","Striped Saddlebags","Libellulidae","Dragonflies"
"Erythemis simplicicollis","Eastern Pondhawk","Libellulidae","Dragonflies"
"Leucorrhinia intacta","Dot-Tailed Whiteface","Libellulidae","Dragonflies"
"Libellula needhami","Needham's Skimmer","Libellulidae","Dragonflies"
"Gomphus fraternus","Midland Clubtail","Gomphidae","Dragonflies"
"Enallagma carunculatum","Tule Bluet","Coenagrionidae","Dragonflies"
"Pantala hymenaea","Spot-Winged Glider","Libellulidae","Dragonflies"
"Aeshna verticalis","Green-Striped Darner","Aeshnidae","Dragonflies"
"Helocordulia uhleri","Uhler's Sundragon","Corduliidae","Dragonflies"
"Enallagma daeckii","Attenuated Bluet","Coenagrionidae","Dragonflies"
"Epitheca princeps","Prince Baskettail","Corduliidae","Dragonflies"
"Helocordulia selysii","Selys' Sundragon","Corduliidae","Dragonflies"
"Somatochlora linearis","Mocha Emerald","Corduliidae","Dragonflies"
"Ladona julia","Chalk-Fronted Corporal","Libellulidae","Dragonflies"
"Lestes unguiculatus","Lyre-Tipped Spreadwing","Lestidae","Dragonflies"
"Leucorrhinia frigida","Frosted Whiteface","Libellulidae","Dragonflies"
"Sympetrum internum","Cherry-Faced Meadowhawk","Libellulidae","Dragonflies"
"Calopteryx maculata","Ebony Jewelwing","Calopterygidae","Dragonflies"
"Stylurus amnicola","Riverine Clubtail","Gomphidae","Dragonflies"
"Hetaerina americana","American Rubyspot","Calopterygidae","Dragonflies"
"Cordulegaster obliqua","Arrowhead Spiketail","Cordulegastridae","Dragonflies"
"Plathemis lydia","Common Whitetail","Libellulidae","Dragonflies"
"Williamsonia fletcheri","Ebony Boghaunter","Corduliidae","Dragonflies"
"Somatochlora provocans","Treetop Emerald","Corduliidae","Dragonflies"
"Archilestes grandis","Great Spreadwing","Lestidae","Dragonflies"
"Enallagma recurvatum","Barrens Bluet Damselfly","Coenagrionidae","Dragonflies"
"Somatochlora walshii","Brush-Tipped Emerald","Corduliidae","Dragonflies"
"Sympetrum corruptum","Variegated Meadowhawk","Libellulidae","Dragonflies"
"Aeshna canadensis","Canada Darner","Aeshnidae","Dragonflies"
"Sympetrum vicinum","Autumn Meadowhawk","Libellulidae","Dragonflies"
"Lestes inaequalis","Elegant Spreadwing","Lestidae","Dragonflies"
"Gomphus adelphus","Mustached Clubtail","Gomphidae","Dragonflies"
"Libellula cyanea","Spangled Skimmer","Libellulidae","Dragonflies"
"Anax longipes","Comet Darner","Aeshnidae","Dragonflies"
"Ophiogomphus mainensis","Maine Snaketail","Gomphidae","Dragonflies"
"Perithemis tenera","Eastern Amberwing","Libellulidae","Dragonflies"
"Enallagma ebrium","Marsh Bluet","Coenagrionidae","Dragonflies"
"Epitheca semiaquea","Mantled Baskettail","Corduliidae","Dragonflies"
"Sympetrum obtrusum","White-Faced Meadowhawk","Libellulidae","Dragonflies"
"Somatochlora forcipata","Forcipate Emerald","Corduliidae","Dragonflies"
"Enallagma divagans","Turquoise Bluet","Coenagrionidae","Dragonflies"
"Coenagrion resolutum","Taiga Bluet","Coenagrionidae","Dragonflies"
"Lestes congener","Spotted Spreadwing","Lestidae","Dragonflies"
"Ladona exusta","White Corporal","Libellulidae","Dragonflies"
"Enallagma annexum","Northern Bluet","Coenagrionidae","Dragonflies"
"Lestes australis","Southern Spreadwing","Lestidae","Dragonflies"
"Pachydiplax longipennis","Blue Dasher","Libellulidae","Dragonflies"
"Somatochlora cingulata","Lake Emerald","Corduliidae","Dragonflies"
"Lestes forcipatus","Sweetflag Spreadwing","Lestidae","Dragonflies"
"Gomphus exilis","Lancet Clubtail","Gomphidae","Dragonflies"
"Celithemis eponina","Halloween Pennant","Libellulidae","Dragonflies"
"Stylurus scudderi","Zebra Clubtail","Gomphidae","Dragonflies"
"Aeshna umbrosa","Shadow Darner","Aeshnidae","Dragonflies"
"Leucorrhinia proxima","Belted Whiteface","Libellulidae","Dragonflies"
"Argia moesta","Powdered Dancer","Coenagrionidae","Dragonflies"
"Gomphus vastus","Cobra Clubtail","Gomphidae","Dragonflies"
"Enallagma geminatum","Skimming Bluet","Coenagrionidae","Dragonflies"
"Sympetrum rubicundulum","Ruby Meadowhawk","Libellulidae","Dragonflies"
"Tramea carolina","Carolina Saddlebags","Libellulidae","Dragonflies"
"Libellula vibrans","Great Blue Skimmer","Libellulidae","Dragonflies"
"Hagenius brevistylus","Dragonhunter","Gomphidae","Dragonflies"
"Libellula flavida","Yellow-Sided Skimmer","Libellulidae","Dragonflies"
"Nyssa sylvatica","Black Tupelo","Cornaceae","Trees"
"Ilex verticillata","Virginia Winterberry","Aquifoliaceae","Trees"
"Tilia americana","American Basswood","Malvaceae","Trees"
"Amelanchier arborea","Downy Serviceberry","Rosaceae","Trees"
"Carpinus caroliniana","American Hornbeam","Betulaceae","Trees"
"Quercus coccinea","Scarlet Oak","Fagaceae","Trees"
"Salix exigua","Sandbar Willow","Salicaceae","Trees"
"Corylus cornuta","Beaked Hazelnut","Betulaceae","Trees"
"Viburnum lentago","Nannyberry","Adoxaceae","Trees"
"Populus balsamifera","Balsam Poplar","Salicaceae","Trees"
"Salix lucida","Shining Willow","Salicaceae","Trees"
"Acer saccharum","Sugar Maple","Sapindaceae","Trees"
"Alnus serrulata","Hazel Alder","Betulaceae","Trees"
"Sassafras albidum","White Sassafras","Lauraceae","Trees"
"Salix discolor","American Pussy Willow","Salicaceae","Trees"
"Alnus rugosa","Speckled Alder","Betulaceae","Trees"
"Euonymus atropurpureus","Wahoo","Celastraceae","Trees"
"Cornus racemosa","Panicled Dogwood","Cornaceae","Trees"
"Liriodendron tulipifera","Tulip-Tree","Magnoliaceae","Trees"
"Quercus macrocarpa","Mossy-Cup Oak","Fagaceae","Trees"
"Carya tomentosa","Mockernut Hickory","Juglandaceae","Trees"
"Prunus americana","American Plum","Rosaceae","Trees"
"Myrica cerifera","Bayberry","Myricaceae","Trees"
"Carya laciniosa","Shellbark Hickory","Juglandaceae","Trees"
"Acer rubrum","Red Maple","Sapindaceae","Trees"
"Juglans cinerea","White Walnut","Juglandaceae","Trees"
"Quercus alba","White Oak","Fagaceae","Trees"
"Pinus resinosa","Red Pine","Pinaceae","Trees"
"Fraxinus nigra","Black Ash","Oleaceae","Trees"
"Zanthoxylum americanum","Toothachetree","Rutaceae","Trees"
"Quercus phellos","Willow Oak","Fagaceae","Trees"
"Prunus virginiana","Chokecherry","Rosaceae","Trees"
"Baccharis halimifolia","Tree Groundsel","Compositae","Trees"
"Aralia spinosa","Hercules'-Club","Araliaceae","Trees"
"Cephalanthus occidentalis","Common Buttonbush","Rubiaceae","Trees"
"Quercus rubra","Red Oak","Fagaceae","Trees"
"Ilex laevigata","Smooth Winterberry","Aquifoliaceae","Trees"
"Prunus serotina","Black Cherry","Rosaceae","Trees"
"Pinus rigida","Pitch Pine","Pinaceae","Trees"
"Liquidambar styraciflua","Sweet-Gum","Altingiaceae","Trees"
"Chionanthus virginicus","Fringetree","Oleaceae","Trees"
"Cornus rugosa","Round-Leaf Dogwood","Cornaceae","Trees"
"Carya pallida","Sand Hickory","Juglandaceae","Trees"
"Sorbus americana","American Mountain-Ash","Rosaceae","Trees"
"Taxus canadensis","Canadian Yew","Taxaceae","Trees"
"Picea mariana","Black Spruce","Pinaceae","Trees"
"Quercus velutina","Black Oak","Fagaceae","Trees"
"Tsuga canadensis","Eastern Hemlock","Pinaceae","Trees"
"Toxicodendron vernix","Poison Sumac","Anacardiaceae","Trees"
"Quercus nigra","Water Oak","Fagaceae","Trees"
"Ulmus rubra","Slippery Elm","Ulmaceae","Trees"
"Betula populifolia","Fire Birch","Betulaceae","Trees"
"Cornus alternifolia","Pagoda Dogwood","Cornaceae","Trees"
"Myrica heterophylla","Evergreen Bayberry","Myricaceae","Trees"
"Fagus grandifolia","American Beech","Fagaceae","Trees"
"Betula papyrifera","Paper Birch","Betulaceae","Trees"
"Rhododendron maximum","Rose Bay","Ericaceae","Trees"
"Fraxinus pennsylvanica","Red Ash","Oleaceae","Trees"
"Abies balsamea","Canada Balsam","Pinaceae","Trees"
"Juglans nigra","Black Walnut","Juglandaceae","Trees"
"Ilex montana","Mountain Winterberry","Aquifoliaceae","Trees"
"Acer pensylvanicum","Goosefoot","Sapindaceae","Trees"
"Quercus marilandica","Blackjack Oak","Fagaceae","Trees"
"Quercus palustris","Pin Oak","Fagaceae","Trees"
"Viburnum prunifolium","Black Haw","Adoxaceae","Trees"
"Quercus muehlenbergii","Chinkapin Oak","Fagaceae","Trees"
"Myrica pensylvanica","Swamp Candleberry","Myricaceae","Trees"
"Prunus angustifolia","Sand Plum","Rosaceae","Trees"
"Sambucus canadensis","Elderberry","Adoxaceae","Trees"
"Castanea dentata","American Chestnut","Fagaceae","Trees"
"Thuja occidentalis","Arborvitae","Cupressaceae","Trees"
"Salix petiolaris","Slender Willow","Salicaceae","Trees"
"Pinus strobus","Eastern White Pine","Pinaceae","Trees"
"Larix laricina","Tamarack Larch","Pinaceae","Trees"
"Diospyros virginiana","American Persimmon","Ebenaceae","Trees"
"Cornus stolonifera","Redosier","Cornaceae","Trees"
"Viburnum nudum","Possum-Haw Viburnum","Adoxaceae","Trees"
"Quercus prinus","Swamp Chestnut Oak","Fagaceae","Trees"
"Castanea pumila","Allegheny Chinkapin","Fagaceae","Trees"
"Ostrya virginiana","Ironwood","Betulaceae","Trees"
"Quercus stellata","Post Oak","Fagaceae","Trees"
"Acer spicatum","Moose Maple","Sapindaceae","Trees"
"Cercis canadensis","Eastern Redbud","Leguminosae","Trees"
"Celtis occidentalis","Hackberry","Cannabaceae","Trees"
"Quercus michauxii","Swamp Chestnut Oak","Fagaceae","Trees"
"Rhus typhina","Staghorn Sumac","Anacardiaceae","Trees"
"Carya cordiformis","Pignut","Juglandaceae","Trees"
"Viburnum trilobum","American Cranberrybush","Adoxaceae","Trees"
"Hamamelis virginiana","Witch-Hazel","Hamamelidaceae","Trees"
"Populus tremuloides","Quaking Aspen","Salicaceae","Trees"
"Rhus copallina","Flameleaf Sumac","Anacardiaceae","Trees"
"Chamaecyparis thyoides","Atlantic White Cypress","Cupressaceae","Trees"
"Juniperus virginiana","American Juniper","Cupressaceae","Trees"
"Acer saccharinum","Silver Maple","Sapindaceae","Trees"
"Amelanchier sanguinea","Huron Serviceberry","Rosaceae","Trees"
"Asimina triloba","Pawpaw","Annonaceae","Trees"
"Picea rubens","Red Spruce","Pinaceae","Trees"
"Quercus lyrata","Swamp Post Oak","Fagaceae","Trees"
"Ulmus americana","American Elm","Ulmaceae","Trees"
"Fraxinus americana","White Ash","Oleaceae","Trees"
"Staphylea trifolia","American Bladdernut","Staphyleaceae","Trees"
"Platanus occidentalis","Buttonwood","Platanaceae","Trees"
"Ulmus thomasii","Cork Elm","Ulmaceae","Trees"
"Rhus glabra","Smooth Sumac","Anacardiaceae","Trees"
"Quercus ilicifolia","Bear Oak","Fagaceae","Trees"
"Pinus taeda","Loblolly Pine","Pinaceae","Trees"
"Populus deltoides","Eastern Cottonwood","Salicaceae","Trees"
"Juniperus communis","Common Juniper","Cupressaceae","Trees"
"Prunus pensylvanica","Bird Cherry","Rosaceae","Trees"
"Populus grandidentata","Bigtooth Aspen","Salicaceae","Trees"
"Salix nigra","Black Willow","Salicaceae","Trees"
"Salix bebbiana","Gray Willow","Salicaceae","Trees"
"Populus heterophylla","Swamp Cottonwood","Salicaceae","Trees"
"Carya glabra","Sweet Pignut","Juglandaceae","Trees"
"Malus angustifolia","Southern Crab Apple","Rosaceae","Trees"
"Kalmia latifolia","Spoonwood","Ericaceae","Trees"
"Quercus falcata","Southern Red Oak","Fagaceae","Trees"
"Pinus serotina","Pond Pine","Pinaceae","Trees"
"Betula lenta","Sweet Birch","Betulaceae","Trees"
"Cornus florida","Flowering Dogwood","Cornaceae","Trees"
"Salix sericea","Silky Willow","Salicaceae","Trees"
"Ptelea trifoliata","Hoptree","Rutaceae","Trees"
"Carya ovata","Shagbark Hickory","Juglandaceae","Trees"
"Ilex opaca","American Holly","Aquifoliaceae","Trees"
"Pinus echinata","Shortleaf Pine","Pinaceae","Trees"
"Acer negundo","Ash-Leaf Maple","Sapindaceae","Trees"
"Acer nigrum","Black Maple","Sapindaceae","Trees"
"Pinus virginiana","Scrub Pine","Pinaceae","Trees"
"Pinus pungens","Table Mountain Pine","Pinaceae","Trees"
"Quercus bicolor","Swamp White Oak","Fagaceae","Trees"
"Magnolia virginiana","Sweet Bay","Magnoliaceae","Trees"
"Morus rubra","Red Mulberry","Moraceae","Trees"
"Betula nigra","River Birch","Betulaceae","Trees"
"Betula alleghaniensis","Yellow Birch","Betulaceae","Trees"
"Malus coronaria","Sweet Crab Apple","Rosaceae","Trees"
"Opuntia humifusa","Creeping-Pear","Cactaceae","Cacti"
"Picea mariana","Black Spruce","Pinaceae","Conifers"
"Taxus canadensis","Canadian Yew","Taxaceae","Conifers"
"Pinus virginiana","Scrub Pine","Pinaceae","Conifers"
"Pinus echinata","Shortleaf Pine","Pinaceae","Conifers"
"Pinus serotina","Pond Pine","Pinaceae","Conifers"
"Picea rubens","Red Spruce","Pinaceae","Conifers"
"Pinus strobus","Eastern White Pine","Pinaceae","Conifers"
"Larix laricina","Tamarack Larch","Pinaceae","Conifers"
"Juniperus virginiana","American Juniper","Cupressaceae","Conifers"
"Chamaecyparis thyoides","Atlantic White Cypress","Cupressaceae","Conifers"
"Juniperus communis","Common Juniper","Cupressaceae","Conifers"
"Pinus taeda","Loblolly Pine","Pinaceae","Conifers"
"Thuja occidentalis","Arborvitae","Cupressaceae","Conifers"
"Pinus rigida","Pitch Pine","Pinaceae","Conifers"
"Pinus resinosa","Red Pine","Pinaceae","Conifers"
"Abies balsamea","Canada Balsam","Pinaceae","Conifers"
"Taxodium distichum","Bald Cypress","Cupressaceae","Conifers"
"Tsuga canadensis","Eastern Hemlock","Pinaceae","Conifers"
