Downloaded from https://mol.org on Jun 20, 2022. Inclusive species list based on approximate intersections with Political boundary polygon for the North Dakota region. 


"Scientific Name","Common Name","Family","Taxonomic Group"
"Athene cunicularia","Burrowing Owl","Strigidae","Birds"
"Calidris minutilla","Least Sandpiper","Scolopacidae","Birds"
"Passer domesticus","House Sparrow","Passeridae","Birds"
"Pica hudsonia","Black-Billed Magpie","Corvidae","Birds"
"Calamospiza melanocorys","Lark Bunting","Emberizidae","Birds"
"Chondestes grammacus","Lark Sparrow","Emberizidae","Birds"
"Tympanuchus phasianellus","Sharp-Tailed Grouse","Phasianidae","Birds"
"Chen rossii","Ross's Goose","Anatidae","Birds"
"Vermivora chrysoptera","Golden-Winged Warbler","Parulidae","Birds"
"Ammodramus leconteii","Le Conte's Sparrow","Emberizidae","Birds"
"Ardea herodias","Great Blue Heron","Ardeidae","Birds"
"Cistothorus platensis","Sedge Wren","Troglodytidae","Birds"
"Actitis macularius","Spotted Sandpiper","Scolopacidae","Birds"
"Parula americana","Northern Parula","Parulidae","Birds"
"Porzana carolina","Sora","Rallidae","Birds"
"Dryocopus pileatus","Pileated Woodpecker","Picidae","Birds"
"Ammodramus nelsoni","Nelson's Sparrow","Emberizidae","Birds"
"Petrochelidon pyrrhonota","Cliff Swallow","Hirundinidae","Birds"
"Gallinago gallinago","Common Snipe","Scolopacidae","Birds"
"Catoptrophorus semipalmatus","Willet","Scolopacidae","Birds"
"Aythya marila","Greater Scaup","Anatidae","Birds"
"Catherpes mexicanus","Canyon Wren","Troglodytidae","Birds"
"Zenaida macroura","Mourning Dove","Columbidae","Birds"
"Asio flammeus","Short-Eared Owl","Strigidae","Birds"
"Hirundo rustica","Barn Swallow","Hirundinidae","Birds"
"Falco mexicanus","Prairie Falcon","Falconidae","Birds"
"Dendroica striata","Blackpoll Warbler","Parulidae","Birds"
"Wilsonia canadensis","Canada Warbler","Parulidae","Birds"
"Lanius excubitor","Great Grey Shrike","Laniidae","Birds"
"Megaceryle alcyon","Belted Kingfisher","Alcedinidae","Birds"
"Charadrius semipalmatus","Semipalmated Plover","Charadriidae","Birds"
"Eremophila alpestris","Horned Lark","Alaudidae","Birds"
"Accipiter striatus","Plain-Breasted Hawk","Accipitridae","Birds"
"Larus delawarensis","Ring-Billed Gull","Laridae","Birds"
"Mniotilta varia","Black-And-White Warbler","Parulidae","Birds"
"Empidonax minimus","Least Flycatcher","Tyrannidae","Birds"
"Molothrus ater","Brown-Headed Cowbird","Icteridae","Birds"
"Asio otus","Long-Eared Owl","Strigidae","Birds"
"Lophodytes cucullatus","Hooded Merganser","Anatidae","Birds"
"Lanius ludovicianus","Loggerhead Shrike","Laniidae","Birds"
"Chlidonias niger","Black Tern","Laridae","Birds"
"Hylocichla mustelina","Wood Thrush","Turdidae","Birds"
"Coccyzus americanus","Yellow-Billed Cuckoo","Cuculidae","Birds"
"Aythya collaris","Ring-Necked Duck","Anatidae","Birds"
"Cyanocitta cristata","Blue Jay","Corvidae","Birds"
"Empidonax flaviventris","Yellow-Bellied Flycatcher","Tyrannidae","Birds"
"Anas platyrhynchos","Mallard","Anatidae","Birds"
"Bubo virginianus","Great Horned Owl","Strigidae","Birds"
"Setophaga ruticilla","American Redstart","Parulidae","Birds"
"Calcarius ornatus","Chestnut-Collared Longspur","Emberizidae","Birds"
"Euphagus cyanocephalus","Brewer's Blackbird","Icteridae","Birds"
"Recurvirostra americana","American Avocet","Recurvirostridae","Birds"
"Aythya affinis","Lesser Scaup","Anatidae","Birds"
"Podiceps nigricollis","Black-Necked Grebe","Podicipedidae","Birds"
"Anas discors","Blue-Winged Teal","Anatidae","Birds"
"Seiurus aurocapilla","Ovenbird","Parulidae","Birds"
"Catharus guttatus","Hermit Thrush","Turdidae","Birds"
"Perdix perdix","Grey Partridge","Phasianidae","Birds"
"Dendroica coronata","Yellow-Rumped Warbler","Parulidae","Birds"
"Vermivora peregrina","Tennessee Warbler","Parulidae","Birds"
"Vireo olivaceus","Red-Eyed Vireo","Vireonidae","Birds"
"Botaurus lentiginosus","American Bittern","Ardeidae","Birds"
"Spizella passerina","Chipping Sparrow","Emberizidae","Birds"
"Calidris bairdii","Baird's Sandpiper","Scolopacidae","Birds"
"Contopus sordidulus","Western Wood-Pewee","Tyrannidae","Birds"
"Carpodacus purpureus","Purple Finch","Fringillidae","Birds"
"Geothlypis trichas","Common Yellowthroat","Parulidae","Birds"
"Anas americana","American Wigeon","Anatidae","Birds"
"Anas crecca","Common Teal","Anatidae","Birds"
"Passerculus sandwichensis","Savannah Sparrow","Emberizidae","Birds"
"Calcarius lapponicus","Lapland Longspur","Emberizidae","Birds"
"Buteo lagopus","Rough-Legged Buzzard","Accipitridae","Birds"
"Seiurus noveboracensis","Northern Waterthrush","Parulidae","Birds"
"Columba livia","Rock Dove","Columbidae","Birds"
"Bubo scandiaca","Snowy Owl","Strigidae","Birds"
"Melanitta fusca","White-Winged Scoter","Anatidae","Birds"
"Megascops asio","Eastern Screech Owl","Strigidae","Birds"
"Dendroica palmarum","Palm Warbler","Parulidae","Birds"
"Pheucticus melanocephalus","Black-Headed Grosbeak","Cardinalidae","Birds"
"Vermivora ruficapilla","Nashville Warbler","Parulidae","Birds"
"Icterus bullockii","Bullock's Oriole","Icteridae","Birds"
"Bucephala clangula","Common Goldeneye","Anatidae","Birds"
"Coccothraustes vespertinus","Evening Grosbeak","Fringillidae","Birds"
"Picoides pubescens","Downy Woodpecker","Picidae","Birds"
"Contopus cooperi","Olive-Sided Flycatcher","Tyrannidae","Birds"
"Buteo swainsoni","Swainson's Hawk","Accipitridae","Birds"
"Junco hyemalis","Dark-Eyed Junco","Emberizidae","Birds"
"Spizella pallida","Clay-Coloured Sparrow","Emberizidae","Birds"
"Calidris melanotos","Pectoral Sandpiper","Scolopacidae","Birds"
"Carduelis flammea","Common Redpoll","Fringillidae","Birds"
"Chen caerulescens","Snow Goose","Anatidae","Birds"
"Larus pipixcan","Franklin's Gull","Laridae","Birds"
"Calcarius pictus","Smith's Longspur","Emberizidae","Birds"
"Parkesia noveboracensis","Northern Waterthrush","Parulidae","Birds"
"Pipilo maculatus","Spotted Towhee","Emberizidae","Birds"
"Gymnorhinus cyanocephalus","Pinyon Jay","Corvidae","Birds"
"Oreoscoptes montanus","Sage Thrasher","Mimidae","Birds"
"Calcarius mccownii","Mccown's Longspur","Emberizidae","Birds"
"Mimus polyglottos","Northern Mockingbird","Mimidae","Birds"
"Anser albifrons","Greater White-Fronted Goose","Anatidae","Birds"
"Troglodytes aedon","House Wren","Troglodytidae","Birds"
"Cathartes aura","Turkey Vulture","Cathartidae","Birds"
"Carduelis hornemanni","Arctic Redpoll","Fringillidae","Birds"
"Chordeiles minor","Common Nighthawk","Caprimulgidae","Birds"
"Vireo solitarius","Solitary Vireo","Vireonidae","Birds"
"Ammodramus bairdii","Baird's Sparrow","Emberizidae","Birds"
"Oxyura jamaicensis","Ruddy Duck","Anatidae","Birds"
"Falco sparverius","American Kestrel","Falconidae","Birds"
"Pheucticus ludovicianus","Rose-Breasted Grosbeak","Cardinalidae","Birds"
"Buteo jamaicensis","Red-Tailed Hawk","Accipitridae","Birds"
"Cardinalis cardinalis","Common Cardinal","Cardinalidae","Birds"
"Dendroica tigrina","Cape May Warbler","Parulidae","Birds"
"Cygnus buccinator","Trumpeter Swan","Anatidae","Birds"
"Picoides dorsalis","American Three-Toed Woodpecker","Picidae","Birds"
"Aythya americana","Redhead","Anatidae","Birds"
"Fulica americana","American Coot","Rallidae","Birds"
"Phasianus colchicus","Common Pheasant","Phasianidae","Birds"
"Tympanuchus cupido","Greater Prairie-Chicken","Phasianidae","Birds"
"Parus atricapillus","Black-Capped Chickadee","Paridae","Birds"
"Agelaius phoeniceus","Red-Winged Blackbird","Icteridae","Birds"
"Butorides virescens","Green Heron","Ardeidae","Birds"
"Tyrannus verticalis","Western Kingbird","Tyrannidae","Birds"
"Meleagris gallopavo","Common Turkey","Phasianidae","Birds"
"Chaetura pelagica","Chimney Swift","Apodidae","Birds"
"Anas strepera","Gadwall","Anatidae","Birds"
"Coccyzus erythropthalmus","Black-Billed Cuckoo","Cuculidae","Birds"
"Colaptes auratus","Northern Flicker","Picidae","Birds"
"Catharus fuscescens","Veery","Turdidae","Birds"
"Passerina caerulea","Blue Grosbeak","Emberizidae","Birds"
"Mergus merganser","Goosander","Anatidae","Birds"
"Contopus virens","Eastern Wood-Pewee","Tyrannidae","Birds"
"Plectrophenax nivalis","Snow Bunting","Emberizidae","Birds"
"Fringilla montifringilla","Brambling","Fringillidae","Birds"
"Corvus brachyrhynchos","American Crow","Corvidae","Birds"
"Gavia immer","Common Loon","Gaviidae","Birds"
"Rallus limicola","Virginia Rail","Rallidae","Birds"
"Tyrannus tyrannus","Eastern Kingbird","Tyrannidae","Birds"
"Falco rusticolus","Gyr Falcon","Falconidae","Birds"
"Piranga ludoviciana","Western Tanager","Cardinalidae","Birds"
"Carduelis pinus","Pine Siskin","Fringillidae","Birds"
"Branta hutchinsii","Cackling Goose","Anatidae","Birds"
"Anthus spragueii","Sprague's Pipit","Motacillidae","Birds"
"Carduelis tristis","American Goldfinch","Fringillidae","Birds"
"Passerina cyanea","Indigo Bunting","Emberizidae","Birds"
"Stelgidopteryx serripennis","Northern Rough-Winged Swallow","Hirundinidae","Birds"
"Vireo philadelphicus","Philadelphia Vireo","Vireonidae","Birds"
"Circus cyaneus","Hen Harrier","Accipitridae","Birds"
"Loxia curvirostra","Red Crossbill","Fringillidae","Birds"
"Passerella iliaca","Fox Sparrow","Emberizidae","Birds"
"Centrocercus urophasianus","Sage Grouse","Phasianidae","Birds"
"Zonotrichia leucophrys","White-Crowned Sparrow","Emberizidae","Birds"
"Regulus calendula","Ruby-Crowned Kinglet","Reguliidae","Birds"
"Melospiza melodia","Song Sparrow","Emberizidae","Birds"
"Grus canadensis","Sandhill Crane","Gruidae","Birds"
"Tachycineta bicolor","Tree Swallow","Hirundinidae","Birds"
"Larus argentatus","Herring Gull","Laridae","Birds"
"Empidonax traillii","Willow Flycatcher","Tyrannidae","Birds"
"Sphyrapicus varius","Yellow-Bellied Sapsucker","Picidae","Birds"
"Myiarchus crinitus","Great Crested Flycatcher","Tyrannidae","Birds"
"Icterus spurius","Orchard Oriole","Icteridae","Birds"
"Spizella breweri","Brewer's Sparrow","Emberizidae","Birds"
"Xanthocephalus xanthocephalus","Yellow-Headed Blackbird","Icteridae","Birds"
"Toxostoma rufum","Brown Thrasher","Mimidae","Birds"
"Podilymbus podiceps","Pied-Billed Grebe","Podicipedidae","Birds"
"Euphagus carolinus","Rusty Blackbird","Icteridae","Birds"
"Surnia ulula","Northern Hawk Owl","Strigidae","Birds"
"Catharus minimus","Grey-Cheeked Thrush","Turdidae","Birds"
"Dendroica virens","Black-Throated Green Warbler","Parulidae","Birds"
"Calidris himantopus","Stilt Sandpiper","Scolopacidae","Birds"
"Sayornis saya","Say's Phoebe","Tyrannidae","Birds"
"Bombycilla cedrorum","Cedar Waxwing","Bombycillidae","Birds"
"Vermivora celata","Orange-Crowned Warbler","Parulidae","Birds"
"Rhynchophanes mccownii","Mccown's Longspur","Calcariidae","Birds"
"Grus americana","Whooping Crane","Gruidae","Birds"
"Sialia currucoides","Mountain Bluebird","Turdidae","Birds"
"Aythya valisineria","Canvasback","Anatidae","Birds"
"Salpinctes obsoletus","Rock Wren","Troglodytidae","Birds"
"Tringa flavipes","Lesser Yellow-Legs","Scolopacidae","Birds"
"Sitta canadensis","Red-Breasted Nuthatch","Sittidae","Birds"
"Phalaenoptilus nuttallii","Common Poorwill","Caprimulgidae","Birds"
"Tryngites subruficollis","Buff-Breasted Sandpiper","Scolopacidae","Birds"
"Spiza americana","Dickcissel","Cardinalidae","Birds"
"Nycticorax nycticorax","Black-Crowned Night-Heron","Ardeidae","Birds"
"Charadrius melodus","Piping Plover","Charadriidae","Birds"
"Anas clypeata","Northern Shoveler","Anatidae","Birds"
"Calidris pusilla","Semipalmated Sandpiper","Scolopacidae","Birds"
"Pelecanus erythrorhynchos","American White Pelican","Pelecanidae","Birds"
"Larus philadelphia","Bonaparte's Gull","Laridae","Birds"
"Accipiter cooperii","Cooper's Hawk","Accipitridae","Birds"
"Picoides arcticus","Black-Backed Woodpecker","Picidae","Birds"
"Aegolius acadicus","Northern Saw-Whet Owl","Strigidae","Birds"
"Pooecetes gramineus","Vesper Sparrow","Emberizidae","Birds"
"Sturnella neglecta","Western Meadowlark","Icteridae","Birds"
"Sitta carolinensis","White-Breasted Nuthatch","Sittidae","Birds"
"Limosa fedoa","Marbled Godwit","Scolopacidae","Birds"
"Bubulcus ibis","Cattle Egret","Ardeidae","Birds"
"Tringa solitaria","Solitary Sandpiper","Scolopacidae","Birds"
"Sturnus vulgaris","Common Starling","Sturnidae","Birds"
"Carpodacus mexicanus","House Finch","Fringillidae","Birds"
"Dendroica petechia","Yellow Warbler","Parulidae","Birds"
"Icterus galbula","Baltimore Oriole","Icteridae","Birds"
"Sterna forsteri","Forster's Tern","Laridae","Birds"
"Spizella arborea","American Tree Sparrow","Emberizidae","Birds"
"Progne subis","Purple Martin","Hirundinidae","Birds"
"Calidris alpina","Dunlin","Scolopacidae","Birds"
"Dendroica fusca","Blackburnian Warbler","Parulidae","Birds"
"Calidris fuscicollis","White-Rumped Sandpiper","Scolopacidae","Birds"
"Caprimulgus vociferus","Whip-Poor-Will","Caprimulgidae","Birds"
"Archilochus colubris","Ruby-Throated Hummingbird","Trochilidae","Birds"
"Aix sponsa","Wood Duck","Anatidae","Birds"
"Phalacrocorax auritus","Double-Crested Cormorant","Phalacrocoracidae","Birds"
"Quiscalus quiscula","Common Grackle","Icteridae","Birds"
"Spizella pusilla","Field Sparrow","Emberizidae","Birds"
"Melospiza georgiana","Swamp Sparrow","Emberizidae","Birds"
"Pandion haliaetus","Osprey","Accipitridae","Birds"
"Dolichonyx oryzivorus","Bobolink","Icteridae","Birds"
"Rallus elegans","King Rail","Rallidae","Birds"
"Pinicola enucleator","Pine Grosbeak","Fringillidae","Birds"
"Turdus migratorius","American Robin","Turdidae","Birds"
"Falco columbarius","Merlin","Falconidae","Birds"
"Vireo gilvus","Warbling Vireo","Vireonidae","Birds"
"Pluvialis dominica","American Golden-Plover","Charadriidae","Birds"
"Dumetella carolinensis","Gray Catbird","Mimidae","Birds"
"Casmerodius albus","Great Egret","Ardeidae","Birds"
"Catharus ustulatus","Swainson's Thrush","Turdidae","Birds"
"Empidonax alnorum","Alder Flycatcher","Tyrannidae","Birds"
"Charadrius vociferus","Kildeer","Charadriidae","Birds"
"Anas penelope","Eurasian Wigeon","Anatidae","Birds"
"Dendroica pensylvanica","Chestnut-Sided Warbler","Parulidae","Birds"
"Tachycineta thalassina","Violet-Green Swallow","Hirundinidae","Birds"
"Regulus satrapa","Golden-Crowned Kinglet","Reguliidae","Birds"
"Bartramia longicauda","Upland Sandpiper","Scolopacidae","Birds"
"Pipilo erythrophthalmus","Eastern Towhee","Emberizidae","Birds"
"Sterna antillarum","Least Tern","Laridae","Birds"
"Loxia leucoptera","White-Winged Crossbill","Fringillidae","Birds"
"Scolopax minor","American Woodcock","Scolopacidae","Birds"
"Icteria virens","Yellow-Breasted Chat","Parulidae","Birds"
"Zonotrichia albicollis","White-Throated Sparrow","Emberizidae","Birds"
"Anthus rubescens","Buff-Bellied Pipit","Motacillidae","Birds"
"Ammodramus savannarum","Grasshopper Sparrow","Emberizidae","Birds"
"Bucephala albeola","Bufflehead","Anatidae","Birds"
"Mergus serrator","Red-Breasted Merganser","Anatidae","Birds"
"Aechmophorus clarkii","Clark's Grebe","Podicipedidae","Birds"
"Troglodytes troglodytes","Winter Wren","Troglodytidae","Birds"
"Dendroica magnolia","Magnolia Warbler","Parulidae","Birds"
"Vireo bellii","Bell's Vireo","Vireonidae","Birds"
"Coturnicops noveboracensis","Yellow Rail","Rallidae","Birds"
"Dendroica aestiva","American Yellow Warbler","Parulidae","Birds"
"Sialia sialis","Eastern Bluebird","Turdidae","Birds"
"Sterna caspia","Caspian Tern","Laridae","Birds"
"Passerina amoena","Lazuli Bunting","Emberizidae","Birds"
"Melanerpes erythrocephalus","Red-Headed Woodpecker","Picidae","Birds"
"Larus californicus","California Gull","Laridae","Birds"
"Cistothorus palustris","Marsh Wren","Troglodytidae","Birds"
"Wilsonia pusilla","Wilson's Warbler","Parulidae","Birds"
"Podiceps auritus","Horned Grebe","Podicipedidae","Birds"
"Bombycilla garrulus","Bohemian Waxwing","Bombycillidae","Birds"
"Aegolius funereus","Boreal Owl","Strigidae","Birds"
"Ixobrychus exilis","Least Bittern","Ardeidae","Birds"
"Buteo platypterus","Broad-Winged Hawk","Accipitridae","Birds"
"Cygnus columbianus","Tundra Swan","Anatidae","Birds"
"Numenius americanus","Long-Billed Curlew","Scolopacidae","Birds"
"Certhia americana","American Creeper","Certhiidae","Birds"
"Buteo regalis","Ferruginous Hawk","Accipitridae","Birds"
"Sayornis phoebe","Eastern Phoebe","Tyrannidae","Birds"
"Egretta thula","Snowy Egret","Ardeidae","Birds"
"Steganopus tricolor","Wilson's Phalarope","Scolopacidae","Birds"
"Piranga olivacea","Scarlet Tanager","Cardinalidae","Birds"
"Vireo flavifrons","Yellow-Throated Vireo","Vireonidae","Birds"
"Melospiza lincolnii","Lincoln's Sparrow","Emberizidae","Birds"
"Tringa melanoleuca","Greater Yellowlegs","Scolopacidae","Birds"
"Oporornis philadelphia","Mourning Warbler","Parulidae","Birds"
"Accipiter gentilis","Goshawk","Accipitridae","Birds"
"Podiceps grisegena","Red-Necked Grebe","Podicipedidae","Birds"
"Dendroica castanea","Bay-Breasted Warbler","Parulidae","Birds"
"Haliaeetus leucocephalus","Bald Eagle","Accipitridae","Birds"
"Anas acuta","Northern Pintail","Anatidae","Birds"
"Aquila chrysaetos","Golden Eagle","Accipitridae","Birds"
"Riparia riparia","Sand Martin","Hirundinidae","Birds"
"Aechmophorus occidentalis","Western Grebe","Podicipedidae","Birds"
"Bonasa umbellus","Ruffed Grouse","Phasianidae","Birds"
"Picoides villosus","Hairy Woodpecker","Picidae","Birds"
"Branta canadensis","Canada Goose","Anatidae","Birds"
"Zonotrichia querula","Harris' Sparrow","Emberizidae","Birds"
"Limnodromus scolopaceus","Long-Billed Dowitcher","Scolopacidae","Birds"
"Sterna hirundo","Common Tern","Laridae","Birds"
"Onychomys leucogaster","Northern Grasshopper Mouse","Cricetidae","Mammals"
"Thomomys talpoides","Northern Pocket Gopher","Geomyidae","Mammals"
"Vulpes velox","Swift Fox","Canidae","Mammals"
"Mustela nivalis","Weasel","Mustelidae","Mammals"
"Marmota flaviventris","Yellow Bellied Marmot","Sciuridae","Mammals"
"Mustela erminea","Stoat","Mustelidae","Mammals"
"Perognathus fasciatus","Olive-Backed Pocket Mouse","Heteromyidae","Mammals"
"Microtus ochrogaster","Prairie Vole","Cricetidae","Mammals"
"Lontra canadensis","Northern River Otter","Mustelidae","Mammals"
"Canis latrans","Coyote","Canidae","Mammals"
"Zapus hudsonius","Meadow Jumping Mouse","Dipodidae","Mammals"
"Sorex merriami","Merriam's Shrew","Soricidae","Mammals"
"Lasionycteris noctivagans","Silver-Haired Bat","Vespertilionidae","Mammals"
"Sorex arcticus","Arctic Shrew","Soricidae","Mammals"
"Ursus americanus","American Black Bear","Ursidae","Mammals"
"Lasiurus cinereus","Hoary Bat","Vespertilionidae","Mammals"
"Synaptomys borealis","Northern Bog Lemming","Cricetidae","Mammals"
"Lasiurus blossevillii","Red Bat","Vespertilionidae","Mammals"
"Lepus townsendii","White Tailed Jackrabbit","Leporidae","Mammals"
"Sciurus niger","Fox Squirrel","Sciuridae","Mammals"
"Tamiasciurus hudsonicus","Red Squirrel","Sciuridae","Mammals"
"Myotis volans","Long Legged Myotis","Vespertilionidae","Mammals"
"Procyon lotor","Raccoon","Procyonidae","Mammals"
"Myotis ciliolabrum","Western Small Footed Myotis","Vespertilionidae","Mammals"
"Marmota monax","Woodchuck","Sciuridae","Mammals"
"Martes pennanti","Fisher","Mustelidae","Mammals"
"Glaucomys sabrinus","Northern Flying Squirrel","Sciuridae","Mammals"
"Alces alces","Eurasian Elk","Cervidae","Mammals"
"Peromyscus maniculatus","Deer Mouse","Cricetidae","Mammals"
"Sorex hoyi","Pygmy Shrew","Soricidae","Mammals"
"Sorex haydeni","Hayden's Shrew","Soricidae","Mammals"
"Mephitis mephitis","Striped Skunk","Mephitidae","Mammals"
"Erethizon dorsatum","North American Porcupine","Erethizontidae","Mammals"
"Eptesicus fuscus","Big Brown Bat","Vespertilionidae","Mammals"
"Reithrodontomys montanus","Plains Harvest Mouse","Cricetidae","Mammals"
"Myotis evotis","Long Eared Myotis","Vespertilionidae","Mammals"
"Ovis canadensis","Bighorn Sheep","Bovidae","Mammals"
"Ondatra zibethicus","Musk Rat","Cricetidae","Mammals"
"Castor canadensis","American Beaver","Castoridae","Mammals"
"Vulpes vulpes","Red Fox","Canidae","Mammals"
"Sciurus carolinensis","Eastern Grey Squirrel","Sciuridae","Mammals"
"Sorex cinereus","Masked Shrew","Soricidae","Mammals"
"Lemmiscus curtatus","Sagebrush Vole","Cricetidae","Mammals"
"Condylura cristata","Star-Nosed Mole","Talpidae","Mammals"
"Myodes gapperi","Southern Red Backed Vole","Cricetidae","Mammals"
"Zapus princeps","Western Jumping Mouse","Dipodidae","Mammals"
"Mus musculus","House Mouse","Muridae","Mammals"
"Myotis septentrionalis","Northern Myotis","Vespertilionidae","Mammals"
"Neovison vison","American Mink","Mustelidae","Mammals"
"Cynomys ludovicianus","Black Tailed Prairie Dog","Sciuridae","Mammals"
"Dipodomys ordii","Ord's Kangaroo Rat","Heteromyidae","Mammals"
"Puma concolor","Cougar","Felidae","Mammals"
"Sylvilagus audubonii","Desert Cottontail","Leporidae","Mammals"
"Lepus americanus","Snowshoe Hare","Leporidae","Mammals"
"Microtus pennsylvanicus","Meadow Vole","Cricetidae","Mammals"
"Sylvilagus floridanus","Eastern Cottontail","Leporidae","Mammals"
"Antilocapra americana","Pronghorn","Antilocapridae","Mammals"
"Spilogale putorius","Eastern Spotted Skunk","Mephitidae","Mammals"
"Neotoma cinerea","Bushy Tailed Woodrat","Cricetidae","Mammals"
"Sylvilagus nuttallii","Mountain Cottontail","Leporidae","Mammals"
"Cervus canadensis","null","Cervidae","Mammals"
"Taxidea taxus","American Badger","Mustelidae","Mammals"
"Lynx rufus","Bobcat","Felidae","Mammals"
"Odocoileus hemionus","Mule Deer","Cervidae","Mammals"
"Odocoileus virginianus","White-Tailed Deer","Cervidae","Mammals"
"Geomys bursarius","Plains Pocket Gopher","Geomyidae","Mammals"
"Corynorhinus townsendii","Townsend's Big-Eared Bat","Vespertilionidae","Mammals"
"Mustela frenata","Long Tailed Weasel","Mustelidae","Mammals"
"Blarina brevicauda","Mole Shrew","Soricidae","Mammals"
"Chaetodipus hispidus","Hispid Pocket Mouse","Heteromyidae","Mammals"
"Perognathus flavescens","Plains Pocket Mouse","Heteromyidae","Mammals"
"Sorex palustris","American Water Shrew","Soricidae","Mammals"
"Myotis lucifugus","Little Brown Bat","Vespertilionidae","Mammals"
"Tamias striatus","Eastern Chipmunk","Sciuridae","Mammals"
"Peromyscus leucopus","White-Footed Mouse","Cricetidae","Mammals"
"Lasiurus borealis","Red Bat","Vespertilionidae","Mammals"
"Reithrodontomys megalotis","Western Harvest Mouse","Cricetidae","Mammals"
"Urocyon cinereoargenteus","Gray Fox","Canidae","Mammals"
"Storeria occipitomaculata","Redbelly Snake","Colubridae","Reptiles"
"Heterodon nasicus","Plains Hognose Snake","Colubridae","Reptiles"
"Liochlorophis vernalis","Smooth Green Snake","Colubridae","Reptiles"
"Sceloporus graciosus","Mountain Swift","Phrynosomatidae","Reptiles"
"Coluber constrictor","Eastern Racer","Colubridae","Reptiles"
"Thamnophis radix","Plains Garter Snake","Colubridae","Reptiles"
"Thamnophis sirtalis","Common Garter Snake","Colubridae","Reptiles"
"Phrynosoma hernandesi","Mountain Short-Horned Lizard","Phrynosomatidae","Reptiles"
"Plestiodon septentrionalis","Northern Prairie Skink","Scincidae","Reptiles"
"Crotalus viridis","Prairie Rattlesnake","Viperidae","Reptiles"
"Pituophis catenifer","Gopher Snake","Colubridae","Reptiles"
"Eumeces septentrionalis","Prairie Skink","Scincidae","Reptiles"
"Graptemys geographica","Common Map Turtle","Emydidae","Turtles (non-marine)"
"Chelydra serpentina","Common Snapping Turtle","Chelydridae","Turtles (non-marine)"
"Apalone spinifera","Spiny Softshell","Trionychidae","Turtles (non-marine)"
"Chrysemys picta","Painted Turtle","Emydidae","Turtles (non-marine)"
"Apalone mutica","Smooth Softshelled Turtle","Trionychidae","Turtles (non-marine)"
"Graptemys pseudogeographica","False Map Turtle","Emydidae","Turtles (non-marine)"
"Lithobates sylvaticus","Wood Frog","Ranidae","Amphibians"
"Necturus maculosus","Mudpuppy","Proteidae","Amphibians"
"Anaxyrus hemiophrys","Canadian Toad","Bufonidae","Amphibians"
"Pseudacris maculata","Boreal Chorus Frog","Hylidae","Amphibians"
"Anaxyrus woodhousii","East Texas Toad","Bufonidae","Amphibians"
"Spea bombifrons","Cope's Spea","Scaphiopodidae","Amphibians"
"Hyla versicolor","Gray Treefrog","Hylidae","Amphibians"
"Anaxyrus cognatus","Texas Toad","Bufonidae","Amphibians"
"Ambystoma mavortium","Axolotl","Ambystomatidae","Amphibians"
"Hyla chrysoscelis","Cope's Gray Treefrog","Hylidae","Amphibians"
"Lithobates catesbeianus","Common Bullfrog","Ranidae","Amphibians"
"Pseudacris crucifer","Spring Peeper","Hylidae","Amphibians"
"Lithobates pipiens","Peeping Frog","Ranidae","Amphibians"
"Ambystoma tigrinum","Tiger Salamander","Ambystomatidae","Amphibians"
"Anaxyrus americanus","American Toad","Bufonidae","Amphibians"
"Pomoxis nigromaculatus","Black Crappie","Centrarchidae","Fishes"
"Moxostoma macrolepidotum","Shorthead Redhorse","Catostomidae","Fishes"
"Acipenser fulvescens","Lake Sturgeon","Acipenseridae","Fishes"
"Micropterus dolomieu","Smallmouth Bass","Centrarchidae","Fishes"
"Catostomus platyrhynchus","Mountain Sucker","Catostomidae","Fishes"
"Hybognathus hankinsoni","Brassy Minnow","Cyprinidae","Fishes"
"Pungitius pungitius","Nine-Spined Stickleback","Gasterosteidae","Fishes"
"Notropis anogenus","Pugnose Shiner","Cyprinidae","Fishes"
"Rhinichthys atratulus","Eastern Blacknose Dace","Cyprinidae","Fishes"
"Lepomis macrochirus","Bluegill","Centrarchidae","Fishes"
"Fundulus diaphanus","Banded Killifish","Fundulidae","Fishes"
"Percina maculata","Blackside Darter","Percidae","Fishes"
"Scaphirhynchus albus","Pallid Sturgeon","Acipenseridae","Fishes"
"Umbra limi","Central Mudminnow","Umbridae","Fishes"
"Salvelinus namaycush","Lake Trout","Salmonidae","Fishes"
"Cyprinella spiloptera","Spotfin Shiner","Cyprinidae","Fishes"
"Lepomis gibbosus","Pumpkinseed","Centrarchidae","Fishes"
"Hiodon alosoides","Goldeye","Hiodontidae","Fishes"
"Lepisosteus platostomus","Shortnose Gar","Lepisosteidae","Fishes"
"Notropis blennius","River Shiner","Cyprinidae","Fishes"
"Percina shumardi","River Darter","Percidae","Fishes"
"Moxostoma valenciennesi","Greater Redhorse","Catostomidae","Fishes"
"Notropis heterolepis","Blacknose Shiner","Cyprinidae","Fishes"
"Pimephales promelas","Fathead Minnow","Cyprinidae","Fishes"
"Notropis dorsalis","Bigmouth Shiner","Cyprinidae","Fishes"
"Catostomus commersonii","White Sucker","Catostomidae","Fishes"
"Etheostoma nigrum","Johnny Darter","Percidae","Fishes"
"Chrosomus neogaeus","Finescale Dace","Cyprinidae","Fishes"
"Pimephales notatus","Bluntnose Minnow","Cyprinidae","Fishes"
"Notropis stramineus","Sand Shiner","Cyprinidae","Fishes"
"Aplodinotus grunniens","Freshwater Drum","Sciaenidae","Fishes"
"Moxostoma anisurum","Silver Redhorse","Catostomidae","Fishes"
"Lepisosteus osseus","Long Nosed Gar","Lepisosteidae","Fishes"
"Notropis hudsonius","Spottail Shiner","Cyprinidae","Fishes"
"Noturus gyrinus","Tadpole Madtom","Ictaluridae","Fishes"
"Dorosoma cepedianum","Gizzard Shad","Clupeidae","Fishes"
"Esox lucius","Pike","Esocidae","Fishes"
"Percina caprodes","Zebra Fish","Percidae","Fishes"
"Luxilus cornutus","Common Shiner","Cyprinidae","Fishes"
"Hybognathus argyritis","Western Silvery Minnow","Cyprinidae","Fishes"
"Hypentelium nigricans","Northern Hog Sucker","Catostomidae","Fishes"
"Pomoxis annularis","White Crappie","Centrarchidae","Fishes"
"Ichthyomyzon castaneus","Chestnut Lamprey","Petromyzontidae","Fishes"
"Moxostoma erythrurum","Golden Redhorse","Catostomidae","Fishes"
"Semotilus atromaculatus","Creek Chub","Cyprinidae","Fishes"
"Notropis percobromus","Carmine Shiner","Cyprinidae","Fishes"
"Notropis texanus","Weed Shiner","Cyprinidae","Fishes"
"Lepomis humilis","Orangespotted Sunfish","Centrarchidae","Fishes"
"Hybognathus placitus","Plains Minnow","Cyprinidae","Fishes"
"Chrosomus eos","Northern Redbelly Dace","Cyprinidae","Fishes"
"Notropis atherinoides","Emerald Shiner","Cyprinidae","Fishes"
"Ambloplites rupestris","Rock Bass","Centrarchidae","Fishes"
"Lepomis cyanellus","Green Sunfish","Centrarchidae","Fishes"
"Catostomus catostomus","Longnose Sucker","Catostomidae","Fishes"
"Etheostoma caeruleum","Rainbow Darter","Percidae","Fishes"
"Campostoma anomalum","Central Stoneroller","Cyprinidae","Fishes"
"Notropis volucellus","Mimic Shiner","Cyprinidae","Fishes"
"Hiodon tergisus","Mooneye","Hiodontidae","Fishes"
"Perca flavescens","Yellow Perch","Percidae","Fishes"
"Nocomis biguttatus","Hornyhead Chub","Cyprinidae","Fishes"
"Cycleptus elongatus","Blue Sucker","Catostomidae","Fishes"
"Scaphirhynchus platorynchus","Shovelnose Sturgeon","Acipenseridae","Fishes"
"Rhinichthys cataractae","Longnose Dace","Cyprinidae","Fishes"
"Etheostoma exile","Iowa Darter","Percidae","Fishes"
"Noturus flavus","Stonecat","Ictaluridae","Fishes"
"Lycaena phlaes","null","Lycaenidae","Butterflies"
"Carterocephalus palaemon","Arctic Skipper","Hesperiidae","Butterflies"
"Plebejus acmon","Acmon Blue","Lycaenidae","Butterflies"
"Colias philodice","Clouded Sulphur","Pieridae","Butterflies"
"Amblyscirtes vialis","Common Roadside-Skipper","Hesperiidae","Butterflies"
"Cercyonis pegala","Common Wood-Nymph","Nymphalidae","Butterflies"
"Vanessa carye","null","Nymphalidae","Butterflies"
"Polites mystic","Long Dash","Hesperiidae","Butterflies"
"Colias cesonia","Southern Dogface","Pieridae","Butterflies"
"Eurema lisa","Little Yellow","Pieridae","Butterflies"
"Everes comyntas","Eastern Tailed-Blue","Lycaenidae","Butterflies"
"Nathalis iole","Dainty Sulphur","Pieridae","Butterflies"
"Polygonia gracilis","Hoary Comma","Nymphalidae","Butterflies"
"Vanessa cardui","Painted Lady","Nymphalidae","Butterflies"
"Atrytone logan","Delaware Skipper","Hesperiidae","Butterflies"
"Hesperia comma","Common Branded Skipper","Hesperiidae","Butterflies"
"Boloria selene","Silver-Bordered Fritillary","Nymphalidae","Butterflies"
"Phyciodes texana","Texan Crescent","Nymphalidae","Butterflies"
"Cercyonis meadii","Mead's Wood-Nymph","Nymphalidae","Butterflies"
"Oarisma garita","Garita Skipperling","Hesperiidae","Butterflies"
"Poanes massasoit","Mulberry Wing","Hesperiidae","Butterflies"
"Satyrium liparops","Striped Hairstreak","Lycaenidae","Butterflies"
"Hesperia ottoe","Ottoe Skipper","Hesperiidae","Butterflies"
"Cercyonis oetus","Small Wood-Nymph","Nymphalidae","Butterflies"
"Ochlodes snowi","null","Hesperiidae","Butterflies"
"Yvretta rhesus","null","Hesperiidae","Butterflies"
"Polygonia comma","Eastern Comma","Nymphalidae","Butterflies"
"Megisto cymela","Little Wood-Satyr","Nymphalidae","Butterflies"
"Limenitis arthemis","Red-Spotted Admiral","Nymphalidae","Butterflies"
"Speyeria mormonia","Mormon Fritillary","Nymphalidae","Butterflies"
"Lycaena helloides","Purplish Copper","Lycaenidae","Butterflies"
"Glaucopsyche lygdamus","Silvery Blue","Lycaenidae","Butterflies"
"Thymelicus lineola","Essex Skipper","Hesperiidae","Butterflies"
"Nymphalis californica","California Tortoiseshell","Nymphalidae","Butterflies"
"Feniseca tarquinius","Harvester","Lycaenidae","Butterflies"
"Euphyes dion","Dion Skipper","Hesperiidae","Butterflies"
"Papilio machaon","Swallowtail","Papilionidae","Butterflies"
"Hesperia pahaska","Pahaska Skipper","Hesperiidae","Butterflies"
"Strymon melinus","Gray Hairstreak","Lycaenidae","Butterflies"
"Erynnis persius","Persius Dusky-Wing","Hesperiidae","Butterflies"
"Pieris virginiensis","West Virginia White","Pieridae","Butterflies"
"Speyeria atlantis","Atlantis Fritillary","Nymphalidae","Butterflies"
"Papilio cresphontes","Giant Swallowtail","Papilionidae","Butterflies"
"Phyciodes batesii","Tawny Crescent","Nymphalidae","Butterflies"
"Nymphalis antiopa","Mourning Cloak","Nymphalidae","Butterflies"
"Ancyloxypha numitor","Least Skipper","Hesperiidae","Butterflies"
"Wallengrenia egeremet","Northern Broken-Dash","Hesperiidae","Butterflies"
"Vanessa atalanta","Red Admiral","Nymphalidae","Butterflies"
"Lycaena rubidus","Ruddy Copper","Lycaenidae","Butterflies"
"Pieris napi","Gray-Veined White","Pieridae","Butterflies"
"Colias eurytheme","Orange Sulphur","Pieridae","Butterflies"
"Speyeria edwardsii","Edwards' Fritillary","Nymphalidae","Butterflies"
"Papilio multicaudata","Two-Tailed Swallowtail","Papilionidae","Butterflies"
"Phyciodes tharos","Pearl Crescent","Nymphalidae","Butterflies"
"Chlosyne nycteis","Silvery Checkerspot","Nymphalidae","Butterflies"
"Epargyreus clarus","Silver-Spotted Skipper","Hesperiidae","Butterflies"
"Polites themistocles","Tawny-Edged Skipper","Hesperiidae","Butterflies"
"Asterocampa clyton","Tawny Emperor","Nymphalidae","Butterflies"
"Callophrys augustus","null","Lycaenidae","Butterflies"
"Amblyscirtes hegon","Pepper And Salt Skipper","Hesperiidae","Butterflies"
"Nymphalis vaualbum","Compton Tortoiseshell","Nymphalidae","Butterflies"
"Phoebis sennae","Cloudless Sulphur","Pieridae","Butterflies"
"Satyrium acadica","Acadian Hairstreak","Lycaenidae","Butterflies"
"Polygonia satyrus","Satyr Anglewing","Nymphalidae","Butterflies"
"Pieris callidice","null","Pieridae","Butterflies"
"Pieris protodice","null","Pieridae","Butterflies"
"Pyrgus communis","Common Checkered-Skipper","Hesperiidae","Butterflies"
"Erebia disa","Disa Alpine","Nymphalidae","Butterflies"
"Oarisma powesheik","null","Hesperiidae","Butterflies"
"Eurema mexicana","Mexican Yellow","Pieridae","Butterflies"
"Celastrina argiolus","Spring/Summer Azure","Lycaenidae","Butterflies"
"Speyeria idalia","Regal Fritillary","Nymphalidae","Butterflies"
"Thorybes pylades","Northern Cloudywing","Hesperiidae","Butterflies"
"Erynnis juvenalis","Juvenal's Duskywing","Hesperiidae","Butterflies"
"Atalopedes campestris","Sachem","Hesperiidae","Butterflies"
"Libytheana carinenta","American Snout","Nymphalidae","Butterflies"
"Lethe anthedon","Northern Pearly-Eye","Nymphalidae","Butterflies"
"Harkenclenus titus","Coral Hairstreak","Lycaenidae","Butterflies"
"Pyrgus scriptura","Small Checkered-Skipper","Hesperiidae","Butterflies"
"Chlosyne gabbii","Gabb's Checkerspot","Nymphalidae","Butterflies"
"Euchloe olympia","Olympia Marble","Pieridae","Butterflies"
"Callophrys eryphon","Western Pine Elfin","Lycaenidae","Butterflies"
"Coenonympha tullia","Common Ringlet","Nymphalidae","Butterflies"
"Poanes hobomok","Hobomok Skipper","Hesperiidae","Butterflies"
"Amblyscirtes simius","Simius Roadside-Skipper","Hesperiidae","Butterflies"
"Hesperia attalus","Dotted Skipper","Hesperiidae","Butterflies"
"Speyeria coronis","Coronis Fritillary","Nymphalidae","Butterflies"
"Boloria frisia","null","Nymphalidae","Butterflies"
"Hesperia leonardus","Leonard's Skipper","Hesperiidae","Butterflies"
"Erynnis brizo","Sleepy Duskywing","Hesperiidae","Butterflies"
"Colias alexandra","Queen Alexandra's Sulphur","Pieridae","Butterflies"
"Poanes viator","Broad-Winged Skipper","Hesperiidae","Butterflies"
"Hemiargus isola","Reakirt's Blue","Lycaenidae","Butterflies"
"Hesperopsis libya","Mojave Sootywing","Hesperiidae","Butterflies"
"Pieris rapae","Cabbage White","Pieridae","Butterflies"
"Speyeria cybele","Great Spangled Fritillary","Nymphalidae","Butterflies"
"Polygonia faunus","Faun","Nymphalidae","Butterflies"
"Aguna asander","Gold-Spotted Aguna","Hesperiidae","Butterflies"
"Oeneis uhleri","Uhler's Arctic","Nymphalidae","Butterflies"
"Callophrys niphon","Eastern Pine Elfin","Lycaenidae","Butterflies"
"Erynnis icelus","Dreamy Dusky-Wing","Hesperiidae","Butterflies"
"Erebia discoidalis","Red-Disked Alpine","Nymphalidae","Butterflies"
"Pholisora catullus","Common Sootywing","Hesperiidae","Butterflies"
"Atrytonopsis hianna","Dusted Skipper","Hesperiidae","Butterflies"
"Polites origenes","Crossline Skipper","Hesperiidae","Butterflies"
"Plebejus saepiolus","Greenish Blue","Lycaenidae","Butterflies"
"Pieris sisymbrii","null","Pieridae","Butterflies"
"Nymphalis milberti","Milbert's Tortoiseshell","Nymphalidae","Butterflies"
"Speyeria callippe","Callippe Fritillary","Nymphalidae","Butterflies"
"Danaus plexippus","Monarch","Nymphalidae","Butterflies"
"Oeneis alberta","Alberta Arctic","Nymphalidae","Butterflies"
"Chlosyne harrisii","Harris' Checkerspot","Nymphalidae","Butterflies"
"Precis coenia","Common Buckeye","Nymphalidae","Butterflies"
"Papilio polyxenes","Black Swallowtail","Papilionidae","Butterflies"
"Everes amyntula","Western Tailed-Blue","Lycaenidae","Butterflies"
"Euphydryas chalcedona","Variable Checkerspot","Nymphalidae","Butterflies"
"Limenitis weidemeyerii","Weidemeyer's Admiral","Nymphalidae","Butterflies"
"Euphyes vestris","Dun Skipper","Hesperiidae","Butterflies"
"Satyrium calanus","Banded Hairstreak","Lycaenidae","Butterflies"
"Neominois ridingsii","Ridings' Satyr","Nymphalidae","Butterflies"
"Colias interior","Pink-Edged Sulphur","Pieridae","Butterflies"
"Callophrys polios","Hoary Elfin","Lycaenidae","Butterflies"
"Apodemia mormo","Mormon Metalmark","Riodinidae","Butterflies"
"Lycaena hyllus","Bronze Copper","Lycaenidae","Butterflies"
"Amblyscirtes oslari","Oslar's Roadside-Skipper","Hesperiidae","Butterflies"
"Phyciodes morpheus","null","Nymphalidae","Butterflies"
"Asterocampa celtis","Hackberry Emperor","Nymphalidae","Butterflies"
"Speyeria claudia","null","Nymphalidae","Butterflies"
"Plebejus shasta","Shasta Blue","Lycaenidae","Butterflies"
"Satyrium edwardsii","Edwards' Hairstreak","Lycaenidae","Butterflies"
"Polygonia interrogationis","Question Mark","Nymphalidae","Butterflies"
"Pyrgus afranius","null","Hesperiidae","Butterflies"
"Vanessa virginiensis","American Lady","Nymphalidae","Butterflies"
"Erynnis horatius","Horace's Duskywing","Hesperiidae","Butterflies"
"Papilio zelicaon","Anise Swallowtail","Papilionidae","Butterflies"
"Megathymus streckeri","Strecker's Giant-Skipper","Hesperiidae","Butterflies"
"Polygonia progne","Gray Comma","Nymphalidae","Butterflies"
"Limenitis archippus","Viceroy","Nymphalidae","Butterflies"
"Plebejus melissa","Melissa Blue","Lycaenidae","Butterflies"
"Lethe eurydice","Eyed Brown","Nymphalidae","Butterflies"
"Atrytone arogos","Arogos Skipper","Hesperiidae","Butterflies"
"Callophrys gryneus","Juniper Hairstreak","Lycaenidae","Butterflies"
"Speyeria aphrodite","Aphrodite Fritillary","Nymphalidae","Butterflies"
"Plebejus idas","Idas Blue","Lycaenidae","Butterflies"
"Plebejus icarioides","Boisduval's Blue","Lycaenidae","Butterflies"
"Plebejus glandon","Glandon Blue","Lycaenidae","Butterflies"
"Boloria bellona","Meadow Fritillary","Nymphalidae","Butterflies"
"Bombus bimaculatus","Two-Spotted Bumble Bee","Apidae","Bumblebees"
"Bombus griseocollis","Brown-Belted Bumble Bee","Apidae","Bumblebees"
"Bombus pensylvanicus","American Bumble Bee","Apidae","Bumblebees"
"Bombus fervidus","Yellow Bumble Bee","Apidae","Bumblebees"
"Bombus ternarius","Tri-Colored Bumble Bee","Apidae","Bumblebees"
"Bombus terricola","Yellowbanded Bumble Bee","Apidae","Bumblebees"
"Bombus citrinus","Indiscriminate Cuckoo Bumble Bee","Apidae","Bumblebees"
"Bombus auricomus","Black And Gold Bumble Bee","Apidae","Bumblebees"
"Bombus fraternus","Southern Plains Bumble Bee","Apidae","Bumblebees"
"Bombus occidentalis","Western Bumble Bee","Apidae","Bumblebees"
"Bombus rufocinctus","Sanderson's Bumble Bee","Apidae","Bumblebees"
"Bombus nevadensis","Black And Gold Bumble Bee","Apidae","Bumblebees"
"Bombus huntii","Hunt Bumble Bee","Apidae","Bumblebees"
"Bombus variabilis","Yellow-Faced Bumblebee","Apidae","Bumblebees"
"Bombus vagans","Half-Black Bumble Bee","Apidae","Bumblebees"
"Bombus bohemicus","Barbut's Cuckoo-Bee","Apidae","Bumblebees"
"Bombus insularis","Orange-Rumped Bumblebee","Apidae","Bumblebees"
"Bombus suckleyi","Suckley Cuckoo Bumble Bee","Apidae","Bumblebees"
"Bombus bifarius","Two Form Bumble Bee","Apidae","Bumblebees"
"Bombus borealis","Northern Amber Bumble Bee","Apidae","Bumblebees"
"Bombus centralis","Central Bumble Bee","Apidae","Bumblebees"
"Bombus perplexus","Red-Belted Bumble Bee","Apidae","Bumblebees"
"Bombus affinis","Rusty-Patched Bumblebee","Apidae","Bumblebees"
"Bombus flavidus","Fernald Cuckoo Bumble Bee","Apidae","Bumblebees"
"Enallagma carunculatum","Tule Bluet","Coenagrionidae","Dragonflies"
"Gomphus graslinellus","Pronghorn Clubtail","Gomphidae","Dragonflies"
"Ischnura perparva","Western Forktail","Coenagrionidae","Dragonflies"
"Epitheca canis","Beaverpond Baskettail","Corduliidae","Dragonflies"
"Argia apicalis","Blue-Fronted Dancer","Coenagrionidae","Dragonflies"
"Arigomphus cornutus","Horned Clubtail","Gomphidae","Dragonflies"
"Somatochlora minor","Ocellated Emerald","Corduliidae","Dragonflies"
"Gomphus externus","Plains Clubtail","Gomphidae","Dragonflies"
"Aeshna constricta","Lance-Tipped Darner","Aeshnidae","Dragonflies"
"Lestes disjunctus","Northern Spreadwing","Lestidae","Dragonflies"
"Macromia illinoiensis","Swift River Cruiser","Corduliidae","Dragonflies"
"Somatochlora ensigera","Plains Emerald","Corduliidae","Dragonflies"
"Calopteryx aequabilis","River Jewelwing","Calopterygidae","Dragonflies"
"Enallagma civile","Familiar Bluet","Coenagrionidae","Dragonflies"
"Boyeria vinosa","Fawn Darner","Aeshnidae","Dragonflies"
"Ischnura verticalis","Eastern Forktail","Coenagrionidae","Dragonflies"
"Sympetrum costiferum","Saffron-Winged Meadowhawk","Libellulidae","Dragonflies"
"Cordulia shurtleffi","American Emerald","Corduliidae","Dragonflies"
"Leucorrhinia glacialis","Crimson-Ringed Whiteface","Libellulidae","Dragonflies"
"Enallagma praevarum","Arroyo Bluet","Coenagrionidae","Dragonflies"
"Stylurus amnicola","Riverine Clubtail","Gomphidae","Dragonflies"
"Hetaerina americana","American Rubyspot","Calopterygidae","Dragonflies"
"Libellula luctuosa","Widow Skimmer","Libellulidae","Dragonflies"
"Plathemis lydia","Common Whitetail","Libellulidae","Dragonflies"
"Aeshna sitchensis","Zigzag Darner","Aeshnidae","Dragonflies"
"Somatochlora walshii","Brush-Tipped Emerald","Corduliidae","Dragonflies"
"Sympetrum corruptum","Variegated Meadowhawk","Libellulidae","Dragonflies"
"Aeshna canadensis","Canada Darner","Aeshnidae","Dragonflies"
"Sympetrum vicinum","Autumn Meadowhawk","Libellulidae","Dragonflies"
"Libellula pulchella","Twelve-Spotted Skimmer","Libellulidae","Dragonflies"
"Enallagma clausum","Alkali Bluet","Coenagrionidae","Dragonflies"
"Enallagma signatum","Orange Bluet","Coenagrionidae","Dragonflies"
"Basiaeschna janata","Springtime Darner","Aeshnidae","Dragonflies"
"Aeshna eremita","Lake Darner","Aeshnidae","Dragonflies"
"Leucorrhinia intacta","Dot-Tailed Whiteface","Libellulidae","Dragonflies"
"Pantala flavescens","Wandering Glider","Libellulidae","Dragonflies"
"Rhionaeschna californica","California Darner","Aeshnidae","Dragonflies"
"Enallagma exsulans","Stream Bluet","Coenagrionidae","Dragonflies"
"Leucorrhinia hudsonica","Hudsonian Whiteface","Libellulidae","Dragonflies"
"Gomphus fraternus","Midland Clubtail","Gomphidae","Dragonflies"
"Enallagma hageni","Hagen's Bluet","Coenagrionidae","Dragonflies"
"Enallagma anna","River Bluet","Coenagrionidae","Dragonflies"
"Enallagma boreale","Boreal Bluet","Coenagrionidae","Dragonflies"
"Somatochlora kennedyi","Kennedy's Emerald","Corduliidae","Dragonflies"
"Lestes dryas","Scarce Emerald Damselfly","Lestidae","Dragonflies"
"Ischnura damula","Plains Forktail","Coenagrionidae","Dragonflies"
"Libellula quadrimaculata","Four-Spotted Chaser","Libellulidae","Dragonflies"
"Epitheca cynosura","Common Baskettail","Corduliidae","Dragonflies"
"Epitheca spinigera","Spiny Baskettail","Corduliidae","Dragonflies"
"Aeshna interrupta","Variable Darner","Aeshnidae","Dragonflies"
"Amphiagrion abbreviatum","Western Red Damsel","Coenagrionidae","Dragonflies"
"Somatochlora williamsoni","Williamson's Emerald","Corduliidae","Dragonflies"
"Sympetrum pallipes","Striped Meadowhawk","Libellulidae","Dragonflies"
"Aeshna subarctica","Subarctic Darner","Aeshnidae","Dragonflies"
"Sympetrum danae","Black Darter","Libellulidae","Dragonflies"
"Perithemis tenera","Eastern Amberwing","Libellulidae","Dragonflies"
"Enallagma ebrium","Marsh Bluet","Coenagrionidae","Dragonflies"
"Sympetrum obtrusum","White-Faced Meadowhawk","Libellulidae","Dragonflies"
"Somatochlora forcipata","Forcipate Emerald","Corduliidae","Dragonflies"
"Enallagma antennatum","Rainbow Bluet","Coenagrionidae","Dragonflies"
"Coenagrion resolutum","Taiga Bluet","Coenagrionidae","Dragonflies"
"Lestes congener","Spotted Spreadwing","Lestidae","Dragonflies"
"Enallagma annexum","Northern Bluet","Coenagrionidae","Dragonflies"
"Pachydiplax longipennis","Blue Dasher","Libellulidae","Dragonflies"
"Lestes forcipatus","Sweetflag Spreadwing","Lestidae","Dragonflies"
"Celithemis eponina","Halloween Pennant","Libellulidae","Dragonflies"
"Aeshna umbrosa","Shadow Darner","Aeshnidae","Dragonflies"
"Lestes rectangularis","Slender Spreadwing","Lestidae","Dragonflies"
"Leucorrhinia proxima","Belted Whiteface","Libellulidae","Dragonflies"
"Sympetrum rubicundulum","Ruby Meadowhawk","Libellulidae","Dragonflies"
"Nehalennia irene","Sedge Sprite","Coenagrionidae","Dragonflies"
"Sympetrum semicinctum","Band-Winged Meadowhawk","Libellulidae","Dragonflies"
"Anax junius","Green Darner","Aeshnidae","Dragonflies"
"Argia fumipennis","Variable Dancer","Coenagrionidae","Dragonflies"
"Coenagrion angulatum","Prairie Bluet","Coenagrionidae","Dragonflies"
"Leucorrhinia borealis","Boreal Whiteface","Libellulidae","Dragonflies"
"Lestes unguiculatus","Lyre-Tipped Spreadwing","Lestidae","Dragonflies"
"Dorocordulia libera","Racket-Tailed Emerald","Corduliidae","Dragonflies"
"Leucorrhinia frigida","Frosted Whiteface","Libellulidae","Dragonflies"
"Sympetrum madidum","Red-Veined Meadowhawk","Libellulidae","Dragonflies"
"Sympetrum internum","Cherry-Faced Meadowhawk","Libellulidae","Dragonflies"
"Calopteryx maculata","Ebony Jewelwing","Calopterygidae","Dragonflies"
"Salix lucida","Shining Willow","Salicaceae","Trees"
"Ostrya virginiana","Ironwood","Betulaceae","Trees"
"Celtis occidentalis","Hackberry","Cannabaceae","Trees"
"Viburnum trilobum","American Cranberrybush","Adoxaceae","Trees"
"Populus tremuloides","Quaking Aspen","Salicaceae","Trees"
"Juniperus virginiana","American Juniper","Cupressaceae","Trees"
"Salix amygdaloides","Peach-Leaf Willow","Salicaceae","Trees"
"Sambucus canadensis","Elderberry","Adoxaceae","Trees"
"Salix petiolaris","Slender Willow","Salicaceae","Trees"
"Cornus stolonifera","Redosier","Cornaceae","Trees"
"Rhus glabra","Smooth Sumac","Anacardiaceae","Trees"
"Amelanchier alnifolia","Juneberry","Rosaceae","Trees"
"Shepherdia argentea","Silver Buffaloberry","Elaeagnaceae","Trees"
"Populus deltoides","Eastern Cottonwood","Salicaceae","Trees"
"Prunus nigra","Black Plum","Rosaceae","Trees"
"Juniperus communis","Common Juniper","Cupressaceae","Trees"
"Prunus pensylvanica","Bird Cherry","Rosaceae","Trees"
"Juniperus scopulorum","Rocky Mountain Juniper","Cupressaceae","Trees"
"Ulmus thomasii","Cork Elm","Ulmaceae","Trees"
"Prunus virginiana","Chokecherry","Rosaceae","Trees"
"Crataegus chrysocarpa","Fire-Berry Hawthorn","Rosaceae","Trees"
"Pinus ponderosa","Ponderosa Pine","Pinaceae","Trees"
"Zanthoxylum americanum","Toothachetree","Rutaceae","Trees"
"Ulmus americana","American Elm","Ulmaceae","Trees"
"Pinus flexilis","Limber Pine","Pinaceae","Trees"
"Fraxinus nigra","Black Ash","Oleaceae","Trees"
"Juniperus horizontalis","Creeping Juniper","Cupressaceae","Trees"
"Artemisia tridentata","Basin Sagebrush","Compositae","Trees"
"Salix bebbiana","Gray Willow","Salicaceae","Trees"
"Fraxinus pennsylvanica","Red Ash","Oleaceae","Trees"
"Betula papyrifera","Paper Birch","Betulaceae","Trees"
"Salix pyrifolia","Balsam Willow","Salicaceae","Trees"
"Ulmus rubra","Slippery Elm","Ulmaceae","Trees"
"Quercus ellipsoidalis","Hill's Oak","Fagaceae","Trees"
"Crataegus succulenta","Fleshy Hawthorn","Rosaceae","Trees"
"Acer negundo","Ash-Leaf Maple","Sapindaceae","Trees"
"Quercus macrocarpa","Mossy-Cup Oak","Fagaceae","Trees"
"Cornus racemosa","Panicled Dogwood","Cornaceae","Trees"
"Euonymus atropurpureus","Wahoo","Celastraceae","Trees"
"Alnus rugosa","Speckled Alder","Betulaceae","Trees"
"Salix discolor","American Pussy Willow","Salicaceae","Trees"
"Acer saccharum","Sugar Maple","Sapindaceae","Trees"
"Prunus americana","American Plum","Rosaceae","Trees"
"Betula occidentalis","Water Birch","Betulaceae","Trees"
"Populus balsamifera","Balsam Poplar","Salicaceae","Trees"
"Viburnum lentago","Nannyberry","Adoxaceae","Trees"
"Corylus cornuta","Beaked Hazelnut","Betulaceae","Trees"
"Salix exigua","Sandbar Willow","Salicaceae","Trees"
"Populus trichocarpa","Western Balsam Poplar","Salicaceae","Trees"
"Tilia americana","American Basswood","Malvaceae","Trees"
"Opuntia polyacantha","Hedgehog Prickly-Pear","Cactaceae","Cacti"
"Opuntia fragilis","Fragile Prickly-Pear","Cactaceae","Cacti"
"Escobaria vivipara","Pincushion Cactus","Cactaceae","Cacti"
"Escobaria missouriensis","Missouri Foxtail Cactus","Cactaceae","Cacti"
"Juniperus horizontalis","Creeping Juniper","Cupressaceae","Conifers"
"Thuja occidentalis","Arborvitae","Cupressaceae","Conifers"
"Juniperus scopulorum","Rocky Mountain Juniper","Cupressaceae","Conifers"
