Downloaded from https://mol.org on Jun 20, 2022. Inclusive species list based on approximate intersections with Political boundary polygon for the Oregon region. 


"Scientific Name","Common Name","Family","Taxonomic Group"
"Dumetella carolinensis","Gray Catbird","Mimidae","Birds"
"Himantopus leucocephalus","Pied Stilt","Recurvirostridae","Birds"
"Carpodacus cassinii","Cassin's Finch","Fringillidae","Birds"
"Arenaria interpres","Ruddy Turnstone","Scolopacidae","Birds"
"Charadrius alexandrinus","Kentish Plover","Charadriidae","Birds"
"Anas cyanoptera","Cinnamon Teal","Anatidae","Birds"
"Melospiza melodia","Song Sparrow","Emberizidae","Birds"
"Grus canadensis","Sandhill Crane","Gruidae","Birds"
"Empidonax traillii","Willow Flycatcher","Tyrannidae","Birds"
"Spizella breweri","Brewer's Sparrow","Emberizidae","Birds"
"Podilymbus podiceps","Pied-Billed Grebe","Podicipedidae","Birds"
"Sayornis saya","Say's Phoebe","Tyrannidae","Birds"
"Sitta pygmaea","Pygmy Nuthatch","Sittidae","Birds"
"Vermivora celata","Orange-Crowned Warbler","Parulidae","Birds"
"Sitta canadensis","Red-Breasted Nuthatch","Sittidae","Birds"
"Phalaenoptilus nuttallii","Common Poorwill","Caprimulgidae","Birds"
"Nycticorax nycticorax","Black-Crowned Night-Heron","Ardeidae","Birds"
"Empidonax wrightii","Grey Flycatcher","Tyrannidae","Birds"
"Carduelis psaltria","Dark-Backed Goldfinch","Fringillidae","Birds"
"Anas clypeata","Northern Shoveler","Anatidae","Birds"
"Picoides arcticus","Black-Backed Woodpecker","Picidae","Birds"
"Aegolius acadicus","Northern Saw-Whet Owl","Strigidae","Birds"
"Pooecetes gramineus","Vesper Sparrow","Emberizidae","Birds"
"Larus schistisagus","Slaty-Backed Gull","Laridae","Birds"
"Sturnella neglecta","Western Meadowlark","Icteridae","Birds"
"Strix nebulosa","Great Grey Owl","Strigidae","Birds"
"Himantopus mexicanus","Black-Necked Stilt","Recurvirostridae","Birds"
"Myadestes townsendi","Townsend's Solitaire","Turdidae","Birds"
"Limosa fedoa","Marbled Godwit","Scolopacidae","Birds"
"Bubulcus ibis","Cattle Egret","Ardeidae","Birds"
"Carpodacus mexicanus","House Finch","Fringillidae","Birds"
"Sterna forsteri","Forster's Tern","Laridae","Birds"
"Empidonax difficilis","Pacific-Slope Flycatcher","Tyrannidae","Birds"
"Larus minutus","Little Gull","Laridae","Birds"
"Calidris alpina","Dunlin","Scolopacidae","Birds"
"Dendroica townsendi","Townsend's Warbler","Parulidae","Birds"
"Elanus leucurus","White-Tailed Kite","Accipitridae","Birds"
"Calidris minutilla","Least Sandpiper","Scolopacidae","Birds"
"Passer domesticus","House Sparrow","Passeridae","Birds"
"Bucephala islandica","Barrow's Goldeneye","Anatidae","Birds"
"Larus glaucescens","Glaucous-Winged Gull","Laridae","Birds"
"Dendroica nigrescens","Black-Throated Grey Warbler","Parulidae","Birds"
"Phalaropus fulicarius","Grey Phalarope","Scolopacidae","Birds"
"Picoides albolarvatus","White-Headed Woodpecker","Picidae","Birds"
"Melanerpes formicivorus","Acorn Woodpecker","Picidae","Birds"
"Baeolophus ridgwayi","Juniper Titmouse","Paridae","Birds"
"Dendroica palmarum","Palm Warbler","Parulidae","Birds"
"Pheucticus melanocephalus","Black-Headed Grosbeak","Cardinalidae","Birds"
"Icterus bullockii","Bullock's Oriole","Icteridae","Birds"
"Bucephala clangula","Common Goldeneye","Anatidae","Birds"
"Phoebastria nigripes","Black Footed Albatross","Diomedeidae","Birds"
"Melanitta perspicillata","Surf Scoter","Anatidae","Birds"
"Tyto alba","Barn Owl","Tytonidae","Birds"
"Chen caerulescens","Snow Goose","Anatidae","Birds"
"Gymnorhinus cyanocephalus","Pinyon Jay","Corvidae","Birds"
"Troglodytes aedon","House Wren","Troglodytidae","Birds"
"Carduelis hornemanni","Arctic Redpoll","Fringillidae","Birds"
"Chordeiles minor","Common Nighthawk","Caprimulgidae","Birds"
"Oxyura jamaicensis","Ruddy Duck","Anatidae","Birds"
"Athene cunicularia","Burrowing Owl","Strigidae","Birds"
"Aythya americana","Redhead","Anatidae","Birds"
"Phasianus colchicus","Common Pheasant","Phasianidae","Birds"
"Melanerpes lewis","Lewis' Woodpecker","Picidae","Birds"
"Thryomanes bewickii","Bewick's Wren","Troglodytidae","Birds"
"Puffinus bulleri","Grey-Backed Shearwater","Procellariidae","Birds"
"Agelaius phoeniceus","Red-Winged Blackbird","Icteridae","Birds"
"Tyrannus verticalis","Western Kingbird","Tyrannidae","Birds"
"Anthus cervinus","Red-Throated Pipit","Motacillidae","Birds"
"Meleagris gallopavo","Common Turkey","Phasianidae","Birds"
"Colinus virginianus","Northern Bobwhite","Odontophoridae","Birds"
"Anas strepera","Gadwall","Anatidae","Birds"
"Synthliboramphus antiquus","Ancient Murrelet","Alcidae","Birds"
"Corvus brachyrhynchos","American Crow","Corvidae","Birds"
"Oreortyx pictus","Mountain Quail","Odontophoridae","Birds"
"Dendragapus obscurus","Dusky Grouse","Phasianidae","Birds"
"Selasphorus rufus","Rufous Hummingbird","Trochilidae","Birds"
"Piranga ludoviciana","Western Tanager","Cardinalidae","Birds"
"Larus ridibundus","Common Black-Headed Gull","Laridae","Birds"
"Fulmarus glacialis","Fulmar","Procellariidae","Birds"
"Carduelis tristis","American Goldfinch","Fringillidae","Birds"
"Larus canus","Common Gull","Laridae","Birds"
"Larus occidentalis","Western Gull","Laridae","Birds"
"Calidris ptilocnemis","Rock Sandpiper","Scolopacidae","Birds"
"Dendragapus canadensis","Spruce Grouse","Phasianidae","Birds"
"Vireo cassinii","Cassin's Vireo","Vireonidae","Birds"
"Passerina amoena","Lazuli Bunting","Emberizidae","Birds"
"Pelecanus occidentalis","Brown Pelican","Pelecanidae","Birds"
"Leucosticte tephrocotis","Gray-Crowned Rosy-Finch","Fringillidae","Birds"
"Larus californicus","California Gull","Laridae","Birds"
"Mimus polyglottos","Northern Mockingbird","Mimidae","Birds"
"Sterna hirundo","Common Tern","Laridae","Birds"
"Limnodromus scolopaceus","Long-Billed Dowitcher","Scolopacidae","Birds"
"Psaltriparus minimus","Bushtit","Aegithalidae","Birds"
"Branta canadensis","Canada Goose","Anatidae","Birds"
"Picoides villosus","Hairy Woodpecker","Picidae","Birds"
"Bonasa umbellus","Ruffed Grouse","Phasianidae","Birds"
"Aechmophorus occidentalis","Western Grebe","Podicipedidae","Birds"
"Philomachus pugnax","Ruff","Scolopacidae","Birds"
"Riparia riparia","Sand Martin","Hirundinidae","Birds"
"Tyrannus melancholicus","Tropical Kingbird","Tyrannidae","Birds"
"Phalacrocorax pelagicus","Pelagic Cormorant","Phalacrocoracidae","Birds"
"Aquila chrysaetos","Golden Eagle","Accipitridae","Birds"
"Anas acuta","Northern Pintail","Anatidae","Birds"
"Puffinus opisthomelas","Black-Vented Shearwater","Procellariidae","Birds"
"Haliaeetus leucocephalus","Bald Eagle","Accipitridae","Birds"
"Podiceps grisegena","Red-Necked Grebe","Podicipedidae","Birds"
"Accipiter gentilis","Goshawk","Accipitridae","Birds"
"Bubo virginianus","Great Horned Owl","Strigidae","Birds"
"Tringa melanoleuca","Greater Yellowlegs","Scolopacidae","Birds"
"Melospiza lincolnii","Lincoln's Sparrow","Emberizidae","Birds"
"Calidris ferruginea","Curlew Sandpiper","Scolopacidae","Birds"
"Empidonax occidentalis","Cordilleran Flycatcher","Tyrannidae","Birds"
"Toxostoma redivivum","California Thrasher","Mimidae","Birds"
"Cyanocitta stelleri","Steller's Jay","Corvidae","Birds"
"Steganopus tricolor","Wilson's Phalarope","Scolopacidae","Birds"
"Egretta thula","Snowy Egret","Ardeidae","Birds"
"Larus thayeri","Thayer's Gull","Laridae","Birds"
"Buteo regalis","Ferruginous Hawk","Accipitridae","Birds"
"Sphyrapicus thyroideus","Williamson's Sapsucker","Picidae","Birds"
"Certhia americana","American Creeper","Certhiidae","Birds"
"Numenius americanus","Long-Billed Curlew","Scolopacidae","Birds"
"Plegadis chihi","White-Faced Ibis","Threskiornithidae","Birds"
"Cygnus columbianus","Tundra Swan","Anatidae","Birds"
"Corvus corax","Common Raven","Corvidae","Birds"
"Ixobrychus exilis","Least Bittern","Ardeidae","Birds"
"Aegolius funereus","Boreal Owl","Strigidae","Birds"
"Bombycilla garrulus","Bohemian Waxwing","Bombycillidae","Birds"
"Stellula calliope","Calliope Hummingbird","Trochilidae","Birds"
"Podiceps auritus","Horned Grebe","Podicipedidae","Birds"
"Wilsonia pusilla","Wilson's Warbler","Parulidae","Birds"
"Cistothorus palustris","Marsh Wren","Troglodytidae","Birds"
"Baeolophus inornatus","Oak Titmouse","Paridae","Birds"
"Puffinus tenuirostris","Short-Tailed Shearwater","Procellariidae","Birds"
"Calidris mauri","Western Sandpiper","Scolopacidae","Birds"
"Haematopus bachmani","Black Oystercatcher","Haematopodidae","Birds"
"Agelaius tricolor","Tricoloured Blackbird","Icteridae","Birds"
"Aix sponsa","Wood Duck","Anatidae","Birds"
"Phalacrocorax auritus","Double-Crested Cormorant","Phalacrocoracidae","Birds"
"Dolichonyx oryzivorus","Bobolink","Icteridae","Birds"
"Larus heermanni","Heermann's Gull","Laridae","Birds"
"Turdus migratorius","American Robin","Turdidae","Birds"
"Vireo gilvus","Warbling Vireo","Vireonidae","Birds"
"Pluvialis dominica","American Golden-Plover","Charadriidae","Birds"
"Calidris canutus","Red Knot","Scolopacidae","Birds"
"Setophaga ruticilla","American Redstart","Parulidae","Birds"
"Casmerodius albus","Great Egret","Ardeidae","Birds"
"Lagopus leucura","White-Tailed Ptarmigan","Phasianidae","Birds"
"Catharus ustulatus","Swainson's Thrush","Turdidae","Birds"
"Melanitta nigra","Common Scoter","Anatidae","Birds"
"Pluvialis fulva","Pacific Golden Plover","Charadriidae","Birds"
"Charadrius vociferus","Kildeer","Charadriidae","Birds"
"Numenius phaeopus","Whimbrel","Scolopacidae","Birds"
"Anas penelope","Eurasian Wigeon","Anatidae","Birds"
"Stercorarius parasiticus","Arctic Skua","Stercorariidae","Birds"
"Tachycineta thalassina","Violet-Green Swallow","Hirundinidae","Birds"
"Regulus satrapa","Golden-Crowned Kinglet","Reguliidae","Birds"
"Bartramia longicauda","Upland Sandpiper","Scolopacidae","Birds"
"Pipilo erythrophthalmus","Eastern Towhee","Emberizidae","Birds"
"Loxia leucoptera","White-Winged Crossbill","Fringillidae","Birds"
"Stercorarius longicaudus","Long-Tailed Skua","Stercorariidae","Birds"
"Icteria virens","Yellow-Breasted Chat","Parulidae","Birds"
"Zonotrichia albicollis","White-Throated Sparrow","Emberizidae","Birds"
"Anthus rubescens","Buff-Bellied Pipit","Motacillidae","Birds"
"Aphelocoma californica","Western Scrub Jay","Corvidae","Birds"
"Asio flammeus","Short-Eared Owl","Strigidae","Birds"
"Ammodramus savannarum","Grasshopper Sparrow","Emberizidae","Birds"
"Bucephala albeola","Bufflehead","Anatidae","Birds"
"Mergus serrator","Red-Breasted Merganser","Anatidae","Birds"
"Aechmophorus clarkii","Clark's Grebe","Podicipedidae","Birds"
"Troglodytes troglodytes","Winter Wren","Troglodytidae","Birds"
"Falco peregrinus","Peregrine Falcon","Falconidae","Birds"
"Quiscalus mexicanus","Great-Tailed Grackle","Icteridae","Birds"
"Accipiter striatus","Plain-Breasted Hawk","Accipitridae","Birds"
"Zonotrichia atricapilla","Golden-Crowned Sparrow","Emberizidae","Birds"
"Calypte anna","Anna's Hummingbird","Trochilidae","Birds"
"Empidonax oberholseri","Oberholser's Flycatcher","Tyrannidae","Birds"
"Dendroica aestiva","American Yellow Warbler","Parulidae","Birds"
"Calidris ruficollis","Red-Necked Stint","Scolopacidae","Birds"
"Sterna caspia","Caspian Tern","Laridae","Birds"
"Empidonax hammondii","Hammond's Flycatcher","Tyrannidae","Birds"
"Loxia curvirostra","Red Crossbill","Fringillidae","Birds"
"Passerella iliaca","Fox Sparrow","Emberizidae","Birds"
"Leucosticte atrata","Black Rosy Finch","Fringillidae","Birds"
"Perisoreus canadensis","Grey Jay","Corvidae","Birds"
"Centrocercus urophasianus","Sage Grouse","Phasianidae","Birds"
"Arenaria melanocephala","Black Turnstone","Scolopacidae","Birds"
"Zonotrichia leucophrys","White-Crowned Sparrow","Emberizidae","Birds"
"Uria aalge","Guillemot","Alcidae","Birds"
"Aphriza virgata","Surfbird","Scolopacidae","Birds"
"Brachyramphus marmoratus","Marbled Murrelet","Alcidae","Birds"
"Regulus calendula","Ruby-Crowned Kinglet","Reguliidae","Birds"
"Tachycineta bicolor","Tree Swallow","Hirundinidae","Birds"
"Larus argentatus","Herring Gull","Laridae","Birds"
"Circus cyaneus","Hen Harrier","Accipitridae","Birds"
"Archilochus alexandri","Black-Chinned Hummingbird","Trochilidae","Birds"
"Glaucidium gnoma","Northern Pygmy-Owl","Strigidae","Birds"
"Xanthocephalus xanthocephalus","Yellow-Headed Blackbird","Icteridae","Birds"
"Dendragapus fuliginosus","Sooty Grouse","Phasianidae","Birds"
"Cepphus columba","Pigeon Guillemot","Alcidae","Birds"
"Bombycilla cedrorum","Cedar Waxwing","Bombycillidae","Birds"
"Puffinus griseus","Sooty Shearwater","Procellariidae","Birds"
"Sialia currucoides","Mountain Bluebird","Turdidae","Birds"
"Aythya valisineria","Canvasback","Anatidae","Birds"
"Salpinctes obsoletus","Rock Wren","Troglodytidae","Birds"
"Tringa flavipes","Lesser Yellow-Legs","Scolopacidae","Birds"
"Accipiter cooperii","Cooper's Hawk","Accipitridae","Birds"
"Sphyrapicus nuchalis","Red-Naped Sapsucker","Picidae","Birds"
"Phalacrocorax penicillatus","Brandt's Cormorant","Phalacrocoracidae","Birds"
"Phoebastria immutabilis","Laysan Albatross","Diomedeidae","Birds"
"Pelecanus erythrorhynchos","American White Pelican","Pelecanidae","Birds"
"Larus philadelphia","Bonaparte's Gull","Laridae","Birds"
"Gavia pacifica","Pacific Loon","Gaviidae","Birds"
"Sitta carolinensis","White-Breasted Nuthatch","Sittidae","Birds"
"Oceanodroma furcata","Fork-Tailed Storm-Petrel","Hydrobatidae","Birds"
"Chaetura vauxi","Vaux's Swift","Apodidae","Birds"
"Sturnus vulgaris","Common Starling","Sturnidae","Birds"
"Amphispiza belli","Sage Sparrow","Emberizidae","Birds"
"Dendroica petechia","Yellow Warbler","Parulidae","Birds"
"Icterus galbula","Baltimore Oriole","Icteridae","Birds"
"Spizella arborea","American Tree Sparrow","Emberizidae","Birds"
"Progne subis","Purple Martin","Hirundinidae","Birds"
"Megascops kennicottii","Western Screech Owl","Strigidae","Birds"
"Tringa erythropus","Spotted Redshank","Scolopacidae","Birds"
"Gavia stellata","Red-Throated Diver","Gaviidae","Birds"
"Melozone crissalis","California Towhee","Emberizidae","Birds"
"Sayornis nigricans","Black Phoebe","Tyrannidae","Birds"
"Picoides tridactylus","Eurasian Three-Toed Woodpecker","Picidae","Birds"
"Coccothraustes vespertinus","Evening Grosbeak","Fringillidae","Birds"
"Picoides pubescens","Downy Woodpecker","Picidae","Birds"
"Contopus cooperi","Olive-Sided Flycatcher","Tyrannidae","Birds"
"Junco hyemalis","Dark-Eyed Junco","Emberizidae","Birds"
"Carduelis flammea","Common Redpoll","Fringillidae","Birds"
"Larus pipixcan","Franklin's Gull","Laridae","Birds"
"Cypseloides niger","Black Swift","Apodidae","Birds"
"Pipilo maculatus","Spotted Towhee","Emberizidae","Birds"
"Oreoscoptes montanus","Sage Thrasher","Mimidae","Birds"
"Gavia adamsii","White-Billed Diver","Gaviidae","Birds"
"Buteo jamaicensis","Red-Tailed Hawk","Accipitridae","Birds"
"Oceanodroma leucorhoa","Leach's Storm-Petrel","Hydrobatidae","Birds"
"Anser albifrons","Greater White-Fronted Goose","Anatidae","Birds"
"Calidris alba","Sanderling","Scolopacidae","Birds"
"Falco sparverius","American Kestrel","Falconidae","Birds"
"Cathartes aura","Turkey Vulture","Cathartidae","Birds"
"Cygnus buccinator","Trumpeter Swan","Anatidae","Birds"
"Picoides dorsalis","American Three-Toed Woodpecker","Picidae","Birds"
"Tyrannus forficatus","Scissor-Tailed Flycatcher","Tyrannidae","Birds"
"Fulica americana","American Coot","Rallidae","Birds"
"Pipilo chlorurus","Green-Tailed Towhee","Emberizidae","Birds"
"Parus atricapillus","Black-Capped Chickadee","Paridae","Birds"
"Butorides virescens","Green Heron","Ardeidae","Birds"
"Branta bernicla","Brant","Anatidae","Birds"
"Clangula hyemalis","Long-Tailed Duck","Anatidae","Birds"
"Sialia mexicana","Western Bluebird","Turdidae","Birds"
"Colaptes auratus","Northern Flicker","Picidae","Birds"
"Catharus fuscescens","Veery","Turdidae","Birds"
"Sphyrapicus ruber","Red-Breasted Sapsucker","Picidae","Birds"
"Strix occidentalis","Spotted Owl","Strigidae","Birds"
"Mergus merganser","Goosander","Anatidae","Birds"
"Plectrophenax nivalis","Snow Bunting","Emberizidae","Birds"
"Fringilla montifringilla","Brambling","Fringillidae","Birds"
"Gavia immer","Common Loon","Gaviidae","Birds"
"Rallus limicola","Virginia Rail","Rallidae","Birds"
"Tyrannus tyrannus","Eastern Kingbird","Tyrannidae","Birds"
"Falco rusticolus","Gyr Falcon","Falconidae","Birds"
"Synthliboramphus hypoleucus","Xantus' Murrelet","Alcidae","Birds"
"Carduelis pinus","Pine Siskin","Fringillidae","Birds"
"Branta hutchinsii","Cackling Goose","Anatidae","Birds"
"Stelgidopteryx serripennis","Northern Rough-Winged Swallow","Hirundinidae","Birds"
"Anas platyrhynchos","Mallard","Anatidae","Birds"
"Sterna elegans","Elegant Tern","Laridae","Birds"
"Zoothera naevia","Varied Thrush","Turdidae","Birds"
"Aythya collaris","Ring-Necked Duck","Anatidae","Birds"
"Phoebastria albatrus","Short-Tailed Albatross","Diomedeidae","Birds"
"Coccyzus americanus","Yellow-Billed Cuckoo","Cuculidae","Birds"
"Cerorhinca monocerata","Rhinoceros Auklet","Alcidae","Birds"
"Chlidonias niger","Black Tern","Laridae","Birds"
"Lanius ludovicianus","Loggerhead Shrike","Laniidae","Birds"
"Dendroica occidentalis","Hermit Warbler","Parulidae","Birds"
"Parus rufescens","Chestnut-Backed Chickadee","Paridae","Birds"
"Lophodytes cucullatus","Hooded Merganser","Anatidae","Birds"
"Ptychoramphus aleuticus","Cassin's Auklet","Alcidae","Birds"
"Cinclus mexicanus","North American Dipper","Cinclidae","Birds"
"Asio otus","Long-Eared Owl","Strigidae","Birds"
"Molothrus ater","Brown-Headed Cowbird","Icteridae","Birds"
"Otus flammeolus","Flammulated Owl","Strigidae","Birds"
"Empidonax minimus","Least Flycatcher","Tyrannidae","Birds"
"Larus hyperboreus","Glaucous Gull","Laridae","Birds"
"Larus delawarensis","Ring-Billed Gull","Laridae","Birds"
"Eremophila alpestris","Horned Lark","Alaudidae","Birds"
"Charadrius semipalmatus","Semipalmated Plover","Charadriidae","Birds"
"Catharacta maccormicki","South Polar Skua","Stercorariidae","Birds"
"Megaceryle alcyon","Belted Kingfisher","Alcedinidae","Birds"
"Pluvialis squatarola","Grey Plover","Charadriidae","Birds"
"Lanius excubitor","Great Grey Shrike","Laniidae","Birds"
"Selasphorus sasin","Allen's Hummingbird","Trochilidae","Birds"
"Falco mexicanus","Prairie Falcon","Falconidae","Birds"
"Limnodromus griseus","Short-Billed Dowitcher","Scolopacidae","Birds"
"Hirundo rustica","Barn Swallow","Hirundinidae","Birds"
"Polioptila caerulea","Blue-Grey Gnatcatcher","Polioptilidae","Birds"
"Zenaida macroura","Mourning Dove","Columbidae","Birds"
"Histrionicus histrionicus","Harlequin Duck","Anatidae","Birds"
"Catherpes mexicanus","Canyon Wren","Troglodytidae","Birds"
"Aythya marila","Greater Scaup","Anatidae","Birds"
"Numenius tahitiensis","Bristle-Thighed Curlew","Scolopacidae","Birds"
"Catoptrophorus semipalmatus","Willet","Scolopacidae","Birds"
"Gallinago gallinago","Common Snipe","Scolopacidae","Birds"
"Fratercula cirrhata","Tufted Puffin","Alcidae","Birds"
"Petrochelidon pyrrhonota","Cliff Swallow","Hirundinidae","Birds"
"Gymnogyps californianus","California Condor","Cathartidae","Birds"
"Dryocopus pileatus","Pileated Woodpecker","Picidae","Birds"
"Porzana carolina","Sora","Rallidae","Birds"
"Actitis macularius","Spotted Sandpiper","Scolopacidae","Birds"
"Myiarchus cinerascens","Ash-Throated Flycatcher","Tyrannidae","Birds"
"Ardea herodias","Great Blue Heron","Ardeidae","Birds"
"Pipilo crissalis","California Towhee","Emberizidae","Birds"
"Chen rossii","Ross's Goose","Anatidae","Birds"
"Vireo huttoni","Hutton's Vireo","Vireonidae","Birds"
"Chondestes grammacus","Lark Sparrow","Emberizidae","Birds"
"Aeronautes saxatalis","White-Throated Swift","Apodidae","Birds"
"Pandion haliaetus","Osprey","Accipitridae","Birds"
"Pica hudsonia","Black-Billed Magpie","Corvidae","Birds"
"Falco columbarius","Merlin","Falconidae","Birds"
"Amphispiza bilineata","Black-Throated Sparrow","Emberizidae","Birds"
"Strix varia","Barred Owl","Strigidae","Birds"
"Aythya fuligula","Tufted Duck","Anatidae","Birds"
"Vermivora ruficapilla","Nashville Warbler","Parulidae","Birds"
"Puffinus carneipes","Flesh-Footed Shearwater","Procellariidae","Birds"
"Buteo swainsoni","Swainson's Hawk","Accipitridae","Birds"
"Melanitta fusca","White-Winged Scoter","Anatidae","Birds"
"Puffinus creatopus","Pink-Footed Shearwater","Procellariidae","Birds"
"Bubo scandiaca","Snowy Owl","Strigidae","Birds"
"Columba livia","Rock Dove","Columbidae","Birds"
"Buteo lagopus","Rough-Legged Buzzard","Accipitridae","Birds"
"Alectoris chukar","Chukar","Phasianidae","Birds"
"Calcarius lapponicus","Lapland Longspur","Emberizidae","Birds"
"Passerculus sandwichensis","Savannah Sparrow","Emberizidae","Birds"
"Anas crecca","Common Teal","Anatidae","Birds"
"Corvus caurinus","Northwestern Crow","Corvidae","Birds"
"Patagioenas fasciata","Band-Tailed Pigeon","Columbidae","Birds"
"Anas americana","American Wigeon","Anatidae","Birds"
"Geothlypis trichas","Common Yellowthroat","Parulidae","Birds"
"Oporornis tolmiei","Macgillivray's Warbler","Parulidae","Birds"
"Carpodacus purpureus","Purple Finch","Fringillidae","Birds"
"Contopus sordidulus","Western Wood-Pewee","Tyrannidae","Birds"
"Heteroscelus incanus","Wandering Tattler","Scolopacidae","Birds"
"Callipepla californica","California Quail","Odontophoridae","Birds"
"Spizella passerina","Chipping Sparrow","Emberizidae","Birds"
"Botaurus lentiginosus","American Bittern","Ardeidae","Birds"
"Nucifraga columbiana","Clark's Nutcracker","Corvidae","Birds"
"Vireo olivaceus","Red-Eyed Vireo","Vireonidae","Birds"
"Dendroica coronata","Yellow-Rumped Warbler","Parulidae","Birds"
"Perdix perdix","Grey Partridge","Phasianidae","Birds"
"Catharus guttatus","Hermit Thrush","Turdidae","Birds"
"Anas discors","Blue-Winged Teal","Anatidae","Birds"
"Podiceps nigricollis","Black-Necked Grebe","Podicipedidae","Birds"
"Phalaropus lobatus","Red-Necked Phalarope","Scolopacidae","Birds"
"Aythya affinis","Lesser Scaup","Anatidae","Birds"
"Glaucidium californicum","California Pygmy-Owl","Strigidae","Birds"
"Chamaea fasciata","Wrentit","Timaliidae","Birds"
"Buteo lineatus","Red-Shouldered Hawk","Accipitridae","Birds"
"Recurvirostra americana","American Avocet","Recurvirostridae","Birds"
"Euphagus cyanocephalus","Brewer's Blackbird","Icteridae","Birds"
"Parus gambeli","Mountain Chickadee","Paridae","Birds"
"Selasphorus platycercus","Broad-Tailed Hummingbird","Trochilidae","Birds"
"Balaenoptera borealis","Sei Whale","Balaenopteridae","Mammals"
"Pipistrellus hesperus","Western Pipistrelle","Vespertilionidae","Mammals"
"Scapanus latimanus","Broad-Footed Mole","Talpidae","Mammals"
"Ursus americanus","American Black Bear","Ursidae","Mammals"
"Lasiurus blossevillii","Red Bat","Vespertilionidae","Mammals"
"Lepus townsendii","White Tailed Jackrabbit","Leporidae","Mammals"
"Marmota caligata","Hoary Marmot","Sciuridae","Mammals"
"Balaenoptera musculus","Blue Whale","Balaenopteridae","Mammals"
"Tamiasciurus hudsonicus","Red Squirrel","Sciuridae","Mammals"
"Myotis volans","Long Legged Myotis","Vespertilionidae","Mammals"
"Procyon lotor","Raccoon","Procyonidae","Mammals"
"Sorex preblei","Preble's Shrew","Soricidae","Mammals"
"Mesoplodon carlhubbsi","Hubbs' Beaked Whale","Ziphiidae","Mammals"
"Microtus townsendii","Townsend's Vole","Cricetidae","Mammals"
"Martes pennanti","Fisher","Mustelidae","Mammals"
"Dipodomys californicus","California Kangaroo Rat","Heteromyidae","Mammals"
"Glaucomys sabrinus","Northern Flying Squirrel","Sciuridae","Mammals"
"Bassariscus astutus","Ringtail","Procyonidae","Mammals"
"Gulo gulo","Wolverine","Mustelidae","Mammals"
"Alces alces","Eurasian Elk","Cervidae","Mammals"
"Peromyscus maniculatus","Deer Mouse","Cricetidae","Mammals"
"Phenacomys intermedius","Western Heather Vole","Cricetidae","Mammals"
"Reithrodontomys megalotis","Western Harvest Mouse","Cricetidae","Mammals"
"Grampus griseus","Risso's Dolphin","Delphinidae","Mammals"
"Microtus californicus","California Vole","Cricetidae","Mammals"
"Onychomys leucogaster","Northern Grasshopper Mouse","Cricetidae","Mammals"
"Urocyon cinereoargenteus","Gray Fox","Canidae","Mammals"
"Thomomys talpoides","Northern Pocket Gopher","Geomyidae","Mammals"
"Mesoplodon stejnegeri","Stejneger's Beaked Whale","Ziphiidae","Mammals"
"Vulpes macrotis","Kit Fox","Canidae","Mammals"
"Thomomys townsendii","Townsend's Pocket Gopher","Geomyidae","Mammals"
"Marmota flaviventris","Yellow Bellied Marmot","Sciuridae","Mammals"
"Mustela erminea","Stoat","Mustelidae","Mammals"
"Lontra canadensis","Northern River Otter","Mustelidae","Mammals"
"Canis latrans","Coyote","Canidae","Mammals"
"Stenella coeruleoalba","Striped Dolphin","Delphinidae","Mammals"
"Odocoileus hemionus","Mule Deer","Cervidae","Mammals"
"Odocoileus virginianus","White-Tailed Deer","Cervidae","Mammals"
"Zalophus californianus","Californian Sea Lion","Otariidae","Mammals"
"Phocoenoides dalli","Dall's Porpoise","Phocoenidae","Mammals"
"Corynorhinus townsendii","Townsend's Big-Eared Bat","Vespertilionidae","Mammals"
"Sorex monticolus","Montane Shrew","Soricidae","Mammals"
"Onychomys torridus","Southern Grasshopper Mouse","Cricetidae","Mammals"
"Mustela frenata","Long Tailed Weasel","Mustelidae","Mammals"
"Aplodontia rufa","Mountain Beaver","Aplodontiidae","Mammals"
"Thomomys mazama","Western Pocket Gopher","Geomyidae","Mammals"
"Arborimus longicaudus","Red Tree Vole","Cricetidae","Mammals"
"Arborimus albipes","White Footed Vole","Cricetidae","Mammals"
"Megaptera novaeangliae","Humpback Whale","Balaenopteridae","Mammals"
"Sorex palustris","American Water Shrew","Soricidae","Mammals"
"Mesoplodon densirostris","Blainville's Beaked Whale","Ziphiidae","Mammals"
"Myotis lucifugus","Little Brown Bat","Vespertilionidae","Mammals"
"Sylvilagus bachmani","Brush Rabbit","Leporidae","Mammals"
"Puma concolor","Cougar","Felidae","Mammals"
"Peromyscus boylii","Brush Mouse","Cricetidae","Mammals"
"Antrozous pallidus","Pallid Bat","Vespertilionidae","Mammals"
"Perognathus longimembris","Little Pocket Mouse","Heteromyidae","Mammals"
"Microdipodops megacephalus","Dark Kangaroo Mouse","Heteromyidae","Mammals"
"Ammospermophilus leucurus","White Tailed Antelope Squirrel","Sciuridae","Mammals"
"Delphinus delphis","Atlantic Dolphin","Delphinidae","Mammals"
"Brachylagus idahoensis","Pygmy Rabbit","Leporidae","Mammals"
"Myotis evotis","Long Eared Myotis","Vespertilionidae","Mammals"
"Ovis canadensis","Bighorn Sheep","Bovidae","Mammals"
"Ondatra zibethicus","Musk Rat","Cricetidae","Mammals"
"Lepus californicus","Black-Tailed Jackrabbit","Leporidae","Mammals"
"Neurotrichus gibbsii","American Shrew Mole","Talpidae","Mammals"
"Ziphius cavirostris","Cuvier's Beaked Whale","Ziphiidae","Mammals"
"Lemmiscus curtatus","Sagebrush Vole","Cricetidae","Mammals"
"Balaenoptera physalus","Fin Whale","Balaenopteridae","Mammals"
"Zapus trinotatus","Pacific Jumping Mouse","Dipodidae","Mammals"
"Cervus canadensis","null","Cervidae","Mammals"
"Taxidea taxus","American Badger","Mustelidae","Mammals"
"Mirounga angustirostris","Northern Elephant Seal","Phocidae","Mammals"
"Oreamnos americanus","Mountain Goat","Bovidae","Mammals"
"Lasionycteris noctivagans","Silver-Haired Bat","Vespertilionidae","Mammals"
"Globicephala macrorhynchus","Short Finned Pilot Whale","Delphinidae","Mammals"
"Spilogale gracilis","Western Spotted Skunk","Mephitidae","Mammals"
"Lasiurus cinereus","Hoary Bat","Vespertilionidae","Mammals"
"Peromyscus truei","Pinyon Mouse","Cricetidae","Mammals"
"Tamiasciurus douglasii","Douglas's Squirrel","Sciuridae","Mammals"
"Tadarida brasiliensis","Brazilian Free Tailed Bat","Molossidae","Mammals"
"Lagenorhynchus obliquidens","Pacific White Sided Dolphin","Delphinidae","Mammals"
"Sorex sonomae","Fog Shrew","Soricidae","Mammals"
"Perognathus parvus","Great Basin Pocket Mouse","Heteromyidae","Mammals"
"Orcinus orca","Killer Whale","Delphinidae","Mammals"
"Phoca vitulina","Harbour Seal","Phocidae","Mammals"
"Thomomys bulbivorus","Camas Pocket Gopher","Geomyidae","Mammals"
"Dipodomys ordii","Ord's Kangaroo Rat","Heteromyidae","Mammals"
"Kogia sima","Dwarf Sperm Whale","Physeteridae","Mammals"
"Sorex trowbridgii","Trowbridge's Shrew","Soricidae","Mammals"
"Sorex bairdi","Baird's Shrew","Soricidae","Mammals"
"Kogia breviceps","Pygmy Sperm Whale","Physeteridae","Mammals"
"Peromyscus crinitus","Canyon Mouse","Cricetidae","Mammals"
"Lepus americanus","Snowshoe Hare","Leporidae","Mammals"
"Sorex rohweri","Olympic Shrew","Soricidae","Mammals"
"Microtus pennsylvanicus","Meadow Vole","Cricetidae","Mammals"
"Sylvilagus floridanus","Eastern Cottontail","Leporidae","Mammals"
"Phocoena phocoena","Harbour Porpoise","Phocoenidae","Mammals"
"Antilocapra americana","Pronghorn","Antilocapridae","Mammals"
"Neotoma cinerea","Bushy Tailed Woodrat","Cricetidae","Mammals"
"Microtus longicaudus","Long-Tailed Vole","Cricetidae","Mammals"
"Sylvilagus nuttallii","Mountain Cottontail","Leporidae","Mammals"
"Sciurus griseus","Western Gray Squirrel","Sciuridae","Mammals"
"Eumetopias jubatus","Steller Sea Lion","Otariidae","Mammals"
"Scapanus orarius","Coast Mole","Talpidae","Mammals"
"Pseudorca crassidens","False Killer Whale","Delphinidae","Mammals"
"Neotoma fuscipes","Dusky Footed Woodrat","Cricetidae","Mammals"
"Lynx rufus","Bobcat","Felidae","Mammals"
"Balaenoptera acutorostrata","Common Minke Whale","Balaenopteridae","Mammals"
"Microtus oregoni","Creeping Vole","Cricetidae","Mammals"
"Callorhinus ursinus","Northern Fur Seal","Otariidae","Mammals"
"Euderma maculatum","Spotted Bat","Vespertilionidae","Mammals"
"Myodes gapperi","Southern Red Backed Vole","Cricetidae","Mammals"
"Zapus princeps","Western Jumping Mouse","Dipodidae","Mammals"
"Mus musculus","House Mouse","Muridae","Mammals"
"Martes americana","American Marten","Mustelidae","Mammals"
"Myotis melanorhinus","Dark-Nosed Small-Footed Myotis","Vespertilionidae","Mammals"
"Neovison vison","American Mink","Mustelidae","Mammals"
"Myotis thysanodes","Fringed Myotis","Vespertilionidae","Mammals"
"Ochotona princeps","American Pika","Ochotonidae","Mammals"
"Sorex vagrans","Vagrant Shrew","Soricidae","Mammals"
"Scapanus townsendii","Townsend's Mole","Talpidae","Mammals"
"Didelphis virginiana","Virginia Opossum","Didelphidae","Mammals"
"Thomomys bottae","Botta's Pocket Gopher","Geomyidae","Mammals"
"Canis lupus","Wolf","Canidae","Mammals"
"Myotis yumanensis","Yuma Myotis","Vespertilionidae","Mammals"
"Neotoma lepida","Desert Woodrat","Cricetidae","Mammals"
"Physeter macrocephalus","Sperm Whale","Physeteridae","Mammals"
"Berardius bairdii","Baird's Beaked Whale","Ziphiidae","Mammals"
"Mephitis mephitis","Striped Skunk","Mephitidae","Mammals"
"Erethizon dorsatum","North American Porcupine","Erethizontidae","Mammals"
"Myodes californicus","Western Red-Backed Vole","Cricetidae","Mammals"
"Myotis californicus","California Myotis","Vespertilionidae","Mammals"
"Lissodelphis borealis","Northern Right Whale Dolphin","Delphinidae","Mammals"
"Eschrichtius robustus","Gray Whale","Eschrichtiidae","Mammals"
"Eptesicus fuscus","Big Brown Bat","Vespertilionidae","Mammals"
"Dipodomys microps","House Rock Valley Kangaroo Rat","Heteromyidae","Mammals"
"Sorex pacificus","Pacific Shrew","Soricidae","Mammals"
"Castor canadensis","American Beaver","Castoridae","Mammals"
"Vulpes vulpes","Red Fox","Canidae","Mammals"
"Microtus richardsoni","Water Vole","Cricetidae","Mammals"
"Sorex bendirii","Pacific Water Shrew","Soricidae","Mammals"
"Microtus montanus","Montane Vole","Cricetidae","Mammals"
"Sorex cinereus","Masked Shrew","Soricidae","Mammals"
"Sorex merriami","Merriam's Shrew","Soricidae","Mammals"
"Peromyscus keeni","Northwestern Deermouse","Cricetidae","Mammals"
"Microtus canicaudus","Gray Tailed Vole","Cricetidae","Mammals"
"Sonora semiannulata","Ground Snake","Colubridae","Reptiles"
"Crotaphytus bicinctores","Desert Collared Lizard","Crotaphytidae","Reptiles"
"Lepidochelys olivacea","Pacific Ridley","Cheloniidae","Reptiles"
"Caretta caretta","Loggerhead","Cheloniidae","Reptiles"
"Masticophis taeniatus","Striped Whipsnake","Colubridae","Reptiles"
"Hypsiglena torquata","Klauberi","Colubridae","Reptiles"
"Thamnophis atratus","Pacific Coast Aquatic Garter Snake","Colubridae","Reptiles"
"Sceloporus occidentalis","Pacific Blue-Bellied Lizard","Phrynosomatidae","Reptiles"
"Eretmochelys imbricata","Hawksbill","Cheloniidae","Reptiles"
"Pituophis catenifer","Gopher Snake","Colubridae","Reptiles"
"Lampropeltis zonata","California Mountain Kingsnake","Colubridae","Reptiles"
"Dermochelys coriacea","Leatherback Sea Turtle","Dermochelyidae","Reptiles"
"Rhinocheilus lecontei","Longnose Snake","Colubridae","Reptiles"
"Elgaria coerulea","Northern Alligator Lizard","Anguidae","Reptiles"
"Sceloporus graciosus","Mountain Swift","Phrynosomatidae","Reptiles"
"Coluber constrictor","Eastern Racer","Colubridae","Reptiles"
"Thamnophis elegans","Western Terrestrial Garter Snake","Colubridae","Reptiles"
"Uta stansburiana","Eastern Side-Blotched Lizard","Phrynosomatidae","Reptiles"
"Contia tenuis","Sharptail Snake","Colubridae","Reptiles"
"Plestiodon skiltonianus","Western Skink","Scincidae","Reptiles"
"Charina bottae","Northern Rubber Boa","Boidae","Reptiles"
"Aspidoscelis tigris","Tiger Whiptail","Teiidae","Reptiles"
"Eumeces skiltonianus","Western Skink","Scincidae","Reptiles"
"Crotalus oreganus","Western Rattlesnake","Viperidae","Reptiles"
"Lampropeltis getula","Common Kingsnake","Colubridae","Reptiles"
"Diadophis punctatus","Ringneck Snake","Colubridae","Reptiles"
"Phrynosoma douglasii","Pigmy Short-Horned Lizard","Phrynosomatidae","Reptiles"
"Gambelia wislizenii","Longnose Leopard Lizard","Crotaphytidae","Reptiles"
"Elgaria multicarinata","Southern Alligator Lizard","Anguidae","Reptiles"
"Thamnophis sirtalis","Common Garter Snake","Colubridae","Reptiles"
"Phrynosoma platyrhinos","Desert Horned Lizard","Phrynosomatidae","Reptiles"
"Thamnophis ordinoides","Northwestern Garter Snake","Colubridae","Reptiles"
"Chrysemys picta","Painted Turtle","Emydidae","Turtles (non-marine)"
"Plethodon elongatus","Del Norte Salamander","Plethodontidae","Amphibians"
"Batrachoseps attenuatus","Northern Slender Salamander","Plethodontidae","Amphibians"
"Ambystoma gracile","Northwestern Salamander","Ambystomatidae","Amphibians"
"Pseudacris maculata","Boreal Chorus Frog","Hylidae","Amphibians"
"Ensatina eschscholtzii","Red Salamander","Plethodontidae","Amphibians"
"Plethodon vehiculum","Western Redback Salamander","Plethodontidae","Amphibians"
"Ascaphus montanus","Rocky Mountain Tailed Frog","Ascaphidae","Amphibians"
"Taricha granulosa","Roughskin Newt","Salamandridae","Amphibians"
"Rhyacotriton variegatus","California Mountain Salamander","Rhyacotritonidae","Amphibians"
"Plethodon asupak","Scott Bar Salamander","Plethodontidae","Amphibians"
"Rhyacotriton cascadae","Cascade Torrent Salamander","Rhyacotritonidae","Amphibians"
"Aneides ferreus","Rusty Anaides","Plethodontidae","Amphibians"
"Rana pretiosa","Oregon Spotted Frog","Ranidae","Amphibians"
"Rana boylii","Foothill Yellow-Legged Frog","Ranidae","Amphibians"
"Batrachoseps wrighti","Western Four-Toed Salamander","Plethodontidae","Amphibians"
"Anaxyrus boreas","Boreal Toad","Bufonidae","Amphibians"
"Rana luteiventris","Columbia Spotted Frog","Ranidae","Amphibians"
"Aneides flavipunctatus","Black Salamander","Plethodontidae","Amphibians"
"Ambystoma macrodactylum","Long-Toed Salamander","Ambystomatidae","Amphibians"
"Lithobates pipiens","Peeping Frog","Ranidae","Amphibians"
"Ambystoma tigrinum","Tiger Salamander","Ambystomatidae","Amphibians"
"Rana aurora","Northern Red-Legged Frog","Ranidae","Amphibians"
"Plethodon idahoensis","Coeur D'Alene Salamander","Plethodontidae","Amphibians"
"Lithobates catesbeianus","Common Bullfrog","Ranidae","Amphibians"
"Ascaphus truei","American Discoglossoid Toad","Ascaphidae","Amphibians"
"Pseudacris regilla","Pacific Treefrog","Hylidae","Amphibians"
"Spea intermontana","Great Basin Spadefoot","Scaphiopodidae","Amphibians"
"Plethodon larselli","Larch Mountain Salamander","Plethodontidae","Amphibians"
"Plethodon dunni","Dunn Salamander","Plethodontidae","Amphibians"
"Rana cascadae","Cascade Frog","Ranidae","Amphibians"
"Ambystoma mavortium","Axolotl","Ambystomatidae","Amphibians"
"Aneides vagrans","Wandering Salamander","Plethodontidae","Amphibians"
"Dicamptodon aterrimus","Rocky Mountain Salamander","Ambystomatidae","Amphibians"
"Dicamptodon copei","Cope's Giant Salamander","Ambystomatidae","Amphibians"
"Rhyacotriton kezeri","Oregon Olympic Salamander","Rhyacotritonidae","Amphibians"
"Anaxyrus woodhousii","East Texas Toad","Bufonidae","Amphibians"
"Plethodon stormi","Siskiyou Mountains Salamander","Plethodontidae","Amphibians"
"Plethodon vandykei","Washington Salamander","Plethodontidae","Amphibians"
"Dicamptodon tenebrosus","Oregon Salamander","Ambystomatidae","Amphibians"
"Squatina californica","Pacific Angel Shark","Squatinidae","Fishes"
"Bathyraja aleutica","Aleutian Skate","Arhynchobatidae","Fishes"
"Alopias vulpinus","Thresher Shark","Alopiidae","Fishes"
"Hexanchus griseus","Bluntnose Sixgill Shark","Hexanchidae","Fishes"
"Triakis semifasciata","Leopard Shark","Triakidae","Fishes"
"Salvelinus confluentus","Bull Trout","Salmonidae","Fishes"
"Rhinichthys cataractae","Longnose Dace","Cyprinidae","Fishes"
"Oncorhynchus kisutch","Coho Salmon","Salmonidae","Fishes"
"Lamna ditropis","Salmon Shark","Lamnidae","Fishes"
"Isurus oxyrinchus","Shortfin Mako","Lamnidae","Fishes"
"Raja rhina","Longnose Skate","Rajidae","Fishes"
"Prionace glauca","Blue Shark","Carcharhinidae","Fishes"
"Oregonichthys kalawatseti","Umpqua Chub","Cyprinidae","Fishes"
"Entosphenus tridentatus","Pacific Lamprey","Petromyzontidae","Fishes"
"Bathyraja kincaidii","Sandpaper Skate","Arhynchobatidae","Fishes"
"Catostomus snyderi","Klamath Largescale Sucker","Catostomidae","Fishes"
"Hydrolagus colliei","Spotted Ratfish","Chimaeridae","Fishes"
"Lampetra ayresii","River Lamprey","Petromyzontidae","Fishes"
"Cottus hubbsi","Columbia Sculpin","Cottidae","Fishes"
"Oncorhynchus nerka","Sockeye Salmon","Salmonidae","Fishes"
"Oncorhynchus clarkii","Cutthroat Trout","Salmonidae","Fishes"
"Amblyraja hyperborea","Arctic Skate","Rajidae","Fishes"
"Raja inornata","California Skate","Rajidae","Fishes"
"Catostomus occidentalis","Goose Lake Sucker","Catostomidae","Fishes"
"Pteroplatytrygon violacea","Blue Stingray","Dasyatidae","Fishes"
"Carcharodon carcharias","Great White Shark","Lamnidae","Fishes"
"Cottus rhotheus","Torrent Sculpin","Cottidae","Fishes"
"Oncorhynchus mykiss","Rainbow Trout","Salmonidae","Fishes"
"Acipenser medirostris","Green Sturgeon","Acipenseridae","Fishes"
"Sarda chiliensis","Pacific Bonito","Scombridae","Fishes"
"Cottus marginatus","Margined Sculpin","Cottidae","Fishes"
"Thunnus alalunga","Bastard Albacore","Scombridae","Fishes"
"Entosphenus similis","Klamath Lamprey","Petromyzontidae","Fishes"
"Cetorhinus maximus","Basking Shark","Cetorhinidae","Fishes"
"Raja stellulata","Prickly Skate","Rajidae","Fishes"
"Ptychocheilus umpquae","Umpqua Pikeminnow","Cyprinidae","Fishes"
"Rhinichthys falactus","Leopard Dace","Cyprinidae","Fishes"
"Cottus aleuticus","Coastrange Sculpin","Cottidae","Fishes"
"Catostomus macrocheilus","Largescale Sucker","Catostomidae","Fishes"
"Eremichthys acros","Desert Dace","Cyprinidae","Fishes"
"Apristurus kampae","Longnose Catshark","Pentanchidae","Fishes"
"Cottus pitensis","Pit Sculpin","Cottidae","Fishes"
"Catostomus tahoensis","Tahoe Sucker","Catostomidae","Fishes"
"Acipenser transmontanus","White Sturgeon","Acipenseridae","Fishes"
"Tetronarce californica","null","Torpedinidae","Fishes"
"Entosphenus minimus","Miller Lake Lamprey","Petromyzontidae","Fishes"
"Galeorhinus galeus","Tope","Triakidae","Fishes"
"Rhinichthys evermanni","Umpqua Dace","Cyprinidae","Fishes"
"Cottus cognatus","Slimy Sculpin","Cottidae","Fishes"
"Acrocheilus alutaceus","Chiselmouth","Cyprinidae","Fishes"
"Parmaturus xaniurus","Filetail Catshark","Pentanchidae","Fishes"
"Cottus gulosus","Riffle Sculpin","Cottidae","Fishes"
"Catostomus platyrhynchus","Mountain Sucker","Catostomidae","Fishes"
"Cottus tenuis","Slender Sculpin","Cottidae","Fishes"
"Cottus klamathensis","Marbled Sculpin","Cottidae","Fishes"
"Squalus suckleyi","Spiny Dogfish","Squalidae","Fishes"
"Cottus asper","Prickly Sculpin","Cottidae","Fishes"
"Catostomus warnerensis","Warner Sucker","Catostomidae","Fishes"
"Hysterocarpus traskii","Tule Perch","Embiotocidae","Fishes"
"Cottus beldingii","Paiute Sculpin","Cottidae","Fishes"
"Somniosus pacificus","Pacific Sleeper Shark","Somniosidae","Fishes"
"Rhinichthys umatilla","Umatilla Dace","Cyprinidae","Fishes"
"Myliobatis californicus","Bat Ray","Myliobatidae","Fishes"
"Bathyraja abyssicola","Deepsea Skate","Arhynchobatidae","Fishes"
"Novumbra hubbsi","Olympic Mudminnow","Umbridae","Fishes"
"Bathyraja spinosissima","Pacific White Skate","Arhynchobatidae","Fishes"
"Scomber japonicus","Pacific Chub Mackerel","Scombridae","Fishes"
"Cottus confusus","Shorthead Sculpin","Cottidae","Fishes"
"Oncorhynchus keta","Chum Salmon","Salmonidae","Fishes"
"Cottus perplexus","Reticulate Sculpin","Cottidae","Fishes"
"Notorynchus cepedianus","Broadnose Sevengill Shark","Hexanchidae","Fishes"
"Oregonichthys crameri","Oregon Chub","Cyprinidae","Fishes"
"Katsuwonus pelamis","Oceanic Skipjack","Scombridae","Fishes"
"Oncorhynchus tshawytscha","Chinook Salmon","Salmonidae","Fishes"
"Amblyraja badia","Broad Skate","Rajidae","Fishes"
"Rhinichthys osculus","Speckled Dace","Cyprinidae","Fishes"
"Entosphenus lethophagus","Pit Klamath Brook Lamprey","Petromyzontidae","Fishes"
"Bathyraja trachura","Roughtail Skate","Arhynchobatidae","Fishes"
"Catostomus microps","Modoc Sucker","Catostomidae","Fishes"
"Oncorhynchus gorbuscha","Pink Salmon","Salmonidae","Fishes"
"Gasterosteus aculeatus","Three-Spined Stickleback","Gasterosteidae","Fishes"
"Cottus bendirei","Malheur Sculpin","Cottidae","Fishes"
"Apristurus brunneus","Brown Catshark","Pentanchidae","Fishes"
"Chasmistes brevirostris","Shortnose Sucker","Catostomidae","Fishes"
"Cottus princeps","Klamath Lake Sculpin","Cottidae","Fishes"
"Bathyraja microtrachys","Fine Spined Skate","Arhynchobatidae","Fishes"
"Catostomus columbianus","Bridgelip Sucker","Catostomidae","Fishes"
"Gila coerulea","Blue Chub","Cyprinidae","Fishes"
"Ptychocheilus oregonensis","Northern Pikeminnow","Cyprinidae","Fishes"
"Catostomus rimiculus","Klamath Smallscale Sucker","Catostomidae","Fishes"
"Lampetra richardsoni","Western Brook Lamprey","Petromyzontidae","Fishes"
"Pieris napi","Gray-Veined White","Pieridae","Butterflies"
"Colias eurytheme","Orange Sulphur","Pieridae","Butterflies"
"Papilio multicaudata","Two-Tailed Swallowtail","Papilionidae","Butterflies"
"Phyciodes morpheus","null","Nymphalidae","Butterflies"
"Plebejus shasta","Shasta Blue","Lycaenidae","Butterflies"
"Satyrium behrii","Behr's Hairstreak","Lycaenidae","Butterflies"
"Erynnis pacuvius","Pacuvius Duskywing","Hesperiidae","Butterflies"
"Brephidium exilis","Western Pygmy-Blue","Lycaenidae","Butterflies"
"Vanessa virginiensis","American Lady","Nymphalidae","Butterflies"
"Papilio zelicaon","Anise Swallowtail","Papilionidae","Butterflies"
"Anthocharis lanceolata","Gray Marble","Pieridae","Butterflies"
"Polygonia progne","Gray Comma","Nymphalidae","Butterflies"
"Limenitis archippus","Viceroy","Nymphalidae","Butterflies"
"Ochlodes sylvanoides","Woodland Skipper","Hesperiidae","Butterflies"
"Plebejus melissa","Melissa Blue","Lycaenidae","Butterflies"
"Heliopetes ericetorum","Northern White-Skipper","Hesperiidae","Butterflies"
"Phyciodes orseis","California Crescent","Nymphalidae","Butterflies"
"Oeneis nevadensis","Great Arctic","Nymphalidae","Butterflies"
"Callophrys gryneus","Juniper Hairstreak","Lycaenidae","Butterflies"
"Parnassius phoebus","Small Apollo","Papilionidae","Butterflies"
"Plebejus icarioides","Boisduval's Blue","Lycaenidae","Butterflies"
"Plebejus glandon","Glandon Blue","Lycaenidae","Butterflies"
"Carterocephalus palaemon","Arctic Skipper","Hesperiidae","Butterflies"
"Amblyscirtes vialis","Common Roadside-Skipper","Hesperiidae","Butterflies"
"Lycaena heteronea","Blue Copper","Lycaenidae","Butterflies"
"Everes comyntas","Eastern Tailed-Blue","Lycaenidae","Butterflies"
"Nathalis iole","Dainty Sulphur","Pieridae","Butterflies"
"Polygonia gracilis","Hoary Comma","Nymphalidae","Butterflies"
"Precis coenia","Common Buckeye","Nymphalidae","Butterflies"
"Cercyonis sthenele","Great Basin Wood-Nymph","Nymphalidae","Butterflies"
"Everes amyntula","Western Tailed-Blue","Lycaenidae","Butterflies"
"Satyrium sylvinus","Sylvan Hairstreak","Lycaenidae","Butterflies"
"Pyrgus ruralis","Two-Banded Checkered-Skipper","Hesperiidae","Butterflies"
"Euphydryas chalcedona","Variable Checkerspot","Nymphalidae","Butterflies"
"Limenitis weidemeyerii","Weidemeyer's Admiral","Nymphalidae","Butterflies"
"Euphyes vestris","Dun Skipper","Hesperiidae","Butterflies"
"Lycaena nivalis","Lilac-Bordered Copper","Lycaenidae","Butterflies"
"Satyrium tetra","Mountain Mahogany Hairstreak","Lycaenidae","Butterflies"
"Pieris chloridice","null","Pieridae","Butterflies"
"Neominois ridingsii","Ridings' Satyr","Nymphalidae","Butterflies"
"Colias interior","Pink-Edged Sulphur","Pieridae","Butterflies"
"Limenitis bredowii","Mexican Sister","Nymphalidae","Butterflies"
"Callophrys polios","Hoary Elfin","Lycaenidae","Butterflies"
"Euphydryas gillettii","Gillett's Checkerspot","Nymphalidae","Butterflies"
"Callophrys affinis","Western Green Hairstreak","Lycaenidae","Butterflies"
"Speyeria coronis","Coronis Fritillary","Nymphalidae","Butterflies"
"Phyciodes pallida","Pale Crescent","Nymphalidae","Butterflies"
"Papilio eurymedon","Pale Swallowtail","Papilionidae","Butterflies"
"Hesperopsis libya","Mojave Sootywing","Hesperiidae","Butterflies"
"Callophrys johnsoni","Johnson's Hairstreak","Lycaenidae","Butterflies"
"Pieris rapae","Cabbage White","Pieridae","Butterflies"
"Speyeria cybele","Great Spangled Fritillary","Nymphalidae","Butterflies"
"Polygonia faunus","Faun","Nymphalidae","Butterflies"
"Aguna asander","Gold-Spotted Aguna","Hesperiidae","Butterflies"
"Erynnis icelus","Dreamy Dusky-Wing","Hesperiidae","Butterflies"
"Chlosyne hoffmanni","Hoffmann's Checkerspot","Nymphalidae","Butterflies"
"Pholisora catullus","Common Sootywing","Hesperiidae","Butterflies"
"Euphydryas editha","Edith's Checkerspot","Nymphalidae","Butterflies"
"Plebejus saepiolus","Greenish Blue","Lycaenidae","Butterflies"
"Pieris sisymbrii","null","Pieridae","Butterflies"
"Nymphalis milberti","Milbert's Tortoiseshell","Nymphalidae","Butterflies"
"Speyeria callippe","Callippe Fritillary","Nymphalidae","Butterflies"
"Danaus plexippus","Monarch","Nymphalidae","Butterflies"
"Erynnis zarucco","Zarucco Duskywing","Hesperiidae","Butterflies"
"Vanessa cardui","Painted Lady","Nymphalidae","Butterflies"
"Parnassius clodius","Clodius Parnassian","Papilionidae","Butterflies"
"Boloria epithore","Western Meadow Fritillary","Nymphalidae","Butterflies"
"Hesperia nevada","Nevada Skipper","Hesperiidae","Butterflies"
"Speyeria mormonia","Mormon Fritillary","Nymphalidae","Butterflies"
"Euchloe hyantis","Pearly Marble","Pieridae","Butterflies"
"Lycaena helloides","Purplish Copper","Lycaenidae","Butterflies"
"Atlides halesus","Great Purple Hairstreak","Lycaenidae","Butterflies"
"Thorybes diversus","Western Cloudy-Wing","Hesperiidae","Butterflies"
"Nymphalis californica","California Tortoiseshell","Nymphalidae","Butterflies"
"Neophasia menapia","Pine White","Pieridae","Butterflies"
"Thorybes mexicana","Mexican Cloudywing","Hesperiidae","Butterflies"
"Colias pelidne","Pelidne Sulphur","Pieridae","Butterflies"
"Strymon melinus","Gray Hairstreak","Lycaenidae","Butterflies"
"Callophrys mossii","Moss' Elfin","Lycaenidae","Butterflies"
"Pieris virginiensis","West Virginia White","Pieridae","Butterflies"
"Nymphalis antiopa","Mourning Cloak","Nymphalidae","Butterflies"
"Erynnis propertius","Propertius Duskywing","Hesperiidae","Butterflies"
"Vanessa atalanta","Red Admiral","Nymphalidae","Butterflies"
"Oeneis chryxus","Ivallda Arctic","Nymphalidae","Butterflies"
"Erebia epipsodea","Common Alpine","Nymphalidae","Butterflies"
"Lycaena mariposa","Mariposa Copper","Lycaenidae","Butterflies"
"Polites themistocles","Tawny-Edged Skipper","Hesperiidae","Butterflies"
"Colias occidentalis","Western Sulphur","Pieridae","Butterflies"
"Colias alexandra","Queen Alexandra's Sulphur","Pieridae","Butterflies"
"Hemiargus isola","Reakirt's Blue","Lycaenidae","Butterflies"
"Apodemia mormo","Mormon Metalmark","Riodinidae","Butterflies"
"Lycaena arota","Tailed Copper","Lycaenidae","Butterflies"
"Speyeria claudia","null","Nymphalidae","Butterflies"
"Phyciodes mylitta","Mylitta Crescent","Nymphalidae","Butterflies"
"Pyrgus afranius","null","Hesperiidae","Butterflies"
"Euphilotes enoptes","Dotted Blue","Lycaenidae","Butterflies"
"Hesperia juba","Juba Skipper","Hesperiidae","Butterflies"
"Satyrium saepium","Hedgerow Hairstreak","Lycaenidae","Butterflies"
"Plebejus idas","Idas Blue","Lycaenidae","Butterflies"
"Boloria bellona","Meadow Fritillary","Nymphalidae","Butterflies"
"Plebejus acmon","Acmon Blue","Lycaenidae","Butterflies"
"Colias philodice","Clouded Sulphur","Pieridae","Butterflies"
"Cercyonis pegala","Common Wood-Nymph","Nymphalidae","Butterflies"
"Vanessa carye","null","Nymphalidae","Butterflies"
"Polites mystic","Long Dash","Hesperiidae","Butterflies"
"Euphilotes battoides","Square-Spotted Blue","Lycaenidae","Butterflies"
"Callophrys spinetorum","Thicket Hairstreak","Lycaenidae","Butterflies"
"Polites mardon","Mardon Skipper","Hesperiidae","Butterflies"
"Anthocharis sara","Sara Orangetip","Pieridae","Butterflies"
"Speyeria hydaspe","Hydaspe Fritillary","Nymphalidae","Butterflies"
"Thorybes pylades","Northern Cloudywing","Hesperiidae","Butterflies"
"Atalopedes campestris","Sachem","Hesperiidae","Butterflies"
"Lycaena phlaes","null","Lycaenidae","Butterflies"
"Harkenclenus titus","Coral Hairstreak","Lycaenidae","Butterflies"
"Plebejus lupini","Lupine Blue","Lycaenidae","Butterflies"
"Chlosyne gabbii","Gabb's Checkerspot","Nymphalidae","Butterflies"
"Phyciodes campestris","Field Crescent","Nymphalidae","Butterflies"
"Boloria titania","Titania's Fritillary","Nymphalidae","Butterflies"
"Polites peckius","Peck's Skipper","Hesperiidae","Butterflies"
"Lycaena gorgon","Gorgon Copper","Lycaenidae","Butterflies"
"Speyeria egleis","Great Basin Fritillary","Nymphalidae","Butterflies"
"Ochlodes agricola","Rural Skipper","Hesperiidae","Butterflies"
"Callophrys eryphon","Western Pine Elfin","Lycaenidae","Butterflies"
"Coenonympha tullia","Common Ringlet","Nymphalidae","Butterflies"
"Epargyreus clarus","Silver-Spotted Skipper","Hesperiidae","Butterflies"
"Callophrys augustus","null","Lycaenidae","Butterflies"
"Nymphalis vaualbum","Compton Tortoiseshell","Nymphalidae","Butterflies"
"Glaucopsyche piasus","Arrowhead Blue","Lycaenidae","Butterflies"
"Chlosyne palla","Northern Checkerspot","Nymphalidae","Butterflies"
"Satyrium fuliginosum","Sooty Gossamer-Wing","Lycaenidae","Butterflies"
"Polygonia satyrus","Satyr Anglewing","Nymphalidae","Butterflies"
"Pieris callidice","null","Pieridae","Butterflies"
"Hesperia columbia","Columbian Skipper","Hesperiidae","Butterflies"
"Pieris protodice","null","Pieridae","Butterflies"
"Polites sonora","Sonoran Skipper","Hesperiidae","Butterflies"
"Pyrgus communis","Common Checkered-Skipper","Hesperiidae","Butterflies"
"Polites sabuleti","Sandhill Skipper","Hesperiidae","Butterflies"
"Habrodais grunus","Golden Hairstreak","Lycaenidae","Butterflies"
"Hesperia lindseyi","Lindsey's Skipper","Hesperiidae","Butterflies"
"Chlosyne leanira","Leanira Checkerspot","Nymphalidae","Butterflies"
"Satyrium californica","California Hairstreak","Lycaenidae","Butterflies"
"Celastrina argiolus","Spring/Summer Azure","Lycaenidae","Butterflies"
"Speyeria zerene","Zerene Fritillary","Nymphalidae","Butterflies"
"Hesperia comma","Common Branded Skipper","Hesperiidae","Butterflies"
"Boloria selene","Silver-Bordered Fritillary","Nymphalidae","Butterflies"
"Oarisma garita","Garita Skipperling","Hesperiidae","Butterflies"
"Cercyonis oetus","Small Wood-Nymph","Nymphalidae","Butterflies"
"Lycaena cupreus","Lustrous Copper","Lycaenidae","Butterflies"
"Glaucopsyche lygdamus","Silvery Blue","Lycaenidae","Butterflies"
"Papilio machaon","Swallowtail","Papilionidae","Butterflies"
"Limenitis lorquini","Lorquin's Admiral","Nymphalidae","Butterflies"
"Erynnis persius","Persius Dusky-Wing","Hesperiidae","Butterflies"
"Speyeria atlantis","Atlantis Fritillary","Nymphalidae","Butterflies"
"Lycaena rubidus","Ruddy Copper","Lycaenidae","Butterflies"
"Bombus sitkensis","Sitka Bumble Bee","Apidae","Bumblebees"
"Bombus terricola","Yellowbanded Bumble Bee","Apidae","Bumblebees"
"Bombus mixtus","Sanderson's Bumble Bee","Apidae","Bumblebees"
"Bombus balteatus","Golden-Belted Bumblebee","Apidae","Bumblebees"
"Bombus vosnesenskii","Vosnesensky Bumble Bee","Apidae","Bumblebees"
"Bombus morrisoni","Morrison Bumble Bee","Apidae","Bumblebees"
"Bombus appositus","A Bumble Bee","Apidae","Bumblebees"
"Bombus frigidus","Frigid Bumble Bee","Apidae","Bumblebees"
"Bombus vandykei","Van Dyke Bumble Bee","Apidae","Bumblebees"
"Bombus bifarius","Two Form Bumble Bee","Apidae","Bumblebees"
"Bombus suckleyi","Suckley Cuckoo Bumble Bee","Apidae","Bumblebees"
"Bombus flavidus","Fernald Cuckoo Bumble Bee","Apidae","Bumblebees"
"Bombus centralis","Central Bumble Bee","Apidae","Bumblebees"
"Bombus melanopygus","Black Tail Bumble Bee","Apidae","Bumblebees"
"Bombus insularis","Orange-Rumped Bumblebee","Apidae","Bumblebees"
"Bombus flavifrons","Yellow Head Bumble Bee","Apidae","Bumblebees"
"Bombus vagans","Half-Black Bumble Bee","Apidae","Bumblebees"
"Bombus huntii","Hunt Bumble Bee","Apidae","Bumblebees"
"Bombus caliginosus","Obscure Bumble Bee","Apidae","Bumblebees"
"Bombus crotchii","Crotch Bumble Bee","Apidae","Bumblebees"
"Bombus nevadensis","Black And Gold Bumble Bee","Apidae","Bumblebees"
"Bombus sylvicola","Forest Bumble Bee","Apidae","Bumblebees"
"Bombus rufocinctus","Sanderson's Bumble Bee","Apidae","Bumblebees"
"Bombus griseocollis","Brown-Belted Bumble Bee","Apidae","Bumblebees"
"Bombus fervidus","Yellow Bumble Bee","Apidae","Bumblebees"
"Bombus pensylvanicus","American Bumble Bee","Apidae","Bumblebees"
"Bombus occidentalis","Western Bumble Bee","Apidae","Bumblebees"
"Bombus franklini","Southern Plains Bumble Bee","Apidae","Bumblebees"
"Ischnura cervula","Pacific Forktail","Coenagrionidae","Dragonflies"
"Aeshna juncea","Common Hawker","Aeshnidae","Dragonflies"
"Gomphus kurilis","Pacific Clubtail","Gomphidae","Dragonflies"
"Lestes dryas","Scarce Emerald Damselfly","Lestidae","Dragonflies"
"Libellula quadrimaculata","Four-Spotted Chaser","Libellulidae","Dragonflies"
"Sympetrum internum","Cherry-Faced Meadowhawk","Libellulidae","Dragonflies"
"Sympetrum madidum","Red-Veined Meadowhawk","Libellulidae","Dragonflies"
"Lestes unguiculatus","Lyre-Tipped Spreadwing","Lestidae","Dragonflies"
"Ladona julia","Chalk-Fronted Corporal","Libellulidae","Dragonflies"
"Anax junius","Green Darner","Aeshnidae","Dragonflies"
"Tanypteryx hageni","Black Petaltail","Petaluridae","Dragonflies"
"Rhionaeschna californica","California Darner","Aeshnidae","Dragonflies"
"Enallagma praevarum","Arroyo Bluet","Coenagrionidae","Dragonflies"
"Leucorrhinia intacta","Dot-Tailed Whiteface","Libellulidae","Dragonflies"
"Macromia magnifica","Western River Cruiser","Corduliidae","Dragonflies"
"Libellula comanche","Comanche Skimmer","Libellulidae","Dragonflies"
"Argia vivida","Vivid Dancer","Coenagrionidae","Dragonflies"
"Epitheca spinigera","Spiny Baskettail","Corduliidae","Dragonflies"
"Libellula pulchella","Twelve-Spotted Skimmer","Libellulidae","Dragonflies"
"Enallagma clausum","Alkali Bluet","Coenagrionidae","Dragonflies"
"Tramea lacerata","Black Saddlebags","Libellulidae","Dragonflies"
"Aeshna eremita","Lake Darner","Aeshnidae","Dragonflies"
"Erythemis collocata","Western Pondhawk","Libellulidae","Dragonflies"
"Pantala flavescens","Wandering Glider","Libellulidae","Dragonflies"
"Leucorrhinia hudsonica","Hudsonian Whiteface","Libellulidae","Dragonflies"
"Enallagma boreale","Boreal Bluet","Coenagrionidae","Dragonflies"
"Ischnura erratica","Swift Forktail","Coenagrionidae","Dragonflies"
"Sympetrum semicinctum","Band-Winged Meadowhawk","Libellulidae","Dragonflies"
"Libellula composita","Bleached Skimmer","Libellulidae","Dragonflies"
"Sympetrum costiferum","Saffron-Winged Meadowhawk","Libellulidae","Dragonflies"
"Leucorrhinia glacialis","Crimson-Ringed Whiteface","Libellulidae","Dragonflies"
"Ophiogomphus bison","Bison Snaketail","Gomphidae","Dragonflies"
"Libellula luctuosa","Widow Skimmer","Libellulidae","Dragonflies"
"Aeshna sitchensis","Zigzag Darner","Aeshnidae","Dragonflies"
"Sympetrum illotum","Cardinal Meadowhawk","Libellulidae","Dragonflies"
"Paltothemis lineatipes","Red Rock Skimmer","Libellulidae","Dragonflies"
"Somatochlora albicincta","Ringed Emerald","Corduliidae","Dragonflies"
"Erpetogomphus compositus","White-Belted Ringtail","Gomphidae","Dragonflies"
"Argia alberta","Paiute Dancer","Coenagrionidae","Dragonflies"
"Calopteryx aequabilis","River Jewelwing","Calopterygidae","Dragonflies"
"Libellula forensis","Eight-Spotted Skimmer","Libellulidae","Dragonflies"
"Enallagma civile","Familiar Bluet","Coenagrionidae","Dragonflies"
"Plathemis subornata","Desert Whitetail","Libellulidae","Dragonflies"
"Gomphus lynnae","Columbia Clubtail","Gomphidae","Dragonflies"
"Lestes stultus","Black Spreadwing","Lestidae","Dragonflies"
"Sympetrum vicinum","Autumn Meadowhawk","Libellulidae","Dragonflies"
"Aeshna canadensis","Canada Darner","Aeshnidae","Dragonflies"
"Sympetrum corruptum","Variegated Meadowhawk","Libellulidae","Dragonflies"
"Somatochlora walshii","Brush-Tipped Emerald","Corduliidae","Dragonflies"
"Lestes disjunctus","Northern Spreadwing","Lestidae","Dragonflies"
"Ischnura denticollis","Black-Fronted Forktail","Coenagrionidae","Dragonflies"
"Argia nahuana","Aztec Dancer","Coenagrionidae","Dragonflies"
"Libellula saturata","Flame Skimmer","Libellulidae","Dragonflies"
"Aeshna constricta","Lance-Tipped Darner","Aeshnidae","Dragonflies"
"Somatochlora minor","Ocellated Emerald","Corduliidae","Dragonflies"
"Ophiogomphus severus","Pale Snaketail","Gomphidae","Dragonflies"
"Argia agrioides","California Dancer","Coenagrionidae","Dragonflies"
"Aeshna tuberculifera","Black-Tipped Darner","Aeshnidae","Dragonflies"
"Epitheca canis","Beaverpond Baskettail","Corduliidae","Dragonflies"
"Aeshna palmata","Paddle-Tailed Darner","Aeshnidae","Dragonflies"
"Pantala hymenaea","Spot-Winged Glider","Libellulidae","Dragonflies"
"Ischnura perparva","Western Forktail","Coenagrionidae","Dragonflies"
"Enallagma carunculatum","Tule Bluet","Coenagrionidae","Dragonflies"
"Enallagma anna","River Bluet","Coenagrionidae","Dragonflies"
"Cordulia shurtleffi","American Emerald","Corduliidae","Dragonflies"
"Rhionaeschna multicolor","Blue-Eyed Darner","Aeshnidae","Dragonflies"
"Aeshna walkeri","Walker's Darner","Aeshnidae","Dragonflies"
"Stylurus olivaceus","Olive Clubtail","Gomphidae","Dragonflies"
"Libellula nodisticta","Hoary Skimmer","Libellulidae","Dragonflies"
"Argia lugens","Sooty Dancer","Coenagrionidae","Dragonflies"
"Hetaerina americana","American Rubyspot","Calopterygidae","Dragonflies"
"Archilestes californicus","California Spreadwing","Lestidae","Dragonflies"
"Plathemis lydia","Common Whitetail","Libellulidae","Dragonflies"
"Argia emma","Emma's Dancer","Coenagrionidae","Dragonflies"
"Octogomphus specularis","Grappletail","Gomphidae","Dragonflies"
"Aeshna interrupta","Variable Darner","Aeshnidae","Dragonflies"
"Amphiagrion abbreviatum","Western Red Damsel","Coenagrionidae","Dragonflies"
"Sympetrum pallipes","Striped Meadowhawk","Libellulidae","Dragonflies"
"Sympetrum danae","Black Darter","Libellulidae","Dragonflies"
"Ophiogomphus occidentis","Sinuous Snaketail","Gomphidae","Dragonflies"
"Sympetrum obtrusum","White-Faced Meadowhawk","Libellulidae","Dragonflies"
"Coenagrion resolutum","Taiga Bluet","Coenagrionidae","Dragonflies"
"Lestes congener","Spotted Spreadwing","Lestidae","Dragonflies"
"Enallagma annexum","Northern Bluet","Coenagrionidae","Dragonflies"
"Ophiogomphus morrisoni","Great Basin Snaketail","Gomphidae","Dragonflies"
"Pachydiplax longipennis","Blue Dasher","Libellulidae","Dragonflies"
"Lestes forcipatus","Sweetflag Spreadwing","Lestidae","Dragonflies"
"Aeshna umbrosa","Shadow Darner","Aeshnidae","Dragonflies"
"Somatochlora semicircularis","Mountain Emerald","Corduliidae","Dragonflies"
"Euonymus occidentalis","Western Burningbush","Celastraceae","Trees"
"Rhamnus crocea","Spiny Redberry","Rhamnaceae","Trees"
"Abies magnifica","Red Fir","Pinaceae","Trees"
"Castanopsis chrysophylla","Giant Chinkapin","Fagaceae","Trees"
"Cornus glabrata","Brown Dogwood","Cornaceae","Trees"
"Pinus lambertiana","Sugar Pine","Pinaceae","Trees"
"Lithocarpus densiflorus","Tanbark-Oak","Fagaceae","Trees"
"Alnus rhombifolia","White Alder","Betulaceae","Trees"
"Populus balsamifera","Balsam Poplar","Salicaceae","Trees"
"Crataegus columbiana","Columbia Hawthorn","Rosaceae","Trees"
"Sequoia sempervirens","Coast Redwood","Cupressaceae","Trees"
"Corylus cornuta","Beaked Hazelnut","Betulaceae","Trees"
"Garrya elliptica","Silk-Tassel","Garryaceae","Trees"
"Salix exigua","Sandbar Willow","Salicaceae","Trees"
"Salix lasiandra","Pacific Willow","Salicaceae","Trees"
"Sambucus melanocarpa","European Red Elder","Adoxaceae","Trees"
"Populus trichocarpa","Western Balsam Poplar","Salicaceae","Trees"
"Cornus occidentalis","Western Dogwood","Cornaceae","Trees"
"Pinus attenuata","Knobcone Pine","Pinaceae","Trees"
"Tsuga mertensiana","Mountain Hemlock","Pinaceae","Trees"
"Larix occidentalis","Western Larch","Pinaceae","Trees"
"Chamaecyparis nootkatensis","Nootka Cypress","Cupressaceae","Trees"
"Picea breweriana","Weeping Spruce","Pinaceae","Trees"
"Fraxinus latifolia","Oregon Ash","Oleaceae","Trees"
"Libocedrus decurrens","Bastard Cedar","Cupressaceae","Trees"
"Quercus kelloggii","California Black Oak","Fagaceae","Trees"
"Artemisia tridentata","Basin Sagebrush","Compositae","Trees"
"Sorbus sitchensis","Sitka Mountain-Ash","Rosaceae","Trees"
"Salix sitchensis","Sitka Willow","Salicaceae","Trees"
"Salix bebbiana","Gray Willow","Salicaceae","Trees"
"Amelanchier utahensis","Utah Serviceberry","Rosaceae","Trees"
"Abies concolor","White Fir","Pinaceae","Trees"
"Rhamnus californica","California Buckthorn","Rhamnaceae","Trees"
"Pinus balfouriana","Foxtail Pine","Pinaceae","Trees"
"Crataegus douglasii","Black Hawthorn","Rosaceae","Trees"
"Cercocarpus ledifolius","Curl-Leaf Mountain-Mahogany","Rosaceae","Trees"
"Shepherdia argentea","Silver Buffaloberry","Elaeagnaceae","Trees"
"Celtis reticulata","Netleaf Hackberry","Cannabaceae","Trees"
"Abies grandis","Grand Fir","Pinaceae","Trees"
"Sambucus glauca","Blue Elderberry","Adoxaceae","Trees"
"Tsuga heterophylla","Western Hemlock","Pinaceae","Trees"
"Rhus glabra","Smooth Sumac","Anacardiaceae","Trees"
"Juniperus scopulorum","Rocky Mountain Juniper","Cupressaceae","Trees"
"Rhamnus purshiana","Cascara Sagrada","Rhamnaceae","Trees"
"Salix hindsiana","Hinds' Willow","Salicaceae","Trees"
"Pinus ponderosa","Ponderosa Pine","Pinaceae","Trees"
"Pinus flexilis","Limber Pine","Pinaceae","Trees"
"Acer glabrum","California Mountain Maple","Sapindaceae","Trees"
"Quercus garryana","Oregon White Oak","Fagaceae","Trees"
"Picea engelmannii","Engelmann Spruce","Pinaceae","Trees"
"Pseudotsuga menziesii","Coast Douglas-Fir","Pinaceae","Trees"
"Acer circinatum","Vine Maple","Sapindaceae","Trees"
"Pinus monticola","Western White Pine","Pinaceae","Trees"
"Chamaecyparis lawsoniana","Lawson's Cypress","Cupressaceae","Trees"
"Salix geyeriana","Geyer's Willow","Salicaceae","Trees"
"Pinus albicaulis","Whitebark Pine","Pinaceae","Trees"
"Populus tremuloides","Quaking Aspen","Salicaceae","Trees"
"Viburnum trilobum","American Cranberrybush","Adoxaceae","Trees"
"Salix mackenzieana","Mackenzie's Willow","Salicaceae","Trees"
"Thuja plicata","Pacific Red-Cedar","Cupressaceae","Trees"
"Betula occidentalis","Water Birch","Betulaceae","Trees"
"Myrica californica","Pacific Waxmyrtle","Myricaceae","Trees"
"Arbutus menziesii","Pacific Madrone","Ericaceae","Trees"
"Juniperus communis","Common Juniper","Cupressaceae","Trees"
"Prunus emarginata","Bitter Cherry","Rosaceae","Trees"
"Cornus stolonifera","Redosier","Cornaceae","Trees"
"Pinus jeffreyi","Jeffrey Pine","Pinaceae","Trees"
"Taxus brevifolia","Pacific Yew","Taxaceae","Trees"
"Pinus contorta","Lodgepole Pine","Pinaceae","Trees"
"Salix fluviatilis","Dusky Willow","Salicaceae","Trees"
"Salix tracyi","Arroyo Willow","Salicaceae","Trees"
"Alnus rubra","Red Alder","Betulaceae","Trees"
"Salix amygdaloides","Peach-Leaf Willow","Salicaceae","Trees"
"Cupressus bakeri","Modoc Cypress","Cupressaceae","Trees"
"Malus diversifolia","Pacific Crabapple","Rosaceae","Trees"
"Salix sessilifolia","Northwest Sandbar Willow","Salicaceae","Trees"
"Picea sitchensis","Sitka Spruce","Pinaceae","Trees"
"Salix lasiolepis","Arroyo Willow","Salicaceae","Trees"
"Cornus nuttallii","Pacific Dogwood","Cornaceae","Trees"
"Alnus sinuata","Sitka Alder","Betulaceae","Trees"
"Rhododendron macrophyllum","California Rhododendron","Ericaceae","Trees"
"Betula papyrifera","Paper Birch","Betulaceae","Trees"
"Sorbus scopulina","Western Mountain-Ash","Rosaceae","Trees"
"Abies procera","Noble Fir","Pinaceae","Trees"
"Ceanothus thyrsiflorus","Blueblossom","Rhamnaceae","Trees"
"Acer macrophyllum","Big-Leaf Maple","Sapindaceae","Trees"
"Juniperus occidentalis","Western Juniper","Cupressaceae","Trees"
"Sambucus callicarpa","Pacific Coast Red Elder","Adoxaceae","Trees"
"Umbellularia californica","California-Laurel","Lauraceae","Trees"
"Amelanchier alnifolia","Juneberry","Rosaceae","Trees"
"Alnus tenuifolia","Mountain Alder","Betulaceae","Trees"
"Prunus virginiana","Chokecherry","Rosaceae","Trees"
"Abies amabilis","Pacific Silver Fir","Pinaceae","Trees"
"Abies lasiocarpa","Subalpine Fir","Pinaceae","Trees"
"Salix scouleriana","Scouler Willow","Salicaceae","Trees"
"Quercus chrysolepis","Maul Oak","Fagaceae","Trees"
"Cercocarpus betuloides","Birch-Leaf Mountain Mahog","Rosaceae","Trees"
"Prunus subcordata","Klamath Plum","Rosaceae","Trees"
"Salix hookeriana","Hooker's Willow","Salicaceae","Trees"
"Escobaria vivipara","Pincushion Cactus","Cactaceae","Cacti"
"Pediocactus simpsonii","Simpson's Foot Cactus","Cactaceae","Cacti"
"Pediocactus nigrispinus","Snowball Cactus","Cactaceae","Cacti"
"Opuntia fragilis","Fragile Prickly-Pear","Cactaceae","Cacti"
"Juniperus osteosperma","Utah Juniper","Cupressaceae","Conifers"
"Pinus monticola","Western White Pine","Pinaceae","Conifers"
"Thuja plicata","Pacific Red-Cedar","Cupressaceae","Conifers"
"Juniperus communis","Common Juniper","Cupressaceae","Conifers"
"Cupressus macnabiana","Macnab Cypress","Cupressaceae","Conifers"
"Abies amabilis","Pacific Silver Fir","Pinaceae","Conifers"
"Abies lasiocarpa","Subalpine Fir","Pinaceae","Conifers"
"Calocedrus decurrens","California Incense-Cedar","Cupressaceae","Conifers"
"Chamaecyparis lawsoniana","Lawson's Cypress","Cupressaceae","Conifers"
"Picea sitchensis","Sitka Spruce","Pinaceae","Conifers"
"Cupressus bakeri","Modoc Cypress","Cupressaceae","Conifers"
"Abies procera","Noble Fir","Pinaceae","Conifers"
"Pinus attenuata","Knobcone Pine","Pinaceae","Conifers"
"Tsuga mertensiana","Mountain Hemlock","Pinaceae","Conifers"
"Pinus jeffreyi","Jeffrey Pine","Pinaceae","Conifers"
"Abies magnifica","Red Fir","Pinaceae","Conifers"
"Larix occidentalis","Western Larch","Pinaceae","Conifers"
"Sequoia sempervirens","Coast Redwood","Cupressaceae","Conifers"
"Pinus lambertiana","Sugar Pine","Pinaceae","Conifers"
"Juniperus occidentalis","Western Juniper","Cupressaceae","Conifers"
"Tsuga heterophylla","Western Hemlock","Pinaceae","Conifers"
"Abies grandis","Grand Fir","Pinaceae","Conifers"
"Xanthocyparis nootkatensis","Nootka Cypress","Cupressaceae","Conifers"
"Pseudotsuga menziesii","Coast Douglas-Fir","Pinaceae","Conifers"
"Pinus flexilis","Limber Pine","Pinaceae","Conifers"
"Picea engelmannii","Engelmann Spruce","Pinaceae","Conifers"
"Abies concolor","White Fir","Pinaceae","Conifers"
"Juniperus scopulorum","Rocky Mountain Juniper","Cupressaceae","Conifers"
"Pinus ponderosa","Ponderosa Pine","Pinaceae","Conifers"
"Picea breweriana","Weeping Spruce","Pinaceae","Conifers"
"Taxus brevifolia","Pacific Yew","Taxaceae","Conifers"
"Pinus contorta","Lodgepole Pine","Pinaceae","Conifers"
"Pinus albicaulis","Whitebark Pine","Pinaceae","Conifers"
