Downloaded from https://mol.org on Jun 20, 2022. Inclusive species list based on approximate intersections with Political boundary polygon for the South Dakota region. 


"Scientific Name","Common Name","Family","Taxonomic Group"
"Colaptes auratus","Northern Flicker","Picidae","Birds"
"Strix varia","Barred Owl","Strigidae","Birds"
"Calidris minutilla","Least Sandpiper","Scolopacidae","Birds"
"Falco columbarius","Merlin","Falconidae","Birds"
"Passer domesticus","House Sparrow","Passeridae","Birds"
"Pica hudsonia","Black-Billed Magpie","Corvidae","Birds"
"Pandion haliaetus","Osprey","Accipitridae","Birds"
"Aeronautes saxatalis","White-Throated Swift","Apodidae","Birds"
"Calamospiza melanocorys","Lark Bunting","Emberizidae","Birds"
"Chondestes grammacus","Lark Sparrow","Emberizidae","Birds"
"Tympanuchus phasianellus","Sharp-Tailed Grouse","Phasianidae","Birds"
"Chen rossii","Ross's Goose","Anatidae","Birds"
"Vermivora chrysoptera","Golden-Winged Warbler","Parulidae","Birds"
"Ammodramus leconteii","Le Conte's Sparrow","Emberizidae","Birds"
"Ardea herodias","Great Blue Heron","Ardeidae","Birds"
"Cistothorus platensis","Sedge Wren","Troglodytidae","Birds"
"Actitis macularius","Spotted Sandpiper","Scolopacidae","Birds"
"Parula americana","Northern Parula","Parulidae","Birds"
"Porzana carolina","Sora","Rallidae","Birds"
"Ammodramus nelsoni","Nelson's Sparrow","Emberizidae","Birds"
"Petrochelidon pyrrhonota","Cliff Swallow","Hirundinidae","Birds"
"Gallinago gallinago","Common Snipe","Scolopacidae","Birds"
"Catoptrophorus semipalmatus","Willet","Scolopacidae","Birds"
"Catherpes mexicanus","Canyon Wren","Troglodytidae","Birds"
"Zenaida macroura","Mourning Dove","Columbidae","Birds"
"Polioptila caerulea","Blue-Grey Gnatcatcher","Polioptilidae","Birds"
"Hirundo rustica","Barn Swallow","Hirundinidae","Birds"
"Gallinula chloropus","Common Moorhen","Rallidae","Birds"
"Falco mexicanus","Prairie Falcon","Falconidae","Birds"
"Dendroica striata","Blackpoll Warbler","Parulidae","Birds"
"Wilsonia canadensis","Canada Warbler","Parulidae","Birds"
"Lanius excubitor","Great Grey Shrike","Laniidae","Birds"
"Megaceryle alcyon","Belted Kingfisher","Alcedinidae","Birds"
"Charadrius semipalmatus","Semipalmated Plover","Charadriidae","Birds"
"Eremophila alpestris","Horned Lark","Alaudidae","Birds"
"Larus delawarensis","Ring-Billed Gull","Laridae","Birds"
"Mniotilta varia","Black-And-White Warbler","Parulidae","Birds"
"Empidonax minimus","Least Flycatcher","Tyrannidae","Birds"
"Molothrus ater","Brown-Headed Cowbird","Icteridae","Birds"
"Asio otus","Long-Eared Owl","Strigidae","Birds"
"Lophodytes cucullatus","Hooded Merganser","Anatidae","Birds"
"Lanius ludovicianus","Loggerhead Shrike","Laniidae","Birds"
"Chlidonias niger","Black Tern","Laridae","Birds"
"Hylocichla mustelina","Wood Thrush","Turdidae","Birds"
"Coccyzus americanus","Yellow-Billed Cuckoo","Cuculidae","Birds"
"Aythya collaris","Ring-Necked Duck","Anatidae","Birds"
"Cyanocitta cristata","Blue Jay","Corvidae","Birds"
"Empidonax flaviventris","Yellow-Bellied Flycatcher","Tyrannidae","Birds"
"Anas platyrhynchos","Mallard","Anatidae","Birds"
"Setophaga ruticilla","American Redstart","Parulidae","Birds"
"Calcarius ornatus","Chestnut-Collared Longspur","Emberizidae","Birds"
"Euphagus cyanocephalus","Brewer's Blackbird","Icteridae","Birds"
"Recurvirostra americana","American Avocet","Recurvirostridae","Birds"
"Aythya affinis","Lesser Scaup","Anatidae","Birds"
"Podiceps nigricollis","Black-Necked Grebe","Podicipedidae","Birds"
"Anas discors","Blue-Winged Teal","Anatidae","Birds"
"Seiurus aurocapilla","Ovenbird","Parulidae","Birds"
"Catharus guttatus","Hermit Thrush","Turdidae","Birds"
"Perdix perdix","Grey Partridge","Phasianidae","Birds"
"Dendroica coronata","Yellow-Rumped Warbler","Parulidae","Birds"
"Vermivora peregrina","Tennessee Warbler","Parulidae","Birds"
"Vireo olivaceus","Red-Eyed Vireo","Vireonidae","Birds"
"Botaurus lentiginosus","American Bittern","Ardeidae","Birds"
"Tyrannus vociferans","Cassin's Kingbird","Tyrannidae","Birds"
"Spizella passerina","Chipping Sparrow","Emberizidae","Birds"
"Calidris bairdii","Baird's Sandpiper","Scolopacidae","Birds"
"Contopus sordidulus","Western Wood-Pewee","Tyrannidae","Birds"
"Carpodacus purpureus","Purple Finch","Fringillidae","Birds"
"Eudocimus albus","White Ibis","Threskiornithidae","Birds"
"Oporornis tolmiei","Macgillivray's Warbler","Parulidae","Birds"
"Geothlypis trichas","Common Yellowthroat","Parulidae","Birds"
"Anas americana","American Wigeon","Anatidae","Birds"
"Anas crecca","Common Teal","Anatidae","Birds"
"Passerculus sandwichensis","Savannah Sparrow","Emberizidae","Birds"
"Calcarius lapponicus","Lapland Longspur","Emberizidae","Birds"
"Buteo platypterus","Broad-Winged Hawk","Accipitridae","Birds"
"Buteo lagopus","Rough-Legged Buzzard","Accipitridae","Birds"
"Seiurus noveboracensis","Northern Waterthrush","Parulidae","Birds"
"Columba livia","Rock Dove","Columbidae","Birds"
"Bubo scandiaca","Snowy Owl","Strigidae","Birds"
"Buteo swainsoni","Swainson's Hawk","Accipitridae","Birds"
"Vermivora ruficapilla","Nashville Warbler","Parulidae","Birds"
"Coccothraustes vespertinus","Evening Grosbeak","Fringillidae","Birds"
"Picoides pubescens","Downy Woodpecker","Picidae","Birds"
"Junco hyemalis","Dark-Eyed Junco","Emberizidae","Birds"
"Aimophila cassinii","Cassin's Sparrow","Emberizidae","Birds"
"Calidris melanotos","Pectoral Sandpiper","Scolopacidae","Birds"
"Carduelis flammea","Common Redpoll","Fringillidae","Birds"
"Larus pipixcan","Franklin's Gull","Laridae","Birds"
"Calcarius pictus","Smith's Longspur","Emberizidae","Birds"
"Parkesia noveboracensis","Northern Waterthrush","Parulidae","Birds"
"Pipilo maculatus","Spotted Towhee","Emberizidae","Birds"
"Oreoscoptes montanus","Sage Thrasher","Mimidae","Birds"
"Buteo jamaicensis","Red-Tailed Hawk","Accipitridae","Birds"
"Anser albifrons","Greater White-Fronted Goose","Anatidae","Birds"
"Falco sparverius","American Kestrel","Falconidae","Birds"
"Cathartes aura","Turkey Vulture","Cathartidae","Birds"
"Empidonax virescens","Acadian Flycatcher","Tyrannidae","Birds"
"Vireo solitarius","Solitary Vireo","Vireonidae","Birds"
"Cardinalis cardinalis","Common Cardinal","Cardinalidae","Birds"
"Dendroica tigrina","Cape May Warbler","Parulidae","Birds"
"Cygnus buccinator","Trumpeter Swan","Anatidae","Birds"
"Fulica americana","American Coot","Rallidae","Birds"
"Seiurus motacilla","Louisiana Waterthrush","Parulidae","Birds"
"Tympanuchus cupido","Greater Prairie-Chicken","Phasianidae","Birds"
"Pipilo chlorurus","Green-Tailed Towhee","Emberizidae","Birds"
"Parus atricapillus","Black-Capped Chickadee","Paridae","Birds"
"Butorides virescens","Green Heron","Ardeidae","Birds"
"Passerina caerulea","Blue Grosbeak","Emberizidae","Birds"
"Catharus fuscescens","Veery","Turdidae","Birds"
"Nyctanassa violacea","Yellow-Crowned Night-Heron","Ardeidae","Birds"
"Mergus merganser","Goosander","Anatidae","Birds"
"Plectrophenax nivalis","Snow Bunting","Emberizidae","Birds"
"Gavia immer","Common Loon","Gaviidae","Birds"
"Rallus limicola","Virginia Rail","Rallidae","Birds"
"Tyrannus tyrannus","Eastern Kingbird","Tyrannidae","Birds"
"Vireo plumbeus","Plumbeous Vireo","Vireonidae","Birds"
"Falco rusticolus","Gyr Falcon","Falconidae","Birds"
"Carduelis pinus","Pine Siskin","Fringillidae","Birds"
"Branta hutchinsii","Cackling Goose","Anatidae","Birds"
"Carduelis tristis","American Goldfinch","Fringillidae","Birds"
"Passerina cyanea","Indigo Bunting","Emberizidae","Birds"
"Stelgidopteryx serripennis","Northern Rough-Winged Swallow","Hirundinidae","Birds"
"Vireo philadelphicus","Philadelphia Vireo","Vireonidae","Birds"
"Loxia curvirostra","Red Crossbill","Fringillidae","Birds"
"Passerella iliaca","Fox Sparrow","Emberizidae","Birds"
"Perisoreus canadensis","Grey Jay","Corvidae","Birds"
"Carpodacus cassinii","Cassin's Finch","Fringillidae","Birds"
"Centrocercus urophasianus","Sage Grouse","Phasianidae","Birds"
"Zonotrichia leucophrys","White-Crowned Sparrow","Emberizidae","Birds"
"Sturnella magna","Eastern Meadowlark","Icteridae","Birds"
"Regulus calendula","Ruby-Crowned Kinglet","Reguliidae","Birds"
"Melospiza melodia","Song Sparrow","Emberizidae","Birds"
"Grus canadensis","Sandhill Crane","Gruidae","Birds"
"Tachycineta bicolor","Tree Swallow","Hirundinidae","Birds"
"Larus argentatus","Herring Gull","Laridae","Birds"
"Empidonax traillii","Willow Flycatcher","Tyrannidae","Birds"
"Sphyrapicus varius","Yellow-Bellied Sapsucker","Picidae","Birds"
"Myiarchus crinitus","Great Crested Flycatcher","Tyrannidae","Birds"
"Circus cyaneus","Hen Harrier","Accipitridae","Birds"
"Icterus spurius","Orchard Oriole","Icteridae","Birds"
"Spizella breweri","Brewer's Sparrow","Emberizidae","Birds"
"Xanthocephalus xanthocephalus","Yellow-Headed Blackbird","Icteridae","Birds"
"Toxostoma rufum","Brown Thrasher","Mimidae","Birds"
"Podilymbus podiceps","Pied-Billed Grebe","Podicipedidae","Birds"
"Euphagus carolinus","Rusty Blackbird","Icteridae","Birds"
"Catharus minimus","Grey-Cheeked Thrush","Turdidae","Birds"
"Dendroica virens","Black-Throated Green Warbler","Parulidae","Birds"
"Calidris himantopus","Stilt Sandpiper","Scolopacidae","Birds"
"Sayornis saya","Say's Phoebe","Tyrannidae","Birds"
"Sitta pygmaea","Pygmy Nuthatch","Sittidae","Birds"
"Bombycilla cedrorum","Cedar Waxwing","Bombycillidae","Birds"
"Vermivora celata","Orange-Crowned Warbler","Parulidae","Birds"
"Rhynchophanes mccownii","Mccown's Longspur","Calcariidae","Birds"
"Grus americana","Whooping Crane","Gruidae","Birds"
"Sialia currucoides","Mountain Bluebird","Turdidae","Birds"
"Aythya valisineria","Canvasback","Anatidae","Birds"
"Salpinctes obsoletus","Rock Wren","Troglodytidae","Birds"
"Vermivora pinus","Blue-Winged Warbler","Parulidae","Birds"
"Tringa flavipes","Lesser Yellow-Legs","Scolopacidae","Birds"
"Sitta canadensis","Red-Breasted Nuthatch","Sittidae","Birds"
"Phalaenoptilus nuttallii","Common Poorwill","Caprimulgidae","Birds"
"Accipiter cooperii","Cooper's Hawk","Accipitridae","Birds"
"Tryngites subruficollis","Buff-Breasted Sandpiper","Scolopacidae","Birds"
"Spiza americana","Dickcissel","Cardinalidae","Birds"
"Nycticorax nycticorax","Black-Crowned Night-Heron","Ardeidae","Birds"
"Charadrius melodus","Piping Plover","Charadriidae","Birds"
"Vermivora virginiae","Virginia's Warbler","Parulidae","Birds"
"Anas clypeata","Northern Shoveler","Anatidae","Birds"
"Calidris pusilla","Semipalmated Sandpiper","Scolopacidae","Birds"
"Pelecanus erythrorhynchos","American White Pelican","Pelecanidae","Birds"
"Larus philadelphia","Bonaparte's Gull","Laridae","Birds"
"Picoides arcticus","Black-Backed Woodpecker","Picidae","Birds"
"Aegolius acadicus","Northern Saw-Whet Owl","Strigidae","Birds"
"Pooecetes gramineus","Vesper Sparrow","Emberizidae","Birds"
"Sturnella neglecta","Western Meadowlark","Icteridae","Birds"
"Sitta carolinensis","White-Breasted Nuthatch","Sittidae","Birds"
"Myadestes townsendi","Townsend's Solitaire","Turdidae","Birds"
"Limosa fedoa","Marbled Godwit","Scolopacidae","Birds"
"Vermivora cyanoptera","Blue-Winged Swamp Warbler","Parulidae","Birds"
"Bubulcus ibis","Cattle Egret","Ardeidae","Birds"
"Tringa solitaria","Solitary Sandpiper","Scolopacidae","Birds"
"Sturnus vulgaris","Common Starling","Sturnidae","Birds"
"Carpodacus mexicanus","House Finch","Fringillidae","Birds"
"Peucaea cassinii","Cassin's Sparrow","Passerellidae","Birds"
"Dendroica petechia","Yellow Warbler","Parulidae","Birds"
"Icterus galbula","Baltimore Oriole","Icteridae","Birds"
"Sterna forsteri","Forster's Tern","Laridae","Birds"
"Spizella arborea","American Tree Sparrow","Emberizidae","Birds"
"Progne subis","Purple Martin","Hirundinidae","Birds"
"Calidris alpina","Dunlin","Scolopacidae","Birds"
"Dendroica fusca","Blackburnian Warbler","Parulidae","Birds"
"Calidris fuscicollis","White-Rumped Sandpiper","Scolopacidae","Birds"
"Caprimulgus vociferus","Whip-Poor-Will","Caprimulgidae","Birds"
"Archilochus colubris","Ruby-Throated Hummingbird","Trochilidae","Birds"
"Aix sponsa","Wood Duck","Anatidae","Birds"
"Phalacrocorax auritus","Double-Crested Cormorant","Phalacrocoracidae","Birds"
"Quiscalus quiscula","Common Grackle","Icteridae","Birds"
"Spizella pusilla","Field Sparrow","Emberizidae","Birds"
"Melospiza georgiana","Swamp Sparrow","Emberizidae","Birds"
"Dolichonyx oryzivorus","Bobolink","Icteridae","Birds"
"Rallus elegans","King Rail","Rallidae","Birds"
"Pinicola enucleator","Pine Grosbeak","Fringillidae","Birds"
"Turdus migratorius","American Robin","Turdidae","Birds"
"Vireo gilvus","Warbling Vireo","Vireonidae","Birds"
"Pluvialis dominica","American Golden-Plover","Charadriidae","Birds"
"Dumetella carolinensis","Gray Catbird","Mimidae","Birds"
"Casmerodius albus","Great Egret","Ardeidae","Birds"
"Catharus ustulatus","Swainson's Thrush","Turdidae","Birds"
"Empidonax alnorum","Alder Flycatcher","Tyrannidae","Birds"
"Charadrius vociferus","Kildeer","Charadriidae","Birds"
"Anas penelope","Eurasian Wigeon","Anatidae","Birds"
"Dendroica pensylvanica","Chestnut-Sided Warbler","Parulidae","Birds"
"Anas rubripes","American Black Duck","Anatidae","Birds"
"Tachycineta thalassina","Violet-Green Swallow","Hirundinidae","Birds"
"Regulus satrapa","Golden-Crowned Kinglet","Reguliidae","Birds"
"Bartramia longicauda","Upland Sandpiper","Scolopacidae","Birds"
"Pipilo erythrophthalmus","Eastern Towhee","Emberizidae","Birds"
"Sterna antillarum","Least Tern","Laridae","Birds"
"Loxia leucoptera","White-Winged Crossbill","Fringillidae","Birds"
"Scolopax minor","American Woodcock","Scolopacidae","Birds"
"Icteria virens","Yellow-Breasted Chat","Parulidae","Birds"
"Zonotrichia albicollis","White-Throated Sparrow","Emberizidae","Birds"
"Anthus rubescens","Buff-Bellied Pipit","Motacillidae","Birds"
"Asio flammeus","Short-Eared Owl","Strigidae","Birds"
"Ammodramus savannarum","Grasshopper Sparrow","Emberizidae","Birds"
"Bucephala albeola","Bufflehead","Anatidae","Birds"
"Mergus serrator","Red-Breasted Merganser","Anatidae","Birds"
"Aechmophorus clarkii","Clark's Grebe","Podicipedidae","Birds"
"Troglodytes troglodytes","Winter Wren","Troglodytidae","Birds"
"Dendroica magnolia","Magnolia Warbler","Parulidae","Birds"
"Accipiter striatus","Plain-Breasted Hawk","Accipitridae","Birds"
"Vireo bellii","Bell's Vireo","Vireonidae","Birds"
"Empidonax oberholseri","Oberholser's Flycatcher","Tyrannidae","Birds"
"Dendroica aestiva","American Yellow Warbler","Parulidae","Birds"
"Sialia sialis","Eastern Bluebird","Turdidae","Birds"
"Passerina amoena","Lazuli Bunting","Emberizidae","Birds"
"Melanerpes erythrocephalus","Red-Headed Woodpecker","Picidae","Birds"
"Leucosticte tephrocotis","Gray-Crowned Rosy-Finch","Fringillidae","Birds"
"Larus californicus","California Gull","Laridae","Birds"
"Mimus polyglottos","Northern Mockingbird","Mimidae","Birds"
"Sterna hirundo","Common Tern","Laridae","Birds"
"Limnodromus scolopaceus","Long-Billed Dowitcher","Scolopacidae","Birds"
"Zonotrichia querula","Harris' Sparrow","Emberizidae","Birds"
"Branta canadensis","Canada Goose","Anatidae","Birds"
"Picoides villosus","Hairy Woodpecker","Picidae","Birds"
"Aechmophorus occidentalis","Western Grebe","Podicipedidae","Birds"
"Riparia riparia","Sand Martin","Hirundinidae","Birds"
"Aquila chrysaetos","Golden Eagle","Accipitridae","Birds"
"Anas acuta","Northern Pintail","Anatidae","Birds"
"Haliaeetus leucocephalus","Bald Eagle","Accipitridae","Birds"
"Dendroica castanea","Bay-Breasted Warbler","Parulidae","Birds"
"Podiceps grisegena","Red-Necked Grebe","Podicipedidae","Birds"
"Accipiter gentilis","Goshawk","Accipitridae","Birds"
"Oporornis philadelphia","Mourning Warbler","Parulidae","Birds"
"Bubo virginianus","Great Horned Owl","Strigidae","Birds"
"Tringa melanoleuca","Greater Yellowlegs","Scolopacidae","Birds"
"Melospiza lincolnii","Lincoln's Sparrow","Emberizidae","Birds"
"Empidonax occidentalis","Cordilleran Flycatcher","Tyrannidae","Birds"
"Vireo flavifrons","Yellow-Throated Vireo","Vireonidae","Birds"
"Piranga olivacea","Scarlet Tanager","Cardinalidae","Birds"
"Steganopus tricolor","Wilson's Phalarope","Scolopacidae","Birds"
"Egretta thula","Snowy Egret","Ardeidae","Birds"
"Sayornis phoebe","Eastern Phoebe","Tyrannidae","Birds"
"Parkesia motacilla","Louisiana Waterthrush","Parulidae","Birds"
"Buteo regalis","Ferruginous Hawk","Accipitridae","Birds"
"Certhia americana","American Creeper","Certhiidae","Birds"
"Numenius americanus","Long-Billed Curlew","Scolopacidae","Birds"
"Plegadis chihi","White-Faced Ibis","Threskiornithidae","Birds"
"Limosa haemastica","Hudsonian Godwit","Scolopacidae","Birds"
"Cygnus columbianus","Tundra Swan","Anatidae","Birds"
"Ixobrychus exilis","Least Bittern","Ardeidae","Birds"
"Bombycilla garrulus","Bohemian Waxwing","Bombycillidae","Birds"
"Podiceps auritus","Horned Grebe","Podicipedidae","Birds"
"Wilsonia pusilla","Wilson's Warbler","Parulidae","Birds"
"Cistothorus palustris","Marsh Wren","Troglodytidae","Birds"
"Megascops asio","Eastern Screech Owl","Strigidae","Birds"
"Dendroica palmarum","Palm Warbler","Parulidae","Birds"
"Pheucticus melanocephalus","Black-Headed Grosbeak","Cardinalidae","Birds"
"Icterus bullockii","Bullock's Oriole","Icteridae","Birds"
"Bucephala clangula","Common Goldeneye","Anatidae","Birds"
"Charadrius montanus","Mountain Plover","Charadriidae","Birds"
"Tyto alba","Barn Owl","Tytonidae","Birds"
"Spizella pallida","Clay-Coloured Sparrow","Emberizidae","Birds"
"Chen caerulescens","Snow Goose","Anatidae","Birds"
"Gymnorhinus cyanocephalus","Pinyon Jay","Corvidae","Birds"
"Calcarius mccownii","Mccown's Longspur","Emberizidae","Birds"
"Troglodytes aedon","House Wren","Troglodytidae","Birds"
"Carduelis hornemanni","Arctic Redpoll","Fringillidae","Birds"
"Chordeiles minor","Common Nighthawk","Caprimulgidae","Birds"
"Ammodramus bairdii","Baird's Sparrow","Emberizidae","Birds"
"Oxyura jamaicensis","Ruddy Duck","Anatidae","Birds"
"Pheucticus ludovicianus","Rose-Breasted Grosbeak","Cardinalidae","Birds"
"Athene cunicularia","Burrowing Owl","Strigidae","Birds"
"Aythya americana","Redhead","Anatidae","Birds"
"Phasianus colchicus","Common Pheasant","Phasianidae","Birds"
"Melanerpes lewis","Lewis' Woodpecker","Picidae","Birds"
"Agelaius phoeniceus","Red-Winged Blackbird","Icteridae","Birds"
"Tyrannus verticalis","Western Kingbird","Tyrannidae","Birds"
"Meleagris gallopavo","Common Turkey","Phasianidae","Birds"
"Colinus virginianus","Northern Bobwhite","Odontophoridae","Birds"
"Chaetura pelagica","Chimney Swift","Apodidae","Birds"
"Anas strepera","Gadwall","Anatidae","Birds"
"Coccyzus erythropthalmus","Black-Billed Cuckoo","Cuculidae","Birds"
"Melanerpes carolinus","Red-Bellied Woodpecker","Picidae","Birds"
"Anthus spragueii","Sprague's Pipit","Motacillidae","Birds"
"Piranga ludoviciana","Western Tanager","Cardinalidae","Birds"
"Corvus brachyrhynchos","American Crow","Corvidae","Birds"
"Contopus virens","Eastern Wood-Pewee","Tyrannidae","Birds"
"Myotis ciliolabrum","Western Small Footed Myotis","Vespertilionidae","Mammals"
"Marmota monax","Woodchuck","Sciuridae","Mammals"
"Glaucomys sabrinus","Northern Flying Squirrel","Sciuridae","Mammals"
"Sorex hoyi","Pygmy Shrew","Soricidae","Mammals"
"Sorex haydeni","Hayden's Shrew","Soricidae","Mammals"
"Erethizon dorsatum","North American Porcupine","Erethizontidae","Mammals"
"Reithrodontomys montanus","Plains Harvest Mouse","Cricetidae","Mammals"
"Vulpes vulpes","Red Fox","Canidae","Mammals"
"Sciurus carolinensis","Eastern Grey Squirrel","Sciuridae","Mammals"
"Sorex cinereus","Masked Shrew","Soricidae","Mammals"
"Myodes gapperi","Southern Red Backed Vole","Cricetidae","Mammals"
"Zapus princeps","Western Jumping Mouse","Dipodidae","Mammals"
"Myotis septentrionalis","Northern Myotis","Vespertilionidae","Mammals"
"Pipistrellus subflavus","Eastern Pipistrelle","Vespertilionidae","Mammals"
"Neovison vison","American Mink","Mustelidae","Mammals"
"Myotis thysanodes","Fringed Myotis","Vespertilionidae","Mammals"
"Cynomys ludovicianus","Black Tailed Prairie Dog","Sciuridae","Mammals"
"Dipodomys ordii","Ord's Kangaroo Rat","Heteromyidae","Mammals"
"Sylvilagus audubonii","Desert Cottontail","Leporidae","Mammals"
"Lepus americanus","Snowshoe Hare","Leporidae","Mammals"
"Microtus pennsylvanicus","Meadow Vole","Cricetidae","Mammals"
"Sylvilagus floridanus","Eastern Cottontail","Leporidae","Mammals"
"Antilocapra americana","Pronghorn","Antilocapridae","Mammals"
"Spilogale putorius","Eastern Spotted Skunk","Mephitidae","Mammals"
"Neotoma cinerea","Bushy Tailed Woodrat","Cricetidae","Mammals"
"Microtus longicaudus","Long-Tailed Vole","Cricetidae","Mammals"
"Taxidea taxus","American Badger","Mustelidae","Mammals"
"Sylvilagus nuttallii","Mountain Cottontail","Leporidae","Mammals"
"Cervus canadensis","null","Cervidae","Mammals"
"Lynx rufus","Bobcat","Felidae","Mammals"
"Sorex nanus","Dwarf Shrew","Soricidae","Mammals"
"Ovis canadensis","Bighorn Sheep","Bovidae","Mammals"
"Cryptotis parva","Least Shrew","Soricidae","Mammals"
"Synaptomys cooperi","Southern Bog Lemming","Cricetidae","Mammals"
"Lepus californicus","Black-Tailed Jackrabbit","Leporidae","Mammals"
"Lemmiscus curtatus","Sagebrush Vole","Cricetidae","Mammals"
"Condylura cristata","Star-Nosed Mole","Talpidae","Mammals"
"Odocoileus hemionus","Mule Deer","Cervidae","Mammals"
"Odocoileus virginianus","White-Tailed Deer","Cervidae","Mammals"
"Geomys bursarius","Plains Pocket Gopher","Geomyidae","Mammals"
"Corynorhinus townsendii","Townsend's Big-Eared Bat","Vespertilionidae","Mammals"
"Blarina brevicauda","Mole Shrew","Soricidae","Mammals"
"Chaetodipus hispidus","Hispid Pocket Mouse","Heteromyidae","Mammals"
"Perognathus flavescens","Plains Pocket Mouse","Heteromyidae","Mammals"
"Sorex palustris","American Water Shrew","Soricidae","Mammals"
"Myotis lucifugus","Little Brown Bat","Vespertilionidae","Mammals"
"Tamias striatus","Eastern Chipmunk","Sciuridae","Mammals"
"Puma concolor","Cougar","Felidae","Mammals"
"Peromyscus leucopus","White-Footed Mouse","Cricetidae","Mammals"
"Lasiurus borealis","Red Bat","Vespertilionidae","Mammals"
"Reithrodontomys megalotis","Western Harvest Mouse","Cricetidae","Mammals"
"Onychomys leucogaster","Northern Grasshopper Mouse","Cricetidae","Mammals"
"Urocyon cinereoargenteus","Gray Fox","Canidae","Mammals"
"Thomomys talpoides","Northern Pocket Gopher","Geomyidae","Mammals"
"Perognathus flavus","Silky Pocket Mouse","Heteromyidae","Mammals"
"Scalopus aquaticus","Eastern Mole","Talpidae","Mammals"
"Vulpes velox","Swift Fox","Canidae","Mammals"
"Mustela nivalis","Weasel","Mustelidae","Mammals"
"Marmota flaviventris","Yellow Bellied Marmot","Sciuridae","Mammals"
"Mustela erminea","Stoat","Mustelidae","Mammals"
"Perognathus fasciatus","Olive-Backed Pocket Mouse","Heteromyidae","Mammals"
"Microtus ochrogaster","Prairie Vole","Cricetidae","Mammals"
"Zapus hudsonius","Meadow Jumping Mouse","Dipodidae","Mammals"
"Sorex merriami","Merriam's Shrew","Soricidae","Mammals"
"Oreamnos americanus","Mountain Goat","Bovidae","Mammals"
"Peromyscus boylii","Brush Mouse","Cricetidae","Mammals"
"Sorex arcticus","Arctic Shrew","Soricidae","Mammals"
"Lasiurus blossevillii","Red Bat","Vespertilionidae","Mammals"
"Lepus townsendii","White Tailed Jackrabbit","Leporidae","Mammals"
"Sciurus niger","Fox Squirrel","Sciuridae","Mammals"
"Tamiasciurus hudsonicus","Red Squirrel","Sciuridae","Mammals"
"Myotis volans","Long Legged Myotis","Vespertilionidae","Mammals"
"Procyon lotor","Raccoon","Procyonidae","Mammals"
"Neotoma floridana","Eastern Woodrat","Cricetidae","Mammals"
"Eumeces septentrionalis","Prairie Skink","Scincidae","Reptiles"
"Thamnophis sirtalis","Common Garter Snake","Colubridae","Reptiles"
"Phrynosoma hernandesi","Mountain Short-Horned Lizard","Phrynosomatidae","Reptiles"
"Diadophis punctatus","Ringneck Snake","Colubridae","Reptiles"
"Holbrookia maculata","Lesser Earless Lizard","Phrynosomatidae","Reptiles"
"Plestiodon septentrionalis","Northern Prairie Skink","Scincidae","Reptiles"
"Plestiodon multivirgatus","Many-Lined Skink","Scincidae","Reptiles"
"Eumeces multivirgatus","Multivirgatus: Northern Many-Lined Skink","Scincidae","Reptiles"
"Crotalus viridis","Prairie Rattlesnake","Viperidae","Reptiles"
"Storeria dekayi","Brown Snake","Colubridae","Reptiles"
"Nerodia sipedon","Northern Water Snake","Colubridae","Reptiles"
"Pituophis catenifer","Gopher Snake","Colubridae","Reptiles"
"Tropidoclonion lineatum","Lined Snake","Colubridae","Reptiles"
"Aspidoscelis sexlineata","Six-Lined Racerunner","Teiidae","Reptiles"
"Pantherophis vulpinus","Eastern Fox Snake","Colubridae","Reptiles"
"Storeria occipitomaculata","Redbelly Snake","Colubridae","Reptiles"
"Heterodon platirhinos","Eastern Hognose Snake","Colubridae","Reptiles"
"Heterodon nasicus","Plains Hognose Snake","Colubridae","Reptiles"
"Thamnophis elegans","Western Terrestrial Garter Snake","Colubridae","Reptiles"
"Thamnophis proximus","Western Ribbon Snake","Colubridae","Reptiles"
"Sceloporus undulatus","Mescalero Dunes Fence Lizard","Phrynosomatidae","Reptiles"
"Lampropeltis triangulum","Eastern Milksnake","Colubridae","Reptiles"
"Liochlorophis vernalis","Smooth Green Snake","Colubridae","Reptiles"
"Sceloporus graciosus","Mountain Swift","Phrynosomatidae","Reptiles"
"Coluber constrictor","Eastern Racer","Colubridae","Reptiles"
"Thamnophis radix","Plains Garter Snake","Colubridae","Reptiles"
"Apalone spinifera","Spiny Softshell","Trionychidae","Turtles (non-marine)"
"Kinosternon flavescens","Yellow Mud Turtle","Kinosternidae","Turtles (non-marine)"
"Graptemys pseudogeographica","False Map Turtle","Emydidae","Turtles (non-marine)"
"Chrysemys picta","Painted Turtle","Emydidae","Turtles (non-marine)"
"Apalone mutica","Smooth Softshelled Turtle","Trionychidae","Turtles (non-marine)"
"Graptemys geographica","Common Map Turtle","Emydidae","Turtles (non-marine)"
"Chelydra serpentina","Common Snapping Turtle","Chelydridae","Turtles (non-marine)"
"Terrapene ornata","Ornate Box Turtle","Emydidae","Turtles (non-marine)"
"Anaxyrus hemiophrys","Canadian Toad","Bufonidae","Amphibians"
"Pseudacris maculata","Boreal Chorus Frog","Hylidae","Amphibians"
"Anaxyrus woodhousii","East Texas Toad","Bufonidae","Amphibians"
"Spea bombifrons","Cope's Spea","Scaphiopodidae","Amphibians"
"Hyla versicolor","Gray Treefrog","Hylidae","Amphibians"
"Anaxyrus cognatus","Texas Toad","Bufonidae","Amphibians"
"Ambystoma mavortium","Axolotl","Ambystomatidae","Amphibians"
"Acris crepitans","Eastern Cricket Frog","Hylidae","Amphibians"
"Lithobates catesbeianus","Common Bullfrog","Ranidae","Amphibians"
"Lithobates clamitans","Bronze Frog","Ranidae","Amphibians"
"Pseudacris crucifer","Spring Peeper","Hylidae","Amphibians"
"Lithobates pipiens","Peeping Frog","Ranidae","Amphibians"
"Ambystoma tigrinum","Tiger Salamander","Ambystomatidae","Amphibians"
"Anaxyrus americanus","American Toad","Bufonidae","Amphibians"
"Lithobates blairi","Plains Leopard Frog","Ranidae","Amphibians"
"Hyla chrysoscelis","Cope's Gray Treefrog","Hylidae","Amphibians"
"Lithobates sylvaticus","Wood Frog","Ranidae","Amphibians"
"Necturus maculosus","Mudpuppy","Proteidae","Amphibians"
"Pomoxis nigromaculatus","Black Crappie","Centrarchidae","Fishes"
"Percina caprodes","Zebra Fish","Percidae","Fishes"
"Luxilus cornutus","Common Shiner","Cyprinidae","Fishes"
"Hybognathus argyritis","Western Silvery Minnow","Cyprinidae","Fishes"
"Moxostoma erythrurum","Golden Redhorse","Catostomidae","Fishes"
"Semotilus atromaculatus","Creek Chub","Cyprinidae","Fishes"
"Etheostoma flabellare","Fantail Darter","Percidae","Fishes"
"Alosa chrysochloris","Skipjack Herring","Clupeidae","Fishes"
"Hybognathus placitus","Plains Minnow","Cyprinidae","Fishes"
"Moxostoma carinatum","River Redhorse","Catostomidae","Fishes"
"Moxostoma macrolepidotum","Shorthead Redhorse","Catostomidae","Fishes"
"Micropterus dolomieu","Smallmouth Bass","Centrarchidae","Fishes"
"Catostomus platyrhynchus","Mountain Sucker","Catostomidae","Fishes"
"Hybognathus hankinsoni","Brassy Minnow","Cyprinidae","Fishes"
"Rhinichthys atratulus","Eastern Blacknose Dace","Cyprinidae","Fishes"
"Lepomis macrochirus","Bluegill","Centrarchidae","Fishes"
"Fundulus diaphanus","Banded Killifish","Fundulidae","Fishes"
"Fundulus kansae","Northern Plains Killifish","Fundulidae","Fishes"
"Percina maculata","Blackside Darter","Percidae","Fishes"
"Scaphirhynchus albus","Pallid Sturgeon","Acipenseridae","Fishes"
"Phenacobius mirabilis","Suckermouth Minnow","Cyprinidae","Fishes"
"Umbra limi","Central Mudminnow","Umbridae","Fishes"
"Cyprinella spiloptera","Spotfin Shiner","Cyprinidae","Fishes"
"Notropis shumardi","Silverband Shiner","Cyprinidae","Fishes"
"Lepomis gibbosus","Pumpkinseed","Centrarchidae","Fishes"
"Etheostoma zonale","Banded Darter","Percidae","Fishes"
"Hiodon alosoides","Goldeye","Hiodontidae","Fishes"
"Notropis topeka","Topeka Shiner","Cyprinidae","Fishes"
"Lepisosteus platostomus","Shortnose Gar","Lepisosteidae","Fishes"
"Notropis blennius","River Shiner","Cyprinidae","Fishes"
"Notropis heterolepis","Blacknose Shiner","Cyprinidae","Fishes"
"Pimephales promelas","Fathead Minnow","Cyprinidae","Fishes"
"Notropis dorsalis","Bigmouth Shiner","Cyprinidae","Fishes"
"Catostomus commersonii","White Sucker","Catostomidae","Fishes"
"Ichthyomyzon unicuspis","Silver Lamprey","Petromyzontidae","Fishes"
"Etheostoma nigrum","Johnny Darter","Percidae","Fishes"
"Chrosomus neogaeus","Finescale Dace","Cyprinidae","Fishes"
"Pimephales notatus","Bluntnose Minnow","Cyprinidae","Fishes"
"Notropis stramineus","Sand Shiner","Cyprinidae","Fishes"
"Aplodinotus grunniens","Freshwater Drum","Sciaenidae","Fishes"
"Fundulus zebrinus","Plains Killifish","Fundulidae","Fishes"
"Lepisosteus osseus","Long Nosed Gar","Lepisosteidae","Fishes"
"Notropis hudsonius","Spottail Shiner","Cyprinidae","Fishes"
"Cyprinella lutrensis","Red Shiner","Cyprinidae","Fishes"
"Noturus gyrinus","Tadpole Madtom","Ictaluridae","Fishes"
"Dorosoma cepedianum","Gizzard Shad","Clupeidae","Fishes"
"Esox lucius","Pike","Esocidae","Fishes"
"Morone chrysops","White Bass","Moronidae","Fishes"
"Hypentelium nigricans","Northern Hog Sucker","Catostomidae","Fishes"
"Pomoxis annularis","White Crappie","Centrarchidae","Fishes"
"Ichthyomyzon castaneus","Chestnut Lamprey","Petromyzontidae","Fishes"
"Notropis percobromus","Carmine Shiner","Cyprinidae","Fishes"
"Lepomis humilis","Orangespotted Sunfish","Centrarchidae","Fishes"
"Percina phoxocephala","Slenderhead Darter","Percidae","Fishes"
"Esox americanus","Grass Pickerel","Esocidae","Fishes"
"Chrosomus eos","Northern Redbelly Dace","Cyprinidae","Fishes"
"Notropis atherinoides","Emerald Shiner","Cyprinidae","Fishes"
"Ambloplites rupestris","Rock Bass","Centrarchidae","Fishes"
"Lepomis cyanellus","Green Sunfish","Centrarchidae","Fishes"
"Catostomus catostomus","Longnose Sucker","Catostomidae","Fishes"
"Etheostoma caeruleum","Rainbow Darter","Percidae","Fishes"
"Campostoma anomalum","Central Stoneroller","Cyprinidae","Fishes"
"Notropis volucellus","Mimic Shiner","Cyprinidae","Fishes"
"Anguilla rostrata","American Eel","Anguillidae","Fishes"
"Hiodon tergisus","Mooneye","Hiodontidae","Fishes"
"Perca flavescens","Yellow Perch","Percidae","Fishes"
"Fundulus sciadicus","Plains Topminnow","Fundulidae","Fishes"
"Nocomis biguttatus","Hornyhead Chub","Cyprinidae","Fishes"
"Cycleptus elongatus","Blue Sucker","Catostomidae","Fishes"
"Micropterus salmoides","Largemouth Bass","Centrarchidae","Fishes"
"Scaphirhynchus platorynchus","Shovelnose Sturgeon","Acipenseridae","Fishes"
"Rhinichthys cataractae","Longnose Dace","Cyprinidae","Fishes"
"Etheostoma exile","Iowa Darter","Percidae","Fishes"
"Noturus flavus","Stonecat","Ictaluridae","Fishes"
"Plebejus acmon","Acmon Blue","Lycaenidae","Butterflies"
"Cercyonis meadii","Mead's Wood-Nymph","Nymphalidae","Butterflies"
"Oarisma garita","Garita Skipperling","Hesperiidae","Butterflies"
"Poanes massasoit","Mulberry Wing","Hesperiidae","Butterflies"
"Satyrium liparops","Striped Hairstreak","Lycaenidae","Butterflies"
"Hesperia ottoe","Ottoe Skipper","Hesperiidae","Butterflies"
"Cercyonis oetus","Small Wood-Nymph","Nymphalidae","Butterflies"
"Ochlodes snowi","null","Hesperiidae","Butterflies"
"Yvretta rhesus","null","Hesperiidae","Butterflies"
"Polygonia comma","Eastern Comma","Nymphalidae","Butterflies"
"Megisto cymela","Little Wood-Satyr","Nymphalidae","Butterflies"
"Leptotes marina","Marine Blue","Lycaenidae","Butterflies"
"Limenitis arthemis","Red-Spotted Admiral","Nymphalidae","Butterflies"
"Hesperia nevada","Nevada Skipper","Hesperiidae","Butterflies"
"Speyeria mormonia","Mormon Fritillary","Nymphalidae","Butterflies"
"Lycaena helloides","Purplish Copper","Lycaenidae","Butterflies"
"Glaucopsyche lygdamus","Silvery Blue","Lycaenidae","Butterflies"
"Nymphalis californica","California Tortoiseshell","Nymphalidae","Butterflies"
"Feniseca tarquinius","Harvester","Lycaenidae","Butterflies"
"Euphyes dion","Dion Skipper","Hesperiidae","Butterflies"
"Thorybes bathyllus","Southern Cloudywing","Hesperiidae","Butterflies"
"Neophasia menapia","Pine White","Pieridae","Butterflies"
"Papilio machaon","Swallowtail","Papilionidae","Butterflies"
"Hesperia pahaska","Pahaska Skipper","Hesperiidae","Butterflies"
"Strymon melinus","Gray Hairstreak","Lycaenidae","Butterflies"
"Erynnis persius","Persius Dusky-Wing","Hesperiidae","Butterflies"
"Euphyes bimacula","Two-Spotted Skipper","Hesperiidae","Butterflies"
"Pieris virginiensis","West Virginia White","Pieridae","Butterflies"
"Speyeria atlantis","Atlantis Fritillary","Nymphalidae","Butterflies"
"Papilio cresphontes","Giant Swallowtail","Papilionidae","Butterflies"
"Phyciodes batesii","Tawny Crescent","Nymphalidae","Butterflies"
"Nymphalis antiopa","Mourning Cloak","Nymphalidae","Butterflies"
"Staphylus hayhurstii","Hayhurst's Scallopwing","Hesperiidae","Butterflies"
"Ancyloxypha numitor","Least Skipper","Hesperiidae","Butterflies"
"Wallengrenia egeremet","Northern Broken-Dash","Hesperiidae","Butterflies"
"Vanessa atalanta","Red Admiral","Nymphalidae","Butterflies"
"Lycaena rubidus","Ruddy Copper","Lycaenidae","Butterflies"
"Pieris napi","Gray-Veined White","Pieridae","Butterflies"
"Colias eurytheme","Orange Sulphur","Pieridae","Butterflies"
"Speyeria edwardsii","Edwards' Fritillary","Nymphalidae","Butterflies"
"Papilio multicaudata","Two-Tailed Swallowtail","Papilionidae","Butterflies"
"Phyciodes tharos","Pearl Crescent","Nymphalidae","Butterflies"
"Chlosyne nycteis","Silvery Checkerspot","Nymphalidae","Butterflies"
"Epargyreus clarus","Silver-Spotted Skipper","Hesperiidae","Butterflies"
"Polites themistocles","Tawny-Edged Skipper","Hesperiidae","Butterflies"
"Asterocampa clyton","Tawny Emperor","Nymphalidae","Butterflies"
"Callophrys augustus","null","Lycaenidae","Butterflies"
"Nymphalis vaualbum","Compton Tortoiseshell","Nymphalidae","Butterflies"
"Pompeius verna","Little Glassywing","Hesperiidae","Butterflies"
"Chlosyne lacinia","Bordered Patch","Nymphalidae","Butterflies"
"Phoebis sennae","Cloudless Sulphur","Pieridae","Butterflies"
"Glaucopsyche piasus","Arrowhead Blue","Lycaenidae","Butterflies"
"Satyrium acadica","Acadian Hairstreak","Lycaenidae","Butterflies"
"Polygonia satyrus","Satyr Anglewing","Nymphalidae","Butterflies"
"Pieris callidice","null","Pieridae","Butterflies"
"Pieris protodice","null","Pieridae","Butterflies"
"Pyrgus communis","Common Checkered-Skipper","Hesperiidae","Butterflies"
"Calycopis cecrops","Red-Banded Hairstreak","Lycaenidae","Butterflies"
"Pyrgus baptisiae","null","Hesperiidae","Butterflies"
"Oarisma powesheik","null","Hesperiidae","Butterflies"
"Eurema mexicana","Mexican Yellow","Pieridae","Butterflies"
"Celastrina argiolus","Spring/Summer Azure","Lycaenidae","Butterflies"
"Speyeria zerene","Zerene Fritillary","Nymphalidae","Butterflies"
"Erynnis martialis","Mottled Duskywing","Hesperiidae","Butterflies"
"Anthocharis sara","Sara Orangetip","Pieridae","Butterflies"
"Speyeria idalia","Regal Fritillary","Nymphalidae","Butterflies"
"Thorybes pylades","Northern Cloudywing","Hesperiidae","Butterflies"
"Erynnis juvenalis","Juvenal's Duskywing","Hesperiidae","Butterflies"
"Atalopedes campestris","Sachem","Hesperiidae","Butterflies"
"Phoebis philea","Orange-Barred Sulphur","Pieridae","Butterflies"
"Libytheana carinenta","American Snout","Nymphalidae","Butterflies"
"Lycaena phlaes","null","Lycaenidae","Butterflies"
"Harkenclenus titus","Coral Hairstreak","Lycaenidae","Butterflies"
"Pyrgus scriptura","Small Checkered-Skipper","Hesperiidae","Butterflies"
"Agraulis vanillae","Gulf Fritillary","Nymphalidae","Butterflies"
"Chlosyne gabbii","Gabb's Checkerspot","Nymphalidae","Butterflies"
"Phyciodes campestris","Field Crescent","Nymphalidae","Butterflies"
"Euchloe olympia","Olympia Marble","Pieridae","Butterflies"
"Callophrys eryphon","Western Pine Elfin","Lycaenidae","Butterflies"
"Coenonympha tullia","Common Ringlet","Nymphalidae","Butterflies"
"Hesperia viridis","Green Skipper","Hesperiidae","Butterflies"
"Apodemia mormo","Mormon Metalmark","Riodinidae","Butterflies"
"Lycaena hyllus","Bronze Copper","Lycaenidae","Butterflies"
"Amblyscirtes oslari","Oslar's Roadside-Skipper","Hesperiidae","Butterflies"
"Asterocampa celtis","Hackberry Emperor","Nymphalidae","Butterflies"
"Speyeria claudia","null","Nymphalidae","Butterflies"
"Polygonia interrogationis","Question Mark","Nymphalidae","Butterflies"
"Phyciodes phaon","Phaon Crescent","Nymphalidae","Butterflies"
"Pyrgus afranius","null","Hesperiidae","Butterflies"
"Erynnis horatius","Horace's Duskywing","Hesperiidae","Butterflies"
"Lethe eurydice","Eyed Brown","Nymphalidae","Butterflies"
"Atrytone arogos","Arogos Skipper","Hesperiidae","Butterflies"
"Eurema nicippe","Sleepy Orange","Pieridae","Butterflies"
"Boloria bellona","Meadow Fritillary","Nymphalidae","Butterflies"
"Phyciodes texana","Texan Crescent","Nymphalidae","Butterflies"
"Colias philodice","Clouded Sulphur","Pieridae","Butterflies"
"Cercyonis pegala","Common Wood-Nymph","Nymphalidae","Butterflies"
"Vanessa carye","null","Nymphalidae","Butterflies"
"Anartia jatrophae","White Peacock","Nymphalidae","Butterflies"
"Polites mystic","Long Dash","Hesperiidae","Butterflies"
"Poanes hobomok","Hobomok Skipper","Hesperiidae","Butterflies"
"Amblyscirtes simius","Simius Roadside-Skipper","Hesperiidae","Butterflies"
"Hesperia attalus","Dotted Skipper","Hesperiidae","Butterflies"
"Speyeria coronis","Coronis Fritillary","Nymphalidae","Butterflies"
"Boloria frisia","null","Nymphalidae","Butterflies"
"Hesperia leonardus","Leonard's Skipper","Hesperiidae","Butterflies"
"Phyciodes pallida","Pale Crescent","Nymphalidae","Butterflies"
"Colias alexandra","Queen Alexandra's Sulphur","Pieridae","Butterflies"
"Poanes viator","Broad-Winged Skipper","Hesperiidae","Butterflies"
"Leptotes cassius","Cassius Blue","Lycaenidae","Butterflies"
"Mestra amymone","Common Mestra","Nymphalidae","Butterflies"
"Hemiargus isola","Reakirt's Blue","Lycaenidae","Butterflies"
"Papilio eurymedon","Pale Swallowtail","Papilionidae","Butterflies"
"Hesperopsis libya","Mojave Sootywing","Hesperiidae","Butterflies"
"Pieris rapae","Cabbage White","Pieridae","Butterflies"
"Speyeria cybele","Great Spangled Fritillary","Nymphalidae","Butterflies"
"Polygonia faunus","Faun","Nymphalidae","Butterflies"
"Aguna asander","Gold-Spotted Aguna","Hesperiidae","Butterflies"
"Oeneis uhleri","Uhler's Arctic","Nymphalidae","Butterflies"
"Erynnis icelus","Dreamy Dusky-Wing","Hesperiidae","Butterflies"
"Danaus gilippus","Queen","Nymphalidae","Butterflies"
"Pholisora catullus","Common Sootywing","Hesperiidae","Butterflies"
"Atrytonopsis hianna","Dusted Skipper","Hesperiidae","Butterflies"
"Polites origenes","Crossline Skipper","Hesperiidae","Butterflies"
"Plebejus saepiolus","Greenish Blue","Lycaenidae","Butterflies"
"Anaea andria","Goatweed Leafwing","Nymphalidae","Butterflies"
"Pieris sisymbrii","null","Pieridae","Butterflies"
"Nymphalis milberti","Milbert's Tortoiseshell","Nymphalidae","Butterflies"
"Speyeria callippe","Callippe Fritillary","Nymphalidae","Butterflies"
"Danaus plexippus","Monarch","Nymphalidae","Butterflies"
"Phyciodes picta","Painted Crescent","Nymphalidae","Butterflies"
"Chlosyne harrisii","Harris' Checkerspot","Nymphalidae","Butterflies"
"Precis coenia","Common Buckeye","Nymphalidae","Butterflies"
"Papilio polyxenes","Black Swallowtail","Papilionidae","Butterflies"
"Everes amyntula","Western Tailed-Blue","Lycaenidae","Butterflies"
"Euphydryas chalcedona","Variable Checkerspot","Nymphalidae","Butterflies"
"Limenitis weidemeyerii","Weidemeyer's Admiral","Nymphalidae","Butterflies"
"Eurytides marcellus","Zebra Swallowtail","Papilionidae","Butterflies"
"Euphyes vestris","Dun Skipper","Hesperiidae","Butterflies"
"Satyrium calanus","Banded Hairstreak","Lycaenidae","Butterflies"
"Neominois ridingsii","Ridings' Satyr","Nymphalidae","Butterflies"
"Poanes zabulon","Zabulon Skipper","Hesperiidae","Butterflies"
"Hylephila phyleus","Fiery Skipper","Hesperiidae","Butterflies"
"Callophrys polios","Hoary Elfin","Lycaenidae","Butterflies"
"Poladryas minuta","Dotted Checkerspot","Nymphalidae","Butterflies"
"Phyciodes morpheus","null","Nymphalidae","Butterflies"
"Lethe appalachia","Appalachian Eyed Brown","Nymphalidae","Butterflies"
"Plebejus shasta","Shasta Blue","Lycaenidae","Butterflies"
"Satyrium edwardsii","Edwards' Hairstreak","Lycaenidae","Butterflies"
"Brephidium exilis","Western Pygmy-Blue","Lycaenidae","Butterflies"
"Vanessa virginiensis","American Lady","Nymphalidae","Butterflies"
"Papilio zelicaon","Anise Swallowtail","Papilionidae","Butterflies"
"Megathymus streckeri","Strecker's Giant-Skipper","Hesperiidae","Butterflies"
"Polygonia progne","Gray Comma","Nymphalidae","Butterflies"
"Limenitis archippus","Viceroy","Nymphalidae","Butterflies"
"Ochlodes sylvanoides","Woodland Skipper","Hesperiidae","Butterflies"
"Plebejus melissa","Melissa Blue","Lycaenidae","Butterflies"
"Callophrys gryneus","Juniper Hairstreak","Lycaenidae","Butterflies"
"Parnassius phoebus","Small Apollo","Papilionidae","Butterflies"
"Speyeria aphrodite","Aphrodite Fritillary","Nymphalidae","Butterflies"
"Plebejus icarioides","Boisduval's Blue","Lycaenidae","Butterflies"
"Plebejus glandon","Glandon Blue","Lycaenidae","Butterflies"
"Lethe anthedon","Northern Pearly-Eye","Nymphalidae","Butterflies"
"Amblyscirtes vialis","Common Roadside-Skipper","Hesperiidae","Butterflies"
"Colias cesonia","Southern Dogface","Pieridae","Butterflies"
"Eurema lisa","Little Yellow","Pieridae","Butterflies"
"Everes comyntas","Eastern Tailed-Blue","Lycaenidae","Butterflies"
"Nathalis iole","Dainty Sulphur","Pieridae","Butterflies"
"Polygonia gracilis","Hoary Comma","Nymphalidae","Butterflies"
"Vanessa cardui","Painted Lady","Nymphalidae","Butterflies"
"Atrytone logan","Delaware Skipper","Hesperiidae","Butterflies"
"Hesperia comma","Common Branded Skipper","Hesperiidae","Butterflies"
"Boloria selene","Silver-Bordered Fritillary","Nymphalidae","Butterflies"
"Bombus sylvicola","Forest Bumble Bee","Apidae","Bumblebees"
"Bombus nevadensis","Black And Gold Bumble Bee","Apidae","Bumblebees"
"Bombus huntii","Hunt Bumble Bee","Apidae","Bumblebees"
"Bombus vagans","Half-Black Bumble Bee","Apidae","Bumblebees"
"Bombus flavifrons","Yellow Head Bumble Bee","Apidae","Bumblebees"
"Bombus bohemicus","Barbut's Cuckoo-Bee","Apidae","Bumblebees"
"Bombus insularis","Orange-Rumped Bumblebee","Apidae","Bumblebees"
"Bombus bimaculatus","Two-Spotted Bumble Bee","Apidae","Bumblebees"
"Bombus griseocollis","Brown-Belted Bumble Bee","Apidae","Bumblebees"
"Bombus pensylvanicus","American Bumble Bee","Apidae","Bumblebees"
"Bombus impatiens","Indiscriminate Cuckoo Bumble Bee","Apidae","Bumblebees"
"Bombus fervidus","Yellow Bumble Bee","Apidae","Bumblebees"
"Bombus ternarius","Tri-Colored Bumble Bee","Apidae","Bumblebees"
"Bombus terricola","Yellowbanded Bumble Bee","Apidae","Bumblebees"
"Bombus melanopygus","Black Tail Bumble Bee","Apidae","Bumblebees"
"Bombus citrinus","Indiscriminate Cuckoo Bumble Bee","Apidae","Bumblebees"
"Bombus auricomus","Black And Gold Bumble Bee","Apidae","Bumblebees"
"Bombus fraternus","Southern Plains Bumble Bee","Apidae","Bumblebees"
"Bombus occidentalis","Western Bumble Bee","Apidae","Bumblebees"
"Bombus rufocinctus","Sanderson's Bumble Bee","Apidae","Bumblebees"
"Bombus variabilis","Yellow-Faced Bumblebee","Apidae","Bumblebees"
"Bombus mixtus","Sanderson's Bumble Bee","Apidae","Bumblebees"
"Bombus suckleyi","Suckley Cuckoo Bumble Bee","Apidae","Bumblebees"
"Bombus bifarius","Two Form Bumble Bee","Apidae","Bumblebees"
"Bombus borealis","Northern Amber Bumble Bee","Apidae","Bumblebees"
"Bombus appositus","A Bumble Bee","Apidae","Bumblebees"
"Bombus morrisoni","Morrison Bumble Bee","Apidae","Bumblebees"
"Bombus centralis","Central Bumble Bee","Apidae","Bumblebees"
"Bombus perplexus","Red-Belted Bumble Bee","Apidae","Bumblebees"
"Bombus affinis","Rusty-Patched Bumblebee","Apidae","Bumblebees"
"Bombus flavidus","Fernald Cuckoo Bumble Bee","Apidae","Bumblebees"
"Argia apicalis","Blue-Fronted Dancer","Coenagrionidae","Dragonflies"
"Arigomphus cornutus","Horned Clubtail","Gomphidae","Dragonflies"
"Ophiogomphus severus","Pale Snaketail","Gomphidae","Dragonflies"
"Gomphus externus","Plains Clubtail","Gomphidae","Dragonflies"
"Aeshna constricta","Lance-Tipped Darner","Aeshnidae","Dragonflies"
"Libellula saturata","Flame Skimmer","Libellulidae","Dragonflies"
"Enallagma aspersum","Azure Bluet","Coenagrionidae","Dragonflies"
"Lestes disjunctus","Northern Spreadwing","Lestidae","Dragonflies"
"Macromia illinoiensis","Swift River Cruiser","Corduliidae","Dragonflies"
"Somatochlora ensigera","Plains Emerald","Corduliidae","Dragonflies"
"Argia alberta","Paiute Dancer","Coenagrionidae","Dragonflies"
"Calopteryx aequabilis","River Jewelwing","Calopterygidae","Dragonflies"
"Argia sedula","Blue-Ringed Dancer","Coenagrionidae","Dragonflies"
"Libellula forensis","Eight-Spotted Skimmer","Libellulidae","Dragonflies"
"Enallagma civile","Familiar Bluet","Coenagrionidae","Dragonflies"
"Boyeria vinosa","Fawn Darner","Aeshnidae","Dragonflies"
"Ischnura verticalis","Eastern Forktail","Coenagrionidae","Dragonflies"
"Enallagma vesperum","Vesper Bluet","Coenagrionidae","Dragonflies"
"Rhionaeschna multicolor","Blue-Eyed Darner","Aeshnidae","Dragonflies"
"Argia lugens","Sooty Dancer","Coenagrionidae","Dragonflies"
"Lestes rectangularis","Slender Spreadwing","Lestidae","Dragonflies"
"Stylurus notatus","Elusive Clubtail","Gomphidae","Dragonflies"
"Sympetrum semicinctum","Band-Winged Meadowhawk","Libellulidae","Dragonflies"
"Argia fumipennis","Variable Dancer","Coenagrionidae","Dragonflies"
"Coenagrion angulatum","Prairie Bluet","Coenagrionidae","Dragonflies"
"Stylurus intricatus","Brimstone Clubtail","Gomphidae","Dragonflies"
"Sympetrum costiferum","Saffron-Winged Meadowhawk","Libellulidae","Dragonflies"
"Enallagma anna","River Bluet","Coenagrionidae","Dragonflies"
"Hetaerina americana","American Rubyspot","Calopterygidae","Dragonflies"
"Plathemis lydia","Common Whitetail","Libellulidae","Dragonflies"
"Argia emma","Emma's Dancer","Coenagrionidae","Dragonflies"
"Archilestes grandis","Great Spreadwing","Lestidae","Dragonflies"
"Sympetrum corruptum","Variegated Meadowhawk","Libellulidae","Dragonflies"
"Argia immunda","Kiowa Dancer","Coenagrionidae","Dragonflies"
"Aeshna canadensis","Canada Darner","Aeshnidae","Dragonflies"
"Sympetrum vicinum","Autumn Meadowhawk","Libellulidae","Dragonflies"
"Libellula pulchella","Twelve-Spotted Skimmer","Libellulidae","Dragonflies"
"Enallagma clausum","Alkali Bluet","Coenagrionidae","Dragonflies"
"Argia vivida","Vivid Dancer","Coenagrionidae","Dragonflies"
"Enallagma signatum","Orange Bluet","Coenagrionidae","Dragonflies"
"Ischnura hastata","Citrine Forktail","Coenagrionidae","Dragonflies"
"Tramea lacerata","Black Saddlebags","Libellulidae","Dragonflies"
"Hetaerina titia","Smoky Rubyspot","Calopterygidae","Dragonflies"
"Erythemis simplicicollis","Eastern Pondhawk","Libellulidae","Dragonflies"
"Brechmorhoga mendax","Pale-Faced Clubskimmer","Libellulidae","Dragonflies"
"Leucorrhinia intacta","Dot-Tailed Whiteface","Libellulidae","Dragonflies"
"Pantala flavescens","Wandering Glider","Libellulidae","Dragonflies"
"Rhionaeschna californica","California Darner","Aeshnidae","Dragonflies"
"Enallagma exsulans","Stream Bluet","Coenagrionidae","Dragonflies"
"Leucorrhinia hudsonica","Hudsonian Whiteface","Libellulidae","Dragonflies"
"Gomphus fraternus","Midland Clubtail","Gomphidae","Dragonflies"
"Enallagma hageni","Hagen's Bluet","Coenagrionidae","Dragonflies"
"Enallagma carunculatum","Tule Bluet","Coenagrionidae","Dragonflies"
"Neurocordulia molesta","Smoky Shadowdragon","Corduliidae","Dragonflies"
"Pantala hymenaea","Spot-Winged Glider","Libellulidae","Dragonflies"
"Gomphus graslinellus","Pronghorn Clubtail","Gomphidae","Dragonflies"
"Ischnura perparva","Western Forktail","Coenagrionidae","Dragonflies"
"Aeshna palmata","Paddle-Tailed Darner","Aeshnidae","Dragonflies"
"Libellula luctuosa","Widow Skimmer","Libellulidae","Dragonflies"
"Enallagma boreale","Boreal Bluet","Coenagrionidae","Dragonflies"
"Argia plana","Springwater Dancer","Coenagrionidae","Dragonflies"
"Lestes dryas","Scarce Emerald Damselfly","Lestidae","Dragonflies"
"Ischnura damula","Plains Forktail","Coenagrionidae","Dragonflies"
"Argia tibialis","Blue-Tipped Dancer","Coenagrionidae","Dragonflies"
"Libellula quadrimaculata","Four-Spotted Chaser","Libellulidae","Dragonflies"
"Epitheca cynosura","Common Baskettail","Corduliidae","Dragonflies"
"Arigomphus submedianus","Jade Clubtail","Gomphidae","Dragonflies"
"Enallagma basidens","Double-Striped Bluet","Coenagrionidae","Dragonflies"
"Tramea onusta","Red Saddlebags","Libellulidae","Dragonflies"
"Celithemis elisa","Calico Pennant","Libellulidae","Dragonflies"
"Aeshna interrupta","Variable Darner","Aeshnidae","Dragonflies"
"Progomphus obscurus","Common Sanddragon","Gomphidae","Dragonflies"
"Amphiagrion abbreviatum","Western Red Damsel","Coenagrionidae","Dragonflies"
"Sympetrum pallipes","Striped Meadowhawk","Libellulidae","Dragonflies"
"Sympetrum danae","Black Darter","Libellulidae","Dragonflies"
"Perithemis tenera","Eastern Amberwing","Libellulidae","Dragonflies"
"Enallagma ebrium","Marsh Bluet","Coenagrionidae","Dragonflies"
"Sympetrum obtrusum","White-Faced Meadowhawk","Libellulidae","Dragonflies"
"Enallagma antennatum","Rainbow Bluet","Coenagrionidae","Dragonflies"
"Coenagrion resolutum","Taiga Bluet","Coenagrionidae","Dragonflies"
"Lestes congener","Spotted Spreadwing","Lestidae","Dragonflies"
"Enallagma annexum","Northern Bluet","Coenagrionidae","Dragonflies"
"Lestes australis","Southern Spreadwing","Lestidae","Dragonflies"
"Pachydiplax longipennis","Blue Dasher","Libellulidae","Dragonflies"
"Lestes forcipatus","Sweetflag Spreadwing","Lestidae","Dragonflies"
"Celithemis eponina","Halloween Pennant","Libellulidae","Dragonflies"
"Aeshna umbrosa","Shadow Darner","Aeshnidae","Dragonflies"
"Ischnura cervula","Pacific Forktail","Coenagrionidae","Dragonflies"
"Enallagma geminatum","Skimming Bluet","Coenagrionidae","Dragonflies"
"Sympetrum rubicundulum","Ruby Meadowhawk","Libellulidae","Dragonflies"
"Nehalennia irene","Sedge Sprite","Coenagrionidae","Dragonflies"
"Anax junius","Green Darner","Aeshnidae","Dragonflies"
"Erpetogomphus designatus","Eastern Ringtail","Gomphidae","Dragonflies"
"Epitheca princeps","Prince Baskettail","Corduliidae","Dragonflies"
"Lestes unguiculatus","Lyre-Tipped Spreadwing","Lestidae","Dragonflies"
"Dorocordulia libera","Racket-Tailed Emerald","Corduliidae","Dragonflies"
"Sympetrum madidum","Red-Veined Meadowhawk","Libellulidae","Dragonflies"
"Sympetrum internum","Cherry-Faced Meadowhawk","Libellulidae","Dragonflies"
"Calopteryx maculata","Ebony Jewelwing","Calopterygidae","Dragonflies"
"Enallagma praevarum","Arroyo Bluet","Coenagrionidae","Dragonflies"
"Stylurus amnicola","Riverine Clubtail","Gomphidae","Dragonflies"
"Prunus serotina","Black Cherry","Rosaceae","Trees"
"Juniperus communis","Common Juniper","Cupressaceae","Trees"
"Prunus pensylvanica","Bird Cherry","Rosaceae","Trees"
"Betula occidentalis","Water Birch","Betulaceae","Trees"
"Ostrya virginiana","Ironwood","Betulaceae","Trees"
"Celtis occidentalis","Hackberry","Cannabaceae","Trees"
"Carya cordiformis","Pignut","Juglandaceae","Trees"
"Viburnum trilobum","American Cranberrybush","Adoxaceae","Trees"
"Populus tremuloides","Quaking Aspen","Salicaceae","Trees"
"Juniperus virginiana","American Juniper","Cupressaceae","Trees"
"Acer saccharinum","Silver Maple","Sapindaceae","Trees"
"Malus ioensis","Prairie Crab Apple","Rosaceae","Trees"
"Amelanchier sanguinea","Huron Serviceberry","Rosaceae","Trees"
"Salix amygdaloides","Peach-Leaf Willow","Salicaceae","Trees"
"Sambucus canadensis","Elderberry","Adoxaceae","Trees"
"Pinus contorta","Lodgepole Pine","Pinaceae","Trees"
"Salix petiolaris","Slender Willow","Salicaceae","Trees"
"Prunus mexicana","Mexican Plum","Rosaceae","Trees"
"Cornus stolonifera","Redosier","Cornaceae","Trees"
"Quercus ellipsoidalis","Hill's Oak","Fagaceae","Trees"
"Ulmus rubra","Slippery Elm","Ulmaceae","Trees"
"Sorbus scopulina","Western Mountain-Ash","Rosaceae","Trees"
"Betula papyrifera","Paper Birch","Betulaceae","Trees"
"Fraxinus pennsylvanica","Red Ash","Oleaceae","Trees"
"Juglans nigra","Black Walnut","Juglandaceae","Trees"
"Salix exigua","Sandbar Willow","Salicaceae","Trees"
"Salix lasiandra","Pacific Willow","Salicaceae","Trees"
"Sambucus melanocarpa","European Red Elder","Adoxaceae","Trees"
"Tilia americana","American Basswood","Malvaceae","Trees"
"Populus deltoides","Eastern Cottonwood","Salicaceae","Trees"
"Shepherdia argentea","Silver Buffaloberry","Elaeagnaceae","Trees"
"Amelanchier alnifolia","Juneberry","Rosaceae","Trees"
"Rhus glabra","Smooth Sumac","Anacardiaceae","Trees"
"Juniperus scopulorum","Rocky Mountain Juniper","Cupressaceae","Trees"
"Quercus rubra","Red Oak","Fagaceae","Trees"
"Ulmus thomasii","Cork Elm","Ulmaceae","Trees"
"Prunus virginiana","Chokecherry","Rosaceae","Trees"
"Crataegus chrysocarpa","Fire-Berry Hawthorn","Rosaceae","Trees"
"Staphylea trifolia","American Bladdernut","Staphyleaceae","Trees"
"Pinus ponderosa","Ponderosa Pine","Pinaceae","Trees"
"Fraxinus americana","White Ash","Oleaceae","Trees"
"Zanthoxylum americanum","Toothachetree","Rutaceae","Trees"
"Ulmus americana","American Elm","Ulmaceae","Trees"
"Pinus flexilis","Limber Pine","Pinaceae","Trees"
"Acer glabrum","California Mountain Maple","Sapindaceae","Trees"
"Salix scouleriana","Scouler Willow","Salicaceae","Trees"
"Juniperus horizontalis","Creeping Juniper","Cupressaceae","Trees"
"Cornus drummondii","Northern Roughleaf Dogwood","Cornaceae","Trees"
"Picea glauca","White Spruce","Pinaceae","Trees"
"Gleditsia triacanthos","Honey-Locust","Leguminosae","Trees"
"Populus angustifolia","Willow Cottonwood","Salicaceae","Trees"
"Artemisia tridentata","Basin Sagebrush","Compositae","Trees"
"Salix bebbiana","Gray Willow","Salicaceae","Trees"
"Crataegus succulenta","Fleshy Hawthorn","Rosaceae","Trees"
"Gymnocladus dioicus","Kentucky Coffeetree","Leguminosae","Trees"
"Acer nigrum","Black Maple","Sapindaceae","Trees"
"Acer negundo","Ash-Leaf Maple","Sapindaceae","Trees"
"Quercus macrocarpa","Mossy-Cup Oak","Fagaceae","Trees"
"Cornus racemosa","Panicled Dogwood","Cornaceae","Trees"
"Euonymus atropurpureus","Wahoo","Celastraceae","Trees"
"Salix discolor","American Pussy Willow","Salicaceae","Trees"
"Acer saccharum","Sugar Maple","Sapindaceae","Trees"
"Prunus americana","American Plum","Rosaceae","Trees"
"Salix lucida","Shining Willow","Salicaceae","Trees"
"Populus balsamifera","Balsam Poplar","Salicaceae","Trees"
"Viburnum lentago","Nannyberry","Adoxaceae","Trees"
"Corylus cornuta","Beaked Hazelnut","Betulaceae","Trees"
"Opuntia polyacantha","Hedgehog Prickly-Pear","Cactaceae","Cacti"
"Opuntia fragilis","Fragile Prickly-Pear","Cactaceae","Cacti"
"Escobaria vivipara","Pincushion Cactus","Cactaceae","Cacti"
"Escobaria missouriensis","Missouri Foxtail Cactus","Cactaceae","Cacti"
"Pediocactus simpsonii","Simpson's Foot Cactus","Cactaceae","Cacti"
